index,dr_x_m,dr_y_m,dr_yaw_deg,direction,mode,drive_level,event,source_segment_id,source_point_index
0,0.000,-0.000,0.000,1,1,2.00,NONE,SEG01,0
1,0.200,-0.000,-0.041,1,1,2.00,NONE,SEG01,1
2,0.400,-0.001,-0.094,1,1,2.00,NONE,SEG01,1
3,0.600,-0.000,-0.196,1,1,2.00,NONE,SEG01,2
4,0.800,0.000,-0.266,1,1,2.00,NONE,SEG01,2
5,1.000,-0.001,-0.258,1,1,2.00,NONE,SEG01,2
6,1.200,-0.002,-0.250,1,1,2.00,NONE,SEG01,3
7,1.400,-0.003,-0.242,1,1,2.00,NONE,SEG01,3
8,1.600,-0.004,-0.212,1,1,2.00,NONE,SEG01,3
9,1.800,-0.005,-0.079,1,1,2.00,NONE,SEG01,3
10,2.000,-0.005,0.055,1,1,2.00,NONE,SEG01,4
11,2.200,-0.006,0.189,1,1,2.00,NONE,SEG01,4
12,2.400,-0.007,0.297,1,1,2.00,NONE,SEG01,4
13,2.600,-0.006,0.373,1,1,2.00,NONE,SEG01,4
14,2.800,-0.005,0.505,1,1,2.00,NONE,SEG01,4
15,3.000,-0.004,0.638,1,1,2.00,NONE,SEG01,5
16,3.200,-0.003,0.771,1,1,2.00,NONE,SEG01,5
17,3.400,-0.000,0.827,1,1,2.00,NONE,SEG01,5
18,3.600,0.002,0.895,1,1,2.00,NONE,SEG01,5
19,3.800,0.005,0.973,1,1,2.00,NONE,SEG01,6
20,4.000,0.008,1.051,1,1,2.00,NONE,SEG01,6
21,4.200,0.011,1.129,1,1,2.00,NONE,SEG01,6
22,4.400,0.015,1.154,1,1,2.00,NONE,SEG01,6
23,4.600,0.019,1.418,1,1,2.00,NONE,SEG01,6
24,4.800,0.023,1.682,1,1,2.00,NONE,SEG01,7
25,5.000,0.027,1.947,1,1,2.00,NONE,SEG01,7
26,5.200,0.031,2.196,1,1,2.00,NONE,SEG01,7
27,5.400,0.039,2.248,1,1,2.00,NONE,SEG01,7
28,5.599,0.046,2.436,1,1,2.00,NONE,SEG01,7
29,5.799,0.054,2.624,1,1,2.00,NONE,SEG01,8
30,5.999,0.062,2.812,1,1,2.00,NONE,SEG01,8
31,6.199,0.070,2.948,1,1,2.00,NONE,SEG01,8
32,6.399,0.080,2.957,1,1,2.00,NONE,SEG01,8
33,6.598,0.091,2.980,1,1,2.00,NONE,SEG01,8
34,6.798,0.101,3.002,1,1,2.00,NONE,SEG01,9
35,6.998,0.111,3.025,1,1,2.00,NONE,SEG01,9
36,7.198,0.122,3.038,1,1,2.00,NONE,SEG01,9
37,7.397,0.132,3.025,1,1,2.00,NONE,SEG01,9
38,7.597,0.143,2.991,1,1,2.00,NONE,SEG01,9
39,7.797,0.153,2.958,1,1,2.00,NONE,SEG01,10
40,7.996,0.164,2.924,1,1,2.00,NONE,SEG01,10
41,8.196,0.174,2.903,1,1,2.00,NONE,SEG01,10
42,8.396,0.185,2.920,1,1,2.00,NONE,SEG01,10
43,8.596,0.195,2.963,1,1,2.00,NONE,SEG01,10
44,8.795,0.205,3.006,1,1,2.00,NONE,SEG01,11
45,8.995,0.215,3.050,1,1,2.00,NONE,SEG01,11
46,9.195,0.225,3.076,1,1,2.00,NONE,SEG01,11
47,9.395,0.236,3.085,1,1,2.00,NONE,SEG01,11
48,9.594,0.247,3.107,1,1,2.00,NONE,SEG01,11
49,9.794,0.258,3.130,1,1,2.00,NONE,SEG01,12
50,9.994,0.268,3.152,1,1,2.00,NONE,SEG01,12
51,10.193,0.279,3.166,1,1,2.00,NONE,SEG01,12
52,10.393,0.290,3.151,1,1,2.00,NONE,SEG01,12
53,10.593,0.301,3.105,1,1,2.00,NONE,SEG01,12
54,10.793,0.312,3.060,1,1,2.00,NONE,SEG01,13
55,10.992,0.323,3.014,1,1,2.00,NONE,SEG01,13
56,11.192,0.334,2.983,1,1,2.00,NONE,SEG01,13
57,11.392,0.345,3.010,1,1,2.00,NONE,SEG01,13
58,11.591,0.355,3.086,1,1,2.00,NONE,SEG01,13
59,11.791,0.365,3.163,1,1,2.00,NONE,SEG01,14
60,11.991,0.376,3.239,1,1,2.00,NONE,SEG01,14
61,12.191,0.387,3.289,1,1,2.00,NONE,SEG01,14
62,12.390,0.398,3.438,1,1,2.00,NONE,SEG01,14
63,12.590,0.410,3.646,1,1,2.00,NONE,SEG01,15
64,12.790,0.421,3.854,1,1,2.00,NONE,SEG01,15
65,12.989,0.432,4.062,1,1,2.00,NONE,SEG01,15
66,13.189,0.446,4.123,1,1,2.00,NONE,SEG01,15
67,13.388,0.460,4.142,1,1,2.00,NONE,SEG01,15
68,13.588,0.475,4.161,1,1,2.00,NONE,SEG01,16
69,13.787,0.489,4.180,1,1,2.00,NONE,SEG01,16
70,13.987,0.504,4.197,1,1,2.00,NONE,SEG01,16
71,14.186,0.518,4.116,1,1,2.00,NONE,SEG01,16
72,14.386,0.533,3.990,1,1,2.00,NONE,SEG01,16
73,14.585,0.547,3.863,1,1,2.00,NONE,SEG01,17
74,14.785,0.562,3.736,1,1,2.00,NONE,SEG01,17
75,14.984,0.576,3.681,1,1,2.00,NONE,SEG01,17
76,15.184,0.588,3.542,1,1,2.00,NONE,SEG01,17
77,15.383,0.601,3.404,1,1,2.00,NONE,SEG01,18
78,15.583,0.614,3.266,1,1,2.00,NONE,SEG01,18
79,15.782,0.627,3.137,1,1,2.00,NONE,SEG01,18
80,15.982,0.638,3.080,1,1,2.00,NONE,SEG01,18
81,16.182,0.649,2.972,1,1,2.00,NONE,SEG01,18
82,16.382,0.660,2.865,1,1,2.00,NONE,SEG01,19
83,16.581,0.671,2.758,1,1,2.00,NONE,SEG01,19
84,16.781,0.681,2.708,1,1,2.00,NONE,SEG01,19
85,16.981,0.690,2.502,1,1,2.00,NONE,SEG01,19
86,17.181,0.700,2.247,1,1,2.00,NONE,SEG01,20
87,17.380,0.709,1.992,1,1,2.00,NONE,SEG01,20
88,17.580,0.719,1.736,1,1,2.00,NONE,SEG01,20
89,17.780,0.725,1.686,1,1,2.00,NONE,SEG01,20
90,17.980,0.731,1.626,1,1,2.00,NONE,SEG01,20
91,18.180,0.737,1.566,1,1,2.00,NONE,SEG01,21
92,18.380,0.743,1.507,1,1,2.00,NONE,SEG01,21
93,18.580,0.749,1.448,1,1,2.00,NONE,SEG01,21
94,18.780,0.754,1.451,1,1,2.00,NONE,SEG01,21
95,18.980,0.759,1.468,1,1,2.00,NONE,SEG01,21
96,19.179,0.764,1.486,1,1,2.00,NONE,SEG01,22
97,19.379,0.769,1.504,1,1,2.00,NONE,SEG01,22
98,19.579,0.774,1.518,1,1,2.00,NONE,SEG01,22
99,19.779,0.779,1.578,1,1,2.00,NONE,SEG01,22
100,19.979,0.785,1.703,1,1,2.00,NONE,SEG01,22
101,20.179,0.790,1.827,1,1,2.00,NONE,SEG01,23
102,20.379,0.795,1.952,1,1,2.00,NONE,SEG01,23
103,20.579,0.801,2.017,1,1,2.00,NONE,SEG01,23
104,20.779,0.808,2.076,1,1,2.00,NONE,SEG01,23
105,20.979,0.815,2.142,1,1,2.00,NONE,SEG01,24
106,21.179,0.823,2.208,1,1,2.00,NONE,SEG01,24
107,21.378,0.830,2.273,1,1,2.00,NONE,SEG01,24
108,21.578,0.837,2.403,1,1,2.00,NONE,SEG01,24
109,21.778,0.845,2.646,1,1,2.00,NONE,SEG01,24
110,21.978,0.853,2.889,1,1,2.00,NONE,SEG01,25
111,22.178,0.861,3.132,1,1,2.00,NONE,SEG01,25
112,22.378,0.871,3.253,1,1,2.00,NONE,SEG01,25
113,22.577,0.882,3.622,1,1,2.00,NONE,SEG01,25
114,22.777,0.894,3.992,1,1,2.00,NONE,SEG01,26
115,22.977,0.905,4.362,1,1,2.00,NONE,SEG01,26
116,23.176,0.916,4.730,1,1,2.00,NONE,SEG01,26
117,23.376,0.933,4.980,1,1,2.00,NONE,SEG01,26
118,23.575,0.949,5.376,1,1,2.00,NONE,SEG01,26
119,23.774,0.966,5.772,1,1,2.00,NONE,SEG01,27
120,23.974,0.982,6.168,1,1,2.00,NONE,SEG01,27
121,24.173,1.002,6.368,1,1,2.00,NONE,SEG01,27
122,24.371,1.024,6.629,1,1,2.00,NONE,SEG01,27
123,24.570,1.046,6.889,1,1,2.00,NONE,SEG01,28
124,24.769,1.068,7.150,1,1,2.00,NONE,SEG01,28
125,24.968,1.091,7.357,1,1,2.00,NONE,SEG01,28
126,25.166,1.117,7.562,1,1,2.00,NONE,SEG01,28
127,25.364,1.142,7.788,1,1,2.00,NONE,SEG01,29
128,25.563,1.168,8.014,1,1,2.00,NONE,SEG01,29
129,25.761,1.193,8.239,1,1,2.00,NONE,SEG01,29
130,25.959,1.222,8.410,1,1,2.00,NONE,SEG01,29
131,26.157,1.251,8.641,1,1,2.00,NONE,SEG01,29
132,26.355,1.279,8.873,1,2,2.00,NONE,SEG02,30
133,26.553,1.308,9.104,1,2,2.00,NONE,SEG02,30
134,26.750,1.339,8.819,1,2,2.00,NONE,SEG02,30
135,26.948,1.371,8.392,1,2,2.00,NONE,SEG02,30
136,27.145,1.403,7.965,1,2,2.00,NONE,SEG02,31
137,27.343,1.435,7.538,1,2,2.00,NONE,SEG02,31
138,27.541,1.462,7.069,1,2,2.00,NONE,SEG02,31
139,27.739,1.488,6.571,1,2,2.00,NONE,SEG02,31
140,27.937,1.514,6.072,1,2,2.00,NONE,SEG02,32
141,28.136,1.540,5.564,1,2,2.00,NONE,SEG02,32
142,28.335,1.560,5.287,1,2,2.00,NONE,SEG02,32
143,28.534,1.579,5.102,1,2,2.00,NONE,SEG02,32
144,28.733,1.598,4.917,1,2,2.00,NONE,SEG02,33
145,28.932,1.617,4.729,1,2,2.00,NONE,SEG02,33
146,29.131,1.634,4.540,1,2,2.00,NONE,SEG02,33
147,29.331,1.650,4.351,1,2,2.00,NONE,SEG02,34
148,29.530,1.667,4.162,1,2,2.00,NONE,SEG02,34
149,29.729,1.683,3.986,1,2,2.00,NONE,SEG02,34
150,29.929,1.697,4.019,1,2,2.00,NONE,SEG02,34
151,30.128,1.711,4.053,1,2,2.00,NONE,SEG02,35
152,30.328,1.725,4.088,1,2,2.00,NONE,SEG02,35
153,30.527,1.739,4.122,1,2,2.00,NONE,SEG02,35
154,30.727,1.753,4.169,1,2,2.00,NONE,SEG02,35
155,30.926,1.768,4.280,1,2,2.00,NONE,SEG02,35
156,31.126,1.782,4.391,1,2,2.00,NONE,SEG02,36
157,31.325,1.796,4.502,1,2,2.00,NONE,SEG02,36
158,31.525,1.811,4.608,1,2,2.00,NONE,SEG02,36
159,31.724,1.827,4.813,1,2,2.00,NONE,SEG02,36
160,31.923,1.843,5.019,1,2,2.00,NONE,SEG02,37
161,32.123,1.859,5.224,1,2,2.00,NONE,SEG02,37
162,32.322,1.876,5.389,1,2,2.00,NONE,SEG02,37
163,32.521,1.894,5.468,1,2,2.00,NONE,SEG02,37
164,32.720,1.913,5.565,1,2,2.00,NONE,SEG02,38
165,32.919,1.932,5.662,1,2,2.00,NONE,SEG02,38
166,33.119,1.951,5.759,1,2,2.00,NONE,SEG02,38
167,33.318,1.971,5.956,1,2,2.00,NONE,SEG02,38
168,33.517,1.991,6.195,1,2,2.00,NONE,SEG02,38
169,33.716,2.011,6.434,1,2,2.00,NONE,SEG02,39
170,33.914,2.031,6.673,1,2,2.00,NONE,SEG02,39
171,34.113,2.054,6.590,1,2,2.00,NONE,SEG02,39
172,34.312,2.077,6.420,1,2,2.00,NONE,SEG02,39
173,34.510,2.100,6.250,1,2,2.00,STOP_LINE,SEG02,40
174,34.709,2.124,5.991,1,2,2.00,NONE,SEG02,40
175,34.908,2.145,5.756,1,2,2.00,NONE,SEG02,40
176,35.107,2.166,5.548,1,2,2.00,NONE,SEG02,41
177,35.306,2.188,5.342,1,2,2.00,NONE,SEG02,41
178,35.505,2.207,5.266,1,2,2.00,NONE,SEG02,41
179,35.704,2.226,5.310,1,2,2.00,NONE,SEG02,41
180,35.903,2.244,5.353,1,2,2.00,NONE,SEG02,42
181,36.102,2.262,5.064,1,2,2.00,NONE,SEG02,42
182,36.301,2.281,4.611,1,2,2.00,NONE,SEG02,42
183,36.500,2.300,4.158,1,3,2.00,NONE,SEG03,43
184,36.700,2.318,3.696,1,3,2.00,NONE,SEG03,43
185,36.899,2.333,3.472,1,3,2.00,NONE,SEG03,43
186,37.099,2.345,3.370,1,3,2.00,NONE,SEG03,43
187,37.298,2.358,3.269,1,3,2.00,NONE,SEG03,44
188,37.498,2.370,3.170,1,3,2.00,NONE,SEG03,44
189,37.698,2.381,3.139,1,3,2.00,NONE,SEG03,44
190,37.897,2.392,3.108,1,3,2.00,NONE,SEG03,45
191,38.097,2.403,3.077,1,3,2.00,NONE,SEG03,45
192,38.297,2.414,3.052,1,3,2.00,NONE,SEG03,45
193,38.496,2.425,3.122,1,3,2.00,NONE,SEG03,45
194,38.696,2.436,3.205,1,3,2.00,NONE,SEG03,46
195,38.896,2.446,3.289,1,3,2.00,NONE,SEG03,46
196,39.095,2.457,3.373,1,3,2.00,NONE,SEG03,46
197,39.295,2.468,3.354,1,3,2.00,NONE,SEG03,46
198,39.495,2.480,3.154,1,3,2.00,NONE,SEG03,46
199,39.694,2.492,2.953,1,3,2.00,NONE,SEG03,47
200,39.894,2.504,2.753,1,3,2.00,NONE,SEG03,47
201,40.094,2.515,2.586,1,3,2.00,NONE,SEG03,47
202,40.294,2.524,2.618,1,3,2.00,NONE,SEG03,47
203,40.493,2.533,2.774,1,3,2.00,NONE,SEG03,47
204,40.693,2.542,2.929,1,3,2.00,NONE,SEG03,48
205,40.893,2.551,3.084,1,3,2.00,NONE,SEG03,48
206,41.093,2.561,3.206,1,3,2.00,NONE,SEG03,48
207,41.292,2.572,3.181,1,3,2.00,NONE,SEG03,48
208,41.492,2.583,2.977,1,3,2.00,NONE,SEG03,48
209,41.692,2.594,2.774,1,3,2.00,NONE,SEG03,49
210,41.891,2.606,2.571,1,3,2.00,NONE,SEG03,49
211,42.091,2.616,2.394,1,3,2.00,NONE,SEG03,49
212,42.291,2.625,2.383,1,3,2.00,NONE,SEG03,49
213,42.491,2.633,2.162,1,3,2.00,NONE,SEG03,49
214,42.691,2.641,1.940,1,3,2.00,NONE,SEG03,50
215,42.890,2.650,1.719,1,3,2.00,NONE,SEG03,50
216,43.090,2.658,1.507,1,3,2.00,NONE,SEG03,50
217,43.290,2.663,1.507,1,3,2.00,NONE,SEG03,50
218,43.490,2.669,1.272,1,3,2.00,NONE,SEG03,50
219,43.690,2.674,0.997,1,3,2.00,NONE,SEG03,51
220,43.890,2.679,0.722,1,3,2.00,NONE,SEG03,51
221,44.090,2.684,0.448,1,3,2.00,NONE,SEG03,51
222,44.290,2.686,0.408,1,3,2.00,NONE,SEG03,51
223,44.490,2.688,0.347,1,3,2.00,NONE,SEG03,51
224,44.690,2.689,0.251,1,3,2.00,NONE,SEG03,52
225,44.890,2.691,0.156,1,3,2.00,NONE,SEG03,52
226,45.090,2.692,0.061,1,3,2.00,NONE,SEG03,52
227,45.290,2.693,0.027,1,3,2.00,NONE,SEG03,52
228,45.490,2.693,0.017,1,3,2.00,NONE,SEG03,52
229,45.690,2.693,-0.001,1,3,2.00,NONE,SEG03,53
230,45.890,2.693,-0.020,1,3,2.00,NONE,SEG03,53
231,46.090,2.693,-0.038,1,3,2.00,NONE,SEG03,53
232,46.290,2.693,-0.045,1,3,2.00,NONE,SEG03,53
233,46.490,2.693,-0.144,1,3,2.00,NONE,SEG03,53
234,46.690,2.693,-0.298,1,3,2.00,NONE,SEG03,54
235,46.890,2.692,-0.452,1,3,2.00,NONE,SEG03,54
236,47.090,2.692,-0.606,1,3,2.00,NONE,SEG03,54
237,47.290,2.691,-0.662,1,3,2.00,NONE,SEG03,54
238,47.490,2.688,-0.716,1,3,2.00,NONE,SEG03,54
239,47.690,2.686,-0.810,1,3,2.00,NONE,SEG03,55
240,47.890,2.684,-0.904,1,3,2.00,NONE,SEG03,55
241,48.090,2.682,-0.999,1,3,2.00,NONE,SEG03,55
242,48.290,2.678,-1.039,1,3,2.00,NONE,SEG03,55
243,48.490,2.675,-0.909,1,3,2.00,NONE,SEG03,55
244,48.690,2.671,-0.693,1,3,2.00,NONE,SEG03,56
245,48.890,2.668,-0.478,1,3,2.00,NONE,SEG03,56
246,49.090,2.664,-0.262,1,3,2.00,NONE,SEG03,56
247,49.290,2.662,-0.176,1,3,2.00,NONE,SEG03,56
248,49.490,2.662,-0.203,1,3,2.00,NONE,SEG03,56
249,49.690,2.661,-0.241,1,3,2.00,NONE,SEG03,57
250,49.890,2.660,-0.278,1,3,2.00,NONE,SEG03,57
251,50.090,2.660,-0.316,1,3,2.00,NONE,SEG03,57
252,50.290,2.659,-0.327,1,3,2.00,NONE,SEG03,57
253,50.490,2.658,-0.463,1,3,2.00,NONE,SEG03,57
254,50.690,2.656,-0.623,1,3,2.00,NONE,SEG03,58
255,50.890,2.655,-0.784,1,3,2.00,NONE,SEG03,58
256,51.090,2.654,-0.944,1,3,2.00,NONE,SEG03,58
257,51.290,2.651,-0.969,1,3,2.00,NONE,SEG03,58
258,51.490,2.648,-1.051,1,3,2.00,NONE,SEG03,58
259,51.690,2.644,-1.151,1,3,2.00,NONE,SEG03,59
260,51.890,2.641,-1.251,1,3,2.00,NONE,SEG03,59
261,52.090,2.638,-1.350,1,3,2.00,NONE,SEG03,59
262,52.289,2.633,-1.368,1,3,2.00,NONE,SEG03,59
263,52.489,2.628,-1.190,1,3,2.00,NONE,SEG03,59
264,52.689,2.623,-1.010,1,3,2.00,NONE,SEG03,60
265,52.889,2.619,-0.829,1,3,2.00,NONE,SEG03,60
266,53.089,2.614,-0.648,1,3,2.00,NONE,SEG03,60
267,53.289,2.612,-0.646,1,3,2.00,NONE,SEG03,60
268,53.489,2.609,-0.510,1,3,2.00,NONE,SEG03,60
269,53.689,2.607,-0.343,1,3,2.00,NONE,SEG03,61
270,53.889,2.605,-0.175,1,3,2.00,NONE,SEG03,61
271,54.089,2.603,-0.007,1,3,2.00,NONE,SEG03,61
272,54.289,2.602,0.025,1,3,2.00,NONE,SEG03,61
273,54.489,2.602,0.134,1,3,2.00,NONE,SEG03,61
274,54.689,2.602,0.385,1,3,2.00,NONE,SEG03,62
275,54.889,2.603,0.636,1,3,2.00,NONE,SEG03,62
276,55.089,2.603,0.887,1,3,2.00,NONE,SEG03,62
277,55.289,2.604,1.029,1,3,2.00,NONE,SEG03,62
278,55.489,2.608,1.029,1,3,2.00,NONE,SEG03,62
279,55.689,2.611,1.627,1,3,2.00,NONE,SEG03,62
280,55.889,2.615,2.305,1,3,2.00,NONE,SEG03,63
281,56.089,2.619,2.984,1,3,2.00,NONE,SEG03,63
282,56.289,2.622,3.663,1,3,2.00,NONE,SEG03,63
283,56.489,2.634,3.744,1,3,2.00,NONE,SEG03,63
284,56.688,2.647,4.069,1,3,2.00,NONE,SEG03,63
285,56.888,2.660,5.039,1,3,2.00,NONE,SEG03,64
286,57.087,2.673,6.009,1,3,2.00,NONE,SEG03,64
287,57.287,2.686,6.979,1,3,2.00,NONE,SEG03,64
288,57.486,2.704,7.625,1,3,2.00,NONE,SEG03,64
289,57.684,2.730,7.625,1,3,2.00,NONE,SEG03,64
290,57.883,2.757,8.639,1,3,2.00,NONE,SEG03,64
291,58.081,2.784,10.154,1,3,2.00,NONE,SEG03,65
292,58.279,2.810,11.670,1,3,2.00,NONE,SEG03,65
293,58.477,2.837,13.184,1,3,2.00,NONE,SEG03,65
294,58.673,2.877,13.683,1,3,2.00,NONE,SEG03,65
295,58.867,2.924,14.025,1,3,2.00,NONE,SEG03,65
296,59.061,2.972,15.812,1,3,2.00,NONE,SEG03,65
297,59.256,3.019,17.601,1,3,2.00,NONE,SEG03,66
298,59.450,3.066,19.389,1,3,2.00,NONE,SEG03,66
299,59.643,3.118,20.834,1,3,2.00,NONE,SEG03,66
300,59.830,3.189,20.834,1,3,2.00,NONE,SEG03,66
301,60.017,3.260,22.769,1,3,2.00,NONE,SEG03,66
302,60.204,3.332,25.348,1,3,2.00,NONE,SEG03,67
303,60.391,3.403,27.930,1,3,2.00,NONE,SEG03,67
304,60.578,3.474,30.504,1,3,2.00,NONE,SEG03,67
305,60.753,3.569,31.144,1,3,2.00,NONE,SEG03,67
306,60.924,3.673,31.662,1,3,2.00,NONE,SEG03,67
307,61.095,3.776,34.361,1,3,2.00,NONE,SEG03,67
308,61.266,3.879,37.070,1,3,2.00,NONE,SEG03,68
309,61.437,3.983,39.777,1,3,2.00,NONE,SEG03,68
310,61.604,4.092,41.960,1,3,2.00,NONE,SEG03,68
311,61.753,4.226,41.960,1,3,2.00,NONE,SEG03,68
312,61.902,4.360,43.184,1,3,2.00,NONE,SEG03,68
313,62.051,4.493,45.408,1,3,2.00,NONE,SEG03,69
314,62.199,4.627,47.635,1,3,2.00,NONE,SEG03,69
315,62.348,4.761,49.858,1,3,2.00,NONE,SEG03,69
316,62.484,4.906,50.857,1,3,2.00,NONE,SEG03,69
317,62.611,5.061,50.857,1,3,2.00,NONE,SEG03,69
318,62.737,5.216,52.483,1,3,2.00,NONE,SEG03,69
319,62.863,5.372,54.598,1,3,2.00,NONE,SEG03,70
320,62.989,5.527,56.714,1,3,2.00,NONE,SEG03,70
321,63.116,5.682,58.826,1,3,2.00,NONE,SEG03,70
322,63.223,5.850,59.314,1,3,2.00,NONE,SEG03,70
323,63.325,6.022,59.463,1,3,2.00,NONE,SEG03,70
324,63.427,6.194,61.256,1,3,2.00,NONE,SEG03,70
325,63.529,6.366,63.051,1,3,2.00,NONE,SEG03,71
326,63.632,6.538,64.847,1,3,2.00,NONE,SEG03,71
327,63.732,6.711,66.490,1,3,2.00,NONE,SEG03,71
328,63.812,6.894,66.490,1,3,2.00,NONE,SEG03,71
329,63.891,7.078,66.779,1,3,2.00,NONE,SEG03,71
330,63.971,7.261,68.001,1,3,2.00,NONE,SEG03,72
331,64.051,7.444,69.224,1,3,2.00,NONE,SEG03,72
332,64.131,7.628,70.447,1,3,2.00,NONE,SEG03,72
333,64.207,7.813,71.380,1,3,2.00,NONE,SEG03,72
334,64.271,8.002,71.380,1,3,2.00,NONE,SEG03,72
335,64.334,8.192,71.806,1,3,2.00,NONE,SEG03,72
336,64.398,8.381,72.517,1,3,2.00,NONE,SEG03,73
337,64.462,8.571,73.229,1,3,2.00,NONE,SEG03,73
338,64.526,8.760,73.940,1,3,2.00,NONE,SEG03,73
339,64.584,8.952,74.227,1,3,2.00,NONE,SEG03,73
340,64.639,9.144,74.418,1,3,2.00,NONE,SEG03,73
341,64.693,9.336,75.333,1,3,2.00,NONE,SEG03,73
342,64.747,9.529,76.247,1,3,2.00,NONE,SEG03,74
343,64.802,9.721,77.162,1,3,2.00,NONE,SEG03,74
344,64.853,9.915,77.885,1,3,2.00,NONE,SEG03,74
345,64.895,10.110,77.885,1,3,2.00,NONE,SEG03,74
346,64.937,10.306,78.282,1,3,2.00,NONE,SEG03,74
347,64.979,10.501,78.832,1,3,2.00,NONE,SEG03,75
348,65.021,10.697,79.383,1,3,2.00,NONE,SEG03,75
349,65.063,10.892,79.934,1,3,2.00,NONE,SEG03,75
350,65.100,11.089,80.088,1,3,2.00,NONE,SEG03,75
351,65.134,11.286,80.243,1,3,2.00,NONE,SEG03,75
352,65.169,11.483,80.978,1,3,2.00,NONE,SEG03,75
353,65.203,11.680,81.713,1,3,2.00,NONE,SEG03,76
354,65.238,11.877,82.448,1,3,2.00,NONE,SEG03,76
355,65.270,12.074,83.027,1,3,2.00,NONE,SEG03,76
356,65.294,12.273,83.027,1,3,2.00,NONE,SEG03,76
357,65.318,12.471,83.611,1,3,2.00,NONE,SEG03,76
358,65.343,12.670,84.314,1,3,2.00,NONE,SEG03,77
359,65.367,12.868,85.016,1,3,2.00,NONE,SEG03,77
360,65.391,13.067,85.719,1,3,2.00,NONE,SEG03,77
361,65.407,13.266,85.836,1,3,2.00,NONE,SEG03,77
362,65.422,13.466,86.195,1,3,2.00,NONE,SEG03,77
363,65.436,13.665,86.896,1,3,2.00,NONE,SEG03,78
364,65.451,13.865,87.598,1,3,2.00,NONE,SEG03,78
365,65.465,14.064,88.299,1,3,2.00,NONE,SEG03,78
366,65.475,14.264,88.642,1,3,2.00,NONE,SEG03,78
367,65.480,14.464,88.642,1,3,2.00,NONE,SEG03,78
368,65.484,14.664,89.052,1,3,2.00,NONE,SEG03,78
369,65.489,14.864,89.462,1,3,2.00,NONE,SEG03,79
370,65.494,15.064,89.872,1,3,2.00,NONE,SEG03,79
371,65.499,15.264,90.282,1,3,2.00,NONE,SEG03,79
372,65.498,15.464,90.283,1,3,2.00,NONE,SEG03,79
373,65.497,15.664,90.722,1,3,2.00,NONE,SEG03,79
374,65.496,15.863,91.436,1,3,2.00,NONE,SEG03,80
375,65.495,16.063,92.150,1,3,2.00,NONE,SEG03,80
376,65.494,16.263,92.864,1,3,2.00,NONE,SEG03,80
377,65.487,16.463,93.137,1,3,2.00,NONE,SEG03,80
378,65.476,16.663,93.234,1,3,2.00,NONE,SEG03,80
379,65.465,16.863,93.770,1,3,2.00,NONE,SEG03,80
380,65.454,17.062,94.306,1,3,2.00,NONE,SEG03,81
381,65.443,17.262,94.842,1,3,2.00,NONE,SEG03,81
382,65.431,17.462,95.282,1,3,2.00,NONE,SEG03,81
383,65.412,17.661,95.282,1,3,2.00,NONE,SEG03,81
384,65.394,17.860,95.856,1,3,2.00,NONE,SEG03,81
385,65.375,18.059,96.597,1,3,2.00,NONE,SEG03,82
386,65.357,18.258,97.339,1,3,2.00,NONE,SEG03,82
387,65.339,18.457,98.080,1,3,2.00,NONE,SEG03,82
388,65.312,18.656,98.248,1,3,2.00,NONE,SEG03,82
389,65.283,18.854,98.577,1,3,2.00,NONE,SEG03,82
390,65.255,19.052,99.819,1,3,2.00,NONE,SEG03,83
391,65.226,19.249,101.062,1,3,2.00,NONE,SEG03,83
392,65.197,19.447,102.304,1,3,2.00,NONE,SEG03,83
393,65.164,19.644,103.217,1,3,2.00,NONE,SEG03,83
394,65.118,19.839,103.217,1,3,2.00,NONE,SEG03,83
395,65.073,20.034,104.723,1,3,2.00,NONE,SEG03,83
396,65.027,20.229,106.434,1,3,2.00,NONE,SEG03,84
397,64.981,20.423,108.146,1,3,2.00,NONE,SEG03,84
398,64.936,20.618,109.856,1,3,2.00,NONE,SEG03,84
399,64.870,20.807,110.060,1,3,2.00,NONE,SEG03,84
400,64.801,20.995,110.906,1,3,2.00,NONE,SEG03,84
401,64.732,21.182,112.538,1,3,2.00,NONE,SEG03,85
402,64.664,21.370,114.172,1,3,2.00,NONE,SEG03,85
403,64.595,21.558,115.805,1,3,2.00,NONE,SEG03,85
404,64.516,21.741,116.592,1,3,2.00,NONE,SEG03,85
405,64.426,21.920,116.891,1,3,2.00,NONE,SEG03,85
406,64.337,22.099,118.865,1,3,2.00,NONE,SEG03,85
407,64.247,22.278,120.844,1,3,2.00,NONE,SEG03,86
408,64.158,22.457,122.822,1,3,2.00,NONE,SEG03,86
409,64.065,22.633,124.499,1,3,2.00,NONE,SEG03,86
410,63.951,22.798,124.499,1,3,2.00,NONE,SEG03,86
411,63.838,22.963,125.855,1,3,2.00,NONE,SEG03,86
412,63.725,23.128,127.633,1,3,2.00,NONE,SEG03,87
413,63.612,23.293,129.412,1,3,2.00,NONE,SEG03,87
414,63.498,23.458,131.189,1,3,2.00,NONE,SEG03,87
415,63.370,23.611,131.610,1,3,2.00,NONE,SEG03,87
416,63.237,23.760,132.337,1,3,2.00,NONE,SEG03,87
417,63.104,23.910,134.127,1,3,2.00,NONE,SEG03,88
418,62.972,24.059,135.919,1,3,2.00,NONE,SEG03,88
419,62.839,24.209,137.710,1,3,2.00,NONE,SEG03,88
420,62.699,24.351,138.773,1,3,2.00,NONE,SEG03,88
421,62.548,24.483,138.949,1,3,2.00,NONE,SEG03,88
422,62.398,24.615,140.620,1,3,2.00,NONE,SEG03,88
423,62.248,24.747,142.294,1,3,2.00,NONE,SEG03,89
424,62.097,24.878,143.968,1,3,2.00,NONE,SEG03,89
425,61.945,25.008,145.463,1,3,2.00,NONE,SEG03,89
426,61.781,25.122,145.463,1,3,2.00,NONE,SEG03,89
427,61.616,25.235,146.905,1,3,2.00,NONE,SEG03,89
428,61.451,25.349,148.600,1,3,2.00,NONE,SEG03,90
429,61.286,25.462,150.294,1,3,2.00,NONE,SEG03,90
430,61.122,25.575,151.986,1,3,2.00,NONE,SEG03,90
431,60.946,25.671,152.236,1,3,2.00,NONE,SEG03,90
432,60.769,25.765,153.186,1,3,2.00,NONE,SEG03,90
433,60.592,25.858,154.570,1,3,2.00,NONE,SEG03,91
434,60.415,25.951,155.954,1,3,2.00,NONE,SEG03,91
435,60.238,26.044,157.337,1,3,2.00,NONE,SEG03,91
436,60.056,26.125,157.771,1,3,2.00,NONE,SEG03,91
437,59.871,26.201,158.474,1,3,2.00,NONE,SEG03,91
438,59.686,26.277,159.747,1,3,2.00,NONE,SEG03,92
439,59.500,26.352,161.020,1,3,2.00,NONE,SEG03,92
440,59.315,26.428,162.292,1,3,2.00,NONE,SEG03,92
441,59.127,26.494,162.862,1,3,2.00,NONE,SEG03,92
442,58.936,26.553,163.311,1,3,2.00,NONE,SEG03,92
443,58.745,26.612,164.338,1,3,2.00,NONE,SEG03,92
444,58.554,26.671,165.365,1,3,2.00,NONE,SEG03,93
445,58.362,26.730,166.391,1,3,2.00,NONE,SEG03,93
446,58.170,26.783,166.968,1,3,2.00,NONE,SEG03,93
447,57.975,26.828,167.338,1,3,2.00,NONE,SEG03,93
448,57.780,26.873,168.391,1,3,2.00,NONE,SEG03,93
449,57.585,26.918,169.445,1,3,2.00,NONE,SEG03,94
450,57.390,26.963,170.498,1,3,2.00,NONE,SEG03,94
451,57.194,27.003,171.182,1,3,2.00,NONE,SEG03,94
452,56.997,27.034,171.441,1,3,2.00,NONE,SEG03,94
453,56.799,27.065,172.309,1,3,2.00,NONE,SEG03,94
454,56.602,27.095,173.177,1,3,2.00,NONE,SEG03,95
455,56.404,27.126,174.044,1,3,2.00,NONE,SEG03,95
456,56.206,27.153,174.653,1,3,2.00,NONE,SEG03,95
457,56.007,27.172,174.920,1,3,2.00,NONE,SEG03,95
458,55.808,27.190,175.843,1,3,2.00,NONE,SEG03,95
459,55.608,27.209,176.766,1,3,2.00,NONE,SEG03,96
460,55.409,27.228,177.688,1,3,2.00,NONE,SEG03,96
461,55.210,27.243,178.343,1,3,2.00,NONE,SEG03,96
462,55.010,27.248,178.642,1,3,2.00,NONE,SEG03,96
463,54.810,27.254,179.736,1,3,2.00,NONE,SEG03,96
464,54.610,27.260,-179.171,1,3,2.00,NONE,SEG03,97
465,54.410,27.266,-178.077,1,3,2.00,NONE,SEG03,97
466,54.210,27.267,-177.282,1,3,2.00,NONE,SEG03,97
467,54.011,27.258,-177.012,1,3,2.00,NONE,SEG03,97
468,53.811,27.248,-175.928,1,3,2.00,NONE,SEG03,97
469,53.611,27.239,-174.843,1,3,2.00,NONE,SEG03,98
470,53.411,27.229,-173.759,1,3,2.00,NONE,SEG03,98
471,53.212,27.216,-172.945,1,3,2.00,NONE,SEG03,98
472,53.013,27.192,-172.859,1,3,2.00,NONE,SEG03,98
473,52.815,27.167,-171.263,1,3,2.00,NONE,SEG03,98
474,52.616,27.142,-169.664,1,3,2.00,NONE,SEG03,99
475,52.418,27.118,-168.066,1,3,2.00,NONE,SEG03,99
476,52.220,27.092,-166.555,1,3,2.00,NONE,SEG03,99
477,52.025,27.046,-166.555,1,3,2.00,NONE,SEG03,99
478,51.831,26.999,-164.875,1,3,2.00,NONE,SEG03,99
479,51.636,26.953,-162.219,1,3,2.00,NONE,SEG03,100
480,51.442,26.906,-159.558,1,3,2.00,NONE,SEG03,100
481,51.247,26.860,-156.904,1,3,2.00,NONE,SEG03,100
482,51.060,26.791,-155.930,1,3,2.00,NONE,SEG03,100
483,50.877,26.709,-155.134,1,3,2.00,NONE,SEG03,100
484,50.695,26.628,-151.772,1,3,2.00,NONE,SEG03,100
485,50.512,26.546,-148.392,1,3,2.00,NONE,SEG03,101
486,50.330,26.465,-145.017,1,3,2.00,NONE,SEG03,101
487,50.153,26.374,-142.449,1,3,2.00,NONE,SEG03,101
488,49.994,26.252,-142.449,1,3,2.00,NONE,SEG03,101
489,49.835,26.130,-139.949,1,3,2.00,NONE,SEG03,101
490,49.677,26.008,-137.239,1,3,2.00,NONE,SEG03,102
491,49.518,25.886,-134.529,1,3,2.00,NONE,SEG03,102
492,49.360,25.764,-131.830,1,3,2.00,NONE,SEG03,102
493,49.225,25.617,-131.629,1,3,2.00,NONE,SEG03,102
494,49.092,25.467,-129.084,1,3,2.00,NONE,SEG03,102
495,48.959,25.318,-125.461,1,3,2.00,NONE,SEG03,103
496,48.826,25.168,-121.829,1,3,2.00,NONE,SEG03,103
497,48.694,25.019,-118.218,1,3,2.00,NONE,SEG03,103
498,48.590,24.849,-117.149,1,3,2.00,NONE,SEG03,103
499,48.499,24.671,-116.700,1,3,2.00,NONE,SEG03,103
500,48.407,24.493,-113.885,1,3,2.00,NONE,SEG03,103
501,48.316,24.316,-111.059,1,3,2.00,NONE,SEG03,104
502,48.225,24.138,-108.234,1,3,2.00,NONE,SEG03,104
503,48.139,23.957,-105.868,1,3,2.00,NONE,SEG03,104
504,48.085,23.765,-105.868,1,3,2.00,NONE,SEG03,104
505,48.030,23.573,-104.875,1,3,2.00,NONE,SEG03,104
506,47.975,23.380,-103.407,1,3,2.00,NONE,SEG03,105
507,47.921,23.188,-101.937,1,3,2.00,NONE,SEG03,105
508,47.866,22.995,-100.469,1,3,2.00,NONE,SEG03,105
509,47.825,22.800,-99.994,1,3,2.00,NONE,SEG03,105
510,47.790,22.603,-99.786,1,3,2.00,NONE,SEG03,105
511,47.755,22.406,-99.044,1,3,2.00,NONE,SEG03,105
512,47.721,22.209,-98.302,1,3,2.00,NONE,SEG03,106
513,47.686,22.012,-97.560,1,3,2.00,NONE,SEG03,106
514,47.654,21.815,-97.026,1,3,2.00,NONE,SEG03,106
515,47.630,21.616,-97.003,1,3,2.00,NONE,SEG03,106
516,47.605,21.418,-96.446,1,3,2.00,NONE,SEG03,106
517,47.581,21.219,-95.888,1,3,2.00,NONE,SEG03,107
518,47.556,21.021,-95.331,1,3,2.00,NONE,SEG03,107
519,47.532,20.822,-94.796,1,3,2.00,NONE,SEG03,107
520,47.515,20.623,-94.796,1,3,2.00,NONE,SEG03,107
521,47.499,20.424,-94.380,1,3,2.00,NONE,SEG03,107
522,47.482,20.224,-93.827,1,3,2.00,NONE,SEG03,108
523,47.465,20.025,-93.274,1,3,2.00,NONE,SEG03,108
524,47.448,19.826,-92.722,1,3,2.00,NONE,SEG03,108
525,47.438,19.626,-92.585,1,3,2.00,NONE,SEG03,108
526,47.429,19.426,-92.443,1,3,2.00,NONE,SEG03,108
527,47.420,19.226,-92.259,1,3,2.00,NONE,SEG03,109
528,47.410,19.027,-92.075,1,3,2.00,NONE,SEG03,109
529,47.401,18.827,-91.892,1,3,2.00,NONE,SEG03,109
530,47.394,18.627,-91.851,1,3,2.00,NONE,SEG03,109
531,47.388,18.427,-91.852,1,3,2.00,NONE,SEG03,109
532,47.382,18.227,-91.852,1,3,2.00,NONE,SEG03,110
533,47.375,18.027,-91.853,1,3,2.00,NONE,SEG03,110
534,47.369,17.827,-91.853,1,3,2.00,NONE,SEG03,110
535,47.362,17.627,-91.861,1,3,2.00,NONE,SEG03,110
536,47.356,17.428,-92.519,1,3,2.00,NONE,SEG03,110
537,47.349,17.228,-93.177,1,3,2.00,NONE,SEG03,111
538,47.343,17.028,-93.835,1,3,2.00,NONE,SEG03,111
539,47.336,16.828,-94.485,1,3,2.00,NONE,SEG03,111
540,47.321,16.628,-94.852,1,3,2.00,NONE,SEG03,111
541,47.305,16.429,-96.527,1,3,2.00,NONE,SEG03,111
542,47.289,16.230,-98.203,1,3,2.00,NONE,SEG03,112
543,47.274,16.030,-99.879,1,3,2.00,NONE,SEG03,112
544,47.253,15.832,-101.187,1,3,2.00,NONE,SEG03,112
545,47.214,15.635,-102.351,1,3,2.00,NONE,SEG03,112
546,47.175,15.439,-104.782,1,3,2.00,NONE,SEG03,112
547,47.136,15.243,-107.217,1,3,2.00,NONE,SEG03,113
548,47.098,15.047,-109.648,1,3,2.00,NONE,SEG03,113
549,47.043,14.855,-111.117,1,3,2.00,NONE,SEG03,113
550,46.972,14.668,-114.170,1,3,2.00,NONE,SEG03,113
551,46.901,14.481,-117.240,1,3,2.00,NONE,SEG03,114
552,46.829,14.295,-120.308,1,3,2.00,NONE,SEG03,114
553,46.755,14.109,-123.159,1,3,2.00,NONE,SEG03,114
554,46.646,13.942,-126.589,1,3,2.00,NONE,SEG03,114
555,46.536,13.774,-130.312,1,3,2.00,NONE,SEG03,114
556,46.427,13.607,-134.037,1,3,2.00,NONE,SEG03,115
557,46.318,13.439,-137.741,1,3,2.00,NONE,SEG03,115
558,46.172,13.303,-141.330,1,3,2.00,NONE,SEG03,115
559,46.023,13.169,-145.112,1,3,2.00,NONE,SEG03,115
560,45.875,13.035,-148.898,1,3,2.00,NONE,SEG03,116
561,45.726,12.902,-152.664,1,3,2.00,NONE,SEG03,116
562,45.551,12.806,-155.633,1,3,2.00,NONE,SEG03,116
563,45.373,12.716,-158.560,1,3,2.00,NONE,SEG03,116
564,45.194,12.625,-161.489,1,3,2.00,NONE,SEG03,117
565,45.016,12.534,-164.409,1,3,2.00,NONE,SEG03,117
566,44.825,12.477,-166.527,1,3,2.00,NONE,SEG03,117
567,44.632,12.425,-168.454,1,3,2.00,NONE,SEG03,117
568,44.439,12.372,-170.382,1,3,2.00,NONE,SEG03,118
569,44.246,12.320,-172.307,1,3,2.00,NONE,SEG03,118
570,44.048,12.291,-173.302,1,3,2.00,NONE,SEG03,118
571,43.850,12.265,-174.449,1,3,2.00,NONE,SEG03,118
572,43.652,12.239,-175.596,1,3,2.00,NONE,SEG03,119
573,43.453,12.212,-176.742,1,3,2.00,NONE,SEG03,119
574,43.254,12.198,-177.230,1,3,2.00,NONE,SEG03,119
575,43.054,12.187,-177.776,1,3,2.00,NONE,SEG03,119
576,42.855,12.177,-178.322,1,3,2.00,NONE,SEG03,120
577,42.655,12.167,-178.868,1,3,2.00,NONE,SEG03,120
578,42.455,12.159,-179.250,1,3,2.00,NONE,SEG03,120
579,42.255,12.156,-179.597,1,3,2.00,NONE,SEG03,120
580,42.055,12.154,179.935,1,3,2.00,NONE,SEG03,121
581,41.855,12.151,179.467,1,3,2.00,NONE,SEG03,121
582,41.655,12.149,178.999,1,3,2.00,NONE,SEG03,121
583,41.455,12.151,178.878,1,3,2.00,NONE,SEG03,121
584,41.255,12.155,178.455,1,3,2.00,NONE,SEG03,121
585,41.055,12.159,178.030,1,3,2.00,NONE,SEG03,122
586,40.855,12.163,177.605,1,3,2.00,NONE,SEG03,122
587,40.655,12.166,177.179,1,3,2.00,NONE,SEG03,122
588,40.456,12.176,177.160,1,3,2.00,NONE,SEG03,122
589,40.256,12.186,177.027,1,3,2.00,NONE,SEG03,122
590,40.056,12.196,176.895,1,3,2.00,NONE,SEG03,123
591,39.856,12.206,176.763,1,3,2.00,NONE,SEG03,123
592,39.657,12.216,176.647,1,3,2.00,NONE,SEG03,123
593,39.457,12.228,176.643,1,3,2.00,NONE,SEG03,123
594,39.257,12.239,176.601,1,3,2.00,NONE,SEG03,123
595,39.058,12.251,176.558,1,3,2.00,NONE,SEG03,124
596,38.858,12.263,176.516,1,3,2.00,NONE,SEG03,124
597,38.658,12.274,176.477,1,3,2.00,NONE,SEG03,124
598,38.459,12.287,176.477,1,3,2.00,NONE,SEG03,124
599,38.259,12.299,176.292,1,3,2.00,NONE,SEG03,124
600,38.059,12.311,176.071,1,3,2.00,NONE,SEG03,125
601,37.860,12.324,175.850,1,3,2.00,NONE,SEG03,125
602,37.660,12.336,175.628,1,3,2.00,NONE,SEG03,125
603,37.461,12.351,175.592,1,3,2.00,NONE,SEG03,125
604,37.261,12.366,175.485,1,3,2.00,NONE,SEG03,125
605,37.062,12.382,175.244,1,3,2.00,NONE,SEG03,126
606,36.863,12.397,175.003,1,3,2.00,NONE,SEG03,126
607,36.663,12.412,174.762,1,3,2.00,NONE,SEG03,126
608,36.464,12.429,174.627,1,3,2.00,NONE,SEG03,126
609,36.265,12.448,174.583,1,3,2.00,NONE,SEG03,126
610,36.066,12.467,174.128,1,3,2.00,NONE,SEG03,126
611,35.866,12.485,173.674,1,3,2.00,NONE,SEG03,127
612,35.667,12.504,173.220,1,3,2.00,NONE,SEG03,127
613,35.468,12.523,172.811,1,3,2.00,NONE,SEG03,127
614,35.270,12.548,172.811,1,3,2.00,NONE,SEG03,127
615,35.071,12.573,172.035,1,3,2.00,NONE,SEG03,127
616,34.873,12.598,171.022,1,3,2.00,NONE,SEG03,128
617,34.675,12.624,170.008,1,3,2.00,NONE,SEG03,128
618,34.476,12.649,168.995,1,3,2.00,NONE,SEG03,128
619,34.279,12.684,168.758,1,3,2.00,NONE,SEG03,128
620,34.083,12.723,167.983,1,3,2.00,NONE,SEG03,128
621,33.887,12.762,166.436,1,3,2.00,NONE,SEG03,129
622,33.691,12.801,164.888,1,3,2.00,NONE,SEG03,129
623,33.495,12.840,163.342,1,3,2.00,NONE,SEG03,129
624,33.301,12.890,162.570,1,3,2.00,NONE,SEG03,129
625,33.110,12.950,161.792,1,3,2.00,NONE,SEG03,129
626,32.920,13.010,160.075,1,3,2.00,NONE,SEG03,129
627,32.729,13.069,158.356,1,3,2.00,NONE,SEG03,130
628,32.538,13.129,156.639,1,3,2.00,NONE,SEG03,130
629,32.351,13.199,155.700,1,3,2.00,NONE,SEG03,130
630,32.169,13.282,154.643,1,3,2.00,NONE,SEG03,130
631,31.987,13.364,152.888,1,3,2.00,NONE,SEG03,131
632,31.804,13.446,151.133,1,3,2.00,NONE,SEG03,131
633,31.622,13.529,149.379,1,3,2.00,NONE,SEG03,131
634,31.447,13.624,148.683,1,3,2.00,NONE,SEG03,131
635,31.276,13.728,147.363,1,3,2.00,NONE,SEG03,131
636,31.105,13.832,145.589,1,3,2.00,NONE,SEG03,132
637,30.934,13.936,143.814,1,3,2.00,NONE,SEG03,132
638,30.763,14.040,142.041,1,3,2.00,NONE,SEG03,132
639,30.603,14.159,141.587,1,3,2.00,NONE,SEG03,132
640,30.446,14.283,139.986,1,3,2.00,NONE,SEG03,132
641,30.289,14.407,137.919,1,3,2.00,NONE,SEG03,133
642,30.133,14.532,135.851,1,3,2.00,NONE,SEG03,133
643,29.976,14.656,133.787,1,3,2.00,NONE,SEG03,133
644,29.834,14.797,133.323,1,3,2.00,NONE,SEG03,133
645,29.697,14.942,131.693,1,3,2.00,NONE,SEG03,133
646,29.560,15.088,129.804,1,3,2.00,NONE,SEG03,134
647,29.423,15.233,127.914,1,3,2.00,NONE,SEG03,134
648,29.285,15.379,126.028,1,3,2.00,NONE,SEG03,134
649,29.166,15.539,125.771,1,3,2.00,NONE,SEG03,134
650,29.049,15.701,123.568,1,3,2.00,NONE,SEG03,134
651,28.932,15.863,121.232,1,3,2.00,NONE,SEG03,135
652,28.815,16.025,118.895,1,3,2.00,NONE,SEG03,135
653,28.698,16.188,116.566,1,3,2.00,NONE,SEG03,135
654,28.608,16.366,116.439,1,3,2.00,NONE,SEG03,135
655,28.518,16.545,114.906,1,3,2.00,NONE,SEG03,135
656,28.429,16.724,113.166,1,3,2.00,NONE,SEG03,136
657,28.340,16.903,111.427,1,3,2.00,NONE,SEG03,136
658,28.251,17.082,109.689,1,3,2.00,NONE,SEG03,136
659,28.182,17.270,109.485,1,3,2.00,NONE,SEG03,136
660,28.115,17.458,107.783,1,3,2.00,NONE,SEG03,136
661,28.049,17.647,105.921,1,3,2.00,NONE,SEG03,137
662,27.982,17.835,104.058,1,3,2.00,NONE,SEG03,137
663,27.915,18.024,102.199,1,3,2.00,NONE,SEG03,137
664,27.871,18.219,102.041,1,3,2.00,NONE,SEG03,137
665,27.830,18.414,100.702,1,3,2.00,NONE,SEG03,137
666,27.788,18.610,99.324,1,3,2.00,NONE,SEG03,138
667,27.746,18.806,97.947,1,3,2.00,NONE,SEG03,138
668,27.704,19.001,96.571,1,3,2.00,NONE,SEG03,138
669,27.681,19.200,96.515,1,3,2.00,NONE,SEG03,138
670,27.658,19.398,95.495,1,3,2.00,NONE,SEG03,138
671,27.636,19.597,94.474,1,3,2.00,NONE,SEG03,139
672,27.613,19.796,93.453,1,3,2.00,NONE,SEG03,139
673,27.590,19.995,92.451,1,3,2.00,NONE,SEG03,139
674,27.582,20.194,92.417,1,3,2.00,NONE,SEG03,139
675,27.573,20.394,92.123,1,3,2.00,NONE,SEG03,139
676,27.565,20.594,91.828,1,3,2.00,NONE,SEG03,140
677,27.556,20.794,91.534,1,3,2.00,NONE,SEG03,140
678,27.548,20.994,91.274,1,3,2.00,NONE,SEG03,140
679,27.544,21.194,91.129,1,3,2.00,NONE,SEG03,140
680,27.539,21.394,90.742,1,3,2.00,NONE,SEG03,140
681,27.535,21.594,90.355,1,3,2.00,NONE,SEG03,141
682,27.530,21.793,89.968,1,3,2.00,NONE,SEG03,141
683,27.528,21.993,89.726,1,3,2.00,NONE,SEG03,141
684,27.529,22.193,89.592,1,3,2.00,NONE,SEG03,141
685,27.530,22.393,89.300,1,3,2.00,NONE,SEG03,141
686,27.531,22.593,89.008,1,3,2.00,NONE,SEG03,142
687,27.532,22.793,88.715,1,3,2.00,NONE,SEG03,142
688,27.535,22.993,88.557,1,3,2.00,NONE,SEG03,142
689,27.540,23.193,88.554,1,3,2.00,NONE,SEG03,142
690,27.545,23.393,88.547,1,3,2.00,NONE,SEG03,143
691,27.550,23.593,88.541,1,3,2.00,NONE,SEG03,143
692,27.555,23.793,88.534,1,3,2.00,NONE,SEG03,143
693,27.560,23.993,88.532,1,3,2.00,NONE,SEG03,143
694,27.565,24.193,88.363,1,3,2.00,NONE,SEG03,143
695,27.570,24.393,88.156,1,3,2.00,NONE,SEG03,144
696,27.575,24.593,87.949,1,3,2.00,NONE,SEG03,144
697,27.580,24.793,87.743,1,3,2.00,NONE,SEG03,144
698,27.588,24.993,87.723,1,3,2.00,NONE,SEG03,144
699,27.596,25.193,87.765,1,3,2.00,NONE,SEG03,144
700,27.604,25.392,87.808,1,3,2.00,NONE,SEG03,145
701,27.612,25.592,87.850,1,3,2.00,NONE,SEG03,145
702,27.620,25.792,87.959,1,3,2.00,NONE,SEG03,145
703,27.627,25.992,88.093,1,3,2.00,NONE,SEG03,145
704,27.634,26.192,88.227,1,3,2.00,NONE,SEG03,146
705,27.642,26.392,88.314,1,3,2.00,NONE,SEG03,146
706,27.648,26.592,88.212,1,3,2.00,NONE,SEG03,146
707,27.654,26.791,88.060,1,3,2.00,NONE,SEG03,146
708,27.659,26.991,87.885,1,3,2.00,NONE,SEG03,147
709,27.665,27.191,87.714,1,3,2.00,NONE,SEG03,147
710,27.673,27.391,87.648,1,3,2.00,NONE,SEG03,147
711,27.681,27.591,87.617,1,3,2.00,NONE,SEG03,148
712,27.689,27.791,87.711,1,3,2.00,NONE,SEG03,148
713,27.697,27.991,87.847,1,3,2.00,NONE,SEG03,148
714,27.706,28.190,87.984,1,3,2.00,NONE,SEG03,149
715,27.714,28.390,88.116,1,3,2.00,NONE,SEG03,149
716,27.721,28.590,88.173,1,3,2.00,NONE,SEG03,149
717,27.727,28.790,88.230,1,3,2.00,NONE,SEG03,150
718,27.734,28.990,88.287,1,3,2.00,NONE,SEG03,150
719,27.740,29.190,88.352,1,3,2.00,NONE,SEG03,150
720,27.746,29.390,88.563,1,3,2.00,NONE,SEG03,150
721,27.752,29.590,88.775,1,3,2.00,NONE,SEG03,151
722,27.758,29.790,88.986,1,3,2.00,NONE,SEG03,151
723,27.763,29.990,89.159,1,3,2.00,NONE,SEG03,151
724,27.766,30.190,89.213,1,3,2.00,NONE,SEG03,151
725,27.769,30.389,89.440,1,3,2.00,NONE,SEG03,151
726,27.772,30.589,89.667,1,3,2.00,NONE,SEG03,152
727,27.775,30.789,89.894,1,3,2.00,NONE,SEG03,152
728,27.777,30.989,90.067,1,3,2.00,NONE,SEG03,152
729,27.777,31.189,90.067,1,3,2.00,NONE,SEG03,152
730,27.777,31.389,89.997,1,3,2.00,NONE,SEG03,152
731,27.776,31.589,89.910,1,4,2.00,NONE,SEG04,153
732,27.776,31.789,89.824,1,4,2.00,NONE,SEG04,153
733,27.776,31.989,89.737,1,4,2.00,NONE,SEG04,153
734,27.777,32.189,89.721,1,4,2.00,NONE,SEG04,153
735,27.778,32.389,89.712,1,4,2.00,NONE,SEG04,153
736,27.779,32.589,89.679,1,4,2.00,NONE,SEG04,154
737,27.780,32.789,89.645,1,4,2.00,NONE,SEG04,154
738,27.781,32.989,89.612,1,4,2.00,NONE,SEG04,154
739,27.782,33.189,89.587,1,4,2.00,NONE,SEG04,154
740,27.783,33.389,89.587,1,4,2.00,NONE,SEG04,154
741,27.785,33.589,89.462,1,4,2.00,NONE,SEG04,154
742,27.786,33.789,89.320,1,4,2.00,STOP_LINE,SEG04,155
743,27.787,33.989,89.178,1,4,2.00,NONE,SEG04,155
744,27.789,34.189,89.036,1,4,2.00,NONE,SEG04,155
745,27.792,34.389,89.018,1,4,2.00,NONE,SEG04,155
746,27.796,34.589,88.918,1,4,2.00,NONE,SEG04,155
747,27.799,34.789,88.707,1,4,2.00,NONE,SEG04,156
748,27.802,34.989,88.497,1,4,2.00,NONE,SEG04,156
749,27.806,35.189,88.286,1,4,2.00,NONE,SEG04,156
750,27.811,35.389,88.177,1,4,2.00,NONE,SEG04,156
751,27.817,35.589,88.169,1,4,2.00,NONE,SEG04,156
752,27.823,35.789,88.113,1,4,2.00,NONE,SEG04,156
753,27.830,35.989,88.057,1,4,2.00,NONE,SEG04,157
754,27.836,36.189,88.001,1,4,2.00,NONE,SEG04,157
755,27.843,36.389,87.953,1,4,2.00,NONE,SEG04,157
756,27.850,36.589,87.953,1,4,2.00,NONE,SEG04,157
757,27.857,36.788,87.954,1,4,2.00,NONE,SEG04,157
758,27.864,36.988,87.955,1,8,2.00,NONE,SEG08,462
759,27.871,37.188,87.956,1,8,2.00,NONE,SEG08,462
760,27.878,37.388,87.957,1,4,2.00,NONE,SEG04,158
761,27.885,37.588,87.957,1,4,2.00,NONE,SEG04,158
762,27.893,37.788,88.032,1,4,2.00,NONE,SEG04,158
763,27.900,37.988,88.209,1,4,2.00,NONE,SEG04,159
764,27.907,38.188,88.385,1,4,2.00,NONE,SEG04,159
765,27.914,38.387,88.562,1,4,2.00,NONE,SEG04,159
766,27.920,38.587,88.663,1,4,2.00,NONE,SEG04,159
767,27.925,38.787,88.669,1,4,2.00,NONE,SEG04,159
768,27.929,38.987,88.769,1,4,2.00,NONE,SEG04,159
769,27.934,39.187,88.869,1,6,2.00,NONE,SEG06,282
770,27.939,39.387,88.969,1,6,2.00,NONE,SEG06,282
771,27.943,39.587,89.063,1,4,2.00,NONE,SEG04,160
772,27.947,39.787,89.063,1,4,2.00,NONE,SEG04,160
773,27.950,39.987,89.099,1,4,2.00,NONE,SEG04,160
774,27.953,40.187,89.152,1,4,2.00,NONE,SEG04,161
775,27.956,40.387,89.205,1,4,2.00,NONE,SEG04,161
776,27.960,40.587,89.257,1,4,2.00,NONE,SEG04,161
777,27.962,40.787,89.274,1,4,2.00,NONE,SEG04,161
778,27.965,40.987,89.307,1,4,2.00,NONE,SEG04,161
779,27.967,41.187,89.418,1,4,2.00,NONE,SEG04,161
780,27.970,41.387,89.530,1,4,2.00,NONE,SEG04,162
781,27.973,41.587,89.641,1,4,2.00,NONE,SEG04,162
782,27.975,41.787,89.720,1,4,2.00,NONE,SEG04,162
783,27.976,41.987,89.720,1,4,2.00,NONE,SEG04,162
784,27.977,42.187,89.913,1,4,2.00,NONE,SEG04,162
785,27.978,42.387,90.123,1,4,2.00,NONE,SEG04,163
786,27.978,42.587,90.333,1,4,2.00,NONE,SEG04,163
787,27.979,42.787,90.543,1,4,2.00,NONE,SEG04,163
788,27.978,42.987,90.560,1,4,2.00,NONE,SEG04,163
789,27.976,43.187,90.584,1,4,2.00,NONE,SEG04,163
790,27.974,43.387,90.628,1,4,2.00,NONE,SEG04,164
791,27.972,43.587,90.671,1,4,2.00,NONE,SEG04,164
792,27.970,43.787,90.714,1,4,2.00,NONE,SEG04,164
793,27.968,43.987,90.733,1,4,2.00,NONE,SEG04,164
794,27.965,44.187,90.724,1,4,2.00,NONE,SEG04,164
795,27.963,44.387,90.679,1,4,2.00,NONE,SEG04,164
796,27.960,44.587,90.634,1,4,2.00,NONE,SEG04,165
797,27.957,44.787,90.590,1,4,2.00,NONE,SEG04,165
798,27.955,44.987,90.554,1,4,2.00,NONE,SEG04,165
799,27.953,45.187,90.554,1,4,2.00,NONE,SEG04,165
800,27.951,45.387,90.435,1,4,2.00,NONE,SEG04,165
801,27.949,45.587,90.295,1,4,2.00,NONE,SEG04,166
802,27.947,45.787,90.155,1,4,2.00,NONE,SEG04,166
803,27.945,45.987,90.014,1,4,2.00,NONE,SEG04,166
804,27.945,46.187,89.992,1,4,2.00,NONE,SEG04,166
805,27.945,46.387,89.962,1,4,2.00,NONE,SEG04,166
806,27.945,46.587,89.906,1,4,2.00,NONE,SEG04,167
807,27.945,46.787,89.851,1,4,2.00,NONE,SEG04,167
808,27.945,46.987,89.796,1,4,2.00,NONE,SEG04,167
809,27.946,47.187,89.771,1,4,2.00,NONE,SEG04,167
810,27.946,47.387,89.781,1,4,2.00,NONE,SEG04,167
811,27.947,47.587,89.815,1,4,2.00,NONE,SEG04,167
812,27.948,47.787,89.848,1,4,2.00,NONE,SEG04,168
813,27.949,47.987,89.882,1,4,2.00,NONE,SEG04,168
814,27.949,48.187,89.905,1,4,2.00,NONE,SEG04,168
815,27.950,48.387,89.905,1,4,2.00,NONE,SEG04,168
816,27.950,48.587,89.904,1,4,2.00,NONE,SEG04,168
817,27.950,48.787,89.902,1,4,2.00,NONE,SEG04,169
818,27.951,48.987,89.901,1,4,2.00,NONE,SEG04,169
819,27.951,49.187,89.900,1,4,2.00,NONE,SEG04,169
820,27.951,49.387,89.900,1,4,2.00,NONE,SEG04,169
821,27.952,49.587,89.901,1,4,2.00,NONE,SEG04,169
822,27.952,49.787,89.901,1,4,2.00,NONE,SEG04,170
823,27.953,49.987,89.902,1,4,2.00,NONE,SEG04,170
824,27.953,50.187,89.902,1,4,2.00,NONE,SEG04,170
825,27.953,50.387,89.902,1,4,2.00,NONE,SEG04,170
826,27.954,50.587,89.874,1,4,2.00,NONE,SEG04,170
827,27.954,50.787,89.830,1,4,2.00,NONE,SEG04,171
828,27.954,50.987,89.787,1,4,2.00,NONE,SEG04,171
829,27.955,51.187,89.743,1,4,2.00,NONE,SEG04,171
830,27.955,51.387,89.726,1,4,2.00,NONE,SEG04,171
831,27.956,51.587,89.683,1,4,2.00,NONE,SEG04,171
832,27.957,51.787,89.551,1,4,2.00,NONE,SEG04,171
833,27.958,51.987,89.418,1,4,2.00,NONE,SEG04,172
834,27.959,52.187,89.286,1,4,2.00,NONE,SEG04,172
835,27.961,52.387,89.198,1,4,2.00,NONE,SEG04,172
836,27.963,52.587,89.198,1,4,2.00,NONE,SEG04,172
837,27.966,52.787,89.025,1,4,2.00,NONE,SEG04,172
838,27.969,52.987,88.850,1,4,2.00,NONE,SEG04,173
839,27.972,53.186,88.675,1,4,2.00,NONE,SEG04,173
840,27.975,53.386,88.500,1,4,2.00,NONE,SEG04,173
841,27.980,53.586,88.497,1,4,2.00,NONE,SEG04,173
842,27.985,53.786,88.434,1,4,2.00,NONE,SEG04,173
843,27.990,53.986,88.326,1,4,2.00,NONE,SEG04,174
844,27.996,54.186,88.219,1,4,2.00,NONE,SEG04,174
845,28.001,54.386,88.111,1,4,2.00,NONE,SEG04,174
846,28.007,54.586,88.068,1,4,2.00,NONE,SEG04,174
847,28.014,54.786,88.056,1,4,2.00,NONE,SEG04,174
848,28.020,54.986,87.990,1,4,2.00,NONE,SEG04,174
849,28.027,55.186,87.924,1,4,2.00,NONE,SEG04,175
850,28.034,55.386,87.859,1,4,2.00,NONE,SEG04,175
851,28.041,55.585,87.805,1,4,2.00,NONE,SEG04,175
852,28.049,55.785,87.805,1,4,2.00,NONE,SEG04,175
853,28.056,55.985,87.820,1,4,2.00,NONE,SEG04,175
854,28.064,56.185,87.839,1,4,2.00,NONE,SEG04,176
855,28.072,56.385,87.859,1,4,2.00,NONE,SEG04,176
856,28.079,56.585,87.878,1,4,2.00,NONE,SEG04,176
857,28.087,56.785,87.883,1,4,2.00,NONE,SEG04,176
858,28.094,56.984,87.773,1,4,2.00,NONE,SEG04,176
859,28.101,57.184,87.454,1,4,2.00,NONE,SEG04,177
860,28.109,57.384,87.135,1,4,2.00,NONE,SEG04,177
861,28.116,57.584,86.816,1,4,2.00,NONE,SEG04,177
862,28.125,57.784,86.607,1,4,2.00,NONE,SEG04,177
863,28.137,57.983,86.607,1,4,2.00,NONE,SEG04,177
864,28.149,58.183,85.922,1,4,2.00,NONE,SEG04,177
865,28.161,58.383,85.207,1,4,2.00,NONE,SEG04,178
866,28.172,58.582,84.492,1,4,2.00,NONE,SEG04,178
867,28.184,58.782,83.777,1,4,2.00,NONE,SEG04,178
868,28.206,58.981,83.746,1,4,2.00,NONE,SEG04,178
869,28.227,59.180,83.262,1,4,2.00,NONE,SEG04,178
870,28.249,59.379,82.422,1,4,2.00,NONE,SEG04,179
871,28.271,59.577,81.581,1,4,2.00,NONE,SEG04,179
872,28.293,59.776,80.741,1,4,2.00,NONE,SEG04,179
873,28.321,59.974,80.385,1,4,2.00,NONE,SEG04,179
874,28.355,60.171,80.094,1,4,2.00,NONE,SEG04,179
875,28.388,60.368,78.928,1,4,2.00,NONE,SEG04,179
876,28.422,60.566,77.762,1,4,2.00,NONE,SEG04,180
877,28.455,60.763,76.596,1,4,2.00,NONE,SEG04,180
878,28.492,60.959,75.722,1,4,2.00,NONE,SEG04,180
879,28.542,61.153,75.721,1,4,2.00,NONE,SEG04,180
880,28.591,61.347,74.125,1,4,2.00,NONE,SEG04,180
881,28.640,61.541,72.526,1,4,2.00,NONE,SEG04,181
882,28.690,61.734,70.928,1,4,2.00,NONE,SEG04,181
883,28.739,61.928,69.333,1,4,2.00,NONE,SEG04,181
884,28.810,62.115,69.333,1,4,2.00,NONE,SEG04,181
885,28.880,62.303,67.839,1,4,2.00,NONE,SEG04,181
886,28.951,62.490,65.970,1,5,2.00,NONE,SEG05,182
887,29.021,62.677,64.100,1,5,2.00,NONE,SEG05,182
888,29.092,62.864,62.232,1,5,2.00,NONE,SEG05,182
889,29.181,63.042,61.858,1,5,2.00,NONE,SEG05,182
890,29.276,63.219,60.260,1,5,2.00,NONE,SEG05,182
891,29.370,63.395,58.008,1,5,2.00,NONE,SEG05,183
892,29.464,63.571,55.753,1,5,2.00,NONE,SEG05,183
893,29.559,63.748,53.503,1,5,2.00,NONE,SEG05,183
894,29.672,63.912,52.851,1,5,2.00,NONE,SEG05,183
895,29.793,64.072,50.998,1,5,2.00,NONE,SEG05,183
896,29.913,64.231,48.645,1,5,2.00,NONE,SEG05,184
897,30.034,64.390,46.289,1,5,2.00,NONE,SEG05,184
898,30.155,64.550,43.940,1,5,2.00,NONE,SEG05,184
899,30.295,64.692,43.443,1,5,2.00,NONE,SEG05,184
900,30.440,64.830,41.342,1,5,2.00,NONE,SEG05,184
901,30.585,64.967,39.093,1,5,2.00,NONE,SEG05,185
902,30.731,65.105,36.843,1,5,2.00,NONE,SEG05,185
903,30.876,65.242,34.600,1,5,2.00,NONE,SEG05,185
904,31.039,65.357,34.273,1,5,2.00,NONE,SEG05,185
905,31.204,65.470,32.140,1,5,2.00,NONE,SEG05,185
906,31.369,65.583,30.001,1,5,2.00,NONE,SEG05,186
907,31.534,65.696,27.863,1,5,2.00,NONE,SEG05,186
908,31.700,65.807,25.915,1,5,2.00,NONE,SEG05,186
909,31.880,65.895,25.461,1,5,2.00,NONE,SEG05,186
910,32.060,65.982,23.366,1,5,2.00,NONE,SEG05,186
911,32.240,66.069,21.266,1,5,2.00,NONE,SEG05,187
912,32.420,66.157,19.168,1,5,2.00,NONE,SEG05,187
913,32.602,66.238,17.526,1,5,2.00,NONE,SEG05,187
914,32.793,66.299,16.684,1,5,2.00,NONE,SEG05,187
915,32.984,66.359,14.302,1,5,2.00,NONE,SEG05,187
916,33.174,66.419,11.914,1,5,2.00,NONE,SEG05,188
917,33.365,66.479,9.529,1,5,2.00,NONE,SEG05,188
918,33.558,66.528,7.988,1,5,2.00,NONE,SEG05,188
919,33.756,66.556,6.285,1,5,2.00,NONE,SEG05,188
920,33.954,66.584,3.334,1,5,2.00,NONE,SEG05,188
921,34.153,66.612,0.377,1,5,2.00,NONE,SEG05,189
922,34.351,66.639,-2.570,1,5,2.00,NONE,SEG05,189
923,34.550,66.643,-3.816,1,5,2.00,NONE,SEG05,189
924,34.749,66.630,-6.358,1,5,2.00,NONE,SEG05,189
925,34.949,66.617,-9.409,1,5,2.00,NONE,SEG05,190
926,35.148,66.604,-12.463,1,5,2.00,NONE,SEG05,190
927,35.348,66.590,-15.503,1,5,2.00,NONE,SEG05,190
928,35.541,66.542,-16.169,1,5,2.00,NONE,SEG05,190
929,35.733,66.487,-18.686,1,5,2.00,NONE,SEG05,190
930,35.926,66.432,-21.213,1,5,2.00,NONE,SEG05,191
931,36.118,66.377,-23.738,1,5,2.00,NONE,SEG05,191
932,36.309,66.319,-26.088,1,5,2.00,NONE,SEG05,191
933,36.489,66.231,-26.467,1,5,2.00,NONE,SEG05,191
934,36.669,66.143,-28.792,1,5,2.00,NONE,SEG05,191
935,36.848,66.055,-31.123,1,5,2.00,NONE,SEG05,192
936,37.028,65.968,-33.452,1,5,2.00,NONE,SEG05,192
937,37.205,65.875,-35.399,1,5,2.00,NONE,SEG05,192
938,37.368,65.759,-35.567,1,5,2.00,NONE,SEG05,192
939,37.531,65.643,-37.746,1,5,2.00,NONE,SEG05,192
940,37.694,65.528,-39.930,1,5,2.00,NONE,SEG05,193
941,37.857,65.412,-42.115,1,5,2.00,NONE,SEG05,193
942,38.018,65.294,-44.126,1,5,2.00,NONE,SEG05,193
943,38.162,65.155,-44.126,1,5,2.00,NONE,SEG05,193
944,38.306,65.016,-46.107,1,5,2.00,NONE,SEG05,193
945,38.449,64.876,-48.297,1,5,2.00,NONE,SEG05,194
946,38.593,64.737,-50.488,1,5,2.00,NONE,SEG05,194
947,38.736,64.598,-52.673,1,5,2.00,NONE,SEG05,194
948,38.859,64.440,-52.878,1,5,2.00,NONE,SEG05,194
949,38.980,64.281,-54.748,1,5,2.00,NONE,SEG05,194
950,39.101,64.121,-57.074,1,5,2.00,NONE,SEG05,195
951,39.221,63.962,-59.400,1,5,2.00,NONE,SEG05,195
952,39.342,63.802,-61.721,1,5,2.00,NONE,SEG05,195
953,39.441,63.629,-62.171,1,5,2.00,NONE,SEG05,195
954,39.534,63.452,-63.849,1,5,2.00,NONE,SEG05,195
955,39.627,63.275,-66.187,1,5,2.00,NONE,SEG05,196
956,39.721,63.098,-68.528,1,5,2.00,NONE,SEG05,196
957,39.814,62.921,-70.863,1,5,2.00,NONE,SEG05,196
958,39.886,62.735,-71.521,1,5,2.00,NONE,SEG05,196
959,39.949,62.546,-72.678,1,5,2.00,NONE,SEG05,196
960,40.013,62.356,-74.807,1,5,2.00,NONE,SEG05,197
961,40.076,62.166,-76.938,1,5,2.00,NONE,SEG05,197
962,40.140,61.977,-79.066,1,5,2.00,NONE,SEG05,197
963,40.187,61.783,-80.037,1,5,2.00,NONE,SEG05,197
964,40.222,61.586,-80.289,1,5,2.00,NONE,SEG05,197
965,40.256,61.389,-81.286,1,5,2.00,NONE,SEG05,197
966,40.291,61.192,-82.284,1,5,2.00,NONE,SEG05,198
967,40.326,60.995,-83.281,1,5,2.00,NONE,SEG05,198
968,40.357,60.797,-84.026,1,5,2.00,NONE,SEG05,198
969,40.378,60.599,-84.026,1,5,2.00,NONE,SEG05,198
970,40.398,60.400,-84.113,1,5,2.00,NONE,SEG05,198
971,40.419,60.201,-84.206,1,5,2.00,NONE,SEG05,199
972,40.440,60.002,-84.299,1,5,2.00,NONE,SEG05,199
973,40.461,59.803,-84.392,1,5,2.00,NONE,SEG05,199
974,40.481,59.604,-84.397,1,5,2.00,NONE,SEG05,199
975,40.500,59.405,-83.992,1,5,2.00,NONE,SEG05,199
976,40.520,59.206,-83.324,1,5,2.00,NONE,SEG05,200
977,40.539,59.007,-82.657,1,5,2.00,NONE,SEG05,200
978,40.559,58.808,-81.989,1,5,2.00,NONE,SEG05,200
979,40.584,58.609,-81.726,1,5,2.00,NONE,SEG05,200
980,40.613,58.411,-81.500,1,5,2.00,NONE,SEG05,200
981,40.641,58.214,-80.702,1,5,2.00,NONE,SEG05,200
982,40.670,58.016,-79.904,1,5,2.00,NONE,SEG05,201
983,40.699,57.818,-79.106,1,5,2.00,NONE,SEG05,201
984,40.731,57.620,-78.535,1,5,2.00,NONE,SEG05,201
985,40.771,57.424,-78.535,1,5,2.00,NONE,SEG05,201
986,40.810,57.228,-76.980,1,5,2.00,NONE,SEG05,201
987,40.850,57.032,-75.402,1,5,2.00,NONE,SEG05,202
988,40.890,56.836,-73.824,1,5,2.00,NONE,SEG05,202
989,40.930,56.640,-72.248,1,5,2.00,NONE,SEG05,202
990,40.990,56.450,-72.227,1,5,2.00,NONE,SEG05,202
991,41.051,56.259,-70.864,1,5,2.00,NONE,SEG05,202
992,41.112,56.069,-69.171,1,5,2.00,NONE,SEG05,203
993,41.173,55.878,-67.477,1,5,2.00,NONE,SEG05,203
994,41.234,55.688,-65.786,1,5,2.00,NONE,SEG05,203
995,41.313,55.504,-65.458,1,5,2.00,NONE,SEG05,203
996,41.396,55.322,-64.107,1,5,2.00,NONE,SEG05,203
997,41.479,55.140,-62.193,1,5,2.00,NONE,SEG05,204
998,41.563,54.959,-60.278,1,5,2.00,NONE,SEG05,204
999,41.646,54.777,-58.366,1,5,2.00,NONE,SEG05,204
1000,41.745,54.604,-57.805,1,5,2.00,NONE,SEG05,204
1001,41.852,54.434,-56.564,1,5,2.00,NONE,SEG05,204
1002,41.958,54.265,-54.686,1,5,2.00,NONE,SEG05,205
1003,42.065,54.096,-52.806,1,5,2.00,NONE,SEG05,205
1004,42.171,53.927,-50.929,1,5,2.00,NONE,SEG05,205
1005,42.292,53.768,-50.292,1,5,2.00,NONE,SEG05,205
1006,42.420,53.614,-48.954,1,5,2.00,NONE,SEG05,205
1007,42.548,53.460,-47.026,1,5,2.00,NONE,SEG05,206
1008,42.675,53.306,-45.097,1,5,2.00,NONE,SEG05,206
1009,42.803,53.152,-43.171,1,5,2.00,NONE,SEG05,206
1010,42.944,53.011,-42.582,1,5,2.00,NONE,SEG05,206
1011,43.092,52.876,-41.492,1,5,2.00,NONE,SEG05,206
1012,43.239,52.740,-39.796,1,5,2.00,NONE,SEG05,207
1013,43.386,52.605,-38.100,1,5,2.00,NONE,SEG05,207
1014,43.533,52.470,-36.405,1,5,2.00,NONE,SEG05,207
1015,43.690,52.346,-35.801,1,5,2.00,NONE,SEG05,207
1016,43.853,52.229,-34.890,1,5,2.00,NONE,SEG05,207
1017,44.015,52.112,-33.088,1,5,2.00,NONE,SEG05,208
1018,44.177,51.995,-31.285,1,5,2.00,NONE,SEG05,208
1019,44.339,51.878,-29.483,1,5,2.00,NONE,SEG05,208
1020,44.508,51.772,-28.593,1,5,2.00,NONE,SEG05,208
1021,44.684,51.676,-27.873,1,5,2.00,NONE,SEG05,208
1022,44.859,51.581,-25.881,1,5,2.00,NONE,SEG05,208
1023,45.035,51.485,-23.884,1,5,2.00,NONE,SEG05,209
1024,45.211,51.389,-21.890,1,5,2.00,NONE,SEG05,209
1025,45.390,51.302,-20.616,1,5,2.00,NONE,SEG05,209
1026,45.578,51.232,-20.194,1,5,2.00,NONE,SEG05,209
1027,45.765,51.162,-18.251,1,5,2.00,NONE,SEG05,209
1028,45.952,51.091,-16.304,1,5,2.00,NONE,SEG05,210
1029,46.139,51.021,-14.358,1,5,2.00,NONE,SEG05,210
1030,46.328,50.956,-12.836,1,5,2.00,NONE,SEG05,210
1031,46.523,50.912,-12.742,1,5,2.00,NONE,SEG05,210
1032,46.718,50.867,-10.644,1,5,2.00,NONE,SEG05,210
1033,46.913,50.823,-8.540,1,5,2.00,NONE,SEG05,211
1034,47.108,50.778,-6.437,1,5,2.00,NONE,SEG05,211
1035,47.303,50.735,-4.432,1,5,2.00,NONE,SEG05,211
1036,47.503,50.720,-4.432,1,5,2.00,NONE,SEG05,211
1037,47.702,50.704,-2.546,1,5,2.00,NONE,SEG05,211
1038,47.901,50.689,-0.440,1,5,2.00,NONE,SEG05,212
1039,48.101,50.673,1.667,1,5,2.00,NONE,SEG05,212
1040,48.300,50.658,3.768,1,5,2.00,NONE,SEG05,212
1041,48.500,50.669,3.984,1,5,2.00,NONE,SEG05,212
1042,48.699,50.683,5.324,1,5,2.00,NONE,SEG05,212
1043,48.899,50.697,7.128,1,5,2.00,NONE,SEG05,213
1044,49.098,50.710,8.934,1,5,2.00,NONE,SEG05,213
1045,49.298,50.724,10.736,1,5,2.00,NONE,SEG05,213
1046,49.495,50.757,11.200,1,5,2.00,NONE,SEG05,213
1047,49.691,50.796,12.083,1,5,2.00,NONE,SEG05,213
1048,49.887,50.834,13.536,1,5,2.00,NONE,SEG05,214
1049,50.083,50.873,14.990,1,5,2.00,NONE,SEG05,214
1050,50.280,50.912,16.443,1,5,2.00,NONE,SEG05,214
1051,50.473,50.963,17.013,1,5,2.00,NONE,SEG05,214
1052,50.664,51.021,17.795,1,5,2.00,NONE,SEG05,214
1053,50.855,51.080,19.162,1,5,2.00,NONE,SEG05,215
1054,51.047,51.138,20.530,1,5,2.00,NONE,SEG05,215
1055,51.238,51.197,21.897,1,5,2.00,NONE,SEG05,215
1056,51.425,51.266,22.481,1,5,2.00,NONE,SEG05,215
1057,51.610,51.342,23.442,1,5,2.00,NONE,SEG05,215
1058,51.795,51.419,24.948,1,5,2.00,NONE,SEG05,216
1059,51.980,51.495,26.455,1,5,2.00,NONE,SEG05,216
1060,52.165,51.572,27.960,1,5,2.00,NONE,SEG05,216
1061,52.344,51.660,28.504,1,5,2.00,NONE,SEG05,216
1062,52.519,51.756,29.199,1,5,2.00,NONE,SEG05,216
1063,52.695,51.851,30.106,1,5,2.00,NONE,SEG05,217
1064,52.871,51.947,31.013,1,5,2.00,NONE,SEG05,217
1065,53.047,52.042,31.920,1,5,2.00,NONE,SEG05,217
1066,53.217,52.146,32.132,1,5,2.00,NONE,SEG05,217
1067,53.387,52.252,32.204,1,5,2.00,NONE,SEG05,217
1068,53.556,52.359,32.283,1,5,2.00,NONE,SEG05,218
1069,53.726,52.465,32.363,1,5,2.00,NONE,SEG05,218
1070,53.895,52.571,32.442,1,5,2.00,NONE,SEG05,218
1071,54.064,52.679,32.411,1,5,2.00,NONE,SEG05,218
1072,54.233,52.786,31.953,1,5,2.00,NONE,SEG05,218
1073,54.401,52.893,31.494,1,5,2.00,NONE,SEG05,219
1074,54.570,53.001,31.036,1,5,2.00,NONE,SEG05,219
1075,54.739,53.107,30.615,1,5,2.00,NONE,SEG05,219
1076,54.911,53.209,30.384,1,5,2.00,NONE,SEG05,219
1077,55.083,53.311,29.669,1,5,2.00,NONE,SEG05,219
1078,55.255,53.413,28.955,1,5,2.00,NONE,SEG05,220
1079,55.428,53.515,28.240,1,5,2.00,NONE,SEG05,220
1080,55.601,53.614,27.757,1,5,2.00,NONE,SEG05,220
1081,55.778,53.707,27.020,1,5,2.00,NONE,SEG05,220
1082,55.955,53.800,25.391,1,5,2.00,NONE,SEG05,220
1083,56.132,53.893,23.761,1,5,2.00,NONE,SEG05,221
1084,56.309,53.986,22.132,1,5,2.00,NONE,SEG05,221
1085,56.491,54.070,21.240,1,5,2.00,NONE,SEG05,221
1086,56.677,54.143,19.902,1,5,2.00,NONE,SEG05,221
1087,56.863,54.215,17.858,1,5,2.00,NONE,SEG05,222
1088,57.050,54.288,15.812,1,5,2.00,NONE,SEG05,222
1089,57.236,54.360,13.769,1,5,2.00,NONE,SEG05,222
1090,57.428,54.415,13.064,1,5,2.00,NONE,SEG05,222
1091,57.623,54.460,10.978,1,5,2.00,NONE,SEG05,222
1092,57.818,54.505,8.729,1,5,2.00,NONE,SEG05,223
1093,58.013,54.550,6.479,1,5,2.00,NONE,SEG05,223
1094,58.207,54.595,4.236,1,5,2.00,NONE,SEG05,223
1095,58.407,54.612,3.674,1,5,2.00,NONE,SEG05,223
1096,58.606,54.626,1.973,1,5,2.00,NONE,SEG05,223
1097,58.806,54.640,0.270,1,5,2.00,NONE,SEG05,224
1098,59.005,54.655,-1.432,1,5,2.00,NONE,SEG05,224
1099,59.205,54.663,-2.729,1,5,2.00,NONE,SEG05,224
1100,59.404,54.654,-3.905,1,5,2.00,NONE,SEG05,224
1101,59.604,54.644,-6.186,1,5,2.00,NONE,SEG05,224
1102,59.804,54.635,-8.471,1,5,2.00,NONE,SEG05,225
1103,60.004,54.625,-10.751,1,5,2.00,NONE,SEG05,225
1104,60.201,54.599,-11.856,1,5,2.00,NONE,SEG05,225
1105,60.397,54.558,-13.330,1,5,2.00,NONE,SEG05,225
1106,60.593,54.517,-15.005,1,5,2.00,NONE,SEG05,226
1107,60.789,54.476,-16.681,1,5,2.00,NONE,SEG05,226
1108,60.984,54.435,-18.354,1,5,2.00,NONE,SEG05,226
1109,61.175,54.374,-18.815,1,5,2.00,NONE,SEG05,226
1110,61.364,54.310,-20.423,1,5,2.00,NONE,SEG05,226
1111,61.554,54.247,-22.033,1,5,2.00,NONE,SEG05,227
1112,61.743,54.183,-23.642,1,5,2.00,NONE,SEG05,227
1113,61.932,54.116,-24.989,1,5,2.00,NONE,SEG05,227
1114,62.113,54.032,-25.626,1,5,2.00,NONE,SEG05,227
1115,62.294,53.947,-27.104,1,5,2.00,NONE,SEG05,227
1116,62.476,53.863,-28.584,1,5,2.00,NONE,SEG05,228
1117,62.657,53.778,-30.062,1,5,2.00,NONE,SEG05,228
1118,62.834,53.686,-30.904,1,5,2.00,NONE,SEG05,228
1119,63.006,53.583,-32.169,1,5,2.00,NONE,SEG05,228
1120,63.177,53.480,-33.824,1,5,2.00,NONE,SEG05,229
1121,63.349,53.378,-35.480,1,5,2.00,NONE,SEG05,229
1122,63.520,53.275,-37.133,1,5,2.00,NONE,SEG05,229
1123,63.682,53.158,-37.586,1,5,2.00,NONE,SEG05,229
1124,63.841,53.036,-38.903,1,5,2.00,NONE,SEG05,229
1125,63.999,52.914,-40.221,1,5,2.00,NONE,SEG05,230
1126,64.158,52.792,-41.540,1,5,2.00,NONE,SEG05,230
1127,64.316,52.670,-42.792,1,5,2.00,NONE,SEG05,230
1128,64.463,52.534,-43.191,1,5,2.00,NONE,SEG05,230
1129,64.609,52.398,-44.829,1,5,2.00,NONE,SEG05,230
1130,64.756,52.262,-46.468,1,5,2.00,NONE,SEG05,231
1131,64.903,52.126,-48.107,1,5,2.00,NONE,SEG05,231
1132,65.046,51.986,-49.345,1,5,2.00,NONE,SEG05,231
1133,65.176,51.835,-49.914,1,5,2.00,NONE,SEG05,231
1134,65.306,51.683,-51.417,1,5,2.00,NONE,SEG05,231
1135,65.437,51.531,-52.922,1,5,2.00,NONE,SEG05,232
1136,65.567,51.380,-54.425,1,5,2.00,NONE,SEG05,232
1137,65.691,51.223,-55.358,1,5,2.00,NONE,SEG05,232
1138,65.805,51.058,-56.072,1,5,2.00,NONE,SEG05,232
1139,65.918,50.894,-57.490,1,5,2.00,NONE,SEG05,232
1140,66.032,50.729,-58.909,1,5,2.00,NONE,SEG05,233
1141,66.146,50.565,-60.328,1,5,2.00,NONE,SEG05,233
1142,66.251,50.395,-61.032,1,5,2.00,NONE,SEG05,233
1143,66.348,50.220,-62.038,1,5,2.00,NONE,SEG05,233
1144,66.445,50.045,-63.558,1,5,2.00,NONE,SEG05,234
1145,66.542,49.870,-65.079,1,5,2.00,NONE,SEG05,234
1146,66.638,49.695,-66.598,1,5,2.00,NONE,SEG05,234
1147,66.723,49.514,-67.112,1,5,2.00,NONE,SEG05,234
1148,66.800,49.330,-68.742,1,5,2.00,NONE,SEG05,234
1149,66.878,49.145,-70.636,1,5,2.00,NONE,SEG05,235
1150,66.956,48.961,-72.531,1,5,2.00,NONE,SEG05,235
1151,67.034,48.777,-74.422,1,5,2.00,NONE,SEG05,235
1152,67.090,48.585,-74.869,1,5,2.00,NONE,SEG05,235
1153,67.143,48.392,-76.611,1,5,2.00,NONE,SEG05,235
1154,67.196,48.199,-78.357,1,5,2.00,NONE,SEG05,236
1155,67.249,48.007,-80.102,1,5,2.00,NONE,SEG05,236
1156,67.299,47.813,-81.662,1,5,2.00,NONE,SEG05,236
1157,67.328,47.615,-82.319,1,5,2.00,NONE,SEG05,236
1158,67.357,47.417,-84.102,1,5,2.00,NONE,SEG05,236
1159,67.386,47.220,-85.888,1,5,2.00,NONE,SEG05,237
1160,67.415,47.022,-87.672,1,5,2.00,NONE,SEG05,237
1161,67.435,46.823,-88.799,1,5,2.00,NONE,SEG05,237
1162,67.439,46.623,-89.856,1,5,2.00,NONE,SEG05,237
1163,67.443,46.423,-91.476,1,5,2.00,NONE,SEG05,238
1164,67.447,46.223,-93.098,1,5,2.00,NONE,SEG05,238
1165,67.452,46.023,-94.717,1,5,2.00,NONE,SEG05,238
1166,67.441,45.824,-95.280,1,5,2.00,NONE,SEG05,238
1167,67.423,45.625,-97.071,1,5,2.00,NONE,SEG05,238
1168,67.404,45.425,-98.933,1,5,2.00,NONE,SEG05,239
1169,67.386,45.226,-100.796,1,5,2.00,NONE,SEG05,239
1170,67.367,45.027,-102.655,1,5,2.00,NONE,SEG05,239
1171,67.324,44.832,-103.321,1,5,2.00,NONE,SEG05,239
1172,67.280,44.637,-105.333,1,5,2.00,NONE,SEG05,239
1173,67.236,44.442,-107.348,1,5,2.00,NONE,SEG05,240
1174,67.192,44.247,-109.361,1,5,2.00,NONE,SEG05,240
1175,67.140,44.054,-110.774,1,5,2.00,NONE,SEG05,240
1176,67.069,43.867,-112.422,1,5,2.00,NONE,SEG05,240
1177,66.998,43.680,-114.777,1,5,2.00,NONE,SEG05,240
1178,66.927,43.493,-117.134,1,5,2.00,NONE,SEG05,241
1179,66.856,43.306,-119.487,1,5,2.00,NONE,SEG05,241
1180,66.765,43.129,-120.733,1,5,2.00,NONE,SEG05,241
1181,66.664,42.956,-123.168,1,5,2.00,NONE,SEG05,241
1182,66.564,42.783,-125.611,1,5,2.00,NONE,SEG05,242
1183,66.463,42.610,-128.051,1,5,2.00,NONE,SEG05,242
1184,66.356,42.442,-129.944,1,5,2.00,NONE,SEG05,242
1185,66.228,42.288,-131.836,1,5,2.00,NONE,SEG05,242
1186,66.099,42.135,-134.289,1,5,2.00,NONE,SEG05,242
1187,65.971,41.982,-136.744,1,5,2.00,NONE,SEG05,243
1188,65.843,41.828,-139.193,1,5,2.00,NONE,SEG05,243
1189,65.696,41.694,-140.255,1,5,2.00,NONE,SEG05,243
1190,65.543,41.564,-142.388,1,5,2.00,NONE,SEG05,243
1191,65.390,41.435,-144.525,1,5,2.00,NONE,SEG05,244
1192,65.238,41.306,-146.660,1,5,2.00,NONE,SEG05,244
1193,65.081,41.182,-148.287,1,5,2.00,NONE,SEG05,244
1194,64.911,41.077,-149.355,1,5,2.00,NONE,SEG05,244
1195,64.741,40.972,-151.143,1,5,2.00,NONE,SEG05,244
1196,64.570,40.867,-152.931,1,5,2.00,NONE,SEG05,245
1197,64.400,40.762,-154.718,1,5,2.00,NONE,SEG05,245
1198,64.223,40.670,-155.437,1,5,2.00,NONE,SEG05,245
1199,64.041,40.587,-156.687,1,5,2.00,NONE,SEG05,245
1200,63.859,40.504,-158.126,1,5,2.00,NONE,SEG05,246
1201,63.677,40.420,-159.566,1,5,2.00,NONE,SEG05,246
1202,63.496,40.337,-161.004,1,5,2.00,NONE,SEG05,246
1203,63.307,40.270,-161.241,1,5,2.00,NONE,SEG05,246
1204,63.118,40.206,-162.502,1,5,2.00,NONE,SEG05,246
1205,62.929,40.141,-163.763,1,5,2.00,NONE,SEG05,247
1206,62.739,40.077,-165.025,1,5,2.00,NONE,SEG05,247
1207,62.550,40.013,-166.237,1,5,2.00,NONE,SEG05,247
1208,62.355,39.965,-166.381,1,5,2.00,NONE,SEG05,247
1209,62.161,39.918,-167.445,1,5,2.00,NONE,SEG05,247
1210,61.967,39.870,-168.510,1,5,2.00,NONE,SEG05,248
1211,61.773,39.823,-169.575,1,5,2.00,NONE,SEG05,248
1212,61.578,39.777,-170.495,1,5,2.00,NONE,SEG05,248
1213,61.381,39.744,-170.661,1,5,2.00,NONE,SEG05,248
1214,61.184,39.711,-171.540,1,5,2.00,NONE,SEG05,248
1215,60.986,39.678,-172.419,1,5,2.00,NONE,SEG05,249
1216,60.789,39.645,-173.299,1,5,2.00,NONE,SEG05,249
1217,60.591,39.614,-174.012,1,5,2.00,NONE,SEG05,249
1218,60.393,39.593,-174.098,1,5,2.00,NONE,SEG05,249
1219,60.194,39.573,-174.584,1,5,2.00,NONE,SEG05,249
1220,59.995,39.552,-175.070,1,5,2.00,NONE,SEG05,250
1221,59.796,39.531,-175.556,1,5,2.00,NONE,SEG05,250
1222,59.597,39.511,-175.956,1,5,2.00,NONE,SEG05,250
1223,59.397,39.497,-175.985,1,5,2.00,NONE,SEG05,250
1224,59.198,39.483,-176.341,1,5,2.00,NONE,SEG05,250
1225,58.998,39.469,-176.697,1,5,2.00,NONE,SEG05,251
1226,58.799,39.455,-177.054,1,5,2.00,NONE,SEG05,251
1227,58.599,39.441,-177.381,1,5,2.00,NONE,SEG05,251
1228,58.399,39.432,-177.381,1,5,2.00,NONE,SEG05,251
1229,58.200,39.423,-177.667,1,5,2.00,NONE,SEG05,251
1230,58.000,39.414,-177.960,1,5,2.00,NONE,SEG05,252
1231,57.800,39.404,-178.253,1,5,2.00,NONE,SEG05,252
1232,57.600,39.395,-178.545,1,5,2.00,NONE,SEG05,252
1233,57.400,39.390,-178.551,1,5,2.00,NONE,SEG05,252
1234,57.200,39.385,-178.687,1,5,2.00,NONE,SEG05,252
1235,57.001,39.380,-178.843,1,6,2.00,NONE,SEG06,253
1236,56.801,39.375,-178.999,1,6,2.00,NONE,SEG06,253
1237,56.601,39.370,-179.154,1,6,2.00,NONE,SEG06,253
1238,56.401,39.367,-179.175,1,6,2.00,NONE,SEG06,253
1239,56.201,39.364,-179.273,1,6,2.00,NONE,SEG06,253
1240,56.001,39.361,-179.410,1,6,2.00,NONE,SEG06,254
1241,55.801,39.358,-179.546,1,6,2.00,NONE,SEG06,254
1242,55.601,39.355,-179.683,1,6,2.00,NONE,SEG06,254
1243,55.401,39.354,-179.721,1,6,2.00,NONE,SEG06,254
1244,55.201,39.353,-179.787,1,6,2.00,NONE,SEG06,254
1245,55.001,39.352,-179.908,1,6,2.00,NONE,SEG06,255
1246,54.801,39.351,179.970,1,6,2.00,NONE,SEG06,255
1247,54.601,39.350,179.849,1,6,2.00,NONE,SEG06,255
1248,54.401,39.350,179.793,1,6,2.00,NONE,SEG06,255
1249,54.201,39.351,179.807,1,6,2.00,NONE,SEG06,255
1250,54.001,39.351,179.841,1,6,2.00,NONE,SEG06,255
1251,53.801,39.352,179.876,1,6,2.00,NONE,SEG06,256
1252,53.601,39.353,179.910,1,6,2.00,NONE,SEG06,256
1253,53.401,39.353,179.932,1,6,2.00,NONE,SEG06,256
1254,53.201,39.354,179.952,1,6,2.00,NONE,SEG06,256
1255,53.001,39.354,-179.962,1,6,2.00,NONE,SEG06,256
1256,52.801,39.354,-179.876,1,6,2.00,NONE,SEG06,257
1257,52.601,39.354,-179.790,1,6,2.00,NONE,SEG06,257
1258,52.401,39.354,-179.724,1,6,2.00,NONE,SEG06,257
1259,52.201,39.353,-179.711,1,6,2.00,NONE,SEG06,257
1260,52.001,39.352,-179.575,1,6,2.00,NONE,SEG06,257
1261,51.801,39.351,-179.438,1,6,2.00,NONE,SEG06,258
1262,51.601,39.350,-179.302,1,6,2.00,NONE,SEG06,258
1263,51.401,39.349,-179.177,1,6,2.00,NONE,SEG06,258
1264,51.201,39.346,-179.179,1,6,2.00,NONE,SEG06,258
1265,51.001,39.343,-179.281,1,6,2.00,NONE,SEG06,258
1266,50.801,39.341,-179.384,1,6,2.00,NONE,SEG06,259
1267,50.601,39.338,-179.486,1,6,2.00,NONE,SEG06,259
1268,50.401,39.335,-179.587,1,6,2.00,NONE,SEG06,259
1269,50.201,39.333,-179.587,1,6,2.00,NONE,SEG06,259
1270,50.001,39.332,-179.608,1,6,2.00,NONE,SEG06,259
1271,49.801,39.331,-179.630,1,6,2.00,NONE,SEG06,260
1272,49.601,39.329,-179.652,1,6,2.00,NONE,SEG06,260
1273,49.401,39.328,-179.674,1,6,2.00,NONE,SEG06,260
1274,49.201,39.326,-179.676,1,6,2.00,NONE,SEG06,260
1275,49.001,39.325,-179.634,1,6,2.00,NONE,SEG06,260
1276,48.801,39.324,-179.577,1,6,2.00,NONE,SEG06,261
1277,48.601,39.323,-179.520,1,6,2.00,NONE,SEG06,261
1278,48.401,39.322,-179.463,1,6,2.00,NONE,SEG06,261
1279,48.201,39.320,-179.448,1,6,2.00,NONE,SEG06,261
1280,48.001,39.318,-179.361,1,6,2.00,NONE,SEG06,261
1281,47.801,39.316,-179.209,1,6,2.00,NONE,SEG06,262
1282,47.601,39.314,-179.058,1,6,2.00,NONE,SEG06,262
1283,47.401,39.313,-178.906,1,6,2.00,NONE,SEG06,262
1284,47.201,39.309,-178.842,1,6,2.00,NONE,SEG06,262
1285,47.001,39.305,-178.909,1,6,2.00,NONE,SEG06,262
1286,46.801,39.301,-179.091,1,6,2.00,NONE,SEG06,262
1287,46.601,39.297,-179.272,1,6,2.00,NONE,SEG06,263
1288,46.401,39.293,-179.454,1,6,2.00,NONE,SEG06,263
1289,46.201,39.290,-179.568,1,6,2.00,NONE,SEG06,263
1290,46.001,39.289,-179.557,1,6,2.00,NONE,SEG06,263
1291,45.801,39.287,-179.438,1,6,2.00,NONE,SEG06,263
1292,45.601,39.286,-179.318,1,6,2.00,NONE,SEG06,264
1293,45.401,39.284,-179.199,1,6,2.00,NONE,SEG06,264
1294,45.201,39.282,-179.090,1,6,2.00,NONE,SEG06,264
1295,45.001,39.279,-179.090,1,6,2.00,NONE,SEG06,264
1296,44.801,39.276,-179.257,1,6,2.00,NONE,SEG06,264
1297,44.601,39.273,-179.439,1,6,2.00,NONE,SEG06,265
1298,44.401,39.270,-179.621,1,6,2.00,NONE,SEG06,265
1299,44.201,39.267,-179.803,1,6,2.00,NONE,SEG06,265
1300,44.001,39.266,-179.818,1,6,2.00,NONE,SEG06,265
1301,43.801,39.265,179.915,1,6,2.00,NONE,SEG06,265
1302,43.601,39.264,179.599,1,6,2.00,NONE,SEG06,266
1303,43.401,39.264,179.284,1,6,2.00,NONE,SEG06,266
1304,43.201,39.263,178.968,1,6,2.00,NONE,SEG06,266
1305,43.001,39.266,178.919,1,6,2.00,NONE,SEG06,266
1306,42.801,39.270,178.680,1,6,2.00,NONE,SEG06,266
1307,42.601,39.274,178.363,1,6,2.00,NONE,SEG06,267
1308,42.401,39.278,178.047,1,6,2.00,NONE,SEG06,267
1309,42.202,39.281,177.730,1,6,2.00,NONE,SEG06,267
1310,42.002,39.288,177.651,1,6,2.00,NONE,SEG06,267
1311,41.802,39.297,177.731,1,6,2.00,NONE,SEG06,267
1312,41.602,39.305,177.829,1,6,2.00,NONE,SEG06,268
1313,41.402,39.313,177.928,1,6,2.00,NONE,SEG06,268
1314,41.202,39.321,178.026,1,6,2.00,NONE,SEG06,268
1315,41.002,39.328,178.045,1,6,2.00,NONE,SEG06,268
1316,40.803,39.335,178.217,1,6,2.00,NONE,SEG06,268
1317,40.603,39.342,178.398,1,6,2.00,NONE,SEG06,269
1318,40.403,39.349,178.580,1,6,2.00,NONE,SEG06,269
1319,40.203,39.356,178.761,1,6,2.00,NONE,SEG06,269
1320,40.003,39.360,178.770,1,6,2.00,NONE,SEG06,269
1321,39.803,39.364,179.065,1,6,2.00,NONE,SEG06,269
1322,39.603,39.369,179.360,1,6,2.00,NONE,SEG06,270
1323,39.403,39.373,179.656,1,6,2.00,NONE,SEG06,270
1324,39.203,39.377,179.952,1,6,2.00,NONE,SEG06,270
1325,39.003,39.377,179.963,1,6,2.00,NONE,SEG06,270
1326,38.803,39.378,-179.889,1,6,2.00,NONE,SEG06,270
1327,38.603,39.378,-179.741,1,6,2.00,NONE,SEG06,271
1328,38.403,39.378,-179.594,1,6,2.00,NONE,SEG06,271
1329,38.203,39.378,-179.457,1,6,2.00,NONE,SEG06,271
1330,38.003,39.376,-179.472,1,6,2.00,NONE,SEG06,271
1331,37.803,39.374,-179.510,1,6,2.00,NONE,SEG06,271
1332,37.603,39.372,-179.548,1,6,2.00,NONE,SEG06,272
1333,37.403,39.370,-179.586,1,6,2.00,NONE,SEG06,272
1334,37.203,39.369,-179.609,1,6,2.00,NONE,SEG06,272
1335,37.003,39.367,-179.701,1,6,2.00,NONE,SEG06,272
1336,36.803,39.366,-179.824,1,6,2.00,STOP_LINE,SEG06,273
1337,36.603,39.365,-179.948,1,6,2.00,NONE,SEG06,273
1338,36.403,39.363,179.928,1,6,2.00,NONE,SEG06,273
1339,36.203,39.363,179.834,1,6,2.00,NONE,SEG06,273
1340,36.003,39.363,179.607,1,6,2.00,NONE,SEG06,273
1341,35.803,39.364,179.380,1,6,2.00,NONE,SEG06,274
1342,35.603,39.364,179.153,1,6,2.00,NONE,SEG06,274
1343,35.403,39.365,178.989,1,6,2.00,NONE,SEG06,274
1344,35.203,39.369,178.718,1,6,2.00,NONE,SEG06,274
1345,35.003,39.372,178.436,1,6,2.00,NONE,SEG06,275
1346,34.803,39.376,178.155,1,6,2.00,NONE,SEG06,275
1347,34.603,39.380,177.874,1,6,2.00,NONE,SEG06,275
1348,34.403,39.387,177.747,1,6,2.00,NONE,SEG06,275
1349,34.204,39.394,177.584,1,6,2.00,NONE,SEG06,275
1350,34.004,39.402,177.421,1,6,2.00,NONE,SEG06,276
1351,33.804,39.409,177.258,1,6,2.00,NONE,SEG06,276
1352,33.604,39.418,177.298,1,6,2.00,NONE,SEG06,276
1353,33.404,39.428,177.552,1,6,2.00,NONE,SEG06,276
1354,33.205,39.438,177.806,1,6,2.00,NONE,SEG06,277
1355,33.005,39.447,178.060,1,6,2.00,NONE,SEG06,277
1356,32.805,39.456,178.228,1,6,2.00,NONE,SEG06,277
1357,32.605,39.462,178.293,1,6,2.00,NONE,SEG06,277
1358,32.405,39.468,178.379,1,6,2.00,NONE,SEG06,278
1359,32.205,39.475,178.466,1,6,2.00,NONE,SEG06,278
1360,32.005,39.481,178.552,1,6,2.00,NONE,SEG06,278
1361,31.805,39.486,178.574,1,6,2.00,NONE,SEG06,278
1362,31.606,39.491,178.637,1,6,2.00,NONE,SEG06,278
1363,31.406,39.496,178.712,1,6,2.00,NONE,SEG06,279
1364,31.206,39.501,178.787,1,6,2.00,NONE,SEG06,279
1365,31.006,39.506,178.862,1,6,2.00,NONE,SEG06,279
1366,30.806,39.510,178.875,1,6,2.00,NONE,SEG06,279
1367,30.606,39.514,178.992,1,6,2.00,NONE,SEG06,279
1368,30.406,39.518,179.117,1,6,2.00,NONE,SEG06,280
1369,30.206,39.522,179.241,1,6,2.00,NONE,SEG06,280
1370,30.006,39.526,179.365,1,6,2.00,NONE,SEG06,280
1371,29.806,39.528,179.392,1,6,2.00,NONE,SEG06,280
1372,29.606,39.530,179.663,1,6,2.00,NONE,SEG06,280
1373,29.406,39.532,179.934,1,6,2.00,NONE,SEG06,281
1374,29.206,39.535,-179.794,1,6,2.00,NONE,SEG06,281
1375,29.006,39.537,-179.544,1,6,2.00,NONE,SEG06,281
1376,28.806,39.535,-179.544,1,6,2.00,NONE,SEG06,281
1377,28.606,39.533,-179.573,1,6,2.00,NONE,SEG06,281
1378,28.406,39.532,-179.603,1,6,2.00,NONE,SEG06,282
1379,28.206,39.530,-179.633,1,6,2.00,NONE,SEG06,282
1380,28.006,39.529,-179.663,1,6,2.00,NONE,SEG06,282
1381,27.806,39.527,-179.570,1,4,2.00,NONE,SEG04,160
1382,27.606,39.526,-179.377,1,4,2.00,NONE,SEG04,160
1383,27.406,39.525,-179.185,1,6,2.00,NONE,SEG06,283
1384,27.206,39.524,-178.992,1,6,2.00,NONE,SEG06,283
1385,27.006,39.521,-178.955,1,6,2.00,NONE,SEG06,283
1386,26.806,39.517,-179.112,1,6,2.00,NONE,SEG06,283
1387,26.606,39.514,-179.269,1,6,2.00,NONE,SEG06,284
1388,26.406,39.510,-179.426,1,6,2.00,NONE,SEG06,284
1389,26.206,39.507,-179.539,1,6,2.00,NONE,SEG06,284
1390,26.006,39.505,-179.707,1,6,2.00,NONE,SEG06,284
1391,25.806,39.503,-179.875,1,6,2.00,NONE,SEG06,285
1392,25.606,39.502,179.958,1,6,2.00,NONE,SEG06,285
1393,25.406,39.500,179.810,1,6,2.00,NONE,SEG06,285
1394,25.206,39.501,179.734,1,6,2.00,NONE,SEG06,285
1395,25.006,39.502,179.636,1,6,2.00,NONE,SEG06,285
1396,24.806,39.502,179.538,1,6,2.00,NONE,SEG06,286
1397,24.606,39.503,179.440,1,6,2.00,NONE,SEG06,286
1398,24.406,39.505,179.358,1,6,2.00,NONE,SEG06,286
1399,24.206,39.507,179.270,1,6,2.00,NONE,SEG06,286
1400,24.006,39.509,179.181,1,6,2.00,NONE,SEG06,287
1401,23.806,39.511,179.093,1,6,2.00,NONE,SEG06,287
1402,23.606,39.514,179.059,1,6,2.00,NONE,SEG06,287
1403,23.406,39.517,179.012,1,6,2.00,NONE,SEG06,287
1404,23.206,39.520,178.965,1,6,2.00,NONE,SEG06,288
1405,23.006,39.523,178.917,1,6,2.00,NONE,SEG06,288
1406,22.806,39.527,178.874,1,6,2.00,NONE,SEG06,288
1407,22.606,39.531,178.790,1,6,2.00,NONE,SEG06,288
1408,22.406,39.535,178.567,1,6,2.00,NONE,SEG06,288
1409,22.206,39.539,178.344,1,6,2.00,NONE,SEG06,289
1410,22.007,39.543,178.121,1,6,2.00,NONE,SEG06,289
1411,21.807,39.548,177.969,1,6,2.00,NONE,SEG06,289
1412,21.607,39.555,177.888,1,6,2.00,NONE,SEG06,289
1413,21.407,39.562,177.807,1,6,2.00,NONE,SEG06,290
1414,21.207,39.569,177.725,1,6,2.00,NONE,SEG06,290
1415,21.007,39.576,177.405,1,6,2.00,NONE,SEG06,290
1416,20.807,39.584,176.918,1,6,2.00,NONE,SEG06,290
1417,20.607,39.592,176.430,1,6,2.00,NONE,SEG06,291
1418,20.408,39.601,175.767,1,6,2.00,NONE,SEG06,291
1419,20.208,39.612,175.073,1,6,2.00,NONE,SEG06,291
1420,20.009,39.627,174.615,1,6,2.00,NONE,SEG06,291
1421,19.809,39.642,173.121,1,6,2.00,NONE,SEG06,292
1422,19.610,39.660,171.344,1,6,2.00,NONE,SEG06,292
1423,19.411,39.681,169.453,1,7,2.00,NONE,SEG07,293
1424,19.212,39.702,166.622,1,7,2.00,NONE,SEG07,293
1425,19.016,39.738,164.826,1,7,2.00,NONE,SEG07,293
1426,18.820,39.780,162.312,1,7,2.00,NONE,SEG07,294
1427,18.626,39.827,159.760,1,7,2.00,NONE,SEG07,294
1428,18.435,39.887,158.148,1,7,2.00,NONE,SEG07,295
1429,18.244,39.947,154.714,1,7,2.00,NONE,SEG07,295
1430,18.059,40.022,151.913,1,7,2.00,NONE,SEG07,295
1431,17.876,40.103,149.537,1,7,2.00,NONE,SEG07,296
1432,17.694,40.184,146.118,1,7,2.00,NONE,SEG07,296
1433,17.523,40.288,142.286,1,7,2.00,NONE,SEG07,296
1434,17.356,40.398,138.974,1,7,2.00,NONE,SEG07,297
1435,17.189,40.508,135.661,1,7,2.00,NONE,SEG07,297
1436,17.031,40.629,132.236,1,7,2.00,NONE,SEG07,297
1437,16.894,40.774,129.296,1,7,2.00,NONE,SEG07,297
1438,16.756,40.919,126.346,1,7,2.00,NONE,SEG07,298
1439,16.619,41.065,123.400,1,7,2.00,NONE,SEG07,298
1440,16.494,41.220,121.194,1,7,2.00,NONE,SEG07,298
1441,16.389,41.390,118.568,1,7,2.00,NONE,SEG07,298
1442,16.284,41.560,115.933,1,7,2.00,NONE,SEG07,299
1443,16.179,41.731,113.299,1,7,2.00,NONE,SEG07,299
1444,16.080,41.904,111.117,1,7,2.00,NONE,SEG07,299
1445,16.008,42.090,109.869,1,7,2.00,NONE,SEG07,299
1446,15.936,42.277,107.780,1,7,2.00,NONE,SEG07,299
1447,15.864,42.463,105.689,1,7,2.00,NONE,SEG07,300
1448,15.792,42.650,103.601,1,7,2.00,NONE,SEG07,300
1449,15.736,42.842,102.761,1,7,2.00,NONE,SEG07,300
1450,15.692,43.037,101.659,1,7,2.00,NONE,SEG07,300
1451,15.648,43.232,99.952,1,7,2.00,NONE,SEG07,301
1452,15.604,43.427,98.244,1,7,2.00,NONE,SEG07,301
1453,15.560,43.622,96.539,1,7,2.00,NONE,SEG07,301
1454,15.531,43.819,95.934,1,7,2.00,NONE,SEG07,301
1455,15.510,44.018,95.340,1,7,2.00,NONE,SEG07,301
1456,15.489,44.217,94.280,1,7,2.00,NONE,SEG07,302
1457,15.469,44.416,93.220,1,7,2.00,NONE,SEG07,302
1458,15.448,44.615,92.161,1,7,2.00,NONE,SEG07,302
1459,15.436,44.815,91.696,1,7,2.00,NONE,SEG07,302
1460,15.430,45.014,91.649,1,7,2.00,NONE,SEG07,302
1461,15.424,45.214,91.546,1,7,2.00,NONE,SEG07,354
1462,15.418,45.414,91.443,1,7,2.00,NONE,SEG07,303
1463,15.412,45.614,91.340,1,7,2.00,NONE,SEG07,303
1464,15.407,45.814,91.284,1,7,2.00,NONE,SEG07,303
1465,15.402,46.014,91.188,1,7,2.00,NONE,SEG07,303
1466,15.398,46.214,90.830,1,7,2.00,NONE,SEG07,353
1467,15.393,46.414,90.471,1,7,2.00,NONE,SEG07,304
1468,15.389,46.614,90.112,1,7,2.00,NONE,SEG07,304
1469,15.386,46.814,89.849,1,7,2.00,NONE,SEG07,304
1470,15.386,47.014,89.849,1,7,2.00,NONE,SEG07,304
1471,15.387,47.214,89.488,1,7,2.00,NONE,SEG07,352
1472,15.387,47.414,89.067,1,7,2.00,NONE,SEG07,305
1473,15.388,47.614,88.646,1,7,2.00,NONE,SEG07,305
1474,15.388,47.814,88.224,1,7,2.00,NONE,SEG07,305
1475,15.394,48.014,88.163,1,7,2.00,NONE,SEG07,305
1476,15.400,48.214,88.185,1,7,2.00,NONE,SEG07,305
1477,15.407,48.414,88.226,1,7,2.00,NONE,SEG07,306
1478,15.413,48.613,88.267,1,7,2.00,NONE,SEG07,306
1479,15.419,48.813,88.308,1,7,2.00,NONE,SEG07,306
1480,15.426,49.013,88.327,1,7,2.00,NONE,SEG07,306
1481,15.431,49.213,88.392,1,7,2.00,NONE,SEG07,306
1482,15.437,49.413,88.598,1,7,2.00,NONE,SEG07,306
1483,15.443,49.613,88.804,1,7,2.00,NONE,SEG07,307
1484,15.449,49.813,89.011,1,7,2.00,NONE,SEG07,307
1485,15.454,50.013,89.152,1,7,2.00,NONE,SEG07,307
1486,15.457,50.213,89.175,1,7,2.00,NONE,SEG07,307
1487,15.460,50.413,89.216,1,7,2.00,NONE,SEG07,307
1488,15.463,50.613,89.257,1,7,2.00,NONE,SEG07,308
1489,15.466,50.813,89.299,1,7,2.00,NONE,SEG07,308
1490,15.468,51.013,89.387,1,7,2.00,NONE,SEG07,308
1491,15.471,51.213,89.584,1,7,2.00,NONE,SEG07,308
1492,15.473,51.413,89.782,1,7,2.00,NONE,SEG07,309
1493,15.475,51.613,89.979,1,7,2.00,NONE,SEG07,309
1494,15.477,51.813,90.159,1,7,2.00,NONE,SEG07,309
1495,15.476,52.013,90.222,1,7,2.00,NONE,SEG07,309
1496,15.476,52.213,90.284,1,7,2.00,NONE,SEG07,310
1497,15.476,52.413,90.173,1,7,2.00,NONE,SEG07,310
1498,15.475,52.613,89.856,1,7,2.00,NONE,SEG07,310
1499,15.473,52.813,89.528,1,7,2.00,NONE,SEG07,311
1500,15.472,53.013,89.241,1,7,2.00,NONE,SEG07,311
1501,15.473,53.213,89.184,1,7,2.00,NONE,SEG07,311
1502,15.477,53.413,89.282,1,7,2.00,NONE,SEG07,311
1503,15.480,53.613,89.374,1,7,2.00,NONE,SEG07,312
1504,15.483,53.813,89.380,1,7,2.00,NONE,SEG07,312
1505,15.485,54.013,89.331,1,7,2.00,NONE,SEG07,312
1506,15.487,54.213,89.282,1,7,2.00,NONE,SEG07,313
1507,15.489,54.413,89.183,1,7,2.00,NONE,SEG07,313
1508,15.491,54.613,89.068,1,7,2.00,NONE,SEG07,313
1509,15.494,54.813,88.952,1,7,2.00,NONE,SEG07,314
1510,15.497,55.013,88.836,1,7,2.00,NONE,SEG07,314
1511,15.500,55.213,88.851,1,7,2.00,NONE,SEG07,314
1512,15.504,55.412,88.991,1,7,2.00,NONE,SEG07,314
1513,15.509,55.612,89.130,1,7,2.00,NONE,SEG07,315
1514,15.513,55.812,89.269,1,7,2.00,NONE,SEG07,315
1515,15.516,56.012,89.452,1,7,2.00,NONE,SEG07,315
1516,15.519,56.212,89.735,1,7,2.00,NONE,SEG07,315
1517,15.521,56.412,90.017,1,7,2.00,NONE,SEG07,316
1518,15.523,56.612,90.299,1,7,2.00,NONE,SEG07,316
1519,15.524,56.812,90.485,1,7,2.00,NONE,SEG07,316
1520,15.522,57.012,90.577,1,7,2.00,NONE,SEG07,316
1521,15.521,57.212,90.669,1,7,2.00,NONE,SEG07,317
1522,15.519,57.412,90.761,1,7,2.00,NONE,SEG07,317
1523,15.517,57.612,90.990,1,7,2.00,NONE,SEG07,317
1524,15.514,57.812,91.293,1,7,2.00,NONE,SEG07,324
1525,15.511,58.012,91.596,1,7,2.00,NONE,SEG07,323
1526,15.508,58.212,92.396,1,7,2.00,NONE,SEG07,318
1527,15.503,58.412,98.229,1,7,2.00,NONE,SEG07,318
1528,15.496,58.612,134.086,1,7,2.00,NONE,SEG07,319
1529,15.489,58.812,-100.962,1,7,2.00,NONE,SEG07,319
1530,15.475,59.011,-94.385,1,7,2.00,NONE,SEG07,320
1531,15.444,59.039,-91.886,1,7,2.00,NONE,SEG07,320
1532,15.433,58.839,-92.033,1,7,2.00,NONE,SEG07,322
1533,15.428,58.639,-92.599,1,7,2.00,NONE,SEG07,322
1534,15.424,58.439,-93.193,1,7,2.00,NONE,SEG07,323
1535,15.418,58.240,-94.908,1,7,2.00,NONE,SEG07,323
1536,15.405,58.040,-96.277,1,7,2.00,NONE,SEG07,323
1537,15.392,57.840,-97.646,1,7,2.00,NONE,SEG07,324
1538,15.379,57.641,-99.060,1,7,2.00,NONE,SEG07,324
1539,15.349,57.443,-101.146,1,7,2.00,NONE,SEG07,324
1540,15.317,57.246,-103.125,1,7,2.00,NONE,SEG07,317
1541,15.286,57.048,-105.104,1,7,2.00,NONE,SEG07,325
1542,15.253,56.851,-107.032,1,7,2.00,NONE,SEG07,325
1543,15.195,56.660,-108.936,1,7,2.00,NONE,SEG07,325
1544,15.136,56.468,-111.494,1,7,2.00,NONE,SEG07,325
1545,15.078,56.277,-114.056,1,7,2.00,NONE,SEG07,326
1546,15.019,56.086,-116.614,1,7,2.00,NONE,SEG07,326
1547,14.936,55.905,-118.708,1,7,2.00,NONE,SEG07,326
1548,14.844,55.727,-122.174,1,7,2.00,NONE,SEG07,326
1549,14.753,55.549,-125.654,1,7,2.00,NONE,SEG07,327
1550,14.661,55.371,-129.126,1,7,2.00,NONE,SEG07,327
1551,14.553,55.205,-131.601,1,7,2.00,NONE,SEG07,327
1552,14.421,55.054,-135.244,1,7,2.00,NONE,SEG07,327
1553,14.290,54.904,-138.914,1,7,2.00,NONE,SEG07,328
1554,14.158,54.753,-142.580,1,7,2.00,NONE,SEG07,328
1555,14.022,54.607,-145.769,1,7,2.00,NONE,SEG07,328
1556,13.857,54.495,-148.630,1,7,2.00,NONE,SEG07,328
1557,13.692,54.382,-152.077,1,7,2.00,NONE,SEG07,328
1558,13.526,54.270,-155.527,1,7,2.00,NONE,SEG07,329
1559,13.361,54.157,-158.962,1,7,2.00,NONE,SEG07,329
1560,13.177,54.080,-160.537,1,7,2.00,NONE,SEG07,329
1561,12.990,54.010,-163.133,1,7,2.00,NONE,SEG07,329
1562,12.803,53.940,-165.736,1,7,2.00,NONE,SEG07,330
1563,12.615,53.870,-168.334,1,7,2.00,NONE,SEG07,330
1564,12.424,53.814,-169.923,1,7,2.00,NONE,SEG07,330
1565,12.227,53.779,-171.066,1,7,2.00,NONE,SEG07,330
1566,12.030,53.744,-172.563,1,7,2.00,NONE,SEG07,344
1567,11.833,53.709,-174.060,1,7,2.00,NONE,SEG07,331
1568,11.637,53.674,-175.555,1,7,2.00,NONE,SEG07,331
1569,11.438,53.655,-175.908,1,7,2.00,NONE,SEG07,331
1570,11.238,53.640,-176.641,1,7,2.00,NONE,SEG07,343
1571,11.039,53.626,-177.440,1,7,2.00,NONE,SEG07,343
1572,10.839,53.612,-178.239,1,7,2.00,NONE,SEG07,343
1573,10.640,53.597,-179.037,1,7,2.00,NONE,SEG07,332
1574,10.440,53.593,-179.106,1,7,2.00,NONE,SEG07,332
1575,10.240,53.590,-179.500,1,7,2.00,NONE,SEG07,342
1576,10.040,53.587,-179.894,1,7,2.00,NONE,SEG07,342
1577,9.840,53.584,179.711,1,7,2.00,NONE,SEG07,342
1578,9.640,53.581,179.320,1,7,2.00,NONE,SEG07,333
1579,9.440,53.583,179.267,1,7,2.00,NONE,SEG07,333
1580,9.240,53.586,178.996,1,7,2.00,NONE,SEG07,341
1581,9.040,53.588,178.726,1,7,2.00,NONE,SEG07,341
1582,8.840,53.590,178.455,1,7,2.00,NONE,SEG07,341
1583,8.640,53.593,178.238,1,7,2.00,NONE,SEG07,334
1584,8.440,53.600,178.174,1,7,2.00,NONE,SEG07,334
1585,8.240,53.606,178.096,1,7,2.00,NONE,SEG07,340
1586,8.040,53.612,178.019,1,7,2.00,NONE,SEG07,340
1587,7.840,53.618,177.638,1,7,2.00,NONE,SEG07,335
1588,7.640,53.625,176.124,1,7,2.00,NONE,SEG07,335
1589,7.441,53.632,170.958,1,7,2.00,NONE,SEG07,339
1590,7.241,53.640,23.374,1,7,2.00,NONE,SEG07,336
1591,7.041,53.651,2.926,1,7,2.00,NONE,SEG07,338
1592,6.889,53.670,0.125,1,7,2.00,NONE,SEG07,337
1593,7.088,53.681,-0.993,1,7,2.00,NONE,SEG07,336
1594,7.288,53.681,-1.433,1,7,2.00,NONE,SEG07,339
1595,7.487,53.678,-1.635,1,7,2.00,NONE,SEG07,339
1596,7.687,53.672,-1.730,1,7,2.00,NONE,SEG07,335
1597,7.887,53.667,-1.825,1,7,2.00,NONE,SEG07,335
1598,8.087,53.661,-1.916,1,7,2.00,NONE,SEG07,340
1599,8.287,53.655,-1.958,1,7,2.00,NONE,SEG07,340
1600,8.487,53.648,-2.051,1,7,2.00,NONE,SEG07,334
1601,8.687,53.641,-2.143,1,7,2.00,NONE,SEG07,334
1602,8.887,53.635,-2.235,1,7,2.00,NONE,SEG07,341
1603,9.087,53.627,-2.285,1,7,2.00,NONE,SEG07,341
1604,9.287,53.619,-2.543,1,7,2.00,NONE,SEG07,341
1605,9.486,53.611,-3.071,1,7,2.00,NONE,SEG07,333
1606,9.686,53.604,-3.598,1,7,2.00,NONE,SEG07,333
1607,9.886,53.596,-4.126,1,7,2.00,NONE,SEG07,342
1608,10.086,53.584,-4.395,1,7,2.00,NONE,SEG07,342
1609,10.285,53.569,-4.959,1,7,2.00,NONE,SEG07,342
1610,10.485,53.553,-6.358,1,7,2.00,NONE,SEG07,332
1611,10.684,53.538,-7.758,1,7,2.00,NONE,SEG07,332
1612,10.883,53.523,-9.158,1,7,2.00,NONE,SEG07,343
1613,11.082,53.500,-9.993,1,7,2.00,NONE,SEG07,343
1614,11.279,53.465,-11.437,1,7,2.00,NONE,SEG07,343
1615,11.476,53.430,-14.191,1,7,2.00,NONE,SEG07,331
1616,11.673,53.395,-16.951,1,7,2.00,NONE,SEG07,331
1617,11.870,53.361,-19.704,1,7,2.00,NONE,SEG07,344
1618,12.061,53.307,-21.013,1,7,2.00,NONE,SEG07,344
1619,12.248,53.235,-23.891,1,7,2.00,NONE,SEG07,344
1620,12.435,53.163,-27.397,1,7,2.00,NONE,SEG07,345
1621,12.621,53.092,-30.907,1,7,2.00,NONE,SEG07,345
1622,12.808,53.020,-34.398,1,7,2.00,NONE,SEG07,345
1623,12.976,52.913,-35.453,1,7,2.00,NONE,SEG07,345
1624,13.140,52.798,-39.176,1,7,2.00,NONE,SEG07,345
1625,13.304,52.683,-42.927,1,7,2.00,NONE,SEG07,346
1626,13.467,52.568,-46.674,1,7,2.00,NONE,SEG07,346
1627,13.627,52.449,-49.956,1,7,2.00,NONE,SEG07,346
1628,13.756,52.296,-52.417,1,7,2.00,NONE,SEG07,346
1629,13.884,52.143,-56.276,1,7,2.00,NONE,SEG07,346
1630,14.013,51.990,-60.148,1,7,2.00,NONE,SEG07,347
1631,14.142,51.837,-63.997,1,7,2.00,NONE,SEG07,347
1632,14.242,51.665,-65.389,1,7,2.00,NONE,SEG07,347
1633,14.325,51.484,-67.925,1,7,2.00,NONE,SEG07,347
1634,14.408,51.302,-70.587,1,7,2.00,NONE,SEG07,348
1635,14.491,51.120,-73.249,1,7,2.00,NONE,SEG07,348
1636,14.575,50.938,-75.901,1,7,2.00,NONE,SEG07,348
1637,14.625,50.745,-76.017,1,7,2.00,NONE,SEG07,348
1638,14.673,50.551,-77.196,1,7,2.00,NONE,SEG07,348
1639,14.721,50.356,-78.745,1,7,2.00,NONE,SEG07,349
1640,14.770,50.162,-80.294,1,7,2.00,NONE,SEG07,349
1641,14.818,49.968,-81.842,1,7,2.00,NONE,SEG07,349
1642,14.850,49.771,-82.230,1,7,2.00,NONE,SEG07,349
1643,14.877,49.573,-83.820,1,7,2.00,NONE,SEG07,349
1644,14.904,49.375,-85.413,1,7,2.00,NONE,SEG07,350
1645,14.931,49.177,-87.006,1,7,2.00,NONE,SEG07,350
1646,14.958,48.978,-88.578,1,7,2.00,NONE,SEG07,350
1647,14.963,48.779,-88.695,1,7,2.00,NONE,SEG07,350
1648,14.968,48.579,-89.036,1,7,2.00,NONE,SEG07,350
1649,14.973,48.379,-89.378,1,7,2.00,NONE,SEG07,351
1650,14.978,48.179,-89.719,1,7,2.00,NONE,SEG07,351
1651,14.981,47.979,-89.944,1,7,2.00,NONE,SEG07,351
1652,14.982,47.779,-89.907,1,7,2.00,NONE,SEG07,351
1653,14.982,47.579,-89.840,1,7,2.00,NONE,SEG07,351
1654,14.982,47.379,-89.773,1,7,2.00,NONE,SEG07,352
1655,14.982,47.179,-89.706,1,7,2.00,NONE,SEG07,352
1656,14.983,46.979,-89.676,1,7,2.00,NONE,SEG07,352
1657,14.984,46.779,-89.776,1,7,2.00,NONE,SEG07,352
1658,14.985,46.579,-89.923,1,7,2.00,NONE,SEG07,304
1659,14.986,46.379,-90.069,1,7,2.00,NONE,SEG07,353
1660,14.987,46.179,-90.215,1,7,2.00,NONE,SEG07,353
1661,14.987,45.979,-90.374,1,7,2.00,NONE,SEG07,353
1662,14.986,45.779,-90.770,1,7,2.00,NONE,SEG07,353
1663,14.985,45.579,-91.165,1,7,2.00,NONE,SEG07,354
1664,14.984,45.379,-91.560,1,7,2.00,NONE,SEG07,354
1665,14.982,45.179,-91.842,1,7,2.00,NONE,SEG07,354
1666,14.976,44.979,-92.523,1,7,2.00,NONE,SEG07,354
1667,14.969,44.779,-93.626,1,7,2.00,NONE,SEG07,354
1668,14.963,44.579,-94.730,1,7,2.00,NONE,SEG07,355
1669,14.956,44.379,-95.833,1,7,2.00,NONE,SEG07,355
1670,14.940,44.180,-97.099,1,7,2.00,NONE,SEG07,355
1671,14.919,43.981,-99.191,1,7,2.00,NONE,SEG07,355
1672,14.897,43.782,-101.287,1,7,2.00,NONE,SEG07,356
1673,14.875,43.584,-103.383,1,7,2.00,NONE,SEG07,356
1674,14.842,43.387,-105.585,1,7,2.00,NONE,SEG07,356
1675,14.791,43.193,-108.589,1,7,2.00,NONE,SEG07,356
1676,14.741,43.000,-111.605,1,7,2.00,NONE,SEG07,357
1677,14.690,42.806,-114.622,1,7,2.00,NONE,SEG07,357
1678,14.627,42.618,-117.946,1,7,2.00,NONE,SEG07,357
1679,14.537,42.439,-120.999,1,7,2.00,NONE,SEG07,357
1680,14.448,42.260,-124.061,1,7,2.00,NONE,SEG07,358
1681,14.358,42.081,-127.121,1,7,2.00,NONE,SEG07,358
1682,14.253,41.912,-129.722,1,7,2.00,NONE,SEG07,358
1683,14.128,41.757,-132.453,1,7,2.00,NONE,SEG07,358
1684,14.002,41.601,-135.194,1,7,2.00,NONE,SEG07,359
1685,13.877,41.445,-137.931,1,7,2.00,NONE,SEG07,359
1686,13.743,41.298,-139.833,1,7,2.00,NONE,SEG07,359
1687,13.590,41.169,-141.606,1,7,2.00,NONE,SEG07,359
1688,13.437,41.040,-143.639,1,7,2.00,NONE,SEG07,360
1689,13.284,40.911,-145.673,1,7,2.00,NONE,SEG07,360
1690,13.131,40.782,-147.703,1,7,2.00,NONE,SEG07,360
1691,12.964,40.673,-148.167,1,7,2.00,NONE,SEG07,360
1692,12.795,40.566,-150.186,1,7,2.00,NONE,SEG07,360
1693,12.625,40.460,-152.209,1,7,2.00,NONE,SEG07,361
1694,12.455,40.354,-154.232,1,7,2.00,NONE,SEG07,361
1695,12.285,40.251,-156.045,1,7,2.00,NONE,SEG07,361
1696,12.102,40.169,-156.956,1,7,2.00,NONE,SEG07,361
1697,11.919,40.088,-159.150,1,7,2.00,NONE,SEG07,361
1698,11.736,40.007,-161.348,1,7,2.00,NONE,SEG07,362
1699,11.553,39.926,-163.543,1,7,2.00,NONE,SEG07,362
1700,11.366,39.857,-164.827,1,7,2.00,NONE,SEG07,362
1701,11.173,39.804,-166.125,1,7,2.00,NONE,SEG07,362
1702,10.980,39.752,-167.792,1,7,2.00,NONE,SEG07,363
1703,10.787,39.700,-169.459,1,7,2.00,NONE,SEG07,363
1704,10.594,39.647,-171.125,1,7,2.00,NONE,SEG07,363
1705,10.398,39.613,-172.200,1,7,2.00,NONE,SEG07,363
1706,10.200,39.583,-173.763,1,7,2.00,NONE,SEG07,363
1707,10.002,39.553,-175.328,1,7,2.00,NONE,SEG07,364
1708,9.804,39.524,-176.892,1,7,2.00,NONE,SEG07,364
1709,9.605,39.504,-178.212,1,7,2.00,NONE,SEG07,364
1710,9.406,39.496,-179.090,1,7,2.00,NONE,SEG07,364
1711,9.206,39.488,-179.969,1,7,2.00,NONE,SEG07,365
1712,9.006,39.480,179.005,1,7,2.00,NONE,SEG07,365
1713,8.806,39.479,178.055,1,7,2.00,NONE,SEG07,365
1714,8.606,39.483,177.518,1,7,2.00,NONE,SEG07,365
1715,8.406,39.488,176.894,1,7,2.00,NONE,SEG07,366
1716,8.206,39.494,176.354,1,7,2.00,NONE,SEG07,366
1717,8.007,39.506,176.039,1,7,2.00,NONE,SEG07,366
1718,7.807,39.518,175.424,1,7,2.00,NONE,SEG07,367
1719,7.607,39.531,174.791,1,7,2.00,NONE,SEG07,367
1720,7.408,39.545,173.896,1,7,2.00,NONE,SEG07,368
1721,7.209,39.561,173.166,1,7,2.00,NONE,SEG07,368
1722,7.010,39.582,172.040,1,7,2.00,NONE,SEG07,369
1723,6.811,39.604,170.906,1,7,2.00,NONE,SEG07,369
1724,6.613,39.630,170.098,1,8,2.00,NONE,SEG08,370
1725,6.414,39.657,168.530,1,8,2.00,NONE,SEG08,370
1726,6.218,39.693,167.609,1,8,2.00,NONE,SEG08,370
1727,6.021,39.730,166.801,1,8,2.00,NONE,SEG08,371
1728,5.825,39.768,165.358,1,8,2.00,NONE,SEG08,371
1729,5.631,39.816,163.841,1,8,2.00,NONE,SEG08,371
1730,5.437,39.864,162.370,1,8,2.00,NONE,SEG08,372
1731,5.243,39.913,160.899,1,8,2.00,NONE,SEG08,372
1732,5.051,39.970,159.598,1,8,2.00,NONE,SEG08,372
1733,4.863,40.038,157.827,1,8,2.00,NONE,SEG08,372
1734,4.675,40.106,156.054,1,8,2.00,NONE,SEG08,373
1735,4.487,40.174,154.282,1,8,2.00,NONE,SEG08,373
1736,4.302,40.249,152.977,1,8,2.00,NONE,SEG08,373
1737,4.124,40.339,151.688,1,8,2.00,NONE,SEG08,373
1738,3.945,40.430,149.622,1,8,2.00,NONE,SEG08,373
1739,3.767,40.521,147.554,1,8,2.00,NONE,SEG08,374
1740,3.589,40.612,145.490,1,8,2.00,NONE,SEG08,374
1741,3.420,40.718,144.714,1,8,2.00,NONE,SEG08,374
1742,3.257,40.834,142.949,1,8,2.00,NONE,SEG08,374
1743,3.094,40.949,140.783,1,8,2.00,NONE,SEG08,375
1744,2.930,41.065,138.616,1,8,2.00,NONE,SEG08,375
1745,2.767,41.180,136.454,1,8,2.00,NONE,SEG08,375
1746,2.620,41.315,136.056,1,8,2.00,NONE,SEG08,375
1747,2.476,41.454,134.501,1,8,2.00,NONE,SEG08,375
1748,2.332,41.592,132.399,1,8,2.00,NONE,SEG08,376
1749,2.188,41.731,130.297,1,8,2.00,NONE,SEG08,376
1750,2.044,41.870,128.198,1,8,2.00,NONE,SEG08,376
1751,1.916,42.023,127.654,1,8,2.00,NONE,SEG08,376
1752,1.794,42.182,126.860,1,8,2.00,NONE,SEG08,376
1753,1.671,42.340,124.658,1,8,2.00,NONE,SEG08,377
1754,1.549,42.498,122.450,1,8,2.00,NONE,SEG08,377
1755,1.427,42.657,120.246,1,8,2.00,NONE,SEG08,377
1756,1.314,42.821,118.836,1,8,2.00,NONE,SEG08,377
1757,1.218,42.996,118.836,1,8,2.00,NONE,SEG08,377
1758,1.121,43.171,117.537,1,8,2.00,NONE,SEG08,377
1759,1.025,43.347,115.975,1,8,2.00,NONE,SEG08,378
1760,0.928,43.522,114.414,1,8,2.00,NONE,SEG08,378
1761,0.832,43.697,112.854,1,8,2.00,NONE,SEG08,378
1762,0.752,43.880,112.593,1,8,2.00,NONE,SEG08,378
1763,0.675,44.065,112.331,1,8,2.00,NONE,SEG08,378
1764,0.598,44.249,110.935,1,8,2.00,NONE,SEG08,379
1765,0.521,44.434,109.537,1,8,2.00,NONE,SEG08,379
1766,0.444,44.619,108.139,1,8,2.00,NONE,SEG08,379
1767,0.371,44.805,107.004,1,8,2.00,NONE,SEG08,379
1768,0.312,44.996,107.004,1,8,2.00,NONE,SEG08,379
1769,0.254,45.187,106.617,1,8,2.00,NONE,SEG08,379
1770,0.195,45.378,105.270,1,8,2.00,NONE,SEG08,380
1771,0.137,45.570,103.921,1,8,2.00,NONE,SEG08,380
1772,0.078,45.761,102.572,1,8,2.00,NONE,SEG08,380
1773,0.025,45.954,101.611,1,8,2.00,NONE,SEG08,380
1774,-0.015,46.149,101.611,1,8,2.00,NONE,SEG08,380
1775,-0.055,46.345,100.932,1,8,2.00,NONE,SEG08,380
1776,-0.096,46.541,99.828,1,8,2.00,NONE,SEG08,381
1777,-0.136,46.737,98.724,1,8,2.00,NONE,SEG08,381
1778,-0.176,46.933,97.620,1,8,2.00,NONE,SEG08,381
1779,-0.207,47.131,97.196,1,8,2.00,NONE,SEG08,381
1780,-0.232,47.329,97.196,1,8,2.00,NONE,SEG08,381
1781,-0.257,47.527,96.515,1,8,2.00,NONE,SEG08,381
1782,-0.282,47.726,95.832,1,8,2.00,NONE,SEG08,382
1783,-0.307,47.924,95.149,1,8,2.00,NONE,SEG08,382
1784,-0.332,48.123,94.465,1,8,2.00,NONE,SEG08,382
1785,-0.348,48.322,94.463,1,8,2.00,NONE,SEG08,382
1786,-0.363,48.521,94.017,1,8,2.00,NONE,SEG08,382
1787,-0.379,48.721,93.258,1,8,2.00,NONE,SEG08,383
1788,-0.395,48.920,92.498,1,8,2.00,NONE,SEG08,383
1789,-0.410,49.120,91.739,1,8,2.00,NONE,SEG08,383
1790,-0.419,49.319,91.426,1,8,2.00,NONE,SEG08,383
1791,-0.424,49.519,91.284,1,8,2.00,NONE,SEG08,383
1792,-0.429,49.719,90.721,1,8,2.00,NONE,SEG08,383
1793,-0.434,49.919,90.159,1,8,2.00,NONE,SEG08,384
1794,-0.439,50.119,89.596,1,8,2.00,NONE,SEG08,384
1795,-0.442,50.319,89.176,1,8,2.00,NONE,SEG08,384
1796,-0.439,50.519,89.157,1,8,2.00,NONE,SEG08,384
1797,-0.437,50.719,89.062,1,8,2.00,NONE,SEG08,384
1798,-0.434,50.919,88.968,1,8,2.00,NONE,SEG08,385
1799,-0.431,51.119,88.874,1,8,2.00,NONE,SEG08,385
1800,-0.428,51.319,88.799,1,8,2.00,NONE,SEG08,385
1801,-0.424,51.519,88.799,1,8,2.00,NONE,SEG08,385
1802,-0.419,51.719,88.487,1,8,2.00,NONE,SEG08,385
1803,-0.415,51.919,88.172,1,8,2.00,NONE,SEG08,386
1804,-0.411,52.119,87.858,1,8,2.00,NONE,SEG08,386
1805,-0.407,52.319,87.543,1,8,2.00,NONE,SEG08,386
1806,-0.398,52.519,87.541,1,8,2.00,NONE,SEG08,386
1807,-0.390,52.718,87.548,1,8,2.00,NONE,SEG08,386
1808,-0.381,52.918,87.555,1,8,2.00,NONE,SEG08,387
1809,-0.372,53.118,87.563,1,8,2.00,NONE,SEG08,387
1810,-0.364,53.318,87.570,1,8,2.00,NONE,SEG08,387
1811,-0.355,53.518,87.571,1,8,2.00,NONE,SEG08,387
1812,-0.347,53.717,87.616,1,8,2.00,NONE,SEG08,387
1813,-0.338,53.917,87.667,1,8,2.00,NONE,SEG08,388
1814,-0.330,54.117,87.717,1,8,2.00,NONE,SEG08,388
1815,-0.321,54.317,87.768,1,8,2.00,NONE,SEG08,388
1816,-0.314,54.517,87.773,1,8,2.00,NONE,SEG08,388
1817,-0.306,54.717,88.044,1,8,2.00,NONE,SEG08,388
1818,-0.298,54.916,88.320,1,8,2.00,NONE,SEG08,389
1819,-0.290,55.116,88.597,1,8,2.00,NONE,SEG08,389
1820,-0.283,55.316,88.873,1,8,2.00,NONE,SEG08,389
1821,-0.279,55.516,88.903,1,8,2.00,NONE,SEG08,389
1822,-0.275,55.716,89.162,1,8,2.00,NONE,SEG08,389
1823,-0.271,55.916,89.421,1,8,2.00,NONE,SEG08,390
1824,-0.267,56.116,89.680,1,8,2.00,NONE,SEG08,390
1825,-0.263,56.316,89.915,1,8,2.00,NONE,SEG08,390
1826,-0.263,56.516,90.051,1,8,2.00,NONE,SEG08,390
1827,-0.263,56.716,90.404,1,8,2.00,NONE,SEG08,390
1828,-0.262,56.916,90.757,1,8,2.00,NONE,SEG08,391
1829,-0.262,57.116,91.110,1,8,2.00,NONE,SEG08,391
1830,-0.264,57.316,91.328,1,8,2.00,NONE,SEG08,391
1831,-0.268,57.516,91.377,1,8,2.00,NONE,SEG08,391
1832,-0.273,57.716,91.450,1,8,2.00,NONE,SEG08,392
1833,-0.278,57.916,91.524,1,8,2.00,NONE,SEG08,392
1834,-0.282,58.116,91.597,1,8,2.00,NONE,SEG08,392
1835,-0.288,58.316,91.621,1,8,2.00,NONE,SEG08,392
1836,-0.293,58.516,91.643,1,8,2.00,NONE,SEG08,392
1837,-0.299,58.715,91.693,1,8,2.00,NONE,SEG08,393
1838,-0.304,58.915,91.742,1,8,2.00,NONE,SEG08,393
1839,-0.310,59.115,91.792,1,8,2.00,NONE,SEG08,393
1840,-0.316,59.315,91.819,1,8,2.00,NONE,SEG08,393
1841,-0.322,59.515,91.819,1,8,2.00,NONE,SEG08,393
1842,-0.329,59.715,91.721,1,8,2.00,NONE,SEG08,393
1843,-0.335,59.915,91.599,1,8,2.00,NONE,SEG08,394
1844,-0.341,60.115,91.476,1,8,2.00,NONE,SEG08,394
1845,-0.348,60.315,91.354,1,8,2.00,NONE,SEG08,394
1846,-0.353,60.515,91.329,1,8,2.00,NONE,SEG08,394
1847,-0.357,60.715,91.329,1,8,2.00,NONE,SEG08,394
1848,-0.362,60.915,91.157,1,8,2.00,NONE,SEG08,394
1849,-0.367,61.114,90.943,1,8,2.00,NONE,SEG08,395
1850,-0.371,61.314,90.730,1,8,2.00,NONE,SEG08,395
1851,-0.376,61.514,90.517,1,8,2.00,NONE,SEG08,395
1852,-0.378,61.714,90.476,1,8,2.00,NONE,SEG08,395
1853,-0.380,61.914,90.476,1,8,2.00,NONE,SEG08,395
1854,-0.382,62.114,90.218,1,8,2.00,NONE,SEG08,395
1855,-0.383,62.314,89.760,1,8,2.00,NONE,SEG08,396
1856,-0.385,62.514,89.303,1,8,2.00,NONE,SEG08,396
1857,-0.387,62.714,88.846,1,8,2.00,NONE,SEG08,396
1858,-0.385,62.914,88.647,1,8,2.00,NONE,SEG08,396
1859,-0.380,63.114,88.647,1,8,2.00,NONE,SEG08,396
1860,-0.375,63.314,88.512,1,8,2.00,NONE,SEG08,396
1861,-0.370,63.514,87.733,1,8,2.00,NONE,SEG08,397
1862,-0.366,63.714,86.954,1,8,2.00,NONE,SEG08,397
1863,-0.361,63.914,86.175,1,8,2.00,NONE,SEG08,397
1864,-0.354,64.114,85.531,1,8,2.00,NONE,SEG08,397
1865,-0.339,64.313,85.531,1,8,2.00,NONE,SEG08,397
1866,-0.323,64.513,85.219,1,8,2.00,NONE,SEG08,397
1867,-0.308,64.712,83.780,1,8,2.00,NONE,SEG08,398
1868,-0.292,64.911,82.338,1,8,2.00,NONE,SEG08,398
1869,-0.276,65.111,80.897,1,8,2.00,NONE,SEG08,398
1870,-0.257,65.310,79.768,1,8,2.00,NONE,SEG08,398
1871,-0.221,65.506,79.768,1,8,2.00,NONE,SEG08,398
1872,-0.186,65.703,78.575,1,8,2.00,NONE,SEG08,398
1873,-0.150,65.900,76.787,1,8,2.00,NONE,SEG08,399
1874,-0.114,66.097,74.997,1,8,2.00,NONE,SEG08,399
1875,-0.079,66.294,73.210,1,8,2.00,NONE,SEG08,399
1876,-0.027,66.487,72.615,1,8,2.00,NONE,SEG08,399
1877,0.032,66.677,72.240,1,8,2.00,NONE,SEG08,399
1878,0.092,66.868,70.660,1,8,2.00,NONE,SEG08,399
1879,0.152,67.059,69.079,1,8,2.00,NONE,SEG08,400
1880,0.212,67.250,67.497,1,8,2.00,NONE,SEG08,400
1881,0.276,67.439,66.292,1,8,2.00,NONE,SEG08,400
1882,0.357,67.622,66.292,1,8,2.00,NONE,SEG08,400
1883,0.437,67.805,64.416,1,8,2.00,NONE,SEG08,400
1884,0.518,67.988,62.471,1,8,2.00,NONE,SEG08,401
1885,0.598,68.172,60.526,1,8,2.00,NONE,SEG08,401
1886,0.678,68.355,58.585,1,8,2.00,NONE,SEG08,401
1887,0.782,68.526,58.521,1,8,2.00,NONE,SEG08,401
1888,0.887,68.696,56.830,1,8,2.00,NONE,SEG08,401
1889,0.991,68.867,54.621,1,8,2.00,NONE,SEG08,402
1890,1.095,69.037,52.410,1,8,2.00,NONE,SEG08,402
1891,1.200,69.208,50.204,1,8,2.00,NONE,SEG08,402
1892,1.323,69.365,49.687,1,8,2.00,NONE,SEG08,402
1893,1.453,69.517,48.634,1,8,2.00,NONE,SEG08,402
1894,1.582,69.670,46.837,1,8,2.00,NONE,SEG08,403
1895,1.712,69.822,45.039,1,8,2.00,NONE,SEG08,403
1896,1.841,69.975,43.243,1,8,2.00,NONE,SEG08,403
1897,1.981,70.117,42.500,1,8,2.00,NONE,SEG08,403
1898,2.128,70.252,41.073,1,8,2.00,NONE,SEG08,403
1899,2.276,70.387,38.630,1,8,2.00,NONE,SEG08,404
1900,2.423,70.522,36.183,1,8,2.00,NONE,SEG08,404
1901,2.571,70.658,33.741,1,8,2.00,NONE,SEG08,404
1902,2.730,70.777,32.725,1,8,2.00,NONE,SEG08,404
1903,2.899,70.885,30.993,1,8,2.00,NONE,SEG08,404
1904,3.067,70.993,28.815,1,8,2.00,NONE,SEG08,405
1905,3.235,71.101,26.636,1,8,2.00,NONE,SEG08,405
1906,3.403,71.209,24.462,1,8,2.00,NONE,SEG08,405
1907,3.583,71.296,24.020,1,8,2.00,NONE,SEG08,405
1908,3.766,71.378,22.281,1,8,2.00,NONE,SEG08,405
1909,3.948,71.459,20.368,1,8,2.00,NONE,SEG08,406
1910,4.131,71.540,18.456,1,8,2.00,NONE,SEG08,406
1911,4.314,71.622,16.547,1,8,2.00,NONE,SEG08,406
1912,4.505,71.681,16.299,1,8,2.00,NONE,SEG08,406
1913,4.697,71.737,14.723,1,8,2.00,NONE,SEG08,406
1914,4.889,71.793,13.146,1,8,2.00,NONE,SEG08,407
1915,5.081,71.850,11.568,1,8,2.00,NONE,SEG08,407
1916,5.273,71.905,10.072,1,8,2.00,NONE,SEG08,407
1917,5.470,71.940,10.004,1,8,2.00,NONE,SEG08,407
1918,5.666,71.975,8.995,1,8,2.00,NONE,SEG08,407
1919,5.863,72.010,7.985,1,8,2.00,NONE,SEG08,408
1920,6.060,72.045,6.975,1,8,2.00,NONE,SEG08,408
1921,6.257,72.079,6.034,1,8,2.00,NONE,SEG08,408
1922,6.456,72.100,6.034,1,8,2.00,NONE,SEG08,408
1923,6.655,72.121,5.719,1,8,2.00,NONE,SEG08,408
1924,6.854,72.142,5.112,1,8,2.00,NONE,SEG08,409
1925,7.053,72.163,4.504,1,8,2.00,NONE,SEG08,409
1926,7.252,72.184,3.896,1,8,2.00,NONE,SEG08,409
1927,7.451,72.201,3.604,1,8,2.00,NONE,SEG08,409
1928,7.651,72.213,3.604,1,8,2.00,NONE,SEG08,409
1929,7.850,72.226,3.475,1,8,2.00,NONE,SEG08,409
1930,8.050,72.238,3.257,1,8,2.00,NONE,SEG08,410
1931,8.250,72.251,3.039,1,8,2.00,NONE,SEG08,410
1932,8.449,72.264,2.820,1,8,2.00,NONE,SEG08,410
1933,8.649,72.274,2.730,1,8,2.00,NONE,SEG08,410
1934,8.849,72.284,2.730,1,8,2.00,NONE,SEG08,410
1935,9.048,72.293,2.656,1,8,2.00,NONE,SEG08,410
1936,9.248,72.303,2.535,1,8,2.00,NONE,SEG08,411
1937,9.448,72.312,2.415,1,8,2.00,NONE,SEG08,411
1938,9.648,72.322,2.294,1,8,2.00,NONE,SEG08,411
1939,9.847,72.330,2.247,1,8,2.00,NONE,SEG08,411
1940,10.047,72.338,2.247,1,8,2.00,NONE,SEG08,411
1941,10.247,72.346,2.258,1,8,2.00,NONE,SEG08,411
1942,10.447,72.354,2.273,1,8,2.00,NONE,SEG08,412
1943,10.647,72.362,2.289,1,8,2.00,NONE,SEG08,412
1944,10.847,72.370,2.305,1,8,2.00,NONE,SEG08,412
1945,11.047,72.378,2.310,1,8,2.00,NONE,SEG08,412
1946,11.246,72.386,2.310,1,8,2.00,NONE,SEG08,412
1947,11.446,72.394,2.297,1,8,2.00,NONE,SEG08,412
1948,11.646,72.402,2.274,1,8,2.00,NONE,SEG08,413
1949,11.846,72.410,2.252,1,8,2.00,NONE,SEG08,413
1950,12.046,72.418,2.230,1,8,2.00,NONE,SEG08,413
1951,12.246,72.426,2.221,1,8,2.00,NONE,SEG08,413
1952,12.445,72.434,2.221,1,8,2.00,NONE,SEG08,413
1953,12.645,72.441,2.314,1,8,2.00,NONE,SEG08,413
1954,12.845,72.449,2.447,1,8,2.00,NONE,SEG08,414
1955,13.045,72.457,2.581,1,8,2.00,NONE,SEG08,414
1956,13.245,72.465,2.714,1,8,2.00,NONE,SEG08,414
1957,13.445,72.474,2.754,1,8,2.00,NONE,SEG08,414
1958,13.644,72.483,2.754,1,8,2.00,NONE,SEG08,414
1959,13.844,72.493,2.430,1,8,2.00,NONE,SEG08,414
1960,14.044,72.503,2.101,1,8,2.00,NONE,SEG08,415
1961,14.244,72.512,1.772,1,8,2.00,NONE,SEG08,415
1962,14.443,72.522,1.443,1,8,2.00,NONE,SEG08,415
1963,14.643,72.527,1.437,1,8,2.00,NONE,SEG08,415
1964,14.843,72.532,1.245,1,8,2.00,NONE,SEG08,415
1965,15.043,72.537,0.933,1,8,2.00,NONE,SEG08,416
1966,15.243,72.542,0.621,1,8,2.00,NONE,SEG08,416
1967,15.443,72.547,0.309,1,8,2.00,NONE,SEG08,416
1968,15.643,72.549,0.190,1,8,2.00,NONE,SEG08,416
1969,15.843,72.550,0.074,1,8,2.00,NONE,SEG08,416
1970,16.043,72.551,-0.441,1,8,2.00,NONE,SEG08,416
1971,16.243,72.551,-0.957,1,8,2.00,NONE,SEG08,417
1972,16.443,72.552,-1.473,1,8,2.00,NONE,SEG08,417
1973,16.643,72.551,-1.873,1,8,2.00,NONE,SEG08,417
1974,16.843,72.544,-2.239,1,8,2.00,NONE,SEG08,417
1975,17.043,72.538,-3.031,1,8,2.00,NONE,SEG08,417
1976,17.243,72.531,-3.823,1,8,2.00,NONE,SEG08,418
1977,17.443,72.525,-4.615,1,8,2.00,NONE,SEG08,418
1978,17.642,72.513,-5.041,1,8,2.00,NONE,SEG08,418
1979,17.841,72.496,-5.708,1,8,2.00,NONE,SEG08,418
1980,18.041,72.478,-6.390,1,8,2.00,NONE,SEG08,419
1981,18.240,72.460,-7.071,1,8,2.00,NONE,SEG08,419
1982,18.439,72.443,-7.753,1,8,2.00,NONE,SEG08,419
1983,18.637,72.416,-7.962,1,8,2.00,NONE,SEG08,419
1984,18.836,72.389,-8.184,1,8,2.00,NONE,SEG08,419
1985,19.034,72.362,-8.406,1,8,2.00,NONE,SEG08,420
1986,19.232,72.335,-8.628,1,8,2.00,NONE,SEG08,420
1987,19.430,72.305,-8.883,1,8,2.00,NONE,SEG08,420
1988,19.627,72.275,-9.282,1,8,2.00,NONE,SEG08,420
1989,19.825,72.245,-9.681,1,8,2.00,NONE,SEG08,421
1990,20.023,72.215,-10.079,1,8,2.00,NONE,SEG08,421
1991,20.220,72.182,-10.416,1,8,2.00,NONE,SEG08,421
1992,20.417,72.146,-11.022,1,8,2.00,NONE,SEG08,421
1993,20.614,72.110,-11.627,1,8,2.00,NONE,SEG08,422
1994,20.810,72.075,-12.232,1,8,2.00,NONE,SEG08,422
1995,21.007,72.037,-12.672,1,8,2.00,NONE,SEG08,422
1996,21.202,71.993,-13.729,1,8,2.00,NONE,SEG08,422
1997,21.397,71.949,-15.186,1,8,2.00,NONE,SEG08,422
1998,21.592,71.905,-16.645,1,8,2.00,NONE,SEG08,423
1999,21.787,71.862,-18.102,1,8,2.00,NONE,SEG08,423
2000,21.978,71.803,-19.176,1,8,2.00,NONE,SEG08,423
2001,22.168,71.740,-21.374,1,8,2.00,NONE,SEG08,423
2002,22.358,71.677,-23.578,1,8,2.00,NONE,SEG08,424
2003,22.547,71.613,-25.779,1,8,2.00,NONE,SEG08,424
2004,22.733,71.541,-27.305,1,8,2.00,NONE,SEG08,424
2005,22.911,71.449,-29.694,1,8,2.00,NONE,SEG08,424
2006,23.089,71.358,-32.463,1,8,2.00,NONE,SEG08,425
2007,23.267,71.266,-35.233,1,8,2.00,NONE,SEG08,425
2008,23.444,71.174,-37.995,1,8,2.00,NONE,SEG08,425
2009,23.604,71.054,-39.934,1,8,2.00,NONE,SEG08,425
2010,23.761,70.930,-43.253,1,8,2.00,NONE,SEG08,425
2011,23.918,70.806,-46.584,1,8,2.00,NONE,SEG08,426
2012,24.074,70.682,-49.906,1,8,2.00,NONE,SEG08,426
2013,24.216,70.542,-51.848,1,8,2.00,NONE,SEG08,426
2014,24.340,70.386,-56.679,1,8,2.00,NONE,SEG08,426
2015,24.464,70.229,-61.577,1,8,2.00,NONE,SEG08,427
2016,24.588,70.072,-66.472,1,8,2.00,NONE,SEG08,427
2017,24.710,69.914,-71.109,1,8,2.00,NONE,SEG08,427
2018,24.775,69.724,-71.109,1,8,2.00,NONE,SEG08,427
2019,24.839,69.535,-72.723,1,8,2.00,NONE,SEG08,427
2020,24.904,69.346,-75.262,1,8,2.00,NONE,SEG08,428
2021,24.969,69.157,-77.805,1,8,2.00,NONE,SEG08,428
2022,25.034,68.968,-80.342,1,8,2.00,NONE,SEG08,428
2023,25.077,68.773,-81.266,1,8,2.00,NONE,SEG08,428
2024,25.107,68.575,-81.266,1,8,2.00,NONE,SEG08,428
2025,25.137,68.378,-82.399,1,8,2.00,NONE,SEG08,428
2026,25.168,68.180,-83.762,1,8,2.00,NONE,SEG08,429
2027,25.198,67.982,-85.127,1,8,2.00,NONE,SEG08,429
2028,25.228,67.785,-86.490,1,8,2.00,NONE,SEG08,429
2029,25.243,67.585,-86.720,1,8,2.00,NONE,SEG08,429
2030,25.255,67.386,-86.720,1,8,2.00,NONE,SEG08,429
2031,25.266,67.186,-87.502,1,8,2.00,NONE,SEG08,429
2032,25.277,66.986,-88.368,1,8,2.00,NONE,SEG08,430
2033,25.289,66.787,-89.234,1,8,2.00,NONE,SEG08,430
2034,25.300,66.587,-90.099,1,8,2.00,NONE,SEG08,430
2035,25.301,66.387,-90.182,1,8,2.00,NONE,SEG08,430
2036,25.300,66.187,-90.182,1,8,2.00,NONE,SEG08,430
2037,25.300,65.987,-90.685,1,8,2.00,NONE,SEG08,430
2038,25.299,65.787,-91.281,1,8,2.00,NONE,SEG08,431
2039,25.298,65.587,-91.877,1,8,2.00,NONE,SEG08,431
2040,25.298,65.387,-92.473,1,8,2.00,NONE,SEG08,431
2041,25.290,65.187,-92.566,1,8,2.00,NONE,SEG08,431
2042,25.281,64.987,-92.566,1,8,2.00,NONE,SEG08,431
2043,25.272,64.787,-92.363,1,8,2.00,NONE,SEG08,431
2044,25.263,64.588,-92.151,1,8,2.00,NONE,SEG08,432
2045,25.254,64.388,-91.940,1,8,2.00,NONE,SEG08,432
2046,25.245,64.188,-91.728,1,8,2.00,NONE,SEG08,432
2047,25.239,63.988,-91.719,1,8,2.00,NONE,SEG08,432
2048,25.233,63.788,-91.240,1,8,2.00,NONE,SEG08,432
2049,25.227,63.588,-90.748,1,8,2.00,NONE,SEG08,433
2050,25.221,63.388,-90.257,1,8,2.00,NONE,SEG08,433
2051,25.215,63.189,-89.766,1,8,2.00,NONE,SEG08,433
2052,25.216,62.989,-89.787,1,8,2.00,NONE,SEG08,433
2053,25.217,62.789,-89.889,1,8,2.00,NONE,SEG08,433
2054,25.218,62.589,-89.991,1,8,2.00,NONE,SEG08,434
2055,25.218,62.389,-90.092,1,8,2.00,NONE,SEG08,434
2056,25.219,62.189,-90.162,1,8,2.00,NONE,SEG08,434
2057,25.218,61.989,-90.363,1,8,2.00,NONE,SEG08,434
2058,25.218,61.789,-90.650,1,8,2.00,NONE,SEG08,435
2059,25.217,61.589,-90.936,1,8,2.00,NONE,SEG08,435
2060,25.217,61.389,-91.223,1,8,2.00,NONE,SEG08,435
2061,25.213,61.189,-91.313,1,8,2.00,NONE,SEG08,435
2062,25.209,60.989,-91.394,1,8,2.00,NONE,SEG08,435
2063,25.204,60.789,-91.475,1,8,2.00,NONE,SEG08,436
2064,25.199,60.589,-91.556,1,8,2.00,NONE,SEG08,436
2065,25.195,60.389,-91.631,1,8,2.00,NONE,SEG08,436
2066,25.189,60.189,-91.633,1,8,2.00,NONE,SEG08,436
2067,25.183,59.989,-91.641,1,8,2.00,NONE,SEG08,436
2068,25.178,59.789,-91.649,1,8,2.00,NONE,SEG08,437
2069,25.172,59.589,-91.657,1,8,2.00,NONE,SEG08,437
2070,25.166,59.389,-91.663,1,8,2.00,NONE,SEG08,437
2071,25.161,59.189,-91.855,1,8,2.00,NONE,SEG08,437
2072,25.155,58.989,-92.315,1,8,2.00,NONE,SEG08,437
2073,25.149,58.789,-92.775,1,8,2.00,NONE,SEG08,438
2074,25.143,58.590,-93.235,1,8,2.00,NONE,SEG08,438
2075,25.135,58.390,-93.503,1,8,2.00,NONE,SEG08,438
2076,25.122,58.190,-93.574,1,8,2.00,NONE,SEG08,438
2077,25.110,57.990,-93.674,1,8,2.00,NONE,SEG08,439
2078,25.098,57.791,-93.773,1,8,2.00,NONE,SEG08,439
2079,25.086,57.591,-93.873,1,8,2.00,NONE,SEG08,439
2080,25.073,57.392,-93.901,1,8,2.00,NONE,SEG08,439
2081,25.059,57.192,-93.803,1,8,2.00,NONE,SEG08,439
2082,25.045,56.993,-93.686,1,8,2.00,NONE,SEG08,440
2083,25.032,56.793,-93.569,1,8,2.00,NONE,SEG08,440
2084,25.018,56.594,-93.453,1,8,2.00,NONE,SEG08,440
2085,25.006,56.394,-93.434,1,8,2.00,NONE,SEG08,440
2086,24.994,56.194,-93.294,1,8,2.00,NONE,SEG08,440
2087,24.982,55.995,-93.146,1,8,2.00,NONE,SEG08,441
2088,24.970,55.795,-92.999,1,8,2.00,NONE,SEG08,441
2089,24.958,55.595,-92.851,1,8,2.00,NONE,SEG08,441
2090,24.948,55.396,-92.851,1,8,2.00,NONE,SEG08,441
2091,24.938,55.196,-92.982,1,8,2.00,NONE,SEG08,441
2092,24.928,54.996,-93.114,1,8,2.00,NONE,SEG08,442
2093,24.918,54.796,-93.245,1,8,2.00,NONE,SEG08,442
2094,24.908,54.597,-93.370,1,8,2.00,NONE,SEG08,442
2095,24.896,54.397,-93.275,1,8,2.00,NONE,SEG08,442
2096,24.885,54.197,-92.951,1,8,2.00,NONE,SEG08,442
2097,24.873,53.998,-92.626,1,8,2.00,NONE,SEG08,443
2098,24.861,53.798,-92.302,1,8,2.00,NONE,SEG08,443
2099,24.851,53.598,-92.073,1,8,2.00,NONE,SEG08,443
2100,24.843,53.398,-91.962,1,8,2.00,NONE,SEG08,443
2101,24.836,53.199,-91.755,1,8,2.00,NONE,SEG08,443
2102,24.829,52.999,-91.549,1,8,2.00,NONE,SEG08,444
2103,24.822,52.799,-91.343,1,8,2.00,NONE,SEG08,444
2104,24.816,52.599,-91.247,1,8,2.00,NONE,SEG08,444
2105,24.812,52.399,-91.065,1,8,2.00,NONE,SEG08,444
2106,24.807,52.199,-90.870,1,8,2.00,NONE,SEG08,445
2107,24.803,51.999,-90.676,1,8,2.00,NONE,SEG08,445
2108,24.799,51.799,-90.481,1,8,2.00,NONE,SEG08,445
2109,24.797,51.599,-90.590,1,8,2.00,NONE,SEG08,445
2110,24.795,51.399,-90.855,1,8,2.00,NONE,SEG08,445
2111,24.794,51.199,-91.121,1,8,2.00,NONE,SEG08,446
2112,24.792,50.999,-91.387,1,8,2.00,NONE,SEG08,446
2113,24.789,50.799,-91.499,1,8,2.00,NONE,SEG08,446
2114,24.783,50.599,-91.385,1,8,2.00,NONE,SEG08,446
2115,24.778,50.399,-91.271,1,8,2.00,NONE,SEG08,447
2116,24.773,50.199,-91.157,1,8,2.00,NONE,SEG08,447
2117,24.768,49.999,-91.138,1,8,2.00,NONE,SEG08,447
2118,24.764,49.799,-91.353,1,8,2.00,NONE,SEG08,447
2119,24.760,49.599,-91.567,1,8,2.00,NONE,SEG08,448
2120,24.756,49.399,-91.782,1,8,2.00,NONE,SEG08,448
2121,24.752,49.200,-92.001,1,8,2.00,NONE,SEG08,448
2122,24.745,49.000,-92.635,1,8,2.00,NONE,SEG08,448
2123,24.738,48.800,-93.269,1,8,2.00,NONE,SEG08,449
2124,24.732,48.600,-93.903,1,8,2.00,NONE,SEG08,449
2125,24.724,48.400,-94.470,1,8,2.00,NONE,SEG08,449
2126,24.708,48.201,-94.752,1,8,2.00,NONE,SEG08,449
2127,24.693,48.001,-95.170,1,8,2.00,NONE,SEG08,449
2128,24.677,47.802,-95.587,1,8,2.00,NONE,SEG08,450
2129,24.662,47.602,-96.005,1,8,2.00,NONE,SEG08,450
2130,24.642,47.403,-96.140,1,8,2.00,NONE,SEG08,450
2131,24.621,47.205,-95.843,1,8,2.00,NONE,SEG08,450
2132,24.599,47.006,-95.473,1,8,2.00,STOP_LINE,SEG08,451
2133,24.578,46.807,-95.103,1,8,2.00,NONE,SEG08,451
2134,24.556,46.608,-94.733,1,8,2.00,NONE,SEG08,451
2135,24.539,46.409,-94.659,1,8,2.00,NONE,SEG08,451
2136,24.523,46.209,-94.447,1,8,2.00,NONE,SEG08,451
2137,24.507,46.010,-94.144,1,8,2.00,NONE,SEG08,452
2138,24.490,45.811,-93.841,1,8,2.00,NONE,SEG08,452
2139,24.474,45.611,-93.538,1,8,2.00,NONE,SEG08,452
2140,24.461,45.412,-93.447,1,8,2.00,NONE,SEG08,452
2141,24.449,45.212,-93.102,1,8,2.00,NONE,SEG08,452
2142,24.437,45.013,-92.518,1,8,2.00,NONE,SEG08,453
2143,24.425,44.813,-91.933,1,8,2.00,NONE,SEG08,453
2144,24.413,44.613,-91.348,1,8,2.00,NONE,SEG08,453
2145,24.406,44.414,-91.109,1,8,2.00,NONE,SEG08,453
2146,24.402,44.214,-90.288,1,8,2.00,NONE,SEG08,453
2147,24.398,44.014,-88.843,1,8,2.00,NONE,SEG08,454
2148,24.394,43.814,-87.397,1,8,2.00,NONE,SEG08,454
2149,24.390,43.614,-85.952,1,8,2.00,NONE,SEG08,454
2150,24.398,43.414,-85.327,1,8,2.00,NONE,SEG08,454
2151,24.414,43.215,-84.321,1,8,2.00,NONE,SEG08,454
2152,24.430,43.015,-82.768,1,8,2.00,NONE,SEG08,455
2153,24.447,42.816,-81.213,1,8,2.00,NONE,SEG08,455
2154,24.463,42.617,-79.660,1,8,2.00,NONE,SEG08,455
2155,24.493,42.419,-78.966,1,8,2.00,NONE,SEG08,455
2156,24.531,42.223,-77.796,1,8,2.00,NONE,SEG08,455
2157,24.569,42.026,-76.624,1,8,2.00,NONE,SEG08,456
2158,24.606,41.830,-75.453,1,8,2.00,NONE,SEG08,456
2159,24.646,41.634,-74.429,1,8,2.00,NONE,SEG08,456
2160,24.700,41.441,-73.604,1,8,2.00,NONE,SEG08,456
2161,24.753,41.249,-72.322,1,8,2.00,NONE,SEG08,456
2162,24.807,41.056,-71.040,1,8,2.00,NONE,SEG08,457
2163,24.861,40.864,-69.759,1,8,2.00,NONE,SEG08,457
2164,24.925,40.674,-69.270,1,8,2.00,NONE,SEG08,457
2165,24.996,40.487,-67.301,1,8,2.00,NONE,SEG08,457
2166,25.067,40.300,-65.328,1,8,2.00,NONE,SEG08,458
2167,25.138,40.113,-63.354,1,8,2.00,NONE,SEG08,458
2168,25.209,39.926,-61.418,1,8,2.00,NONE,SEG08,458
2169,25.304,39.751,-60.708,1,8,2.00,NONE,SEG08,458
2170,25.400,39.575,-58.602,1,6,2.00,NONE,SEG06,285
2171,25.496,39.399,-56.493,1,6,2.00,NONE,SEG06,285
2172,25.591,39.224,-54.385,1,8,2.00,NONE,SEG08,459
2173,25.695,39.053,-52.989,1,8,2.00,NONE,SEG08,459
2174,25.816,38.894,-50.889,1,8,2.00,NONE,SEG08,459
2175,25.936,38.734,-48.323,1,8,2.00,NONE,SEG08,460
2176,26.057,38.574,-45.756,1,8,2.00,NONE,SEG08,460
2177,26.177,38.415,-43.196,1,8,2.00,NONE,SEG08,460
2178,26.319,38.275,-42.274,1,8,2.00,NONE,SEG08,460
2179,26.466,38.139,-39.477,1,8,2.00,NONE,SEG08,460
2180,26.613,38.003,-36.670,1,8,2.00,NONE,SEG08,461
2181,26.760,37.867,-33.864,1,8,2.00,NONE,SEG08,461
2182,26.910,37.737,-31.531,1,8,2.00,NONE,SEG08,461
2183,27.081,37.632,-30.917,1,8,2.00,NONE,SEG08,461
2184,27.251,37.528,-28.368,1,8,2.00,NONE,SEG08,461
2185,27.422,37.423,-25.813,1,8,2.00,NONE,SEG08,462
2186,27.592,37.318,-23.259,1,8,2.00,NONE,SEG08,462
2187,27.767,37.221,-21.324,1,8,2.00,NONE,SEG08,462
2188,27.953,37.149,-21.265,1,8,2.00,NONE,SEG08,462
2189,28.139,37.076,-19.510,1,4,2.00,NONE,SEG04,158
2190,28.326,37.003,-17.752,1,8,2.00,NONE,SEG08,463
2191,28.512,36.931,-15.994,1,8,2.00,NONE,SEG08,463
2192,28.698,36.859,-14.297,1,8,2.00,NONE,SEG08,463
2193,28.892,36.809,-14.297,1,8,2.00,NONE,SEG08,463
2194,29.086,36.760,-13.307,1,8,2.00,NONE,SEG08,463
2195,29.280,36.710,-12.005,1,8,2.00,NONE,SEG08,464
2196,29.474,36.661,-10.703,1,8,2.00,NONE,SEG08,464
2197,29.667,36.612,-9.402,1,8,2.00,NONE,SEG08,464
2198,29.864,36.576,-9.091,1,8,2.00,NONE,SEG08,464
2199,30.062,36.544,-8.776,1,8,2.00,NONE,SEG08,464
2200,30.259,36.513,-7.725,1,8,2.00,NONE,SEG08,465
2201,30.457,36.481,-6.673,1,8,2.00,NONE,SEG08,465
2202,30.654,36.449,-5.622,1,8,2.00,NONE,SEG08,465
2203,30.852,36.422,-4.886,1,8,2.00,NONE,SEG08,465
2204,31.051,36.405,-4.886,1,8,2.00,NONE,SEG08,465
2205,31.251,36.388,-4.553,1,8,2.00,NONE,SEG08,465
2206,31.450,36.371,-4.147,1,8,2.00,NONE,SEG08,466
2207,31.649,36.354,-3.741,1,8,2.00,NONE,SEG08,466
2208,31.848,36.337,-3.335,1,8,2.00,NONE,SEG08,466
2209,32.048,36.325,-3.263,1,8,2.00,NONE,SEG08,466
2210,32.248,36.313,-3.165,1,8,2.00,NONE,SEG08,466
2211,32.447,36.302,-2.915,1,8,2.00,NONE,SEG08,467
2212,32.647,36.290,-2.666,1,8,2.00,NONE,SEG08,467
2213,32.847,36.279,-2.416,1,8,2.00,NONE,SEG08,467
2214,33.046,36.269,-2.264,1,8,2.00,NONE,SEG08,467
2215,33.246,36.261,-2.241,1,8,2.00,NONE,SEG08,467
2216,33.446,36.253,-1.973,1,8,2.00,NONE,SEG08,467
2217,33.646,36.245,-1.705,1,8,2.00,NONE,SEG08,468
2218,33.846,36.237,-1.437,1,8,2.00,NONE,SEG08,468
2219,34.046,36.230,-1.193,1,8,2.00,NONE,SEG08,468
2220,34.246,36.226,-1.193,1,8,2.00,NONE,SEG08,468
2221,34.446,36.222,-1.039,1,8,2.00,NONE,SEG08,468
2222,34.646,36.217,-0.835,1,8,2.00,NONE,SEG08,469
2223,34.846,36.213,-0.630,1,8,2.00,NONE,SEG08,469
2224,35.045,36.209,-0.425,1,8,2.00,NONE,SEG08,469
2225,35.245,36.207,-0.374,1,8,2.00,NONE,SEG08,469
2226,35.445,36.206,-0.335,1,8,2.00,NONE,SEG08,469
2227,35.645,36.204,-0.239,1,8,2.00,NONE,SEG08,470
2228,35.845,36.203,-0.142,1,8,2.00,NONE,SEG08,470
2229,36.045,36.202,-0.045,1,8,2.00,NONE,SEG08,470
2230,36.245,36.201,0.013,1,8,2.00,NONE,SEG08,470
2231,36.445,36.201,0.036,1,8,2.00,NONE,SEG08,470
2232,36.645,36.201,0.248,1,8,2.00,NONE,SEG08,470
2233,36.845,36.201,0.460,1,8,2.00,NONE,SEG08,471
2234,37.045,36.201,0.672,1,8,2.00,NONE,SEG08,471
2235,37.245,36.202,0.860,1,8,2.00,NONE,SEG08,471
2236,37.445,36.205,0.860,1,8,2.00,NONE,SEG08,471
2237,37.645,36.208,0.841,1,8,2.00,NONE,SEG08,471
2238,37.845,36.211,0.817,1,8,2.00,NONE,SEG08,472
2239,38.045,36.214,0.794,1,8,2.00,NONE,SEG08,472
2240,38.245,36.217,0.770,1,8,2.00,NONE,SEG08,472
2241,38.445,36.219,0.765,1,8,2.00,NONE,SEG08,472
2242,38.645,36.222,0.754,1,8,2.00,NONE,SEG08,472
2243,38.845,36.225,0.727,1,8,2.00,NONE,SEG08,473
2244,39.045,36.227,0.701,1,8,2.00,NONE,SEG08,473
2245,39.245,36.230,0.675,1,8,2.00,NONE,SEG08,473
2246,39.445,36.233,0.660,1,8,2.00,NONE,SEG08,473
2247,39.645,36.235,0.652,1,8,2.00,NONE,SEG08,473
2248,39.845,36.237,0.538,1,8,2.00,NONE,SEG08,473
2249,40.045,36.239,0.424,1,8,2.00,NONE,SEG08,474
2250,40.245,36.242,0.310,1,8,2.00,NONE,SEG08,474
2251,40.445,36.244,0.204,1,8,2.00,NONE,SEG08,474
2252,40.645,36.245,0.204,1,8,2.00,NONE,SEG08,474
2253,40.845,36.245,0.168,1,8,2.00,NONE,SEG08,474
2254,41.045,36.246,0.117,1,8,2.00,NONE,SEG08,475
2255,41.245,36.247,0.067,1,8,2.00,NONE,SEG08,475
2256,41.445,36.247,0.016,1,8,2.00,NONE,SEG08,475
2257,41.645,36.248,0.001,1,8,2.00,NONE,SEG08,475
2258,41.845,36.248,-0.008,1,8,2.00,NONE,SEG08,475
2259,42.045,36.248,-0.033,1,8,2.00,NONE,SEG08,476
2260,42.245,36.248,-0.057,1,8,2.00,NONE,SEG08,476
2261,42.445,36.248,-0.082,1,8,2.00,NONE,SEG08,476
2262,42.645,36.248,-0.098,1,8,2.00,NONE,SEG08,476
2263,42.845,36.247,-0.108,1,8,2.00,NONE,SEG08,476
2264,43.045,36.247,-0.162,1,8,2.00,NONE,SEG08,476
2265,43.245,36.247,-0.216,1,8,2.00,NONE,SEG08,477
2266,43.445,36.246,-0.270,1,8,2.00,NONE,SEG08,477
2267,43.645,36.246,-0.314,1,8,2.00,NONE,SEG08,477
2268,43.845,36.245,-0.319,1,8,2.00,NONE,SEG08,477
2269,44.045,36.244,-0.354,1,8,2.00,NONE,SEG08,477
2270,44.245,36.242,-0.388,1,8,2.00,NONE,SEG08,478
2271,44.445,36.241,-0.423,1,8,2.00,NONE,SEG08,478
2272,44.645,36.240,-0.453,1,8,2.00,NONE,SEG08,478
2273,44.845,36.239,-0.467,1,8,2.00,NONE,SEG08,478
2274,45.045,36.237,-0.567,1,8,2.00,NONE,SEG08,478
2275,45.245,36.235,-0.666,1,8,2.00,NONE,SEG08,479
2276,45.445,36.234,-0.765,1,8,2.00,NONE,SEG08,479
2277,45.645,36.232,-0.851,1,8,2.00,NONE,SEG08,479
2278,45.845,36.229,-0.874,1,8,2.00,NONE,SEG08,479
2279,46.045,36.226,-1.013,1,8,2.00,NONE,SEG08,479
2280,46.245,36.223,-1.152,1,8,2.00,NONE,SEG08,480
2281,46.445,36.220,-1.291,1,8,2.00,NONE,SEG08,480
2282,46.645,36.217,-1.406,1,8,2.00,NONE,SEG08,480
2283,46.845,36.212,-1.459,1,8,2.00,NONE,SEG08,480
2284,47.045,36.207,-1.839,1,8,2.00,NONE,SEG08,480
2285,47.245,36.202,-2.219,1,8,2.00,NONE,SEG08,481
2286,47.445,36.197,-2.599,1,8,2.00,NONE,SEG08,481
2287,47.645,36.192,-2.927,1,8,2.00,NONE,SEG08,481
2288,47.844,36.181,-2.927,1,8,2.00,NONE,SEG08,481
2289,48.044,36.171,-3.095,1,8,2.00,NONE,SEG08,481
2290,48.244,36.161,-3.267,1,8,2.00,NONE,SEG08,482
2291,48.444,36.151,-3.439,1,8,2.00,NONE,SEG08,482
2292,48.643,36.141,-3.610,1,8,2.00,NONE,SEG08,482
2293,48.843,36.128,-3.614,1,8,2.00,NONE,SEG08,482
2294,49.043,36.115,-3.735,1,8,2.00,NONE,SEG08,482
2295,49.242,36.103,-3.890,1,8,2.00,NONE,SEG08,483
2296,49.442,36.090,-4.045,1,8,2.00,NONE,SEG08,483
2297,49.641,36.078,-4.200,1,8,2.00,NONE,SEG08,483
2298,49.841,36.063,-4.234,1,8,2.00,NONE,SEG08,483
2299,50.040,36.049,-4.156,1,8,2.00,NONE,SEG08,483
2300,50.240,36.034,-4.009,1,8,2.00,NONE,SEG08,484
2301,50.439,36.019,-3.862,1,8,2.00,NONE,SEG08,484
2302,50.639,36.004,-3.715,1,8,2.00,NONE,SEG08,484
2303,50.838,35.991,-3.646,1,8,2.00,NONE,SEG08,484
2304,51.038,35.978,-3.635,1,8,2.00,NONE,SEG08,484
2305,51.237,35.965,-3.588,1,8,2.00,NONE,SEG08,484
2306,51.437,35.952,-3.541,1,8,2.00,NONE,SEG08,485
2307,51.637,35.940,-3.493,1,8,2.00,NONE,SEG08,485
2308,51.836,35.927,-3.457,1,8,2.00,NONE,SEG08,485
2309,52.036,35.915,-3.457,1,8,2.00,NONE,SEG08,485
2310,52.235,35.903,-3.197,1,8,2.00,NONE,SEG08,485
2311,52.435,35.891,-2.897,1,8,2.00,NONE,SEG08,486
2312,52.635,35.879,-2.597,1,8,2.00,NONE,SEG08,486
2313,52.834,35.867,-2.297,1,8,2.00,NONE,SEG08,486
2314,53.034,35.858,-2.258,1,8,2.00,NONE,SEG08,486
2315,53.234,35.851,-2.217,1,8,2.00,NONE,SEG08,486
2316,53.434,35.843,-2.159,1,8,2.00,NONE,SEG08,487
2317,53.634,35.835,-2.101,1,8,2.00,NONE,SEG08,487
2318,53.834,35.827,-2.043,1,8,2.00,NONE,SEG08,487
2319,54.033,35.820,-2.025,1,8,2.00,NONE,SEG08,487
2320,54.233,35.812,-1.972,1,8,2.00,NONE,SEG08,487
2321,54.433,35.805,-1.859,1,8,2.00,NONE,SEG08,488
2322,54.633,35.798,-1.746,1,8,2.00,NONE,SEG08,488
2323,54.833,35.791,-1.633,1,8,2.00,NONE,SEG08,488
2324,55.033,35.785,-1.573,1,8,2.00,NONE,SEG08,488
2325,55.233,35.779,-1.595,1,8,2.00,NONE,SEG08,488
2326,55.433,35.774,-1.700,1,8,2.00,NONE,SEG08,488
2327,55.633,35.768,-1.805,1,8,2.00,NONE,SEG08,489
2328,55.833,35.763,-1.910,1,8,2.00,NONE,SEG08,489
2329,56.032,35.757,-1.993,1,8,2.00,NONE,SEG08,489
2330,56.232,35.750,-1.993,1,8,2.00,NONE,SEG08,489
2331,56.432,35.743,-1.947,1,8,2.00,NONE,SEG08,489
2332,56.632,35.736,-1.901,1,8,2.00,NONE,SEG08,490
2333,56.832,35.729,-1.854,1,8,2.00,NONE,SEG08,490
2334,57.032,35.722,-1.808,1,8,2.00,NONE,SEG08,490
2335,57.232,35.716,-1.807,1,8,2.00,NONE,SEG08,490
2336,57.432,35.710,-1.780,1,8,2.00,NONE,SEG08,490
2337,57.632,35.704,-1.746,1,8,2.00,NONE,SEG08,491
2338,57.831,35.697,-1.712,1,8,2.00,NONE,SEG08,491
2339,58.031,35.691,-1.679,1,8,2.00,NONE,SEG08,491
2340,58.231,35.685,-1.672,1,8,2.00,NONE,SEG08,491
2341,58.431,35.679,-1.530,1,8,2.00,NONE,SEG08,491
2342,58.631,35.673,-1.295,1,8,2.00,NONE,SEG08,492
2343,58.831,35.667,-1.060,1,8,2.00,NONE,SEG08,492
2344,59.031,35.662,-0.825,1,8,2.00,NONE,SEG08,492
2345,59.231,35.658,-0.732,1,8,2.00,NONE,SEG08,492
2346,59.431,35.655,-0.705,1,8,2.00,NONE,SEG08,492
2347,59.631,35.653,-0.596,1,8,2.00,NONE,SEG08,492
2348,59.831,35.650,-0.487,1,8,2.00,NONE,SEG08,493
2349,60.031,35.648,-0.379,1,8,2.00,NONE,SEG08,493
2350,60.231,35.645,-0.297,1,8,2.00,NONE,SEG08,493
2351,60.431,35.644,-0.297,1,8,2.00,NONE,SEG08,493
2352,60.631,35.643,-0.335,1,8,2.00,NONE,SEG08,493
2353,60.831,35.642,-0.375,1,8,2.00,NONE,SEG08,494
2354,61.031,35.641,-0.416,1,8,2.00,NONE,SEG08,494
2355,61.231,35.640,-0.456,1,8,2.00,NONE,SEG08,494
2356,61.431,35.639,-0.459,1,8,2.00,NONE,SEG08,494
2357,61.631,35.637,-0.436,1,8,2.00,NONE,SEG08,494
2358,61.831,35.635,-0.398,1,8,2.00,NONE,SEG08,495
2359,62.031,35.634,-0.361,1,8,2.00,NONE,SEG08,495
2360,62.231,35.632,-0.323,1,8,2.00,NONE,SEG08,495
2361,62.431,35.631,-0.308,1,8,2.00,NONE,SEG08,495
2362,62.631,35.630,-0.332,1,8,2.00,NONE,SEG08,495
2363,62.831,35.629,-0.401,1,8,2.00,NONE,SEG08,495
2364,63.031,35.628,-0.470,1,8,2.00,NONE,SEG08,496
2365,63.231,35.627,-0.539,1,8,2.00,NONE,SEG08,496
2366,63.431,35.625,-0.585,1,8,2.00,NONE,SEG08,496
2367,63.631,35.623,-0.583,1,8,2.00,NONE,SEG08,496
2368,63.831,35.621,-0.456,1,8,2.00,NONE,SEG08,496
2369,64.031,35.619,-0.328,1,8,2.00,NONE,SEG08,497
2370,64.231,35.617,-0.201,1,8,2.00,NONE,SEG08,497
2371,64.431,35.615,-0.076,1,8,2.00,NONE,SEG08,497
2372,64.631,35.615,-0.076,1,8,2.00,NONE,SEG08,497
2373,64.831,35.615,0.155,1,8,2.00,NONE,SEG08,497
2374,65.031,35.614,0.474,1,8,2.00,NONE,SEG08,498
2375,65.231,35.614,0.792,1,8,2.00,NONE,SEG08,498
2376,65.431,35.614,1.111,1,8,2.00,NONE,SEG08,498
2377,65.631,35.617,1.198,1,8,2.00,NONE,SEG08,498
2378,65.831,35.621,1.695,1,8,2.00,NONE,SEG08,498
2379,66.031,35.625,2.538,1,8,2.00,NONE,SEG08,499
2380,66.230,35.629,3.381,1,8,2.00,NONE,SEG08,499
2381,66.430,35.633,4.224,1,8,2.00,NONE,SEG08,499
2382,66.630,35.645,4.569,1,8,2.00,NONE,SEG08,499
2383,66.829,35.660,4.990,1,8,2.00,NONE,SEG08,499
2384,67.029,35.676,6.071,1,8,2.00,NONE,SEG08,499
2385,67.228,35.692,7.152,1,8,2.00,NONE,SEG08,500
2386,67.428,35.708,8.233,1,8,2.00,NONE,SEG08,500
2387,67.626,35.730,8.894,1,8,2.00,NONE,SEG08,500
2388,67.824,35.761,9.266,1,8,2.00,NONE,SEG08,500
2389,68.021,35.792,10.568,1,8,2.00,NONE,SEG08,500
2390,68.219,35.823,11.871,1,8,2.00,NONE,SEG08,501
2391,68.417,35.854,13.173,1,8,2.00,NONE,SEG08,501
2392,68.613,35.890,14.102,1,8,2.00,NONE,SEG08,501
2393,68.807,35.938,14.383,1,8,2.00,NONE,SEG08,501
2394,69.001,35.987,15.745,1,8,2.00,NONE,SEG08,501
2395,69.195,36.036,17.108,1,8,2.00,NONE,SEG08,502
2396,69.389,36.085,18.470,1,8,2.00,NONE,SEG08,502
2397,69.582,36.137,19.551,1,8,2.00,NONE,SEG08,502
2398,69.770,36.204,20.090,1,8,2.00,NONE,SEG08,502
2399,69.959,36.271,21.780,1,8,2.00,NONE,SEG08,502
2400,70.147,36.338,23.473,1,8,2.00,NONE,SEG08,503
2401,70.336,36.405,25.164,1,8,2.00,NONE,SEG08,503
2402,70.521,36.479,26.315,1,8,2.00,NONE,SEG08,503
2403,70.701,36.567,27.084,1,8,2.00,NONE,SEG08,503
2404,70.880,36.656,28.802,1,8,2.00,NONE,SEG08,503
2405,71.059,36.745,30.521,1,8,2.00,NONE,SEG08,504
2406,71.238,36.833,32.239,1,8,2.00,NONE,SEG08,504
2407,71.412,36.931,33.189,1,8,2.00,NONE,SEG08,504
2408,71.580,37.041,34.568,1,8,2.00,NONE,SEG08,504
2409,71.747,37.150,36.545,1,8,2.00,NONE,SEG08,505
2410,71.914,37.260,38.523,1,8,2.00,NONE,SEG08,505
2411,72.082,37.369,40.498,1,8,2.00,NONE,SEG08,505
2412,72.238,37.494,41.094,1,8,2.00,NONE,SEG08,505
2413,72.388,37.625,43.302,1,8,2.00,NONE,SEG08,505
2414,72.539,37.757,45.569,1,8,2.00,NONE,SEG08,506
2415,72.690,37.888,47.836,1,8,2.00,NONE,SEG08,506
2416,72.840,38.020,50.097,1,8,2.00,NONE,SEG08,506
2417,72.969,38.173,50.457,1,8,2.00,NONE,SEG08,506
2418,73.097,38.326,52.746,1,8,2.00,NONE,SEG08,506
2419,73.225,38.480,55.041,1,8,2.00,NONE,SEG08,507
2420,73.354,38.633,57.336,1,8,2.00,NONE,SEG08,507
2421,73.478,38.789,59.318,1,8,2.00,NONE,SEG08,507
2422,73.580,38.961,59.723,1,8,2.00,NONE,SEG08,507
2423,73.682,39.133,61.095,1,8,2.00,NONE,SEG08,507
2424,73.785,39.305,62.467,1,8,2.00,NONE,SEG08,508
2425,73.887,39.477,63.840,1,8,2.00,NONE,SEG08,508
2426,73.984,39.652,64.806,1,8,2.00,NONE,SEG08,508
2427,74.069,39.833,65.353,1,8,2.00,NONE,SEG08,508
2428,74.154,40.014,66.880,1,8,2.00,NONE,SEG08,508
2429,74.239,40.195,68.409,1,8,2.00,NONE,SEG08,509
2430,74.324,40.376,69.937,1,8,2.00,NONE,SEG08,509
2431,74.402,40.560,70.918,1,8,2.00,NONE,SEG08,509
2432,74.468,40.749,71.227,1,8,2.00,NONE,SEG08,509
2433,74.533,40.938,72.103,1,8,2.00,NONE,SEG08,509
2434,74.598,41.127,72.979,1,8,2.00,NONE,SEG08,510
2435,74.664,41.316,73.855,1,8,2.00,NONE,SEG08,510
2436,74.725,41.506,74.422,1,8,2.00,NONE,SEG08,510
2437,74.779,41.699,74.683,1,8,2.00,NONE,SEG08,510
2438,74.832,41.892,75.374,1,8,2.00,NONE,SEG08,510
2439,74.886,42.084,76.065,1,8,2.00,NONE,SEG08,511
2440,74.940,42.277,76.756,1,8,2.00,NONE,SEG08,511
2441,74.990,42.470,77.185,1,8,2.00,NONE,SEG08,511
2442,75.034,42.665,77.341,1,8,2.00,NONE,SEG08,511
2443,75.079,42.860,77.673,1,8,2.00,NONE,SEG08,511
2444,75.123,43.055,78.004,1,8,2.00,NONE,SEG08,512
2445,75.168,43.250,78.335,1,8,2.00,NONE,SEG08,512
2446,75.210,43.446,78.510,1,8,2.00,NONE,SEG08,512
2447,75.250,43.642,78.797,1,8,2.00,NONE,SEG08,512
2448,75.289,43.838,79.381,1,8,2.00,NONE,SEG08,512
2449,75.329,44.034,79.965,1,8,2.00,NONE,SEG08,513
2450,75.369,44.230,80.549,1,8,2.00,NONE,SEG08,513
2451,75.405,44.427,80.847,1,8,2.00,NONE,SEG08,513
2452,75.437,44.624,81.019,1,8,2.00,NONE,SEG08,513
2453,75.469,44.822,81.334,1,8,2.00,NONE,SEG08,514
2454,75.500,45.019,81.650,1,8,2.00,NONE,SEG08,514
2455,75.532,45.216,81.965,1,8,2.00,NONE,SEG08,514
2456,75.562,45.414,82.108,1,8,2.00,NONE,SEG08,514
2457,75.589,45.612,82.233,1,8,2.00,NONE,SEG08,514
2458,75.617,45.810,82.413,1,8,2.00,NONE,SEG08,515
2459,75.644,46.009,82.594,1,8,2.00,NONE,SEG08,515
2460,75.672,46.207,82.774,1,8,2.00,NONE,SEG08,515
2461,75.697,46.405,82.829,1,8,2.00,NONE,SEG08,515
2462,75.722,46.603,83.104,1,8,2.00,NONE,SEG08,515
2463,75.747,46.802,83.493,1,8,2.00,NONE,SEG08,516
2464,75.772,47.000,83.882,1,8,2.00,NONE,SEG08,516
2465,75.797,47.199,84.272,1,8,2.00,NONE,SEG08,516
2466,75.818,47.398,84.387,1,8,2.00,NONE,SEG08,516
2467,75.838,47.597,84.567,1,8,2.00,NONE,SEG08,516
2468,75.857,47.796,84.826,1,8,2.00,NONE,SEG08,517
2469,75.877,47.995,85.085,1,8,2.00,NONE,SEG08,517
2470,75.897,48.194,85.343,1,8,2.00,NONE,SEG08,517
2471,75.914,48.393,85.422,1,8,2.00,NONE,SEG08,517
2472,75.930,48.592,85.445,1,8,2.00,NONE,SEG08,517
2473,75.946,48.792,85.482,1,8,2.00,NONE,SEG08,518
2474,75.961,48.991,85.519,1,8,2.00,NONE,SEG08,518
2475,75.977,49.190,85.556,1,8,2.00,NONE,SEG08,518
2476,75.993,49.390,85.571,1,8,2.00,NONE,SEG08,518
2477,76.009,49.589,85.768,1,8,2.00,NONE,SEG08,518
2478,76.024,49.789,86.081,1,8,2.00,NONE,SEG08,519
2479,76.039,49.988,86.395,1,8,2.00,NONE,SEG08,519
2480,76.055,50.187,86.708,1,8,2.00,NONE,SEG08,519
2481,76.068,50.387,86.824,1,8,2.00,NONE,SEG08,519
2482,76.079,50.587,86.995,1,8,2.00,NONE,SEG08,519
2483,76.090,50.786,87.367,1,8,2.00,NONE,SEG08,520
2484,76.101,50.986,87.739,1,8,2.00,NONE,SEG08,520
2485,76.112,51.186,88.111,1,8,2.00,NONE,SEG08,520
2486,76.121,51.386,88.311,1,8,2.00,NONE,SEG08,520
2487,76.126,51.586,88.328,1,8,2.00,NONE,SEG08,520
2488,76.132,51.785,88.368,1,8,2.00,NONE,SEG08,520
2489,76.138,51.985,88.409,1,8,2.00,NONE,SEG08,521
2490,76.144,52.185,88.450,1,8,2.00,NONE,SEG08,521
2491,76.150,52.385,88.474,1,8,2.00,NONE,SEG08,521
2492,76.155,52.585,88.564,1,8,2.00,NONE,SEG08,521
2493,76.160,52.785,88.750,1,8,2.00,NONE,SEG08,521
2494,76.166,52.985,88.935,1,8,2.00,NONE,SEG08,522
2495,76.171,53.185,89.121,1,8,2.00,NONE,SEG08,522
2496,76.175,53.385,89.216,1,8,2.00,NONE,SEG08,522
2497,76.178,53.585,89.380,1,8,2.00,NONE,SEG08,522
2498,76.181,53.785,89.546,1,8,2.00,NONE,SEG08,523
2499,76.183,53.985,89.711,1,8,2.00,NONE,SEG08,523
2500,76.186,54.185,89.876,1,8,2.00,NONE,SEG08,523
2501,76.187,54.385,89.750,1,8,2.00,NONE,SEG08,523
2502,76.187,54.585,89.594,1,8,2.00,NONE,SEG08,523
2503,76.187,54.785,89.438,1,8,2.00,NONE,SEG08,524
2504,76.188,54.985,89.255,1,8,2.00,NONE,SEG08,524
2505,76.190,55.185,89.093,1,8,2.00,NONE,SEG08,524
2506,76.193,55.385,88.960,1,8,2.00,NONE,SEG08,525
2507,76.195,55.585,88.816,1,8,2.00,NONE,SEG08,525
2508,76.198,55.785,88.629,1,8,2.00,NONE,SEG08,525
2509,76.203,55.985,88.547,1,8,2.00,NONE,SEG08,525
2510,76.207,56.185,88.339,1,8,2.00,NONE,SEG08,526
2511,76.212,56.385,88.050,1,8,2.00,NONE,SEG08,526
2512,76.217,56.584,87.808,1,8,2.00,NONE,SEG08,526
2513,76.223,56.784,87.314,1,9,2.00,NONE,SEG09,527
2514,76.230,56.984,86.946,1,9,2.00,NONE,SEG09,527
2515,76.239,57.184,86.805,1,9,2.00,NONE,SEG09,528
2516,76.248,57.384,86.807,1,9,2.00,NONE,SEG09,528
2517,76.261,57.583,87.061,1,9,2.00,NONE,SEG09,528
2518,76.273,57.783,87.207,1,9,2.00,NONE,SEG09,529
2519,76.284,57.983,87.167,1,9,2.00,NONE,SEG09,529
2520,76.293,58.183,87.009,1,9,2.00,NONE,SEG09,530
2521,76.302,58.382,86.734,1,9,2.00,NONE,SEG09,530
2522,76.312,58.582,86.399,1,9,2.00,NONE,SEG09,530
2523,76.323,58.782,86.113,1,9,2.00,NONE,SEG09,531
2524,76.334,58.981,85.827,1,9,2.00,NONE,SEG09,531
2525,76.347,59.181,85.766,1,9,2.00,NONE,SEG09,531
2526,76.362,59.381,85.962,1,9,2.00,NONE,SEG09,531
2527,76.377,59.580,86.157,1,9,2.00,NONE,SEG09,532
2528,76.393,59.779,86.353,1,9,2.00,NONE,SEG09,532
2529,76.406,59.979,86.466,1,9,2.00,NONE,SEG09,532
2530,76.419,60.178,86.726,1,9,2.00,NONE,SEG09,532
2531,76.431,60.378,86.986,1,9,2.00,NONE,SEG09,533
2532,76.443,60.578,87.247,1,9,2.00,NONE,SEG09,533
2533,76.455,60.777,87.481,1,9,2.00,NONE,SEG09,533
2534,76.464,60.977,87.578,1,9,2.00,NONE,SEG09,533
2535,76.473,61.177,87.836,1,9,2.00,NONE,SEG09,533
2536,76.482,61.377,88.095,1,9,2.00,NONE,SEG09,534
2537,76.491,61.577,88.353,1,9,2.00,NONE,SEG09,534
2538,76.498,61.776,88.515,1,9,2.00,NONE,SEG09,534
2539,76.503,61.976,88.785,1,9,2.00,NONE,SEG09,534
2540,76.508,62.176,89.118,1,9,2.00,NONE,SEG09,535
2541,76.514,62.376,89.451,1,9,2.00,NONE,SEG09,535
2542,76.519,62.576,89.785,1,9,2.00,NONE,SEG09,535
2543,76.520,62.776,89.942,1,9,2.00,NONE,SEG09,535
2544,76.521,62.976,90.359,1,9,2.00,NONE,SEG09,535
2545,76.521,63.176,90.776,1,9,2.00,NONE,SEG09,536
2546,76.522,63.376,91.193,1,9,2.00,NONE,SEG09,536
2547,76.521,63.576,91.571,1,9,2.00,NONE,SEG09,536
2548,76.516,63.776,91.970,1,9,2.00,NONE,SEG09,536
2549,76.510,63.976,92.369,1,9,2.00,NONE,SEG09,537
2550,76.505,64.176,92.769,1,9,2.00,NONE,SEG09,537
2551,76.499,64.376,93.327,1,9,2.00,NONE,SEG09,537
2552,76.488,64.576,93.640,1,9,2.00,NONE,SEG09,537
2553,76.477,64.775,93.954,1,9,2.00,NONE,SEG09,538
2554,76.467,64.975,94.267,1,9,2.00,NONE,SEG09,538
2555,76.453,65.174,94.368,1,9,2.00,NONE,SEG09,538
2556,76.437,65.374,94.369,1,9,2.00,NONE,SEG10,539
2557,76.422,65.573,94.386,1,9,2.00,NONE,SEG10,539
2558,76.407,65.773,94.876,1,9,2.00,NONE,SEG10,539
2559,76.392,65.972,95.366,1,9,2.00,NONE,SEG10,539
2560,76.377,66.172,95.856,1,9,2.00,NONE,SEG10,540
2561,76.361,66.371,96.542,1,9,2.00,NONE,SEG10,540
2562,76.339,66.570,96.951,1,9,2.00,NONE,SEG10,540
2563,76.317,66.769,97.361,1,9,2.00,NONE,SEG10,541
2564,76.295,66.967,97.770,1,9,2.00,NONE,SEG10,541
2565,76.270,67.166,98.516,1,9,2.00,NONE,SEG10,541
2566,76.242,67.364,99.458,1,9,2.00,NONE,SEG10,541
2567,76.214,67.562,100.400,1,9,2.00,NONE,SEG10,542
2568,76.187,67.760,101.341,1,9,2.00,NONE,SEG10,542
2569,76.152,67.957,102.298,1,9,2.00,NONE,SEG10,542
2570,76.111,68.152,103.922,1,9,2.00,NONE,SEG10,542
2571,76.070,68.348,105.548,1,9,2.00,NONE,SEG10,543
2572,76.029,68.544,107.173,1,9,2.00,NONE,SEG10,543
2573,75.981,68.738,108.234,1,9,2.00,NONE,SEG10,543
2574,75.919,68.928,109.273,1,9,2.00,NONE,SEG10,543
2575,75.856,69.118,111.127,1,9,2.00,NONE,SEG10,543
2576,75.793,69.308,112.981,1,9,2.00,NONE,SEG10,544
2577,75.731,69.498,114.834,1,9,2.00,NONE,SEG10,544
2578,75.655,69.682,115.648,1,9,2.00,NONE,SEG10,544
2579,75.568,69.863,116.851,1,9,2.00,NONE,SEG10,544
2580,75.482,70.043,118.720,1,9,2.00,NONE,SEG10,545
2581,75.395,70.223,120.591,1,9,2.00,NONE,SEG10,545
2582,75.309,70.403,122.458,1,9,2.00,NONE,SEG10,545
2583,75.207,70.576,123.124,1,9,2.00,NONE,SEG10,545
2584,75.098,70.743,124.816,1,9,2.00,NONE,SEG10,545
2585,74.989,70.911,127.706,1,9,2.00,NONE,SEG10,546
2586,74.880,71.078,130.602,1,9,2.00,NONE,SEG10,546
2587,74.770,71.246,133.489,1,9,2.00,NONE,SEG10,546
2588,74.643,71.398,134.686,1,9,2.00,NONE,SEG10,546
2589,74.502,71.540,135.047,1,9,2.00,NONE,SEG10,546
2590,74.361,71.683,138.084,1,9,2.00,NONE,SEG10,546
2591,74.221,71.825,141.136,1,9,2.00,NONE,SEG10,547
2592,74.080,71.967,144.185,1,9,2.00,NONE,SEG10,547
2593,73.936,72.105,146.861,1,9,2.00,NONE,SEG10,547
2594,73.769,72.215,146.861,1,9,2.00,NONE,SEG10,547
2595,73.601,72.324,146.861,1,9,2.00,NONE,SEG10,547
2596,73.434,72.433,147.817,1,9,2.00,NONE,SEG10,547
2597,73.266,72.543,149.513,1,9,2.00,NONE,SEG10,548
2598,73.099,72.652,151.211,1,9,2.00,NONE,SEG10,548
2599,72.931,72.761,152.907,1,9,2.00,NONE,SEG10,548
2600,72.757,72.859,153.647,1,9,2.00,NONE,SEG10,548
2601,72.578,72.948,153.647,1,9,2.00,NONE,SEG10,548
2602,72.399,73.037,153.822,1,9,2.00,NONE,SEG10,548
2603,72.220,73.125,155.339,1,9,2.00,NONE,SEG10,549
2604,72.041,73.214,156.857,1,9,2.00,NONE,SEG10,549
2605,71.861,73.303,158.375,1,9,2.00,NONE,SEG10,549
2606,71.681,73.390,159.716,1,9,2.00,NONE,SEG10,549
2607,71.494,73.459,159.716,1,9,2.00,NONE,SEG10,549
2608,71.306,73.528,159.716,1,9,2.00,NONE,SEG10,549
2609,71.118,73.598,160.592,1,9,2.00,NONE,SEG10,549
2610,70.931,73.667,161.944,1,9,2.00,NONE,SEG10,550
2611,70.743,73.736,163.295,1,9,2.00,NONE,SEG10,550
2612,70.556,73.806,164.646,1,9,2.00,NONE,SEG10,550
2613,70.364,73.863,165.120,1,9,2.00,NONE,SEG10,550
2614,70.171,73.915,165.120,1,9,2.00,NONE,SEG10,550
2615,69.978,73.966,165.269,1,9,2.00,NONE,SEG10,550
2616,69.784,74.017,166.257,1,9,2.00,NONE,SEG10,551
2617,69.591,74.069,167.246,1,9,2.00,NONE,SEG10,551
2618,69.398,74.120,168.235,1,9,2.00,NONE,SEG10,551
2619,69.204,74.169,169.074,1,9,2.00,NONE,SEG10,551
2620,69.008,74.207,169.074,1,9,2.00,NONE,SEG10,551
2621,68.811,74.245,169.074,1,9,2.00,NONE,SEG10,551
2622,68.615,74.283,169.892,1,9,2.00,NONE,SEG10,552
2623,68.419,74.321,170.762,1,9,2.00,NONE,SEG10,552
2624,68.222,74.359,171.633,1,9,2.00,NONE,SEG10,552
2625,68.026,74.397,172.503,1,9,2.00,NONE,SEG10,552
2626,67.828,74.424,172.554,1,9,2.00,NONE,SEG10,552
2627,67.629,74.449,173.134,1,9,2.00,NONE,SEG10,552
2628,67.431,74.475,173.873,1,9,2.00,NONE,SEG10,553
2629,67.233,74.501,174.612,1,9,2.00,NONE,SEG10,553
2630,67.034,74.527,175.351,1,9,2.00,NONE,SEG10,553
2631,66.835,74.545,175.510,1,9,2.00,NONE,SEG10,553
2632,66.636,74.561,175.897,1,9,2.00,NONE,SEG10,553
2633,66.436,74.576,176.471,1,9,2.00,NONE,SEG10,554
2634,66.237,74.592,177.046,1,9,2.00,NONE,SEG10,554
2635,66.038,74.608,177.620,1,9,2.00,NONE,SEG10,554
2636,65.838,74.618,177.807,1,9,2.00,NONE,SEG10,554
2637,65.638,74.626,178.054,1,9,2.00,NONE,SEG10,554
2638,65.438,74.633,178.448,1,9,2.00,NONE,SEG10,555
2639,65.238,74.641,178.842,1,9,2.00,NONE,SEG10,555
2640,65.039,74.649,179.236,1,9,2.00,NONE,SEG10,555
2641,64.839,74.653,179.383,1,9,2.00,NONE,SEG10,555
2642,64.639,74.655,179.503,1,9,2.00,NONE,SEG10,555
2643,64.439,74.657,179.718,1,9,2.00,NONE,SEG10,556
2644,64.239,74.659,179.934,1,9,2.00,NONE,SEG10,556
2645,64.039,74.661,-179.851,1,9,2.00,NONE,SEG10,556
2646,63.839,74.662,-179.757,1,9,2.00,NONE,SEG10,556
2647,63.639,74.661,-179.632,1,9,2.00,NONE,SEG10,556
2648,63.439,74.660,-179.389,1,9,2.00,NONE,SEG10,557
2649,63.239,74.659,-179.146,1,9,2.00,NONE,SEG10,557
2650,63.039,74.658,-178.902,1,9,2.00,NONE,SEG10,557
2651,62.839,74.656,-178.785,1,9,2.00,NONE,SEG10,557
2652,62.639,74.652,-178.809,1,9,2.00,NONE,SEG10,557
2653,62.439,74.647,-178.862,1,9,2.00,NONE,SEG10,557
2654,62.239,74.643,-178.914,1,9,2.00,NONE,SEG10,558
2655,62.039,74.639,-178.967,1,9,2.00,NONE,SEG10,558
2656,61.839,74.635,-178.995,1,9,2.00,NONE,SEG10,558
2657,61.639,74.631,-179.064,1,9,2.00,NONE,SEG10,558
2658,61.439,74.628,-179.292,1,9,2.00,NONE,SEG10,558
2659,61.239,74.624,-179.520,1,9,2.00,NONE,SEG10,559
2660,61.039,74.621,-179.748,1,9,2.00,NONE,SEG10,559
2661,60.839,74.618,-179.907,1,9,2.00,NONE,SEG10,559
2662,60.639,74.618,-179.911,1,9,2.00,NONE,SEG10,559
2663,60.439,74.618,179.995,1,9,2.00,NONE,SEG10,559
2664,60.239,74.617,179.902,1,9,2.00,NONE,SEG10,560
2665,60.039,74.617,179.808,1,9,2.00,NONE,SEG10,560
2666,59.839,74.617,179.719,1,9,2.00,NONE,SEG10,560
2667,59.639,74.618,179.719,1,9,2.00,NONE,SEG10,560
2668,59.439,74.619,179.675,1,9,2.00,NONE,SEG10,560
2669,59.239,74.620,179.618,1,9,2.00,NONE,SEG10,561
2670,59.039,74.621,179.560,1,9,2.00,NONE,SEG10,561
2671,58.839,74.622,179.503,1,9,2.00,NONE,SEG10,561
2672,58.639,74.623,179.488,1,9,2.00,NONE,SEG10,561
2673,58.439,74.625,179.416,1,9,2.00,NONE,SEG10,561
2674,58.239,74.627,179.232,1,9,2.00,NONE,SEG10,562
2675,58.039,74.629,179.048,1,9,2.00,NONE,SEG10,562
2676,57.839,74.630,178.865,1,9,2.00,NONE,SEG10,562
2677,57.639,74.633,178.754,1,9,2.00,NONE,SEG10,562
2678,57.439,74.638,178.754,1,9,2.00,NONE,SEG10,562
2679,57.239,74.642,178.626,1,9,2.00,NONE,SEG10,562
2680,57.039,74.646,178.498,1,9,2.00,NONE,SEG10,563
2681,56.839,74.651,178.371,1,9,2.00,NONE,SEG10,563
2682,56.639,74.655,178.243,1,9,2.00,NONE,SEG10,563
2683,56.439,74.661,178.243,1,9,2.00,NONE,SEG10,563
2684,56.240,74.667,178.267,1,9,2.00,NONE,SEG10,563
2685,56.040,74.673,178.305,1,9,2.00,NONE,SEG10,564
2686,55.840,74.680,178.344,1,9,2.00,NONE,SEG10,564
2687,55.640,74.686,178.383,1,9,2.00,NONE,SEG10,564
2688,55.440,74.691,178.398,1,9,2.00,NONE,SEG10,564
2689,55.240,74.697,178.394,1,9,2.00,NONE,SEG10,564
2690,55.040,74.703,178.376,1,9,2.00,NONE,SEG10,564
2691,54.840,74.708,178.357,1,9,2.00,NONE,SEG10,565
2692,54.640,74.714,178.339,1,9,2.00,NONE,SEG10,565
2693,54.440,74.719,178.324,1,9,2.00,NONE,SEG10,565
2694,54.240,74.725,178.324,1,9,2.00,NONE,SEG10,565
2695,54.040,74.731,178.259,1,9,2.00,NONE,SEG10,565
2696,53.841,74.737,178.182,1,9,2.00,NONE,SEG10,566
2697,53.641,74.743,178.105,1,9,2.00,NONE,SEG10,566
2698,53.441,74.749,178.028,1,9,2.00,NONE,SEG10,566
2699,53.241,74.755,178.016,1,9,2.00,NONE,SEG10,566
2700,53.041,74.762,178.006,1,9,2.00,NONE,SEG10,566
2701,52.841,74.769,177.988,1,9,2.00,NONE,SEG10,567
2702,52.641,74.776,177.969,1,9,2.00,NONE,SEG10,567
2703,52.441,74.783,177.950,1,9,2.00,NONE,SEG10,567
2704,52.241,74.790,177.942,1,9,2.00,NONE,SEG10,567
2705,52.042,74.797,177.979,1,9,2.00,NONE,SEG10,567
2706,51.842,74.805,178.164,1,9,2.00,NONE,SEG10,567
2707,51.642,74.812,178.349,1,9,2.00,NONE,SEG10,568
2708,51.442,74.819,178.534,1,9,2.00,NONE,SEG10,568
2709,51.242,74.826,178.681,1,9,2.00,NONE,SEG10,568
2710,51.042,74.830,178.681,1,9,2.00,NONE,SEG10,568
2711,50.842,74.835,178.851,1,9,2.00,NONE,SEG10,568
2712,50.642,74.839,179.044,1,9,2.00,NONE,SEG10,569
2713,50.442,74.844,179.236,1,9,2.00,NONE,SEG10,569
2714,50.242,74.849,179.429,1,9,2.00,NONE,SEG10,569
2715,50.042,74.851,179.451,1,9,2.00,NONE,SEG10,569
2716,49.842,74.853,179.518,1,9,2.00,NONE,SEG10,569
2717,49.642,74.855,179.631,1,9,2.00,NONE,SEG10,570
2718,49.442,74.857,179.744,1,9,2.00,NONE,SEG10,570
2719,49.242,74.859,179.857,1,9,2.00,NONE,SEG10,570
2720,49.042,74.860,179.904,1,9,2.00,NONE,SEG10,570
2721,48.842,74.860,179.925,1,9,2.00,NONE,SEG10,570
2722,48.642,74.860,-179.989,1,9,2.00,NONE,SEG10,570
2723,48.442,74.861,-179.904,1,9,2.00,NONE,SEG10,571
2724,48.242,74.861,-179.818,1,9,2.00,NONE,SEG10,571
2725,48.042,74.861,-179.755,1,9,2.00,NONE,SEG10,571
2726,47.842,74.860,-179.755,1,9,2.00,NONE,SEG10,571
2727,47.642,74.859,-179.643,1,9,2.00,NONE,SEG10,571
2728,47.442,74.858,-179.527,1,9,2.00,NONE,SEG10,572
2729,47.242,74.857,-179.410,1,9,2.00,NONE,SEG10,572
2730,47.042,74.857,-179.294,1,9,2.00,NONE,SEG10,572
2731,46.842,74.854,-179.289,1,9,2.00,NONE,SEG10,572
2732,46.642,74.852,-179.411,1,9,2.00,NONE,SEG10,572
2733,46.442,74.849,-179.561,1,9,2.00,NONE,SEG10,573
2734,46.242,74.847,-179.711,1,9,2.00,NONE,SEG10,573
2735,46.043,74.844,-179.861,1,9,2.00,NONE,SEG10,573
2736,45.843,74.844,-179.890,1,9,2.00,NONE,SEG10,573
2737,45.643,74.843,-179.958,1,9,2.00,NONE,SEG10,573
2738,45.443,74.843,179.946,1,9,2.00,NONE,SEG10,574
2739,45.243,74.842,179.849,1,9,2.00,NONE,SEG10,574
2740,45.043,74.842,179.753,1,9,2.00,NONE,SEG10,574
2741,44.843,74.843,179.724,1,9,2.00,NONE,SEG10,574
2742,44.643,74.844,179.711,1,9,2.00,NONE,SEG10,574
2743,44.443,74.844,179.687,1,9,2.00,NONE,SEG10,575
2744,44.243,74.845,179.663,1,9,2.00,NONE,SEG10,575
2745,44.043,74.846,179.638,1,9,2.00,NONE,SEG10,575
2746,43.843,74.848,179.628,1,9,2.00,NONE,SEG10,575
2747,43.643,74.849,179.599,1,9,2.00,NONE,SEG10,575
2748,43.443,74.850,179.533,1,9,2.00,NONE,SEG10,576
2749,43.243,74.851,179.467,1,9,2.00,NONE,SEG10,576
2750,43.043,74.853,179.401,1,9,2.00,NONE,SEG10,576
2751,42.843,74.854,179.364,1,9,2.00,NONE,SEG10,576
2752,42.643,74.857,179.293,1,9,2.00,NONE,SEG10,576
2753,42.443,74.859,179.025,1,9,2.00,NONE,SEG10,576
2754,42.243,74.861,178.756,1,9,2.00,NONE,SEG10,577
2755,42.043,74.863,178.488,1,9,2.00,NONE,SEG10,577
2756,41.843,74.867,178.290,1,9,2.00,NONE,SEG10,577
2757,41.643,74.872,178.285,1,9,2.00,NONE,SEG10,577
2758,41.443,74.878,178.266,1,9,2.00,NONE,SEG10,577
2759,41.243,74.884,178.246,1,9,2.00,NONE,SEG10,578
2760,41.043,74.890,178.226,1,9,2.00,NONE,SEG10,578
2761,40.843,74.896,178.212,1,9,2.00,NONE,SEG10,578
2762,40.643,74.903,178.203,1,9,2.00,NONE,SEG10,578
2763,40.443,74.909,178.170,1,9,2.00,NONE,SEG10,578
2764,40.243,74.915,178.137,1,9,2.00,NONE,SEG10,579
2765,40.043,74.921,178.105,1,9,2.00,NONE,SEG10,579
2766,39.844,74.928,178.080,1,9,2.00,NONE,SEG10,579
2767,39.644,74.934,178.090,1,9,2.00,NONE,SEG10,579
2768,39.444,74.941,178.158,1,9,2.00,NONE,SEG10,579
2769,39.244,74.948,178.226,1,9,2.00,NONE,SEG10,580
2770,39.044,74.955,178.294,1,9,2.00,NONE,SEG10,580
2771,38.844,74.961,178.352,1,9,2.00,NONE,SEG10,580
2772,38.644,74.967,178.352,1,9,2.00,NONE,SEG10,580
2773,38.444,74.973,178.431,1,9,2.00,NONE,SEG10,580
2774,38.244,74.978,178.548,1,9,2.00,NONE,SEG10,581
2775,38.044,74.984,178.665,1,9,2.00,NONE,SEG10,581
2776,37.845,74.990,178.783,1,9,2.00,NONE,SEG10,581
2777,37.645,74.995,178.820,1,9,2.00,NONE,SEG10,581
2778,37.445,74.999,178.820,1,9,2.00,NONE,SEG10,581
2779,37.245,75.003,178.847,1,9,2.00,NONE,SEG10,581
2780,37.045,75.007,178.876,1,9,2.00,NONE,SEG10,582
2781,36.845,75.011,178.904,1,9,2.00,NONE,SEG10,582
2782,36.645,75.015,178.932,1,9,2.00,NONE,SEG10,582
2783,36.445,75.019,178.933,1,9,2.00,NONE,SEG10,582
2784,36.245,75.023,178.933,1,9,2.00,NONE,SEG10,582
2785,36.045,75.026,179.072,1,9,2.00,NONE,SEG10,582
2786,35.845,75.030,179.265,1,9,2.00,NONE,SEG10,583
2787,35.645,75.034,179.458,1,9,2.00,NONE,SEG10,583
2788,35.445,75.037,179.651,1,9,2.00,NONE,SEG10,583
2789,35.245,75.039,179.704,1,9,2.00,NONE,SEG10,583
2790,35.045,75.040,179.704,1,9,2.00,NONE,SEG10,583
2791,34.845,75.041,179.764,1,9,2.00,NONE,SEG10,583
2792,34.645,75.042,179.986,1,9,2.00,NONE,SEG10,584
2793,34.445,75.043,-179.791,1,9,2.00,NONE,SEG10,584
2794,34.245,75.044,-179.569,1,9,2.00,NONE,SEG10,584
2795,34.045,75.045,-179.406,1,9,2.00,NONE,SEG10,584
2796,33.845,75.043,-179.406,1,9,2.00,NONE,SEG10,584
2797,33.645,75.040,-179.406,1,9,2.00,NONE,SEG10,584
2798,33.445,75.038,-179.397,1,9,2.00,NONE,SEG10,584
2799,33.245,75.036,-179.383,1,9,2.00,NONE,SEG10,585
2800,33.045,75.034,-179.369,1,9,2.00,NONE,SEG10,585
2801,32.845,75.032,-179.355,1,9,2.00,NONE,SEG10,585
2802,32.645,75.030,-179.350,1,9,2.00,NONE,SEG10,585
2803,32.445,75.028,-179.350,1,9,2.00,NONE,SEG10,585
2804,32.245,75.025,-179.363,1,9,2.00,NONE,SEG10,585
2805,32.045,75.023,-179.449,1,9,2.00,NONE,SEG10,586
2806,31.845,75.021,-179.535,1,9,2.00,NONE,SEG10,586
2807,31.645,75.019,-179.620,1,9,2.00,NONE,SEG10,586
2808,31.445,75.017,-179.693,1,9,2.00,NONE,SEG10,586
2809,31.245,75.015,-179.693,1,9,2.00,NONE,SEG10,586
2810,31.045,75.014,-179.693,1,9,2.00,NONE,SEG10,586
2811,30.845,75.013,-179.708,1,9,2.00,NONE,SEG10,586
2812,30.645,75.012,-179.732,1,9,2.00,NONE,SEG10,587
2813,30.445,75.011,-179.755,1,9,2.00,NONE,SEG10,587
2814,30.245,75.010,-179.779,1,9,2.00,NONE,SEG10,587
2815,30.045,75.009,-179.787,1,9,2.00,NONE,SEG10,587
2816,29.845,75.009,-179.787,1,9,2.00,NONE,SEG10,587
2817,29.645,75.008,-179.828,1,9,2.00,NONE,SEG10,587
2818,29.445,75.007,179.917,1,9,2.00,NONE,SEG10,588
2819,29.245,75.006,179.662,1,9,2.00,NONE,SEG10,588
2820,29.045,75.006,179.406,1,9,2.00,NONE,SEG10,588
2821,28.845,75.005,179.192,1,9,2.00,NONE,SEG10,588
2822,28.645,75.008,179.192,1,9,2.00,NONE,SEG10,588
2823,28.445,75.011,179.192,1,9,2.00,NONE,SEG10,588
2824,28.245,75.014,179.074,1,9,2.00,NONE,SEG10,588
2825,28.045,75.017,178.902,1,9,2.00,NONE,SEG10,589
2826,27.845,75.019,178.729,1,9,2.00,NONE,SEG10,589
2827,27.645,75.022,178.556,1,9,2.00,NONE,SEG10,589
2828,27.445,75.027,178.501,1,9,2.00,NONE,SEG10,589
2829,27.245,75.032,178.501,1,9,2.00,NONE,SEG10,589
2830,27.046,75.037,178.465,1,9,2.00,NONE,SEG10,589
2831,26.846,75.042,178.317,1,9,2.00,NONE,SEG10,590
2832,26.646,75.048,178.170,1,9,2.00,NONE,SEG10,590
2833,26.446,75.053,178.023,1,9,2.00,NONE,SEG10,590
2834,26.246,75.059,177.912,1,9,2.00,NONE,SEG10,590
2835,26.046,75.066,177.912,1,9,2.00,NONE,SEG10,590
2836,25.846,75.073,177.912,1,9,2.00,NONE,SEG10,590
2837,25.646,75.081,177.869,1,9,2.00,NONE,SEG10,591
2838,25.446,75.088,177.822,1,9,2.00,NONE,SEG10,591
2839,25.246,75.095,177.775,1,9,2.00,NONE,SEG10,591
2840,25.047,75.102,177.728,1,9,2.00,NONE,SEG10,591
2841,24.847,75.110,177.723,1,9,2.00,NONE,SEG10,591
2842,24.647,75.118,177.723,1,9,2.00,NONE,SEG10,591
2843,24.447,75.126,177.835,1,9,2.00,NONE,SEG10,591
2844,24.247,75.134,177.972,1,9,2.00,NONE,SEG10,592
2845,24.047,75.142,178.109,1,9,2.00,NONE,SEG10,592
2846,23.848,75.150,178.245,1,9,2.00,NONE,SEG10,592
2847,23.648,75.156,178.271,1,9,2.00,NONE,SEG10,592
2848,23.448,75.162,178.271,1,9,2.00,NONE,SEG10,592
2849,23.248,75.168,178.347,1,9,2.00,NONE,SEG10,592
2850,23.048,75.174,178.448,1,9,2.00,NONE,SEG10,593
2851,22.848,75.181,178.549,1,9,2.00,NONE,SEG10,593
2852,22.648,75.187,178.649,1,9,2.00,NONE,SEG10,593
2853,22.448,75.192,178.674,1,9,2.00,NONE,SEG10,593
2854,22.248,75.196,178.674,1,9,2.00,NONE,SEG10,593
2855,22.048,75.201,178.656,1,9,2.00,NONE,SEG10,593
2856,21.848,75.205,178.629,1,9,2.00,NONE,SEG10,594
2857,21.648,75.210,178.602,1,9,2.00,NONE,SEG10,594
2858,21.448,75.215,178.575,1,9,2.00,NONE,SEG10,594
2859,21.249,75.220,178.566,1,9,2.00,NONE,SEG10,594
2860,21.049,75.225,178.566,1,9,2.00,NONE,SEG10,594
2861,20.849,75.230,178.608,1,9,2.00,NONE,SEG10,594
2862,20.649,75.235,178.703,1,9,2.00,NONE,SEG10,595
2863,20.449,75.240,178.798,1,9,2.00,NONE,SEG10,595
2864,20.249,75.245,178.893,1,9,2.00,NONE,SEG10,595
2865,20.049,75.249,178.946,1,9,2.00,NONE,SEG10,595
2866,19.849,75.253,178.946,1,9,2.00,NONE,SEG10,595
2867,19.649,75.256,178.954,1,9,2.00,NONE,SEG10,595
2868,19.449,75.260,178.990,1,9,2.00,NONE,SEG10,596
2869,19.249,75.264,179.025,1,9,2.00,NONE,SEG10,596
2870,19.049,75.267,179.061,1,9,2.00,NONE,SEG10,596
2871,18.849,75.271,179.088,1,9,2.00,NONE,SEG10,596
2872,18.649,75.274,179.088,1,9,2.00,NONE,SEG10,596
2873,18.449,75.277,179.088,1,9,2.00,NONE,SEG10,596
2874,18.249,75.280,179.188,1,9,2.00,NONE,SEG10,597
2875,18.049,75.284,179.308,1,9,2.00,NONE,SEG10,597
2876,17.849,75.287,179.429,1,9,2.00,NONE,SEG10,597
2877,17.649,75.290,179.549,1,9,2.00,NONE,SEG10,597
2878,17.449,75.292,179.569,1,9,2.00,NONE,SEG10,597
2879,17.249,75.293,179.569,1,9,2.00,NONE,SEG10,597
2880,17.049,75.295,179.592,1,9,2.00,NONE,SEG10,597
2881,16.849,75.296,179.680,1,9,2.00,NONE,SEG10,598
2882,16.649,75.298,179.768,1,9,2.00,NONE,SEG10,598
2883,16.449,75.299,179.856,1,9,2.00,NONE,SEG10,598
2884,16.249,75.301,179.920,1,9,2.00,NONE,SEG10,598
2885,16.049,75.301,179.920,1,9,2.00,NONE,SEG10,598
2886,15.849,75.301,179.920,1,9,2.00,NONE,SEG10,598
2887,15.649,75.301,179.909,1,9,2.00,NONE,SEG10,599
2888,15.449,75.302,179.896,1,9,2.00,NONE,SEG10,599
2889,15.249,75.302,179.882,1,9,2.00,NONE,SEG10,599
2890,15.049,75.302,179.868,1,9,2.00,NONE,SEG10,599
2891,14.849,75.303,179.866,1,9,2.00,NONE,SEG10,599
2892,14.649,75.303,179.866,1,9,2.00,NONE,SEG10,599
2893,14.449,75.304,179.945,1,9,2.00,NONE,SEG10,599
2894,14.249,75.304,-179.932,1,9,2.00,NONE,SEG10,600
2895,14.049,75.305,-179.810,1,9,2.00,NONE,SEG10,600
2896,13.849,75.305,-179.687,1,9,2.00,NONE,SEG10,600
2897,13.649,75.304,-179.644,1,9,2.00,NONE,SEG10,600
2898,13.449,75.303,-179.644,1,9,2.00,NONE,SEG10,600
2899,13.249,75.302,-179.582,1,9,2.00,NONE,SEG10,600
2900,13.049,75.301,-179.454,1,9,2.00,NONE,SEG10,601
2901,12.849,75.299,-179.326,1,9,2.00,NONE,SEG10,601
2902,12.649,75.298,-179.198,1,9,2.00,NONE,SEG10,601
2903,12.449,75.296,-179.132,1,9,2.00,NONE,SEG10,601
2904,12.249,75.293,-179.132,1,9,2.00,NONE,SEG10,601
2905,12.049,75.290,-179.156,1,9,2.00,NONE,SEG10,601
2906,11.849,75.287,-179.221,1,9,2.00,NONE,SEG10,602
2907,11.649,75.284,-179.286,1,9,2.00,NONE,SEG10,602
2908,11.449,75.281,-179.350,1,9,2.00,NONE,SEG10,602
2909,11.249,75.278,-179.391,1,9,2.00,NONE,SEG10,602
2910,11.049,75.276,-179.391,1,9,2.00,NONE,SEG10,602
2911,10.849,75.274,-179.354,1,9,2.00,NONE,SEG10,602
2912,10.649,75.272,-179.278,1,9,2.00,NONE,SEG10,603
2913,10.449,75.270,-179.202,1,9,2.00,NONE,SEG10,603
2914,10.250,75.268,-179.126,1,9,2.00,NONE,SEG10,603
2915,10.050,75.265,-179.087,1,9,2.00,NONE,SEG10,603
2916,9.850,75.262,-179.087,1,9,2.00,NONE,SEG10,603
2917,9.650,75.259,-179.006,1,9,2.00,NONE,SEG10,603
2918,9.450,75.255,-178.846,1,9,2.00,NONE,SEG10,604
2919,9.250,75.252,-178.685,1,9,2.00,NONE,SEG10,604
2920,9.050,75.249,-178.525,1,9,2.00,NONE,SEG10,604
2921,8.850,75.245,-178.445,1,9,2.00,NONE,SEG10,604
2922,8.650,75.239,-178.445,1,9,2.00,NONE,SEG10,604
2923,8.450,75.234,-178.455,1,9,2.00,NONE,SEG10,604
2924,8.250,75.228,-178.474,1,9,2.00,NONE,SEG10,605
2925,8.050,75.223,-178.494,1,9,2.00,NONE,SEG10,605
2926,7.850,75.218,-178.513,1,9,2.00,NONE,SEG10,605
2927,7.650,75.212,-178.522,1,9,2.00,NONE,SEG10,605
2928,7.450,75.207,-178.522,1,9,2.00,NONE,SEG10,605
2929,7.250,75.202,-178.463,1,9,2.00,NONE,SEG10,605
2930,7.050,75.197,-178.343,1,9,2.00,NONE,SEG10,606
2931,6.850,75.192,-178.224,1,9,2.00,NONE,SEG10,606
2932,6.650,75.186,-178.105,1,9,2.00,NONE,SEG10,606
2933,6.451,75.180,-178.045,1,9,2.00,NONE,SEG10,606
2934,6.251,75.174,-178.045,1,9,2.00,NONE,SEG10,606
2935,6.051,75.167,-177.900,1,9,2.00,NONE,SEG10,606
2936,5.851,75.160,-177.542,1,9,2.00,NONE,SEG10,607
2937,5.651,75.153,-177.185,1,9,2.00,NONE,SEG10,607
2938,5.451,75.146,-176.827,1,9,2.00,NONE,SEG10,607
2939,5.251,75.137,-176.615,1,9,2.00,NONE,SEG10,607
2940,5.052,75.126,-176.615,1,9,2.00,NONE,SEG10,607
2941,4.852,75.114,-176.353,1,9,2.00,NONE,SEG10,607
2942,4.652,75.102,-175.658,1,9,2.00,NONE,SEG10,608
2943,4.453,75.090,-174.962,1,9,2.00,NONE,SEG10,608
2944,4.253,75.078,-174.267,1,9,2.00,NONE,SEG10,608
2945,4.054,75.063,-173.833,1,9,2.00,NONE,SEG10,608
2946,3.855,75.042,-173.833,1,9,2.00,NONE,SEG10,608
2947,3.656,75.020,-172.943,1,9,2.00,NONE,SEG10,608
2948,3.457,74.999,-171.320,1,9,2.00,NONE,SEG10,609
2949,3.258,74.977,-169.696,1,9,2.00,NONE,SEG10,609
2950,3.060,74.956,-168.074,1,9,2.00,NONE,SEG10,609
2951,2.863,74.922,-167.341,1,9,2.00,NONE,SEG10,609
2952,2.668,74.878,-167.341,1,9,2.00,NONE,SEG10,609
2953,2.472,74.834,-165.603,1,9,2.00,NONE,SEG10,609
2954,2.277,74.790,-163.333,1,9,2.00,NONE,SEG10,610
2955,2.082,74.747,-161.061,1,9,2.00,NONE,SEG10,610
2956,1.887,74.703,-158.794,1,9,2.00,NONE,SEG10,610
2957,1.699,74.636,-158.265,1,9,2.00,NONE,SEG10,610
2958,1.513,74.562,-157.579,1,9,2.00,NONE,SEG10,610
2959,1.327,74.488,-155.116,1,9,2.00,NONE,SEG10,611
2960,1.142,74.414,-152.647,1,9,2.00,NONE,SEG10,611
2961,0.956,74.339,-150.180,1,9,2.00,NONE,SEG10,611
2962,0.774,74.257,-148.402,1,9,2.00,NONE,SEG10,611
2963,0.604,74.152,-148.402,1,9,2.00,NONE,SEG10,611
2964,0.434,74.047,-145.984,1,9,2.00,NONE,SEG10,611
2965,0.263,73.943,-143.387,1,9,2.00,NONE,SEG10,612
2966,0.093,73.838,-140.789,1,9,2.00,NONE,SEG10,612
2967,-0.077,73.733,-138.201,1,9,2.00,NONE,SEG10,612
2968,-0.227,73.601,-138.029,1,9,2.00,NONE,SEG10,612
2969,-0.376,73.467,-136.647,1,9,2.00,NONE,SEG10,612
2970,-0.525,73.334,-134.176,1,9,2.00,NONE,SEG10,613
2971,-0.674,73.200,-131.700,1,9,2.00,NONE,SEG10,613
2972,-0.822,73.066,-129.230,1,9,2.00,NONE,SEG10,613
2973,-0.957,72.919,-128.143,1,9,2.00,NONE,SEG10,613
2974,-1.080,72.762,-128.073,1,9,2.00,NONE,SEG10,613
2975,-1.204,72.605,-126.078,1,9,2.00,NONE,SEG10,613
2976,-1.327,72.447,-124.079,1,9,2.00,NONE,SEG10,614
2977,-1.451,72.290,-122.080,1,9,2.00,NONE,SEG10,614
2978,-1.574,72.132,-120.154,1,9,2.00,NONE,SEG10,614
2979,-1.674,71.959,-120.154,1,9,2.00,NONE,SEG10,614
2980,-1.775,71.786,-119.345,1,9,2.00,NONE,SEG10,614
2981,-1.875,71.613,-117.773,1,9,2.00,NONE,SEG10,615
2982,-1.976,71.440,-116.200,1,9,2.00,NONE,SEG10,615
2983,-2.076,71.268,-114.628,1,9,2.00,NONE,SEG10,615
2984,-2.166,71.089,-113.866,1,9,2.00,NONE,SEG10,615
2985,-2.247,70.907,-113.866,1,9,2.00,NONE,SEG10,615
2986,-2.328,70.724,-112.349,1,9,2.00,NONE,SEG10,615
2987,-2.409,70.541,-110.746,1,9,2.00,NONE,SEG10,616
2988,-2.490,70.358,-109.142,1,9,2.00,NONE,SEG10,616
2989,-2.571,70.175,-107.540,1,9,2.00,NONE,SEG10,616
2990,-2.632,69.985,-107.455,1,9,2.00,NONE,SEG10,616
2991,-2.692,69.794,-106.996,1,9,2.00,NONE,SEG10,616
2992,-2.752,69.603,-105.552,1,9,2.00,NONE,SEG10,617
2993,-2.812,69.412,-104.107,1,9,2.00,NONE,SEG10,617
2994,-2.872,69.221,-102.662,1,9,2.00,NONE,SEG10,617
2995,-2.926,69.029,-101.676,1,9,2.00,NONE,SEG10,617
2996,-2.966,68.833,-101.676,1,9,2.00,NONE,SEG10,617
2997,-3.007,68.637,-100.889,1,9,2.00,NONE,SEG10,617
2998,-3.047,68.441,-99.717,1,9,2.00,NONE,SEG10,618
2999,-3.088,68.246,-98.545,1,9,2.00,NONE,SEG10,618
3000,-3.128,68.050,-97.374,1,9,2.00,NONE,SEG10,618
3001,-3.158,67.852,-96.989,1,9,2.00,NONE,SEG10,618
3002,-3.182,67.654,-96.969,1,9,2.00,NONE,SEG10,618
3003,-3.207,67.455,-96.206,1,9,2.00,NONE,SEG10,618
3004,-3.231,67.257,-95.442,1,9,2.00,NONE,SEG10,619
3005,-3.255,67.058,-94.678,1,9,2.00,NONE,SEG10,619
3006,-3.279,66.860,-93.935,1,9,2.00,NONE,SEG10,619
3007,-3.293,66.660,-93.935,1,9,2.00,NONE,SEG10,619
3008,-3.307,66.460,-93.785,1,9,2.00,NONE,SEG10,619
3009,-3.321,66.261,-93.405,1,9,2.00,NONE,SEG10,620
3010,-3.334,66.061,-93.026,1,9,2.00,NONE,SEG10,620
3011,-3.348,65.862,-92.647,1,9,2.00,NONE,SEG10,620
3012,-3.360,65.662,-92.417,1,9,2.00,NONE,SEG10,620
3013,-3.368,65.462,-92.417,1,9,2.00,NONE,SEG10,620
3014,-3.376,65.263,-92.212,1,9,2.00,NONE,SEG10,620
3015,-3.385,65.063,-91.942,1,9,2.00,NONE,SEG10,621
3016,-3.393,64.863,-91.671,1,9,2.00,NONE,SEG10,621
3017,-3.402,64.663,-91.401,1,9,2.00,NONE,SEG10,621
3018,-3.407,64.463,-91.335,1,9,2.00,NONE,SEG10,621
3019,-3.412,64.263,-91.332,1,9,2.00,NONE,SEG10,621
3020,-3.417,64.063,-91.300,1,9,2.00,NONE,SEG10,621
3021,-3.421,63.863,-91.268,1,9,2.00,NONE,SEG10,622
3022,-3.426,63.663,-91.236,1,9,2.00,NONE,SEG10,622
3023,-3.431,63.463,-91.208,1,9,2.00,NONE,SEG10,622
3024,-3.435,63.264,-91.208,1,9,2.00,NONE,SEG10,622
3025,-3.439,63.064,-91.203,1,9,2.00,NONE,SEG10,622
3026,-3.443,62.864,-91.193,1,9,2.00,NONE,SEG10,623
3027,-3.447,62.664,-91.182,1,9,2.00,NONE,SEG10,623
3028,-3.452,62.464,-91.172,1,9,2.00,NONE,SEG10,623
3029,-3.456,62.264,-91.166,1,9,2.00,NONE,SEG10,623
3030,-3.460,62.064,-91.166,1,9,2.00,NONE,SEG10,623
3031,-3.464,61.864,-91.002,1,9,2.00,NONE,SEG10,623
3032,-3.468,61.664,-90.806,1,9,2.00,NONE,SEG10,624
3033,-3.472,61.464,-90.609,1,9,2.00,NONE,SEG10,624
3034,-3.476,61.264,-90.413,1,9,2.00,NONE,SEG10,624
3035,-3.478,61.064,-90.381,1,9,2.00,NONE,SEG10,624
3036,-3.479,60.864,-90.360,1,9,2.00,NONE,SEG10,624
3037,-3.481,60.664,-90.253,1,9,2.00,NONE,SEG10,625
3038,-3.482,60.464,-90.146,1,9,2.00,NONE,SEG10,625
3039,-3.483,60.264,-90.040,1,9,2.00,NONE,SEG10,625
3040,-3.484,60.064,-89.954,1,9,2.00,NONE,SEG10,625
3041,-3.484,59.864,-89.954,1,9,2.00,NONE,SEG10,625
3042,-3.484,59.664,-89.990,1,9,2.00,NONE,SEG10,625
3043,-3.484,59.464,-90.052,1,9,2.00,NONE,SEG10,626
3044,-3.484,59.264,-90.115,1,9,2.00,NONE,SEG10,626
3045,-3.484,59.064,-90.177,1,9,2.00,NONE,SEG10,626
3046,-3.484,58.864,-90.203,1,9,2.00,NONE,SEG10,626
3047,-3.485,58.664,-90.203,1,9,2.00,NONE,SEG10,626
3048,-3.485,58.464,-90.097,1,9,2.00,NONE,SEG10,626
3049,-3.486,58.264,-89.990,1,9,2.00,NONE,SEG10,627
3050,-3.487,58.064,-89.884,1,9,2.00,NONE,SEG10,627
3051,-3.487,57.864,-89.777,1,9,2.00,NONE,SEG10,627
3052,-3.487,57.664,-89.776,1,9,2.00,NONE,SEG10,627
3053,-3.486,57.464,-89.760,1,9,2.00,NONE,SEG10,627
3054,-3.485,57.264,-89.724,1,9,2.00,NONE,SEG10,628
3055,-3.484,57.064,-89.688,1,9,2.00,NONE,SEG10,628
3056,-3.484,56.864,-89.652,1,9,2.00,NONE,SEG10,628
3057,-3.482,56.664,-89.632,1,9,2.00,NONE,SEG10,628
3058,-3.481,56.464,-89.632,1,9,2.00,NONE,SEG10,628
3059,-3.480,56.264,-89.638,1,9,2.00,NONE,SEG10,628
3060,-3.479,56.064,-89.644,1,9,2.00,NONE,SEG10,629
3061,-3.477,55.864,-89.650,1,9,2.00,NONE,SEG10,629
3062,-3.476,55.664,-89.656,1,9,2.00,NONE,SEG10,629
3063,-3.475,55.464,-89.656,1,9,2.00,NONE,SEG10,629
3064,-3.474,55.264,-89.607,1,9,2.00,NONE,SEG10,629
3065,-3.472,55.064,-89.535,1,9,2.00,NONE,SEG10,630
3066,-3.471,54.864,-89.463,1,9,2.00,NONE,SEG10,630
3067,-3.470,54.664,-89.390,1,9,2.00,NONE,SEG10,630
3068,-3.468,54.464,-89.366,1,9,2.00,NONE,SEG10,630
3069,-3.466,54.264,-89.339,1,9,2.00,NONE,SEG10,630
3070,-3.464,54.064,-89.285,1,9,2.00,NONE,SEG10,631
3071,-3.462,53.864,-89.231,1,9,2.00,NONE,SEG10,631
3072,-3.459,53.664,-89.177,1,9,2.00,NONE,SEG10,631
3073,-3.457,53.464,-89.150,1,9,2.00,NONE,SEG10,631
3074,-3.454,53.264,-89.239,1,9,2.00,NONE,SEG10,631
3075,-3.451,53.064,-89.435,1,9,2.00,NONE,SEG10,631
3076,-3.448,52.864,-89.631,1,9,2.00,NONE,SEG10,632
3077,-3.445,52.664,-89.828,1,9,2.00,NONE,SEG10,632
3078,-3.443,52.464,-89.935,1,9,2.00,NONE,SEG10,632
3079,-3.443,52.264,-90.007,1,9,2.00,NONE,SEG10,632
3080,-3.443,52.064,-90.161,1,9,2.00,NONE,SEG10,632
3081,-3.442,51.864,-90.315,1,9,2.00,NONE,SEG10,633
3082,-3.442,51.664,-90.470,1,9,2.00,NONE,SEG10,633
3083,-3.443,51.464,-90.553,1,9,2.00,NONE,SEG10,633
3084,-3.445,51.264,-90.567,1,9,2.00,NONE,SEG10,633
3085,-3.447,51.064,-90.592,1,9,2.00,NONE,SEG10,634
3086,-3.449,50.864,-90.618,1,9,2.00,NONE,SEG10,634
3087,-3.451,50.664,-90.643,1,9,2.00,NONE,SEG10,634
3088,-3.453,50.464,-90.654,1,9,2.00,NONE,SEG10,634
3089,-3.455,50.264,-90.762,1,9,2.00,NONE,SEG10,634
3090,-3.457,50.064,-90.889,1,9,2.00,NONE,SEG10,635
3091,-3.460,49.864,-91.015,1,9,2.00,NONE,SEG10,635
3092,-3.462,49.664,-91.142,1,9,2.00,NONE,SEG10,635
3093,-3.466,49.464,-91.163,1,9,2.00,NONE,SEG10,635
3094,-3.470,49.264,-91.169,1,9,2.00,NONE,SEG10,635
3095,-3.474,49.064,-91.176,1,9,2.00,NONE,SEG10,636
3096,-3.478,48.864,-91.182,1,9,2.00,NONE,SEG10,636
3097,-3.482,48.665,-91.187,1,9,2.00,NONE,SEG10,636
3098,-3.486,48.465,-91.107,1,9,2.00,NONE,SEG10,636
3099,-3.490,48.265,-91.013,1,9,2.00,NONE,SEG10,637
3100,-3.494,48.065,-90.919,1,9,2.00,NONE,SEG10,637
3101,-3.499,47.865,-90.825,1,9,2.00,NONE,SEG10,637
3102,-3.502,47.665,-90.817,1,9,2.00,NONE,SEG10,637
3103,-3.504,47.465,-90.823,1,9,2.00,NONE,SEG10,637
3104,-3.507,47.265,-90.829,1,9,2.00,NONE,SEG10,638
3105,-3.510,47.065,-90.932,1,9,2.00,NONE,SEG10,638
3106,-3.513,46.865,-91.073,1,9,2.00,NONE,SEG10,638
3107,-3.516,46.665,-91.213,1,9,2.00,NONE,SEG10,639
3108,-3.519,46.465,-91.408,1,9,2.00,NONE,SEG10,639
3109,-3.523,46.265,-91.534,1,9,2.00,NONE,SEG10,639
3110,-3.528,46.065,-91.618,1,9,2.00,NONE,SEG10,640
3111,-3.533,45.865,-91.680,1,9,2.00,NONE,SEG10,640
3112,-3.538,45.665,-91.678,1,9,2.00,NONE,SEG10,640
3113,-3.545,45.465,-91.647,1,9,2.00,NONE,SEG10,641
3114,-3.551,45.265,-91.652,1,9,2.00,NONE,SEG10,641
3115,-3.556,45.065,-91.690,1,9,2.00,NONE,SEG10,641
3116,-3.562,44.865,-91.739,1,10,2.00,NONE,SEG11,642
3117,-3.568,44.665,-91.766,1,10,2.00,NONE,SEG11,642
3118,-3.574,44.466,-91.731,1,10,2.00,NONE,SEG11,642
3119,-3.580,44.266,-91.686,1,10,2.00,NONE,SEG11,643
3120,-3.586,44.066,-91.641,1,10,2.00,NONE,SEG11,643
3121,-3.592,43.866,-91.774,1,10,2.00,NONE,SEG11,643
3122,-3.598,43.666,-91.958,1,10,2.00,NONE,SEG11,643
3123,-3.603,43.466,-92.142,1,10,2.00,NONE,SEG11,644
3124,-3.609,43.266,-92.326,1,10,2.00,NONE,SEG11,644
3125,-3.617,43.066,-92.308,1,10,2.00,NONE,SEG11,644
3126,-3.625,42.866,-92.250,1,10,2.00,NONE,SEG11,644
3127,-3.633,42.667,-92.192,1,10,2.00,NONE,SEG11,645
3128,-3.642,42.467,-92.134,1,10,2.00,NONE,SEG11,645
3129,-3.649,42.267,-92.204,1,10,2.00,NONE,SEG11,645
3130,-3.657,42.067,-92.359,1,10,2.00,NONE,SEG11,645
3131,-3.664,41.867,-92.513,1,10,2.00,NONE,SEG11,646
3132,-3.671,41.667,-92.667,1,10,2.00,NONE,SEG11,646
3133,-3.680,41.468,-92.709,1,10,2.00,NONE,SEG11,646
3134,-3.689,41.268,-92.576,1,10,2.00,NONE,SEG11,646
3135,-3.699,41.068,-92.443,1,10,2.00,NONE,SEG11,647
3136,-3.709,40.868,-92.311,1,10,2.00,NONE,SEG11,647
3137,-3.718,40.668,-92.208,1,10,2.00,NONE,SEG11,647
3138,-3.725,40.469,-91.966,1,10,2.00,NONE,SEG11,647
3139,-3.733,40.269,-91.654,1,10,2.00,NONE,SEG11,648
3140,-3.741,40.069,-91.343,1,10,2.00,NONE,SEG11,648
3141,-3.749,39.869,-91.032,1,10,2.00,NONE,SEG11,648
3142,-3.753,39.669,-90.762,1,10,2.00,NONE,SEG11,648
3143,-3.756,39.469,-89.662,1,10,2.00,NONE,SEG11,648
3144,-3.760,39.269,-88.561,1,10,2.00,NONE,SEG11,649
3145,-3.763,39.069,-87.460,1,10,2.00,NONE,SEG11,649
3146,-3.764,38.869,-86.561,1,10,2.00,NONE,SEG11,649
3147,-3.752,38.670,-85.452,1,10,2.00,NONE,SEG11,649
3148,-3.740,38.470,-84.014,1,10,2.00,NONE,SEG11,649
3149,-3.728,38.270,-82.577,1,10,2.00,NONE,SEG11,650
3150,-3.716,38.071,-81.139,1,10,2.00,NONE,SEG11,650
3151,-3.688,37.873,-79.644,1,10,2.00,NONE,SEG11,650
3152,-3.656,37.675,-77.082,1,10,2.00,NONE,SEG11,650
3153,-3.624,37.478,-74.514,1,10,2.00,NONE,SEG11,651
3154,-3.592,37.280,-71.948,1,10,2.00,NONE,SEG11,651
3155,-3.545,37.087,-69.634,1,10,2.00,NONE,SEG11,651
3156,-3.478,36.898,-66.172,1,10,2.00,NONE,SEG11,651
3157,-3.412,36.710,-62.692,1,10,2.00,NONE,SEG11,652
3158,-3.345,36.521,-59.211,1,10,2.00,NONE,SEG11,652
3159,-3.267,36.338,-55.198,1,10,2.00,NONE,SEG11,652
3160,-3.157,36.171,-51.204,1,10,2.00,NONE,SEG11,652
3161,-3.047,36.004,-47.184,1,10,2.00,NONE,SEG11,653
3162,-2.937,35.837,-43.166,1,10,2.00,NONE,SEG11,653
3163,-2.812,35.683,-39.170,1,10,2.00,NONE,SEG11,653
3164,-2.661,35.553,-36.143,1,10,2.00,NONE,SEG11,653
3165,-2.509,35.423,-33.107,1,10,2.00,NONE,SEG11,654
3166,-2.357,35.292,-30.074,1,10,2.00,NONE,SEG11,654
3167,-2.194,35.179,-27.474,1,10,2.00,NONE,SEG11,654
3168,-2.018,35.083,-24.847,1,10,2.00,NONE,SEG11,654
3169,-1.842,34.988,-22.213,1,10,2.00,NONE,SEG11,655
3170,-1.667,34.892,-19.584,1,10,2.00,NONE,SEG11,655
3171,-1.485,34.810,-17.973,1,10,2.00,NONE,SEG11,655
3172,-1.295,34.748,-16.577,1,10,2.00,NONE,SEG11,655
3173,-1.105,34.687,-15.179,1,10,2.00,NONE,SEG11,656
3174,-0.914,34.625,-13.782,1,10,2.00,NONE,SEG11,656
3175,-0.724,34.564,-12.439,1,10,2.00,NONE,SEG11,656
3176,-0.529,34.520,-12.164,1,10,2.00,NONE,SEG11,656
3177,-0.334,34.477,-11.756,1,10,2.00,NONE,SEG11,656
3178,-0.138,34.434,-11.348,1,10,2.00,NONE,SEG11,657
3179,0.057,34.391,-10.958,1,10,2.00,NONE,SEG11,657
3180,0.253,34.352,-11.044,1,10,2.00,NONE,SEG11,657
3181,0.450,34.314,-11.262,1,10,2.00,NONE,SEG11,657
3182,0.646,34.277,-21.656,1,10,2.00,NONE,SEG11,658
3183,0.842,34.239,-47.868,1,10,2.00,NONE,SEG11,658
3184,1.038,34.199,-93.732,1,10,2.00,NONE,SEG11,658
3185,1.234,34.158,-126.482,1,10,2.00,NONE,SEG11,659
3186,1.344,34.030,-141.860,1,10,2.00,NONE,SEG11,660
3187,1.193,33.899,-141.494,1,10,2.00,NONE,SEG11,661
3188,1.035,33.776,-140.351,1,10,2.00,NONE,SEG11,661
3189,0.875,33.657,-138.908,1,10,2.00,NONE,SEG11,662
3190,0.715,33.536,-136.534,1,10,2.00,NONE,SEG11,662
3191,0.567,33.401,-134.810,1,10,2.00,NONE,SEG11,675
3192,0.420,33.266,-133.085,1,10,2.00,NONE,SEG11,675
3193,0.272,33.131,-131.360,1,10,2.00,NONE,SEG11,663
3194,0.135,32.986,-130.320,1,10,2.00,NONE,SEG11,663
3195,0.004,32.835,-129.770,1,10,2.00,NONE,SEG11,663
3196,-0.126,32.683,-129.220,1,10,2.00,NONE,SEG11,674
3197,-0.256,32.531,-128.670,1,10,2.00,NONE,SEG11,674
3198,-0.383,32.377,-128.906,1,10,2.00,NONE,SEG11,664
3199,-0.507,32.220,-129.815,1,10,2.00,NONE,SEG11,664
3200,-0.632,32.063,-130.724,1,10,2.00,NONE,SEG11,673
3201,-0.756,31.907,-131.634,1,10,2.00,NONE,SEG11,665
3202,-0.885,31.754,-133.451,1,10,2.00,NONE,SEG11,665
3203,-1.019,31.606,-135.240,1,10,2.00,NONE,SEG11,665
3204,-1.153,31.457,-137.030,1,10,2.00,NONE,SEG11,666
3205,-1.287,31.309,-139.792,1,10,2.00,NONE,SEG11,666
3206,-1.435,31.174,-141.661,1,10,2.00,NONE,SEG11,666
3207,-1.586,31.043,-143.658,1,10,2.00,NONE,SEG11,667
3208,-1.738,30.913,-151.515,1,10,2.00,NONE,SEG11,667
3209,-1.897,30.793,141.148,1,10,2.00,NONE,SEG11,671
3210,-2.061,30.678,50.267,1,10,2.00,NONE,SEG11,668
3211,-2.229,30.570,44.273,1,10,2.00,NONE,SEG11,670
3212,-2.238,30.596,42.476,1,10,2.00,NONE,SEG11,670
3213,-2.089,30.729,43.041,1,10,2.00,NONE,SEG11,668
3214,-1.938,30.860,44.155,1,10,2.00,NONE,SEG11,671
3215,-1.792,30.997,45.080,1,10,2.00,NONE,SEG11,667
3216,-1.648,31.136,45.765,1,10,2.00,NONE,SEG11,672
3217,-1.505,31.275,46.449,1,10,2.00,NONE,SEG11,672
3218,-1.364,31.418,46.727,1,10,2.00,NONE,SEG11,672
3219,-1.227,31.563,46.594,1,10,2.00,NONE,SEG11,672
3220,-1.090,31.709,46.461,1,10,2.00,NONE,SEG11,665
3221,-0.954,31.855,46.328,1,10,2.00,NONE,SEG11,673
3222,-0.816,32.000,46.256,1,10,2.00,NONE,SEG11,673
3223,-0.678,32.145,45.406,1,10,2.00,NONE,SEG11,673
3224,-0.539,32.289,44.388,1,10,2.00,NONE,SEG11,664
3225,-0.401,32.433,43.369,1,10,2.00,NONE,SEG11,664
3226,-0.263,32.578,42.350,1,10,2.00,NONE,SEG11,674
3227,-0.116,32.714,42.148,1,10,2.00,NONE,SEG11,674
3228,0.032,32.848,39.942,1,10,2.00,NONE,SEG11,663
3229,0.180,32.983,37.729,1,10,2.00,NONE,SEG11,663
3230,0.328,33.117,35.517,1,10,2.00,NONE,SEG11,663
3231,0.477,33.251,33.345,1,10,2.00,NONE,SEG11,675
3232,0.644,33.361,33.243,1,10,2.00,NONE,SEG11,662
3233,0.811,33.471,30.826,1,10,2.00,NONE,SEG11,662
3234,0.978,33.581,28.401,1,10,2.00,NONE,SEG11,662
3235,1.145,33.691,25.977,1,10,2.00,NONE,SEG11,661
3236,1.313,33.799,23.661,1,10,2.00,NONE,SEG11,676
3237,1.496,33.879,23.661,1,10,2.00,NONE,SEG11,676
3238,1.679,33.960,21.946,1,10,2.00,NONE,SEG11,660
3239,1.862,34.040,19.960,1,10,2.00,NONE,SEG11,677
3240,2.046,34.120,17.974,1,10,2.00,NONE,SEG11,677
3241,2.229,34.201,15.992,1,10,2.00,NONE,SEG11,677
3242,2.420,34.258,15.725,1,10,2.00,NONE,SEG11,677
3243,2.613,34.312,15.037,1,10,2.00,NONE,SEG11,677
3244,2.805,34.367,13.638,1,10,2.00,NONE,SEG11,678
3245,2.998,34.421,12.239,1,10,2.00,NONE,SEG11,678
3246,3.190,34.475,10.841,1,10,2.00,NONE,SEG11,678
3247,3.385,34.520,10.130,1,10,2.00,NONE,SEG11,678
3248,3.582,34.555,10.130,1,10,2.00,NONE,SEG11,678
3249,3.779,34.590,9.140,1,10,2.00,NONE,SEG11,678
3250,3.975,34.625,8.104,1,10,2.00,NONE,SEG11,679
3251,4.172,34.661,7.068,1,10,2.00,NONE,SEG11,679
3252,4.369,34.696,6.032,1,10,2.00,NONE,SEG11,679
3253,4.568,34.717,5.987,1,10,2.00,NONE,SEG11,679
3254,4.767,34.738,5.711,1,10,2.00,NONE,SEG11,679
3255,4.966,34.759,5.096,1,10,2.00,NONE,SEG11,680
3256,5.165,34.780,4.482,1,10,2.00,NONE,SEG11,680
3257,5.364,34.801,3.868,1,10,2.00,NONE,SEG11,680
3258,5.563,34.818,3.531,1,10,2.00,NONE,SEG11,680
3259,5.762,34.830,3.531,1,10,2.00,NONE,SEG11,680
3260,5.962,34.842,3.423,1,10,2.00,NONE,SEG11,680
3261,6.162,34.855,3.300,1,10,2.00,NONE,SEG11,681
3262,6.361,34.867,3.177,1,10,2.00,NONE,SEG11,681
3263,6.561,34.879,3.054,1,10,2.00,NONE,SEG11,681
3264,6.761,34.890,3.038,1,10,2.00,NONE,SEG11,681
3265,6.960,34.901,3.014,1,10,2.00,NONE,SEG11,681
3266,7.160,34.911,2.923,1,10,2.00,NONE,SEG11,682
3267,7.360,34.922,2.832,1,10,2.00,NONE,SEG11,682
3268,7.560,34.933,2.741,1,10,2.00,NONE,SEG11,682
3269,7.759,34.943,2.674,1,10,2.00,NONE,SEG11,682
3270,7.959,34.952,2.674,1,10,2.00,NONE,SEG11,682
3271,8.159,34.961,2.652,1,10,2.00,NONE,SEG11,682
3272,8.359,34.971,2.617,1,10,2.00,NONE,SEG11,683
3273,8.558,34.980,2.583,1,10,2.00,NONE,SEG11,683
3274,8.758,34.989,2.549,1,10,2.00,NONE,SEG11,683
3275,8.958,34.998,2.537,1,10,2.00,NONE,SEG11,683
3276,9.158,35.007,2.538,1,10,2.00,NONE,SEG11,683
3277,9.358,35.016,2.548,1,10,2.00,NONE,SEG11,683
3278,9.557,35.025,2.559,1,10,2.00,NONE,SEG11,684
3279,9.757,35.034,2.569,1,10,2.00,NONE,SEG11,684
3280,9.957,35.043,2.578,1,10,2.00,NONE,SEG11,684
3281,10.157,35.052,2.578,1,10,2.00,NONE,SEG11,684
3282,10.357,35.061,2.568,1,10,2.00,NONE,SEG11,684
3283,10.556,35.070,2.553,1,10,2.00,NONE,SEG11,685
3284,10.756,35.079,2.538,1,10,2.00,NONE,SEG11,685
3285,10.956,35.088,2.523,1,10,2.00,NONE,SEG11,685
3286,11.156,35.097,2.519,1,10,2.00,NONE,SEG11,685
3287,11.356,35.105,2.379,1,10,2.00,NONE,SEG11,685
3288,11.555,35.114,2.009,1,10,2.00,NONE,SEG11,686
3289,11.755,35.123,1.640,1,10,2.00,NONE,SEG11,686
3290,11.955,35.132,1.270,1,10,2.00,NONE,SEG11,686
3291,12.155,35.139,1.040,1,10,2.00,NONE,SEG11,686
3292,12.355,35.142,0.912,1,10,2.00,NONE,SEG11,686
3293,12.555,35.146,0.382,1,10,2.00,NONE,SEG11,686
3294,12.755,35.149,-0.148,1,10,2.00,NONE,SEG11,687
3295,12.955,35.153,-0.679,1,10,2.00,NONE,SEG11,687
3296,13.155,35.155,-1.081,1,10,2.00,NONE,SEG11,687
3297,13.355,35.151,-1.096,1,10,2.00,NONE,SEG11,687
3298,13.555,35.147,-1.135,1,10,2.00,NONE,SEG11,687
3299,13.755,35.144,-1.173,1,10,2.00,NONE,SEG11,688
3300,13.955,35.140,-1.212,1,10,2.00,NONE,SEG11,688
3301,14.155,35.136,-1.249,1,10,2.00,NONE,SEG11,688
3302,14.355,35.132,-1.436,1,10,2.00,NONE,SEG11,688
3303,14.554,35.127,-1.624,1,10,2.00,NONE,SEG11,689
3304,14.754,35.123,-1.811,1,10,2.00,NONE,SEG11,689
3305,14.954,35.118,-2.015,1,10,2.00,NONE,SEG11,689
3306,15.154,35.112,-2.099,1,10,2.00,NONE,SEG11,689
3307,15.354,35.105,-2.182,1,10,2.00,NONE,SEG11,690
3308,15.554,35.098,-2.266,1,10,2.00,NONE,SEG11,690
3309,15.754,35.090,-2.003,1,10,2.00,NONE,SEG11,690
3310,15.954,35.082,-1.668,1,10,2.00,NONE,SEG11,690
3311,16.154,35.074,-1.334,1,10,2.00,NONE,SEG11,691
3312,16.353,35.066,-0.790,1,10,2.00,NONE,SEG11,691
3313,16.553,35.062,-0.403,1,10,2.00,NONE,SEG11,691
3314,16.753,35.059,-0.031,1,11,2.00,NONE,SEG12,692
3315,16.953,35.056,0.341,1,11,2.00,NONE,SEG12,692
3316,17.153,35.055,0.558,1,11,2.00,NONE,SEG12,692
3317,17.353,35.057,0.620,1,11,2.00,NONE,SEG12,692
3318,17.553,35.059,0.681,1,11,2.00,NONE,SEG12,693
3319,17.753,35.060,0.743,1,11,2.00,NONE,SEG12,693
3320,17.953,35.063,0.403,1,11,2.00,NONE,SEG12,693
3321,18.153,35.065,-0.233,1,11,2.00,NONE,SEG12,693
3322,18.353,35.068,-0.870,1,11,2.00,NONE,SEG12,694
3323,18.553,35.071,-1.507,1,11,2.00,NONE,SEG12,694
3324,18.753,35.068,-1.798,1,11,2.00,NONE,SEG12,694
3325,18.953,35.062,-2.738,1,11,2.00,NONE,SEG12,694
3326,19.153,35.056,-4.250,1,11,2.00,STOP_LINE,SEG12,695
3327,19.353,35.050,-5.764,1,11,2.00,NONE,SEG12,695
3328,19.553,35.043,-7.276,1,11,2.00,NONE,SEG12,695
3329,19.752,35.024,-7.848,1,11,2.00,NONE,SEG12,695
3330,19.950,34.997,-9.083,1,11,2.00,NONE,SEG12,695
3331,20.148,34.969,-11.516,1,11,2.00,NONE,SEG12,696
3332,20.346,34.942,-13.954,1,11,2.00,NONE,SEG12,696
3333,20.544,34.915,-16.387,1,11,2.00,NONE,SEG12,696
3334,20.738,34.871,-17.585,1,11,2.00,NONE,SEG12,696
3335,20.929,34.810,-18.991,1,11,2.00,NONE,SEG12,696
3336,21.120,34.750,-22.382,1,11,2.00,NONE,SEG12,696
3337,21.310,34.689,-25.787,1,11,2.00,NONE,SEG12,697
3338,21.501,34.629,-29.182,1,11,2.00,NONE,SEG12,697
3339,21.684,34.551,-31.168,1,11,2.00,NONE,SEG12,697
3340,21.855,34.447,-33.419,1,11,2.00,NONE,SEG12,697
3341,22.026,34.344,-37.786,1,11,2.00,NONE,SEG12,697
3342,22.197,34.240,-42.178,1,11,2.00,NONE,SEG12,698
3343,22.368,34.137,-46.543,1,11,2.00,NONE,SEG12,698
3344,22.519,34.010,-48.659,1,11,2.00,NONE,SEG12,698
3345,22.651,33.859,-51.003,1,11,2.00,NONE,SEG12,698
3346,22.784,33.709,-54.508,1,11,2.00,NONE,SEG12,699
3347,22.916,33.559,-58.021,1,11,2.00,NONE,SEG12,699
3348,23.048,33.409,-61.517,1,11,2.00,NONE,SEG12,699
3349,23.153,33.240,-62.671,1,11,2.00,NONE,SEG12,699
3350,23.245,33.063,-64.353,1,11,2.00,NONE,SEG12,699
3351,23.337,32.885,-67.118,1,11,2.00,NONE,SEG12,700
3352,23.428,32.707,-69.889,1,11,2.00,NONE,SEG12,700
3353,23.520,32.530,-72.652,1,11,2.00,NONE,SEG12,700
3354,23.590,32.343,-73.735,1,11,2.00,NONE,SEG12,700
3355,23.646,32.151,-74.271,1,11,2.00,NONE,SEG12,700
3356,23.702,31.959,-76.223,1,11,2.00,NONE,SEG12,700
3357,23.758,31.767,-78.178,1,11,2.00,NONE,SEG12,701
3358,23.814,31.575,-80.131,1,11,2.00,NONE,SEG12,701
3359,23.863,31.382,-81.547,1,11,2.00,NONE,SEG12,701
3360,23.893,31.184,-81.547,1,11,2.00,NONE,SEG12,701
3361,23.922,30.986,-82.312,1,11,2.00,NONE,SEG12,701
3362,23.951,30.788,-83.370,1,11,2.00,NONE,SEG12,702
3363,23.981,30.590,-84.429,1,11,2.00,NONE,SEG12,702
3364,24.010,30.393,-85.487,1,11,2.00,NONE,SEG12,702
3365,24.029,30.194,-85.780,1,11,2.00,NONE,SEG12,702
3366,24.044,29.994,-85.791,1,11,2.00,NONE,SEG12,702
3367,24.058,29.795,-86.668,1,11,2.00,NONE,SEG12,702
3368,24.073,29.595,-87.546,1,11,2.00,NONE,SEG12,703
3369,24.088,29.396,-88.424,1,11,2.00,NONE,SEG12,703
3370,24.102,29.196,-89.290,1,11,2.00,NONE,SEG12,703
3371,24.105,28.996,-89.290,1,11,2.00,NONE,SEG12,703
3372,24.107,28.796,-89.451,1,11,2.00,NONE,SEG12,703
3373,24.110,28.596,-90.496,1,11,2.00,NONE,SEG12,704
3374,24.112,28.396,-91.540,1,11,2.00,NONE,SEG12,704
3375,24.115,28.196,-92.585,1,11,2.00,NONE,SEG12,704
3376,24.115,27.996,-93.468,1,11,2.00,NONE,SEG12,704
3377,24.103,27.797,-93.468,1,11,2.00,NONE,SEG12,704
3378,24.091,27.597,-94.045,1,11,2.00,NONE,SEG12,704
3379,24.079,27.398,-95.557,1,11,2.00,NONE,SEG12,705
3380,24.067,27.198,-97.071,1,11,2.00,NONE,SEG12,705
3381,24.055,26.998,-98.583,1,11,2.00,NONE,SEG12,705
3382,24.034,26.800,-99.519,1,11,2.00,NONE,SEG12,705
3383,24.001,26.602,-99.519,1,11,2.00,NONE,SEG12,705
3384,23.968,26.405,-101.394,1,11,2.00,NONE,SEG12,705
3385,23.935,26.208,-103.718,1,11,2.00,NONE,SEG12,706
3386,23.902,26.011,-106.042,1,11,2.00,NONE,SEG12,706
3387,23.869,25.813,-108.361,1,11,2.00,NONE,SEG12,706
3388,23.811,25.622,-108.805,1,11,2.00,NONE,SEG12,706
3389,23.746,25.433,-109.868,1,11,2.00,NONE,SEG12,706
3390,23.682,25.244,-112.624,1,11,2.00,NONE,SEG12,707
3391,23.617,25.055,-115.389,1,11,2.00,NONE,SEG12,707
3392,23.553,24.865,-118.149,1,11,2.00,NONE,SEG12,707
3393,23.475,24.682,-119.844,1,11,2.00,NONE,SEG12,707
3394,23.375,24.508,-120.094,1,11,2.00,NONE,SEG12,707
3395,23.276,24.335,-123.256,1,11,2.00,NONE,SEG12,707
3396,23.176,24.162,-126.436,1,11,2.00,NONE,SEG12,708
3397,23.077,23.988,-129.614,1,11,2.00,NONE,SEG12,708
3398,22.974,23.817,-132.528,1,11,2.00,NONE,SEG12,708
3399,22.839,23.669,-132.528,1,11,2.00,NONE,SEG12,708
3400,22.704,23.522,-135.220,1,11,2.00,NONE,SEG12,708
3401,22.569,23.374,-138.310,1,11,2.00,NONE,SEG12,709
3402,22.434,23.227,-141.403,1,11,2.00,NONE,SEG12,709
3403,22.299,23.080,-144.480,1,11,2.00,NONE,SEG12,709
3404,22.139,22.960,-144.866,1,11,2.00,NONE,SEG12,709
3405,21.975,22.845,-145.939,1,11,2.00,NONE,SEG12,709
3406,21.811,22.730,-148.297,1,11,2.00,NONE,SEG12,710
3407,21.648,22.615,-150.660,1,11,2.00,NONE,SEG12,710
3408,21.484,22.500,-153.019,1,11,2.00,NONE,SEG12,710
3409,21.313,22.398,-154.305,1,11,2.00,NONE,SEG12,710
3410,21.133,22.311,-154.338,1,11,2.00,NONE,SEG12,710
3411,20.953,22.224,-156.612,1,11,2.00,NONE,SEG12,710
3412,20.773,22.138,-158.894,1,11,2.00,NONE,SEG12,711
3413,20.592,22.051,-161.176,1,11,2.00,NONE,SEG12,711
3414,20.412,21.965,-163.419,1,11,2.00,NONE,SEG12,711
3415,20.220,21.908,-163.419,1,11,2.00,NONE,SEG12,711
3416,20.029,21.851,-164.021,1,11,2.00,NONE,SEG12,711
3417,19.837,21.793,-165.777,1,11,2.00,NONE,SEG12,712
3418,19.645,21.736,-167.535,1,11,2.00,NONE,SEG12,712
3419,19.454,21.679,-169.292,1,11,2.00,NONE,SEG12,712
3420,19.260,21.630,-170.446,1,11,2.00,NONE,SEG12,712
3421,19.063,21.597,-170.446,1,11,2.00,NONE,SEG12,712
3422,18.865,21.564,-171.038,1,11,2.00,NONE,SEG12,712
3423,18.668,21.531,-172.160,1,11,2.00,NONE,SEG12,713
3424,18.471,21.498,-173.283,1,11,2.00,NONE,SEG12,713
3425,18.274,21.464,-174.405,1,11,2.00,NONE,SEG12,713
3426,18.076,21.439,-174.934,1,11,2.00,NONE,SEG12,713
3427,17.876,21.422,-174.934,1,11,2.00,NONE,SEG12,713
3428,17.677,21.404,-175.477,1,11,2.00,NONE,SEG12,713
3429,17.478,21.386,-176.195,1,11,2.00,STOP_LINE,SEG12,714
3430,17.279,21.369,-176.913,1,11,2.00,NONE,SEG12,714
3431,17.079,21.351,-177.630,1,11,2.00,NONE,SEG12,714
3432,16.880,21.341,-177.805,1,11,2.00,NONE,SEG12,714
3433,16.680,21.333,-177.828,1,11,2.00,NONE,SEG12,714
3434,16.480,21.326,-178.088,1,11,2.00,NONE,SEG12,714
3435,16.280,21.318,-178.347,1,11,2.00,NONE,SEG12,715
3436,16.080,21.310,-178.607,1,11,2.00,NONE,SEG12,715
3437,15.880,21.303,-178.843,1,11,2.00,NONE,SEG12,715
3438,15.680,21.299,-178.843,1,11,2.00,NONE,SEG12,715
3439,15.481,21.295,-178.879,1,11,2.00,NONE,SEG12,715
3440,15.281,21.291,-178.996,1,11,2.00,NONE,SEG12,716
3441,15.081,21.287,-179.113,1,11,2.00,NONE,SEG12,716
3442,14.881,21.283,-179.231,1,11,2.00,NONE,SEG12,716
3443,14.681,21.279,-179.313,1,11,2.00,NONE,SEG12,716
3444,14.481,21.277,-179.313,1,11,2.00,NONE,SEG12,716
3445,14.281,21.274,-179.291,1,11,2.00,NONE,SEG12,716
3446,14.081,21.272,-179.257,1,11,2.00,NONE,SEG12,717
3447,13.881,21.270,-179.224,1,11,2.00,NONE,SEG12,717
3448,13.681,21.267,-179.191,1,11,2.00,NONE,SEG12,717
3449,13.481,21.265,-179.179,1,11,2.00,NONE,SEG12,717
3450,13.281,21.262,-179.179,1,11,2.00,NONE,SEG12,717
3451,13.081,21.259,-179.098,1,11,2.00,NONE,SEG12,717
3452,12.881,21.256,-179.017,1,11,2.00,NONE,SEG12,718
3453,12.681,21.253,-178.935,1,11,2.00,NONE,SEG12,718
3454,12.481,21.250,-178.853,1,11,2.00,NONE,SEG12,718
3455,12.281,21.246,-178.852,1,11,2.00,NONE,SEG12,718
3456,12.081,21.242,-178.824,1,11,2.00,NONE,SEG12,718
3457,11.881,21.238,-178.608,1,11,2.00,NONE,SEG12,719
3458,11.681,21.234,-178.392,1,11,2.00,NONE,SEG12,719
3459,11.481,21.230,-178.177,1,11,2.00,NONE,SEG12,719
3460,11.281,21.226,-177.989,1,11,2.00,NONE,SEG12,719
3461,11.081,21.219,-177.989,1,11,2.00,NONE,SEG12,719
3462,10.881,21.212,-177.953,1,11,2.00,NONE,SEG12,719
3463,10.682,21.205,-177.827,1,11,2.00,NONE,SEG12,720
3464,10.482,21.198,-177.700,1,11,2.00,NONE,SEG12,720
3465,10.282,21.191,-177.573,1,11,2.00,NONE,SEG12,720
3466,10.082,21.183,-177.482,1,11,2.00,NONE,SEG12,720
3467,9.882,21.174,-177.482,1,11,2.00,NONE,SEG12,720
3468,9.682,21.166,-177.475,1,11,2.00,NONE,SEG12,720
3469,9.482,21.157,-177.460,1,11,2.00,NONE,SEG12,721
3470,9.283,21.148,-177.444,1,11,2.00,NONE,SEG12,721
3471,9.083,21.139,-177.429,1,11,2.00,NONE,SEG12,721
3472,8.883,21.130,-177.420,1,11,2.00,NONE,SEG12,721
3473,8.683,21.121,-177.420,1,11,2.00,NONE,SEG12,721
3474,8.483,21.112,-177.422,1,11,2.00,NONE,SEG12,721
3475,8.284,21.103,-177.424,1,11,2.00,NONE,SEG12,722
3476,8.084,21.094,-177.426,1,11,2.00,NONE,SEG12,722
3477,7.884,21.085,-177.429,1,11,2.00,NONE,SEG12,722
3478,7.684,21.076,-177.429,1,11,2.00,NONE,SEG12,722
3479,7.484,21.067,-177.427,1,11,2.00,NONE,SEG12,722
3480,7.285,21.058,-177.294,1,11,2.00,NONE,SEG12,722
3481,7.085,21.050,-177.161,1,11,2.00,NONE,SEG12,723
3482,6.885,21.041,-177.029,1,11,2.00,NONE,SEG12,723
3483,6.685,21.032,-176.898,1,11,2.00,NONE,SEG12,723
3484,6.486,21.021,-176.898,1,11,2.00,NONE,SEG12,723
3485,6.286,21.010,-176.905,1,11,2.00,NONE,SEG12,723
3486,6.086,20.999,-176.925,1,11,2.00,NONE,SEG12,724
3487,5.886,20.988,-176.945,1,11,2.00,NONE,SEG12,724
3488,5.687,20.977,-176.965,1,11,2.00,NONE,SEG12,724
3489,5.487,20.967,-176.978,1,11,2.00,NONE,SEG12,724
3490,5.287,20.956,-176.978,1,11,2.00,NONE,SEG12,724
3491,5.088,20.946,-177.028,1,11,2.00,NONE,SEG12,724
3492,4.888,20.935,-177.126,1,11,2.00,NONE,SEG12,725
3493,4.688,20.925,-177.224,1,11,2.00,NONE,SEG12,725
3494,4.488,20.914,-177.322,1,11,2.00,NONE,SEG12,725
3495,4.289,20.904,-177.370,1,11,2.00,NONE,SEG12,725
3496,4.089,20.895,-177.370,1,11,2.00,NONE,SEG12,725
3497,3.889,20.886,-177.260,1,11,2.00,NONE,SEG12,725
3498,3.689,20.877,-177.095,1,11,2.00,NONE,SEG12,726
3499,3.490,20.867,-176.930,1,11,2.00,NONE,SEG12,726
3500,3.290,20.858,-176.766,1,11,2.00,NONE,SEG12,726
3501,3.090,20.848,-176.711,1,11,2.00,NONE,SEG12,726
3502,2.890,20.836,-176.711,1,11,2.00,NONE,SEG12,726
3503,2.691,20.825,-176.522,1,11,2.00,NONE,SEG12,726
3504,2.491,20.813,-176.315,1,11,2.00,NONE,SEG12,727
3505,2.291,20.802,-176.107,1,11,2.00,NONE,SEG12,727
3506,2.092,20.790,-175.900,1,11,2.00,NONE,SEG12,727
3507,1.892,20.776,-175.881,1,11,2.00,NONE,SEG12,727
3508,1.693,20.762,-175.889,1,11,2.00,NONE,SEG12,727
3509,1.493,20.747,-175.940,1,11,2.00,NONE,SEG12,728
3510,1.294,20.733,-175.992,1,11,2.00,NONE,SEG12,728
3511,1.094,20.719,-176.043,1,11,2.00,NONE,SEG12,728
3512,0.895,20.704,-176.086,1,11,2.00,NONE,SEG12,728
3513,0.695,20.691,-176.086,1,11,2.00,NONE,SEG12,728
3514,0.496,20.677,-176.132,1,11,2.00,NONE,SEG12,728
3515,0.296,20.663,-176.258,1,11,2.00,NONE,SEG12,729
3516,0.097,20.650,-176.384,1,11,2.00,NONE,SEG12,729
3517,-0.103,20.636,-176.511,1,11,2.00,NONE,SEG12,729
3518,-0.303,20.623,-176.591,1,11,2.00,NONE,SEG12,729
3519,-0.502,20.611,-176.591,1,11,2.00,NONE,SEG12,729
3520,-0.702,20.599,-176.692,1,11,2.00,NONE,SEG12,729
3521,-0.901,20.587,-176.833,1,11,2.00,NONE,SEG12,730
3522,-1.101,20.576,-176.974,1,11,2.00,NONE,SEG12,730
3523,-1.301,20.564,-177.115,1,11,2.00,NONE,SEG12,730
3524,-1.500,20.553,-177.155,1,11,2.00,NONE,SEG12,730
3525,-1.700,20.543,-177.160,1,11,2.00,NONE,SEG12,730
3526,-1.900,20.533,-177.203,1,11,2.00,NONE,SEG12,730
3527,-2.100,20.523,-177.246,1,11,2.00,NONE,SEG12,731
3528,-2.299,20.513,-177.289,1,11,2.00,NONE,SEG12,731
3529,-2.499,20.504,-177.328,1,11,2.00,NONE,SEG12,731
3530,-2.699,20.494,-177.328,1,11,2.00,NONE,SEG12,731
3531,-2.899,20.485,-177.514,1,11,2.00,NONE,SEG12,731
3532,-3.099,20.476,-177.844,1,11,2.00,NONE,SEG12,732
3533,-3.298,20.466,-178.174,1,11,2.00,NONE,SEG12,732
3534,-3.498,20.457,-178.503,1,11,2.00,NONE,SEG12,732
3535,-3.698,20.450,-178.647,1,11,2.00,NONE,SEG12,732
3536,-3.898,20.445,-178.709,1,11,2.00,NONE,SEG12,732
3537,-4.098,20.441,-178.799,1,11,2.00,NONE,SEG12,733
3538,-4.298,20.436,-178.918,1,11,2.00,NONE,SEG12,733
3539,-4.498,20.431,-179.159,1,11,2.00,NONE,SEG12,733
3540,-4.698,20.427,-179.337,1,11,2.00,NONE,SEG12,733
3541,-4.898,20.424,-179.453,1,11,2.00,NONE,SEG12,734
3542,-5.098,20.421,-179.610,1,11,2.00,NONE,SEG12,734
3543,-5.298,20.420,-179.610,1,11,2.00,NONE,SEG12,735
3544,-5.498,20.418,-179.610,1,11,2.00,NONE,SEG12,735
3545,-5.518,20.418,-179.610,1,11,2.00,GOAL_STOP,SEG12,735
