index,latitude,longitude,x_m,y_m,dr_x_m,dr_y_m,dr_yaw_deg,direction,mode,drive_level,wheel,event
0,37.2889770000,127.1076511667,-0.015,0.000,0.000,0.000,0.000,1,1,2.00,0,NONE
1,37.2889766667,127.1076495000,-0.162,-0.037,0.000,0.000,0.000,1,1,2.00,0,NONE
2,37.2889773333,127.1076480000,-0.295,0.037,0.000,0.000,0.000,1,1,2.00,0,NONE
3,37.2889783333,127.1076460000,-0.472,0.148,0.000,0.000,0.000,1,1,2.00,0,NONE
4,37.2889790000,127.1076440000,-0.649,0.223,0.000,0.000,0.000,1,1,2.00,0,NONE
5,37.2889793333,127.1076423333,-0.797,0.260,0.000,0.000,0.000,1,1,2.00,0,NONE
6,37.2889796667,127.1076405000,-0.959,0.297,0.000,0.000,0.000,1,1,2.00,0,NONE
7,37.2889805000,127.1076381667,-1.166,0.390,0.000,0.000,0.000,1,1,2.00,0,NONE
8,37.2889813333,127.1076365000,-1.314,0.482,0.000,0.000,0.000,1,1,2.00,0,NONE
9,37.2889821667,127.1076346667,-1.476,0.575,0.000,0.000,0.000,1,1,2.00,0,NONE
10,37.2889828333,127.1076326667,-1.653,0.649,0.000,0.000,0.000,1,1,2.00,0,NONE
11,37.2889833333,127.1076308333,-1.816,0.705,0.000,0.000,0.000,1,1,2.00,0,NONE
12,37.2889838333,127.1076286667,-2.007,0.761,0.000,0.000,0.000,1,1,2.00,0,NONE
13,37.2889843333,127.1076268333,-2.170,0.816,0.000,0.000,0.000,1,1,2.00,0,NONE
14,37.2889850000,127.1076248333,-2.347,0.891,0.000,0.000,0.000,1,1,2.00,0,NONE
15,37.2889856667,127.1076228333,-2.524,0.965,0.000,0.000,0.000,1,1,2.00,0,NONE
16,37.2889863333,127.1076208333,-2.701,1.039,0.000,0.000,0.000,1,1,2.00,0,NONE
17,37.2889870000,127.1076188333,-2.878,1.113,0.000,0.000,0.000,1,1,2.00,0,NONE
18,37.2889875000,127.1076168333,-3.055,1.169,0.000,0.000,0.000,1,1,2.00,0,NONE
19,37.2889880000,127.1076146667,-3.247,1.225,0.000,0.000,0.000,1,1,2.00,0,NONE
20,37.2889886667,127.1076126667,-3.425,1.299,0.000,0.000,0.000,1,1,2.00,0,NONE
21,37.2889893333,127.1076105000,-3.616,1.373,0.000,0.000,0.000,1,1,2.00,0,NONE
22,37.2889903333,127.1076085000,-3.794,1.484,0.000,0.000,0.000,1,1,2.00,0,NONE
23,37.2889910000,127.1076065000,-3.971,1.558,0.000,0.000,0.000,1,1,2.00,0,NONE
24,37.2889915000,127.1076043333,-4.163,1.614,0.000,0.000,0.000,1,1,2.00,0,NONE
25,37.2889918333,127.1076018333,-4.384,1.651,0.000,0.000,0.000,1,1,2.00,0,NONE
26,37.2889923333,127.1075998333,-4.561,1.707,0.000,0.000,0.000,1,1,2.00,0,NONE
27,37.2889930000,127.1075976667,-4.753,1.781,0.000,0.000,0.000,1,1,2.00,0,NONE
28,37.2889938333,127.1075953333,-4.960,1.874,0.000,0.000,0.000,1,1,2.00,0,NONE
29,37.2889945000,127.1075931667,-5.152,1.948,0.000,0.000,0.000,1,1,2.00,0,NONE
30,37.2889950000,127.1075908333,-5.358,2.004,0.000,0.000,0.000,1,1,2.00,0,NONE
31,37.2889953333,127.1075885000,-5.565,2.041,0.000,0.000,0.000,1,1,2.00,0,NONE
32,37.2889960000,127.1075861667,-5.771,2.115,0.000,0.000,0.000,1,1,2.00,0,NONE
33,37.2889966667,127.1075836667,-5.993,2.189,0.000,0.000,0.000,1,1,2.00,0,NONE
34,37.2889975000,127.1075813333,-6.200,2.282,0.000,0.000,0.000,1,1,2.00,0,NONE
35,37.2889981667,127.1075790000,-6.406,2.356,0.000,0.000,0.000,1,1,2.00,0,NONE
36,37.2889988333,127.1075765000,-6.628,2.430,0.000,0.000,0.000,1,1,2.00,0,NONE
37,37.2889991667,127.1075740000,-6.849,2.468,0.000,0.000,0.000,1,1,2.00,0,NONE
38,37.2889998333,127.1075715000,-7.070,2.542,0.000,0.000,0.000,1,1,2.00,0,NONE
39,37.2890005000,127.1075691667,-7.277,2.616,0.000,0.000,0.000,1,1,2.00,0,NONE
40,37.2890011667,127.1075665000,-7.513,2.690,0.000,0.000,0.000,1,1,2.00,0,NONE
41,37.2890016667,127.1075641667,-7.720,2.746,0.000,0.000,0.000,1,1,2.00,0,NONE
42,37.2890021667,127.1075616667,-7.941,2.802,0.000,0.000,0.000,1,1,2.00,0,NONE
43,37.2890025000,127.1075590000,-8.178,2.839,0.000,0.000,0.000,1,1,2.00,0,NONE
44,37.2890030000,127.1075565000,-8.399,2.894,0.000,0.000,0.000,1,1,2.00,0,NONE
45,37.2890036667,127.1075540000,-8.620,2.969,0.000,0.000,0.000,1,1,2.00,0,NONE
46,37.2890043333,127.1075515000,-8.842,3.043,0.000,0.000,0.000,1,1,2.00,0,NONE
47,37.2890050000,127.1075488333,-9.078,3.117,0.000,0.000,0.000,1,1,2.00,0,NONE
48,37.2890053333,127.1075463333,-9.299,3.154,0.000,0.000,0.000,1,1,2.00,0,NONE
49,37.2890058333,127.1075436667,-9.536,3.210,0.000,0.000,0.000,1,1,2.00,0,NONE
50,37.2890063333,127.1075411667,-9.757,3.265,0.000,0.000,0.000,1,1,2.00,0,NONE
51,37.2890071667,127.1075385000,-9.993,3.358,0.000,0.000,0.000,1,1,2.00,0,NONE
52,37.2890078333,127.1075360000,-10.215,3.432,0.000,0.000,0.000,1,1,2.00,0,NONE
53,37.2890085000,127.1075333333,-10.451,3.507,0.000,0.000,0.000,1,1,2.00,0,NONE
54,37.2890090000,127.1075306667,-10.687,3.562,0.000,0.000,0.000,1,1,2.00,0,NONE
55,37.2890095000,127.1075283333,-10.894,3.618,0.000,0.000,0.000,1,1,2.00,0,NONE
56,37.2890103333,127.1075260000,-11.100,3.711,0.000,0.000,0.000,1,1,2.00,0,NONE
57,37.2890110000,127.1075238333,-11.292,3.785,0.000,0.000,0.000,1,1,2.00,0,NONE
58,37.2890115000,127.1075218333,-11.469,3.841,0.000,0.000,0.000,1,1,2.00,0,NONE
59,37.2890120000,127.1075198333,-11.646,3.896,0.000,0.000,0.000,1,1,2.00,0,NONE
60,37.2890123333,127.1075178333,-11.823,3.933,0.000,0.000,0.000,1,1,2.00,0,NONE
61,37.2890126667,127.1075161667,-11.971,3.970,0.000,0.000,0.000,1,1,2.00,0,NONE
62,37.2890130000,127.1075145000,-12.119,4.008,0.000,0.000,0.000,1,1,2.00,0,NONE
63,37.2890138333,127.1075123333,-12.311,4.100,0.000,0.000,0.000,1,1,2.00,0,NONE
64,37.2890145000,127.1075106667,-12.458,4.174,0.000,0.000,0.000,1,1,2.00,0,NONE
65,37.2890140000,127.1075095000,-12.561,4.119,0.000,0.000,0.000,1,1,2.00,0,STOP_LINE
66,37.2890140000,127.1075075000,-12.739,4.119,0.000,0.000,0.000,1,1,2.00,0,NONE
67,37.2890146667,127.1075055000,-12.916,4.193,0.000,0.000,0.000,1,1,2.00,0,NONE
68,37.2890155000,127.1075038333,-13.063,4.286,0.000,0.000,0.000,1,1,2.00,0,NONE
69,37.2890160000,127.1075021667,-13.211,4.341,0.000,0.000,0.000,1,1,2.00,0,NONE
70,37.2890165000,127.1075000000,-13.403,4.397,0.000,0.000,0.000,1,1,2.00,0,NONE
71,37.2890168333,127.1074978333,-13.595,4.434,0.000,0.000,0.000,1,1,2.00,0,NONE
72,37.2890175000,127.1074955000,-13.801,4.508,0.000,0.000,0.000,1,1,2.00,0,NONE
73,37.2890181667,127.1074933333,-13.993,4.583,0.000,0.000,0.000,1,1,2.00,0,NONE
74,37.2890188333,127.1074908333,-14.215,4.657,0.000,0.000,0.000,1,1,2.00,0,NONE
75,37.2890195000,127.1074883333,-14.436,4.731,0.000,0.000,0.000,1,1,2.00,0,NONE
76,37.2890200000,127.1074860000,-14.643,4.787,0.000,0.000,0.000,1,1,2.00,0,NONE
77,37.2890205000,127.1074833333,-14.879,4.842,0.000,0.000,0.000,1,1,2.00,0,NONE
78,37.2890211667,127.1074810000,-15.086,4.917,0.000,0.000,0.000,1,1,2.00,0,NONE
79,37.2890220000,127.1074785000,-15.307,5.009,0.000,0.000,0.000,1,1,2.00,0,NONE
80,37.2890228333,127.1074760000,-15.528,5.102,0.000,0.000,0.000,1,1,2.00,0,NONE
81,37.2890236667,127.1074735000,-15.750,5.195,0.000,0.000,0.000,1,1,2.00,0,NONE
82,37.2890243333,127.1074708333,-15.986,5.269,0.000,0.000,0.000,1,1,2.00,0,NONE
83,37.2890248333,127.1074681667,-16.222,5.325,0.000,0.000,0.000,1,1,2.00,0,NONE
84,37.2890255000,127.1074656667,-16.444,5.399,0.000,0.000,0.000,1,1,2.00,0,NONE
85,37.2890263333,127.1074630000,-16.680,5.492,0.000,0.000,0.000,1,1,2.00,0,NONE
86,37.2890271667,127.1074603333,-16.916,5.585,0.000,0.000,0.000,1,1,2.00,0,NONE
87,37.2890278333,127.1074576667,-17.152,5.659,0.000,0.000,0.000,1,1,2.00,0,NONE
88,37.2890285000,127.1074550000,-17.388,5.733,0.000,0.000,0.000,1,1,2.00,0,NONE
89,37.2890293333,127.1074521667,-17.639,5.826,0.000,0.000,0.000,1,1,2.00,0,NONE
90,37.2890301667,127.1074495000,-17.875,5.919,0.000,0.000,0.000,1,1,2.00,0,NONE
91,37.2890311667,127.1074468333,-18.112,6.030,0.000,0.000,0.000,1,1,2.00,0,NONE
92,37.2890318333,127.1074441667,-18.348,6.104,0.000,0.000,0.000,1,1,2.00,0,NONE
93,37.2890325000,127.1074413333,-18.599,6.178,0.000,0.000,0.000,1,1,2.00,0,NONE
94,37.2890331667,127.1074385000,-18.850,6.252,0.000,0.000,0.000,1,1,2.00,0,NONE
95,37.2890338333,127.1074360000,-19.071,6.327,0.000,0.000,0.000,1,1,2.00,0,NONE
96,37.2890346667,127.1074333333,-19.307,6.419,0.000,0.000,0.000,1,1,2.00,0,NONE
97,37.2890355000,127.1074308333,-19.529,6.512,0.000,0.000,0.000,1,1,2.00,0,NONE
98,37.2890361667,127.1074285000,-19.735,6.586,0.000,0.000,0.000,1,1,2.00,0,NONE
99,37.2890366667,127.1074261667,-19.942,6.642,0.000,0.000,0.000,1,1,2.00,0,NONE
100,37.2890371667,127.1074240000,-20.134,6.698,0.000,0.000,0.000,1,1,2.00,0,NONE
101,37.2890378333,127.1074220000,-20.311,6.772,0.000,0.000,0.000,1,1,2.00,0,NONE
102,37.2890383333,127.1074200000,-20.488,6.828,0.000,0.000,0.000,1,1,2.00,0,NONE
103,37.2890388333,127.1074183333,-20.636,6.883,0.000,0.000,0.000,1,1,2.00,0,NONE
104,37.2890391667,127.1074161667,-20.828,6.920,0.000,0.000,0.000,1,1,2.00,0,NONE
105,37.2890391667,127.1074143333,-20.990,6.920,0.000,0.000,0.000,1,1,2.00,0,NONE
106,37.2890396667,127.1074126667,-21.138,6.976,0.000,0.000,0.000,1,1,2.00,0,NONE
107,37.2890396667,127.1074126667,-21.138,6.976,0.000,0.000,0.000,1,2,2.00,0,NONE
108,37.2890406667,127.1074115000,-21.241,7.087,0.000,0.000,0.000,1,2,2.00,0,NONE
109,37.2890410000,127.1074091667,-21.448,7.124,0.000,0.000,0.000,1,2,2.00,0,NONE
110,37.2890411667,127.1074070000,-21.639,7.143,0.000,0.000,0.000,1,2,2.00,0,NONE
111,37.2890416667,127.1074053333,-21.787,7.199,0.000,0.000,0.000,1,2,2.00,0,NONE
112,37.2890423333,127.1074035000,-21.949,7.273,0.000,0.000,0.000,1,2,2.00,0,NONE
113,37.2890430000,127.1074016667,-22.112,7.347,0.000,0.000,0.000,1,2,2.00,0,NONE
114,37.2890435000,127.1073996667,-22.289,7.403,0.000,0.000,0.000,1,2,2.00,0,NONE
115,37.2890440000,127.1073975000,-22.481,7.458,0.000,0.000,0.000,1,2,2.00,0,NONE
116,37.2890443333,127.1073953333,-22.673,7.496,0.000,0.000,0.000,1,2,2.00,0,NONE
117,37.2890448333,127.1073931667,-22.865,7.551,0.000,0.000,0.000,1,2,2.00,0,NONE
118,37.2890455000,127.1073906667,-23.086,7.625,0.000,0.000,0.000,1,2,2.00,0,NONE
119,37.2890463333,127.1073883333,-23.293,7.718,0.000,0.000,0.000,1,2,2.00,0,NONE
120,37.2890471667,127.1073860000,-23.499,7.811,0.000,0.000,0.000,1,2,2.00,0,NONE
121,37.2890476667,127.1073836667,-23.706,7.867,0.000,0.000,0.000,1,2,2.00,0,NONE
122,37.2890481667,127.1073811667,-23.927,7.922,0.000,0.000,0.000,1,2,2.00,0,NONE
123,37.2890486667,127.1073788333,-24.134,7.978,0.000,0.000,0.000,1,2,2.00,0,NONE
124,37.2890491667,127.1073765000,-24.341,8.034,0.000,0.000,0.000,1,2,2.00,0,NONE
125,37.2890500000,127.1073740000,-24.562,8.126,0.000,0.000,0.000,1,2,2.00,0,NONE
126,37.2890506667,127.1073716667,-24.769,8.201,0.000,0.000,0.000,1,2,2.00,0,NONE
127,37.2890513333,127.1073693333,-24.975,8.275,0.000,0.000,0.000,1,2,2.00,0,NONE
128,37.2890518333,127.1073668333,-25.197,8.330,0.000,0.000,0.000,1,2,2.00,0,NONE
129,37.2890525000,127.1073645000,-25.403,8.405,0.000,0.000,0.000,1,2,2.00,0,NONE
130,37.2890533333,127.1073621667,-25.610,8.497,0.000,0.000,0.000,1,2,2.00,0,NONE
131,37.2890541667,127.1073598333,-25.817,8.590,0.000,0.000,0.000,1,2,2.00,0,NONE
132,37.2890548333,127.1073575000,-26.023,8.664,0.000,0.000,0.000,1,2,2.00,0,NONE
133,37.2890555000,127.1073550000,-26.245,8.739,0.000,0.000,0.000,1,2,2.00,0,NONE
134,37.2890560000,127.1073526667,-26.451,8.794,0.000,0.000,0.000,1,2,2.00,0,NONE
135,37.2890566667,127.1073501667,-26.673,8.868,0.000,0.000,0.000,1,2,2.00,0,NONE
136,37.2890573333,127.1073478333,-26.880,8.943,0.000,0.000,0.000,1,2,2.00,0,NONE
137,37.2890580000,127.1073455000,-27.086,9.017,0.000,0.000,0.000,1,2,2.00,0,NONE
138,37.2890588333,127.1073431667,-27.293,9.110,0.000,0.000,0.000,1,2,2.00,0,NONE
139,37.2890593333,127.1073410000,-27.485,9.165,0.000,0.000,0.000,1,2,2.00,0,NONE
140,37.2890600000,127.1073386667,-27.691,9.240,0.000,0.000,0.000,1,2,2.00,0,NONE
141,37.2890605000,127.1073365000,-27.883,9.295,0.000,0.000,0.000,1,2,2.00,0,NONE
142,37.2890613333,127.1073341667,-28.090,9.388,0.000,0.000,0.000,1,2,2.00,0,NONE
143,37.2890621667,127.1073320000,-28.282,9.481,0.000,0.000,0.000,1,2,2.00,0,NONE
144,37.2890628333,127.1073300000,-28.459,9.555,0.000,0.000,0.000,1,2,2.00,0,NONE
145,37.2890635000,127.1073278333,-28.651,9.629,0.000,0.000,0.000,1,2,2.00,0,NONE
146,37.2890640000,127.1073255000,-28.857,9.685,0.000,0.000,0.000,1,2,2.00,0,NONE
147,37.2890646667,127.1073235000,-29.035,9.759,0.000,0.000,0.000,1,2,2.00,0,NONE
148,37.2890655000,127.1073211667,-29.241,9.852,0.000,0.000,0.000,1,2,2.00,0,NONE
149,37.2890665000,127.1073188333,-29.448,9.963,0.000,0.000,0.000,1,2,2.00,0,NONE
150,37.2890671667,127.1073168333,-29.625,10.037,0.000,0.000,0.000,1,2,2.00,0,NONE
151,37.2890678333,127.1073146667,-29.817,10.112,0.000,0.000,0.000,1,2,2.00,0,NONE
152,37.2890681667,127.1073123333,-30.024,10.149,0.000,0.000,0.000,1,2,2.00,0,NONE
153,37.2890686667,127.1073100000,-30.230,10.204,0.000,0.000,0.000,1,2,2.00,0,NONE
154,37.2890691667,127.1073080000,-30.407,10.260,0.000,0.000,0.000,1,2,2.00,0,NONE
155,37.2890698333,127.1073056667,-30.614,10.334,0.000,0.000,0.000,1,2,2.00,0,NONE
156,37.2890705000,127.1073036667,-30.791,10.408,0.000,0.000,0.000,1,2,2.00,0,NONE
157,37.2890710000,127.1073016667,-30.968,10.464,0.000,0.000,0.000,1,2,2.00,0,NONE
158,37.2890713333,127.1072996667,-31.145,10.501,0.000,0.000,0.000,1,2,2.00,0,NONE
159,37.2890718333,127.1072978333,-31.308,10.557,0.000,0.000,0.000,1,2,2.00,0,NONE
160,37.2890723333,127.1072960000,-31.470,10.613,0.000,0.000,0.000,1,2,2.00,0,NONE
161,37.2890730000,127.1072943333,-31.618,10.687,0.000,0.000,0.000,1,2,2.00,0,NONE
162,37.2890736667,127.1072923333,-31.795,10.761,0.000,0.000,0.000,1,2,2.00,0,NONE
163,37.2890740000,127.1072903333,-31.972,10.798,0.000,0.000,0.000,1,2,2.00,0,NONE
164,37.2890741667,127.1072885000,-32.134,10.817,0.000,0.000,0.000,1,2,2.00,0,NONE
165,37.2890746667,127.1072880000,-32.179,10.872,0.000,0.000,0.000,1,2,2.00,0,STOP_LINE
166,37.2890756667,127.1072868333,-32.282,10.984,0.000,0.000,0.000,1,2,2.00,0,NONE
167,37.2890758333,127.1072848333,-32.459,11.002,0.000,0.000,0.000,1,2,2.00,0,NONE
168,37.2890761667,127.1072825000,-32.666,11.039,0.000,0.000,0.000,1,2,2.00,0,NONE
169,37.2890766667,127.1072801667,-32.872,11.095,0.000,0.000,0.000,1,2,2.00,0,NONE
170,37.2890770000,127.1072781667,-33.050,11.132,0.000,0.000,0.000,1,2,2.00,0,NONE
171,37.2890778333,127.1072761667,-33.227,11.225,0.000,0.000,0.000,1,2,2.00,0,NONE
172,37.2890785000,127.1072740000,-33.419,11.299,0.000,0.000,0.000,1,2,2.00,0,NONE
173,37.2890790000,127.1072716667,-33.625,11.355,0.000,0.000,0.000,1,2,2.00,0,NONE
174,37.2890795000,127.1072695000,-33.817,11.410,0.000,0.000,0.000,1,2,2.00,0,NONE
175,37.2890800000,127.1072673333,-34.009,11.466,0.000,0.000,0.000,1,2,2.00,0,NONE
176,37.2890808333,127.1072653333,-34.186,11.559,0.000,0.000,0.000,1,2,2.00,0,NONE
177,37.2890816667,127.1072631667,-34.378,11.651,0.000,0.000,0.000,1,2,2.00,0,NONE
178,37.2890821667,127.1072615000,-34.526,11.707,0.000,0.000,0.000,1,2,2.00,0,NONE
179,37.2890826667,127.1072593333,-34.718,11.763,0.000,0.000,0.000,1,2,2.00,0,NONE
180,37.2890833333,127.1072571667,-34.909,11.837,0.000,0.000,0.000,1,2,2.00,0,NONE
181,37.2890838333,127.1072553333,-35.072,11.893,0.000,0.000,0.000,1,2,2.00,0,NONE
182,37.2890843333,127.1072533333,-35.249,11.948,0.000,0.000,0.000,1,2,2.00,0,NONE
183,37.2890850000,127.1072513333,-35.426,12.023,0.000,0.000,0.000,1,2,2.00,0,NONE
184,37.2890855000,127.1072495000,-35.588,12.078,0.000,0.000,0.000,1,2,2.00,0,NONE
185,37.2890860000,127.1072475000,-35.766,12.134,0.000,0.000,0.000,1,2,2.00,0,NONE
186,37.2890861667,127.1072455000,-35.943,12.152,0.000,0.000,0.000,1,2,2.00,0,NONE
187,37.2890865000,127.1072436667,-36.105,12.190,0.000,0.000,0.000,1,2,2.00,0,NONE
188,37.2890868333,127.1072416667,-36.282,12.227,0.000,0.000,0.000,1,2,2.00,0,NONE
189,37.2890876667,127.1072395000,-36.474,12.319,0.000,0.000,0.000,1,2,2.00,0,NONE
190,37.2890883333,127.1072376667,-36.636,12.394,0.000,0.000,0.000,1,2,2.00,0,NONE
191,37.2890891667,127.1072356667,-36.814,12.486,0.000,0.000,0.000,1,2,2.00,0,NONE
192,37.2890896667,127.1072335000,-37.005,12.542,0.000,0.000,0.000,1,2,2.00,0,NONE
193,37.2890901667,127.1072310000,-37.227,12.598,0.000,0.000,0.000,1,2,2.00,0,NONE
194,37.2890908333,127.1072288333,-37.419,12.672,0.000,0.000,0.000,1,2,2.00,0,NONE
195,37.2890916667,127.1072266667,-37.611,12.765,0.000,0.000,0.000,1,2,2.00,0,NONE
196,37.2890925000,127.1072245000,-37.803,12.857,0.000,0.000,0.000,1,2,2.00,0,NONE
197,37.2890930000,127.1072225000,-37.980,12.913,0.000,0.000,0.000,1,2,2.00,0,NONE
198,37.2890933333,127.1072203333,-38.172,12.950,0.000,0.000,0.000,1,2,2.00,0,NONE
199,37.2890936667,127.1072180000,-38.378,12.987,0.000,0.000,0.000,1,2,2.00,0,NONE
200,37.2890941667,127.1072160000,-38.555,13.043,0.000,0.000,0.000,1,2,2.00,0,NONE
201,37.2890948333,127.1072136667,-38.762,13.117,0.000,0.000,0.000,1,2,2.00,0,NONE
202,37.2890956667,127.1072113333,-38.969,13.210,0.000,0.000,0.000,1,2,2.00,0,NONE
203,37.2890961667,127.1072091667,-39.161,13.266,0.000,0.000,0.000,1,2,2.00,0,NONE
204,37.2890966667,127.1072071667,-39.338,13.321,0.000,0.000,0.000,1,2,2.00,0,NONE
205,37.2890971667,127.1072048333,-39.544,13.377,0.000,0.000,0.000,1,2,2.00,0,NONE
206,37.2890978333,127.1072025000,-39.751,13.451,0.000,0.000,0.000,1,2,2.00,0,NONE
207,37.2890986667,127.1072001667,-39.958,13.544,0.000,0.000,0.000,1,2,2.00,0,NONE
208,37.2890991667,127.1071980000,-40.150,13.600,0.000,0.000,0.000,1,2,2.00,0,NONE
209,37.2890998333,127.1071958333,-40.341,13.674,0.000,0.000,0.000,1,2,2.00,0,NONE
210,37.2891001667,127.1071936667,-40.533,13.711,0.000,0.000,0.000,1,2,2.00,0,NONE
211,37.2891008333,127.1071913333,-40.740,13.785,0.000,0.000,0.000,1,2,2.00,0,NONE
212,37.2891015000,127.1071891667,-40.932,13.859,0.000,0.000,0.000,1,2,2.00,0,NONE
213,37.2891021667,127.1071871667,-41.109,13.934,0.000,0.000,0.000,1,2,2.00,0,NONE
214,37.2891026667,127.1071851667,-41.286,13.989,0.000,0.000,0.000,1,2,2.00,0,NONE
215,37.2891031667,127.1071833333,-41.448,14.045,0.000,0.000,0.000,1,2,2.00,0,NONE
216,37.2891035000,127.1071813333,-41.626,14.082,0.000,0.000,0.000,1,2,2.00,0,NONE
217,37.2891040000,127.1071795000,-41.788,14.138,0.000,0.000,0.000,1,2,2.00,0,NONE
218,37.2891046667,127.1071773333,-41.980,14.212,0.000,0.000,0.000,1,2,2.00,0,NONE
219,37.2891055000,127.1071753333,-42.157,14.305,0.000,0.000,0.000,1,2,2.00,0,NONE
220,37.2891061667,127.1071731667,-42.349,14.379,0.000,0.000,0.000,1,2,2.00,0,NONE
221,37.2891068333,127.1071708333,-42.556,14.453,0.000,0.000,0.000,1,2,2.00,0,NONE
222,37.2891076667,127.1071685000,-42.762,14.546,0.000,0.000,0.000,1,2,2.00,0,NONE
223,37.2891083333,127.1071663333,-42.954,14.620,0.000,0.000,0.000,1,2,2.00,0,NONE
224,37.2891093333,127.1071638333,-43.175,14.731,0.000,0.000,0.000,1,2,2.00,0,NONE
225,37.2891100000,127.1071615000,-43.382,14.806,0.000,0.000,0.000,1,2,2.00,0,NONE
226,37.2891106667,127.1071593333,-43.574,14.880,0.000,0.000,0.000,1,2,2.00,0,NONE
227,37.2891111667,127.1071568333,-43.795,14.935,0.000,0.000,0.000,1,2,2.00,0,NONE
228,37.2891118333,127.1071545000,-44.002,15.010,0.000,0.000,0.000,1,2,2.00,0,NONE
229,37.2891125000,127.1071523333,-44.194,15.084,0.000,0.000,0.000,1,2,2.00,0,NONE
230,37.2891133333,127.1071500000,-44.401,15.177,0.000,0.000,0.000,1,2,2.00,0,NONE
231,37.2891140000,127.1071478333,-44.593,15.251,0.000,0.000,0.000,1,2,2.00,0,NONE
232,37.2891145000,127.1071455000,-44.799,15.306,0.000,0.000,0.000,1,2,2.00,0,NONE
233,37.2891150000,127.1071433333,-44.991,15.362,0.000,0.000,0.000,1,2,2.00,0,NONE
234,37.2891155000,127.1071411667,-45.183,15.418,0.000,0.000,0.000,1,2,2.00,0,NONE
235,37.2891163333,127.1071386667,-45.404,15.511,0.000,0.000,0.000,1,2,2.00,0,NONE
236,37.2891170000,127.1071363333,-45.611,15.585,0.000,0.000,0.000,1,2,2.00,0,NONE
237,37.2891175000,127.1071341667,-45.803,15.640,0.000,0.000,0.000,1,2,2.00,0,NONE
238,37.2891180000,127.1071316667,-46.024,15.696,0.000,0.000,0.000,1,2,2.00,0,NONE
239,37.2891188333,127.1071295000,-46.216,15.789,0.000,0.000,0.000,1,2,2.00,0,NONE
240,37.2891195000,127.1071270000,-46.438,15.863,0.000,0.000,0.000,1,2,2.00,0,NONE
241,37.2891203333,127.1071246667,-46.644,15.956,0.000,0.000,0.000,1,2,2.00,0,NONE
242,37.2891208333,127.1071225000,-46.836,16.012,0.000,0.000,0.000,1,2,2.00,0,NONE
243,37.2891210000,127.1071203333,-47.028,16.030,0.000,0.000,0.000,1,2,2.00,0,NONE
244,37.2891215000,127.1071181667,-47.220,16.086,0.000,0.000,0.000,1,2,2.00,0,NONE
245,37.2891220000,127.1071163333,-47.382,16.141,0.000,0.000,0.000,1,2,2.00,0,NONE
246,37.2891225000,127.1071143333,-47.559,16.197,0.000,0.000,0.000,1,2,2.00,0,NONE
247,37.2891231667,127.1071125000,-47.722,16.271,0.000,0.000,0.000,1,2,2.00,0,NONE
248,37.2891236667,127.1071103333,-47.914,16.327,0.000,0.000,0.000,1,2,2.00,0,NONE
249,37.2891240000,127.1071081667,-48.106,16.364,0.000,0.000,0.000,1,2,2.00,0,NONE
250,37.2891248333,127.1071065000,-48.253,16.457,0.000,0.000,0.000,1,2,2.00,0,NONE
251,37.2891251667,127.1071055000,-48.342,16.494,0.000,0.000,0.000,1,3,2.00,0,NONE
252,37.2891260000,127.1071038333,-48.489,16.587,0.000,0.000,0.000,1,3,2.00,0,NONE
253,37.2891263333,127.1071021667,-48.637,16.624,0.000,0.000,0.000,1,3,2.00,0,NONE
254,37.2891266667,127.1070998333,-48.844,16.661,0.000,0.000,0.000,1,3,2.00,0,NONE
255,37.2891271667,127.1070973333,-49.065,16.717,0.000,0.000,0.000,1,3,2.00,0,NONE
256,37.2891275000,127.1070955000,-49.227,16.754,0.000,0.000,0.000,1,3,2.00,0,NONE
257,37.2891280000,127.1070933333,-49.419,16.809,0.000,0.000,0.000,1,3,2.00,0,NONE
258,37.2891285000,127.1070910000,-49.626,16.865,0.000,0.000,0.000,1,3,2.00,0,NONE
259,37.2891288333,127.1070885000,-49.847,16.902,0.000,0.000,0.000,1,3,2.00,0,NONE
260,37.2891293333,127.1070863333,-50.039,16.958,0.000,0.000,0.000,1,3,2.00,0,NONE
261,37.2891298333,127.1070838333,-50.261,17.013,0.000,0.000,0.000,1,3,2.00,0,NONE
262,37.2891306667,127.1070811667,-50.497,17.106,0.000,0.000,0.000,1,3,2.00,0,NONE
263,37.2891311667,127.1070788333,-50.704,17.162,0.000,0.000,0.000,1,3,2.00,0,NONE
264,37.2891318333,127.1070763333,-50.925,17.236,0.000,0.000,0.000,1,3,2.00,0,NONE
265,37.2891323333,127.1070736667,-51.161,17.292,0.000,0.000,0.000,1,3,2.00,0,NONE
266,37.2891331667,127.1070711667,-51.383,17.384,0.000,0.000,0.000,1,3,2.00,0,NONE
267,37.2891340000,127.1070686667,-51.604,17.477,0.000,0.000,0.000,1,3,2.00,0,NONE
268,37.2891346667,127.1070661667,-51.825,17.551,0.000,0.000,0.000,1,3,2.00,0,NONE
269,37.2891353333,127.1070636667,-52.047,17.626,0.000,0.000,0.000,1,3,2.00,0,NONE
270,37.2891358333,127.1070610000,-52.283,17.681,0.000,0.000,0.000,1,3,2.00,0,NONE
271,37.2891365000,127.1070585000,-52.504,17.756,0.000,0.000,0.000,1,3,2.00,0,NONE
272,37.2891371667,127.1070560000,-52.726,17.830,0.000,0.000,0.000,1,3,2.00,0,NONE
273,37.2891380000,127.1070535000,-52.947,17.923,0.000,0.000,0.000,1,3,2.00,0,NONE
274,37.2891386667,127.1070510000,-53.169,17.997,0.000,0.000,0.000,1,3,2.00,0,NONE
275,37.2891393333,127.1070483333,-53.405,18.071,0.000,0.000,0.000,1,3,2.00,0,NONE
276,37.2891400000,127.1070456667,-53.641,18.145,0.000,0.000,0.000,1,3,2.00,0,NONE
277,37.2891406667,127.1070431667,-53.862,18.219,0.000,0.000,0.000,1,3,2.00,0,NONE
278,37.2891415000,127.1070405000,-54.099,18.312,0.000,0.000,0.000,1,3,2.00,0,NONE
279,37.2891423333,127.1070378333,-54.335,18.405,0.000,0.000,0.000,1,3,2.00,0,NONE
280,37.2891428333,127.1070353333,-54.556,18.461,0.000,0.000,0.000,1,3,2.00,0,NONE
281,37.2891435000,127.1070326667,-54.792,18.535,0.000,0.000,0.000,1,3,2.00,0,NONE
282,37.2891443333,127.1070301667,-55.014,18.628,0.000,0.000,0.000,1,3,2.00,0,NONE
283,37.2891453333,127.1070275000,-55.250,18.739,0.000,0.000,0.000,1,3,2.00,0,NONE
284,37.2891465000,127.1070250000,-55.471,18.869,0.000,0.000,0.000,1,3,2.00,0,NONE
285,37.2891473333,127.1070226667,-55.678,18.962,0.000,0.000,0.000,1,3,2.00,0,NONE
286,37.2891483333,127.1070196667,-55.944,19.073,0.000,0.000,0.000,1,3,2.00,0,NONE
287,37.2891491667,127.1070170000,-56.180,19.166,0.000,0.000,0.000,1,3,2.00,0,NONE
288,37.2891501667,127.1070143333,-56.416,19.277,0.000,0.000,0.000,1,3,2.00,0,NONE
289,37.2891510000,127.1070115000,-56.667,19.370,0.000,0.000,0.000,1,3,2.00,0,NONE
290,37.2891520000,127.1070088333,-56.903,19.481,0.000,0.000,0.000,1,3,2.00,0,NONE
291,37.2891526667,127.1070060000,-57.154,19.555,0.000,0.000,0.000,1,3,2.00,0,NONE
292,37.2891533333,127.1070028333,-57.434,19.629,0.000,0.000,0.000,1,3,2.00,0,NONE
293,37.2891541667,127.1070000000,-57.685,19.722,0.000,0.000,0.000,1,3,2.00,0,NONE
294,37.2891545000,127.1069983333,-57.833,19.759,0.000,0.000,0.000,1,3,2.00,0,NONE
295,37.2891553333,127.1069955000,-58.084,19.852,0.000,0.000,0.000,1,3,2.00,0,NONE
296,37.2891556667,127.1069938333,-58.232,19.889,0.000,0.000,0.000,1,3,2.00,0,NONE
297,37.2891563333,127.1069908333,-58.497,19.963,0.000,0.000,0.000,1,3,2.00,0,NONE
298,37.2891568333,127.1069878333,-58.763,20.019,0.000,0.000,0.000,1,3,2.00,0,NONE
299,37.2891571667,127.1069861667,-58.911,20.056,0.000,0.000,0.000,1,3,2.00,0,NONE
300,37.2891576667,127.1069833333,-59.161,20.112,0.000,0.000,0.000,1,3,2.00,0,NONE
301,37.2891581667,127.1069803333,-59.427,20.167,0.000,0.000,0.000,1,3,2.00,0,NONE
302,37.2891583333,127.1069775000,-59.678,20.186,0.000,0.000,0.000,1,3,2.00,0,NONE
303,37.2891583333,127.1069746667,-59.929,20.186,0.000,0.000,0.000,1,3,2.00,0,NONE
304,37.2891583333,127.1069718333,-60.180,20.186,0.000,0.000,0.000,1,3,2.00,0,NONE
305,37.2891583333,127.1069691667,-60.416,20.186,0.000,0.000,0.000,1,3,2.00,0,NONE
306,37.2891585000,127.1069663333,-60.667,20.205,0.000,0.000,0.000,1,3,2.00,0,NONE
307,37.2891585000,127.1069635000,-60.918,20.205,0.000,0.000,0.000,1,3,2.00,0,NONE
308,37.2891583333,127.1069608333,-61.154,20.186,0.000,0.000,0.000,1,3,2.00,0,NONE
309,37.2891580000,127.1069580000,-61.405,20.149,0.000,0.000,0.000,1,3,2.00,0,NONE
310,37.2891575000,127.1069551667,-61.656,20.093,0.000,0.000,0.000,1,3,2.00,0,NONE
311,37.2891571667,127.1069525000,-61.892,20.056,0.000,0.000,0.000,1,3,2.00,0,NONE
312,37.2891566667,127.1069496667,-62.143,20.000,0.000,0.000,0.000,1,3,2.00,0,NONE
313,37.2891561667,127.1069468333,-62.394,19.945,0.000,0.000,0.000,1,3,2.00,0,NONE
314,37.2891556667,127.1069441667,-62.630,19.889,0.000,0.000,0.000,1,3,2.00,0,NONE
315,37.2891548333,127.1069415000,-62.866,19.796,0.000,0.000,0.000,1,3,2.00,0,NONE
316,37.2891540000,127.1069388333,-63.103,19.704,0.000,0.000,0.000,1,3,2.00,0,NONE
317,37.2891533333,127.1069361667,-63.339,19.629,0.000,0.000,0.000,1,3,2.00,0,NONE
318,37.2891525000,127.1069333333,-63.590,19.537,0.000,0.000,0.000,1,3,2.00,0,NONE
319,37.2891516667,127.1069310000,-63.796,19.444,0.000,0.000,0.000,1,3,2.00,0,NONE
320,37.2891505000,127.1069285000,-64.018,19.314,0.000,0.000,0.000,1,3,2.00,0,NONE
321,37.2891491667,127.1069260000,-64.239,19.166,0.000,0.000,0.000,1,3,2.00,0,NONE
322,37.2891481667,127.1069236667,-64.446,19.054,0.000,0.000,0.000,1,3,2.00,0,NONE
323,37.2891470000,127.1069210000,-64.682,18.924,0.000,0.000,0.000,1,3,2.00,0,NONE
324,37.2891460000,127.1069185000,-64.903,18.813,0.000,0.000,0.000,1,3,2.00,0,NONE
325,37.2891448333,127.1069163333,-65.095,18.683,0.000,0.000,0.000,1,3,2.00,0,NONE
326,37.2891433333,127.1069141667,-65.287,18.516,0.000,0.000,0.000,1,3,2.00,0,NONE
327,37.2891420000,127.1069121667,-65.464,18.368,0.000,0.000,0.000,1,3,2.00,0,NONE
328,37.2891408333,127.1069101667,-65.641,18.238,0.000,0.000,0.000,1,3,2.00,0,NONE
329,37.2891395000,127.1069081667,-65.819,18.089,0.000,0.000,0.000,1,3,2.00,0,NONE
330,37.2891383333,127.1069061667,-65.996,17.960,0.000,0.000,0.000,1,3,2.00,0,NONE
331,37.2891368333,127.1069041667,-66.173,17.793,0.000,0.000,0.000,1,3,2.00,0,NONE
332,37.2891351667,127.1069023333,-66.335,17.607,0.000,0.000,0.000,1,3,2.00,0,NONE
333,37.2891335000,127.1069006667,-66.483,17.422,0.000,0.000,0.000,1,3,2.00,0,NONE
334,37.2891318333,127.1068988333,-66.645,17.236,0.000,0.000,0.000,1,3,2.00,0,NONE
335,37.2891303333,127.1068968333,-66.822,17.069,0.000,0.000,0.000,1,3,2.00,0,NONE
336,37.2891286667,127.1068950000,-66.985,16.884,0.000,0.000,0.000,1,3,2.00,0,NONE
337,37.2891270000,127.1068935000,-67.118,16.698,0.000,0.000,0.000,1,3,2.00,0,NONE
338,37.2891251667,127.1068918333,-67.265,16.494,0.000,0.000,0.000,1,3,2.00,0,NONE
339,37.2891235000,127.1068901667,-67.413,16.308,0.000,0.000,0.000,1,3,2.00,0,NONE
340,37.2891218333,127.1068883333,-67.575,16.123,0.000,0.000,0.000,1,3,2.00,0,NONE
341,37.2891201667,127.1068865000,-67.738,15.937,0.000,0.000,0.000,1,3,2.00,0,NONE
342,37.2891185000,127.1068848333,-67.885,15.752,0.000,0.000,0.000,1,3,2.00,0,NONE
343,37.2891166667,127.1068831667,-68.033,15.548,0.000,0.000,0.000,1,3,2.00,0,NONE
344,37.2891148333,127.1068816667,-68.166,15.344,0.000,0.000,0.000,1,3,2.00,0,NONE
345,37.2891131667,127.1068800000,-68.313,15.158,0.000,0.000,0.000,1,3,2.00,0,NONE
346,37.2891115000,127.1068781667,-68.476,14.973,0.000,0.000,0.000,1,3,2.00,0,NONE
347,37.2891098333,127.1068763333,-68.638,14.787,0.000,0.000,0.000,1,3,2.00,0,NONE
348,37.2891081667,127.1068748333,-68.771,14.601,0.000,0.000,0.000,1,3,2.00,0,NONE
349,37.2891063333,127.1068731667,-68.918,14.397,0.000,0.000,0.000,1,3,2.00,0,NONE
350,37.2891043333,127.1068716667,-69.051,14.175,0.000,0.000,0.000,1,3,2.00,0,NONE
351,37.2891026667,127.1068700000,-69.199,13.989,0.000,0.000,0.000,1,3,2.00,0,NONE
352,37.2891008333,127.1068681667,-69.361,13.785,0.000,0.000,0.000,1,3,2.00,0,NONE
353,37.2890990000,127.1068665000,-69.509,13.581,0.000,0.000,0.000,1,3,2.00,0,NONE
354,37.2890971667,127.1068648333,-69.656,13.377,0.000,0.000,0.000,1,3,2.00,0,NONE
355,37.2890950000,127.1068635000,-69.775,13.136,0.000,0.000,0.000,1,3,2.00,0,NONE
356,37.2890931667,127.1068620000,-69.907,12.932,0.000,0.000,0.000,1,3,2.00,0,NONE
357,37.2890913333,127.1068603333,-70.055,12.728,0.000,0.000,0.000,1,3,2.00,0,NONE
358,37.2890893333,127.1068588333,-70.188,12.505,0.000,0.000,0.000,1,3,2.00,0,NONE
359,37.2890873333,127.1068571667,-70.335,12.282,0.000,0.000,0.000,1,3,2.00,0,NONE
360,37.2890853333,127.1068556667,-70.468,12.060,0.000,0.000,0.000,1,3,2.00,0,NONE
361,37.2890833333,127.1068543333,-70.586,11.837,0.000,0.000,0.000,1,3,2.00,0,NONE
362,37.2890815000,127.1068530000,-70.704,11.633,0.000,0.000,0.000,1,3,2.00,0,NONE
363,37.2890796667,127.1068513333,-70.852,11.429,0.000,0.000,0.000,1,3,2.00,0,NONE
364,37.2890776667,127.1068496667,-71.000,11.206,0.000,0.000,0.000,1,3,2.00,0,NONE
365,37.2890758333,127.1068483333,-71.118,11.002,0.000,0.000,0.000,1,3,2.00,0,NONE
366,37.2890738333,127.1068470000,-71.236,10.779,0.000,0.000,0.000,1,3,2.00,0,NONE
367,37.2890718333,127.1068455000,-71.369,10.557,0.000,0.000,0.000,1,3,2.00,0,NONE
368,37.2890698333,127.1068440000,-71.502,10.334,0.000,0.000,0.000,1,3,2.00,0,NONE
369,37.2890680000,127.1068425000,-71.634,10.130,0.000,0.000,0.000,1,3,2.00,0,NONE
370,37.2890661667,127.1068410000,-71.767,9.926,0.000,0.000,0.000,1,3,2.00,0,NONE
371,37.2890641667,127.1068395000,-71.900,9.703,0.000,0.000,0.000,1,3,2.00,0,NONE
372,37.2890621667,127.1068381667,-72.018,9.481,0.000,0.000,0.000,1,3,2.00,0,NONE
373,37.2890601667,127.1068366667,-72.151,9.258,0.000,0.000,0.000,1,3,2.00,0,NONE
374,37.2890583333,127.1068351667,-72.284,9.054,0.000,0.000,0.000,1,3,2.00,0,NONE
375,37.2890563333,127.1068335000,-72.431,8.831,0.000,0.000,0.000,1,3,2.00,0,NONE
376,37.2890545000,127.1068321667,-72.550,8.627,0.000,0.000,0.000,1,3,2.00,0,NONE
377,37.2890523333,127.1068308333,-72.668,8.386,0.000,0.000,0.000,1,3,2.00,0,NONE
378,37.2890503333,127.1068293333,-72.800,8.163,0.000,0.000,0.000,1,3,2.00,0,NONE
379,37.2890483333,127.1068278333,-72.933,7.941,0.000,0.000,0.000,1,3,2.00,0,NONE
380,37.2890463333,127.1068261667,-73.081,7.718,0.000,0.000,0.000,1,3,2.00,0,NONE
381,37.2890443333,127.1068246667,-73.214,7.496,0.000,0.000,0.000,1,3,2.00,0,NONE
382,37.2890423333,127.1068231667,-73.347,7.273,0.000,0.000,0.000,1,3,2.00,0,NONE
383,37.2890401667,127.1068218333,-73.465,7.032,0.000,0.000,0.000,1,3,2.00,0,NONE
384,37.2890383333,127.1068203333,-73.598,6.828,0.000,0.000,0.000,1,3,2.00,0,NONE
385,37.2890363333,127.1068188333,-73.730,6.605,0.000,0.000,0.000,1,3,2.00,0,NONE
386,37.2890343333,127.1068171667,-73.878,6.382,0.000,0.000,0.000,1,3,2.00,0,NONE
387,37.2890323333,127.1068158333,-73.996,6.160,0.000,0.000,0.000,1,3,2.00,0,NONE
388,37.2890303333,127.1068148333,-74.085,5.937,0.000,0.000,0.000,1,3,2.00,0,NONE
389,37.2890281667,127.1068136667,-74.188,5.696,0.000,0.000,0.000,1,3,2.00,0,NONE
390,37.2890261667,127.1068126667,-74.277,5.473,0.000,0.000,0.000,1,3,2.00,0,NONE
391,37.2890240000,127.1068115000,-74.380,5.232,0.000,0.000,0.000,1,3,2.00,0,NONE
392,37.2890218333,127.1068106667,-74.454,4.991,0.000,0.000,0.000,1,3,2.00,0,NONE
393,37.2890198333,127.1068100000,-74.513,4.768,0.000,0.000,0.000,1,3,2.00,0,NONE
394,37.2890175000,127.1068095000,-74.557,4.508,0.000,0.000,0.000,1,3,2.00,0,NONE
395,37.2890155000,127.1068090000,-74.601,4.286,0.000,0.000,0.000,1,3,2.00,0,NONE
396,37.2890133333,127.1068083333,-74.660,4.045,0.000,0.000,0.000,1,3,2.00,0,NONE
397,37.2890111667,127.1068076667,-74.719,3.803,0.000,0.000,0.000,1,3,2.00,0,NONE
398,37.2890091667,127.1068073333,-74.749,3.581,0.000,0.000,0.000,1,3,2.00,0,NONE
399,37.2890070000,127.1068070000,-74.778,3.340,0.000,0.000,0.000,1,3,2.00,0,NONE
400,37.2890048333,127.1068068333,-74.793,3.098,0.000,0.000,0.000,1,3,2.00,0,NONE
401,37.2890026667,127.1068066667,-74.808,2.857,0.000,0.000,0.000,1,3,2.00,0,NONE
402,37.2890005000,127.1068065000,-74.823,2.616,0.000,0.000,0.000,1,3,2.00,0,NONE
403,37.2889983333,127.1068065000,-74.823,2.375,0.000,0.000,0.000,1,3,2.00,0,NONE
404,37.2889961667,127.1068068333,-74.793,2.134,0.000,0.000,0.000,1,3,2.00,0,NONE
405,37.2889940000,127.1068071667,-74.764,1.892,0.000,0.000,0.000,1,3,2.00,0,NONE
406,37.2889918333,127.1068078333,-74.705,1.651,0.000,0.000,0.000,1,3,2.00,0,NONE
407,37.2889896667,127.1068081667,-74.675,1.410,0.000,0.000,0.000,1,3,2.00,0,NONE
408,37.2889875000,127.1068088333,-74.616,1.169,0.000,0.000,0.000,1,3,2.00,0,NONE
409,37.2889853333,127.1068095000,-74.557,0.928,0.000,0.000,0.000,1,3,2.00,0,NONE
410,37.2889833333,127.1068103333,-74.483,0.705,0.000,0.000,0.000,1,3,2.00,0,NONE
411,37.2889813333,127.1068115000,-74.380,0.482,0.000,0.000,0.000,1,3,2.00,0,NONE
412,37.2889793333,127.1068125000,-74.291,0.260,0.000,0.000,0.000,1,3,2.00,0,NONE
413,37.2889773333,127.1068133333,-74.218,0.037,0.000,0.000,0.000,1,3,2.00,0,NONE
414,37.2889753333,127.1068143333,-74.129,-0.186,0.000,0.000,0.000,1,3,2.00,0,NONE
415,37.2889735000,127.1068156667,-74.011,-0.390,0.000,0.000,0.000,1,3,2.00,0,NONE
416,37.2889715000,127.1068170000,-73.893,-0.612,0.000,0.000,0.000,1,3,2.00,0,NONE
417,37.2889696667,127.1068185000,-73.760,-0.816,0.000,0.000,0.000,1,3,2.00,0,NONE
418,37.2889678333,127.1068198333,-73.642,-1.020,0.000,0.000,0.000,1,3,2.00,0,NONE
419,37.2889658333,127.1068211667,-73.524,-1.243,0.000,0.000,0.000,1,3,2.00,0,NONE
420,37.2889640000,127.1068226667,-73.391,-1.447,0.000,0.000,0.000,1,3,2.00,0,NONE
421,37.2889623333,127.1068241667,-73.258,-1.633,0.000,0.000,0.000,1,3,2.00,0,NONE
422,37.2889606667,127.1068258333,-73.110,-1.818,0.000,0.000,0.000,1,3,2.00,0,NONE
423,37.2889590000,127.1068275000,-72.963,-2.004,0.000,0.000,0.000,1,3,2.00,0,NONE
424,37.2889571667,127.1068291667,-72.815,-2.208,0.000,0.000,0.000,1,3,2.00,0,NONE
425,37.2889553333,127.1068306667,-72.682,-2.412,0.000,0.000,0.000,1,3,2.00,0,NONE
426,37.2889536667,127.1068325000,-72.520,-2.597,0.000,0.000,0.000,1,3,2.00,0,NONE
427,37.2889521667,127.1068343333,-72.358,-2.764,0.000,0.000,0.000,1,3,2.00,0,NONE
428,37.2889506667,127.1068365000,-72.166,-2.931,0.000,0.000,0.000,1,3,2.00,0,NONE
429,37.2889491667,127.1068385000,-71.989,-3.098,0.000,0.000,0.000,1,3,2.00,0,NONE
430,37.2889475000,127.1068405000,-71.812,-3.284,0.000,0.000,0.000,1,3,2.00,0,NONE
431,37.2889460000,127.1068426667,-71.620,-3.451,0.000,0.000,0.000,1,3,2.00,0,NONE
432,37.2889446667,127.1068448333,-71.428,-3.599,0.000,0.000,0.000,1,3,2.00,0,NONE
433,37.2889438333,127.1068461667,-71.310,-3.692,0.000,0.000,0.000,1,3,2.00,0,NONE
434,37.2889426667,127.1068485000,-71.103,-3.822,0.000,0.000,0.000,1,3,2.00,0,NONE
435,37.2889410000,127.1068506667,-70.911,-4.008,0.000,0.000,0.000,1,3,2.00,0,NONE
436,37.2889395000,127.1068528333,-70.719,-4.175,0.000,0.000,0.000,1,3,2.00,0,NONE
437,37.2889380000,127.1068551667,-70.513,-4.341,0.000,0.000,0.000,1,3,2.00,0,NONE
438,37.2889366667,127.1068575000,-70.306,-4.490,0.000,0.000,0.000,1,3,2.00,0,NONE
439,37.2889353333,127.1068600000,-70.085,-4.638,0.000,0.000,0.000,1,3,2.00,0,NONE
440,37.2889341667,127.1068625000,-69.863,-4.768,0.000,0.000,0.000,1,3,2.00,0,NONE
441,37.2889328333,127.1068648333,-69.656,-4.917,0.000,0.000,0.000,1,3,2.00,0,NONE
442,37.2889315000,127.1068673333,-69.435,-5.065,0.000,0.000,0.000,1,3,2.00,0,NONE
443,37.2889303333,127.1068698333,-69.214,-5.195,0.000,0.000,0.000,1,3,2.00,0,NONE
444,37.2889291667,127.1068721667,-69.007,-5.325,0.000,0.000,0.000,1,3,2.00,0,NONE
445,37.2889281667,127.1068748333,-68.771,-5.436,0.000,0.000,0.000,1,3,2.00,0,NONE
446,37.2889270000,127.1068770000,-68.579,-5.566,0.000,0.000,0.000,1,3,2.00,0,NONE
447,37.2889255000,127.1068793333,-68.372,-5.733,0.000,0.000,0.000,1,3,2.00,0,NONE
448,37.2889243333,127.1068816667,-68.166,-5.863,0.000,0.000,0.000,1,3,2.00,0,NONE
449,37.2889233333,127.1068841667,-67.944,-5.974,0.000,0.000,0.000,1,3,2.00,0,NONE
450,37.2889223333,127.1068866667,-67.723,-6.085,0.000,0.000,0.000,1,3,2.00,0,NONE
451,37.2889215000,127.1068890000,-67.516,-6.178,0.000,0.000,0.000,1,3,2.00,0,NONE
452,37.2889203333,127.1068915000,-67.295,-6.308,0.000,0.000,0.000,1,3,2.00,0,NONE
453,37.2889191667,127.1068940000,-67.073,-6.438,0.000,0.000,0.000,1,3,2.00,0,NONE
454,37.2889181667,127.1068963333,-66.867,-6.549,0.000,0.000,0.000,1,3,2.00,0,NONE
455,37.2889173333,127.1068988333,-66.645,-6.642,0.000,0.000,0.000,1,3,2.00,0,NONE
456,37.2889165000,127.1069015000,-66.409,-6.735,0.000,0.000,0.000,1,3,2.00,0,NONE
457,37.2889155000,127.1069038333,-66.202,-6.846,0.000,0.000,0.000,1,3,2.00,0,NONE
458,37.2889145000,127.1069063333,-65.981,-6.958,0.000,0.000,0.000,1,3,2.00,0,NONE
459,37.2889135000,127.1069088333,-65.760,-7.069,0.000,0.000,0.000,1,3,2.00,0,NONE
460,37.2889126667,127.1069115000,-65.523,-7.162,0.000,0.000,0.000,1,3,2.00,0,NONE
461,37.2889118333,127.1069141667,-65.287,-7.254,0.000,0.000,0.000,1,3,2.00,0,NONE
462,37.2889111667,127.1069168333,-65.051,-7.329,0.000,0.000,0.000,1,3,2.00,0,NONE
463,37.2889103333,127.1069193333,-64.830,-7.421,0.000,0.000,0.000,1,3,2.00,0,NONE
464,37.2889095000,127.1069220000,-64.593,-7.514,0.000,0.000,0.000,1,3,2.00,0,NONE
465,37.2889088333,127.1069246667,-64.357,-7.588,0.000,0.000,0.000,1,3,2.00,0,NONE
466,37.2889081667,127.1069273333,-64.121,-7.663,0.000,0.000,0.000,1,3,2.00,0,NONE
467,37.2889075000,127.1069300000,-63.885,-7.737,0.000,0.000,0.000,1,3,2.00,0,NONE
468,37.2889070000,127.1069326667,-63.649,-7.792,0.000,0.000,0.000,1,3,2.00,0,NONE
469,37.2889061667,127.1069353333,-63.413,-7.885,0.000,0.000,0.000,1,3,2.00,0,NONE
470,37.2889053333,127.1069380000,-63.176,-7.978,0.000,0.000,0.000,1,3,2.00,0,NONE
471,37.2889045000,127.1069405000,-62.955,-8.071,0.000,0.000,0.000,1,3,2.00,0,NONE
472,37.2889038333,127.1069431667,-62.719,-8.145,0.000,0.000,0.000,1,3,2.00,0,NONE
473,37.2889033333,127.1069458333,-62.483,-8.201,0.000,0.000,0.000,1,3,2.00,0,NONE
474,37.2889025000,127.1069483333,-62.261,-8.293,0.000,0.000,0.000,1,3,2.00,0,NONE
475,37.2889016667,127.1069510000,-62.025,-8.386,0.000,0.000,0.000,1,3,2.00,0,NONE
476,37.2889010000,127.1069533333,-61.818,-8.460,0.000,0.000,0.000,1,3,2.00,0,NONE
477,37.2889003333,127.1069556667,-61.612,-8.535,0.000,0.000,0.000,1,3,2.00,0,NONE
478,37.2888996667,127.1069583333,-61.376,-8.609,0.000,0.000,0.000,1,3,2.00,0,NONE
479,37.2888990000,127.1069608333,-61.154,-8.683,0.000,0.000,0.000,1,3,2.00,0,NONE
480,37.2888983333,127.1069631667,-60.948,-8.757,0.000,0.000,0.000,1,3,2.00,0,NONE
481,37.2888976667,127.1069656667,-60.726,-8.831,0.000,0.000,0.000,1,3,2.00,0,NONE
482,37.2888971667,127.1069681667,-60.505,-8.887,0.000,0.000,0.000,1,3,2.00,0,NONE
483,37.2888968333,127.1069706667,-60.283,-8.924,0.000,0.000,0.000,1,3,2.00,0,NONE
484,37.2888966667,127.1069731667,-60.062,-8.943,0.000,0.000,0.000,1,3,2.00,0,NONE
485,37.2888965000,127.1069758333,-59.826,-8.961,0.000,0.000,0.000,1,3,2.00,0,NONE
486,37.2888965000,127.1069783333,-59.604,-8.961,0.000,0.000,0.000,1,3,2.00,0,NONE
487,37.2888965000,127.1069808333,-59.383,-8.961,0.000,0.000,0.000,1,3,2.00,0,NONE
488,37.2888965000,127.1069833333,-59.161,-8.961,0.000,0.000,0.000,1,3,2.00,0,NONE
489,37.2888966667,127.1069858333,-58.940,-8.943,0.000,0.000,0.000,1,3,2.00,0,NONE
490,37.2888970000,127.1069883333,-58.719,-8.906,0.000,0.000,0.000,1,3,2.00,0,NONE
491,37.2888971667,127.1069906667,-58.512,-8.887,0.000,0.000,0.000,1,3,2.00,0,NONE
492,37.2888973333,127.1069931667,-58.291,-8.868,0.000,0.000,0.000,1,3,2.00,0,NONE
493,37.2888973333,127.1069956667,-58.069,-8.868,0.000,0.000,0.000,1,3,2.00,0,NONE
494,37.2888976667,127.1069980000,-57.863,-8.831,0.000,0.000,0.000,1,3,2.00,0,NONE
495,37.2888980000,127.1070003333,-57.656,-8.794,0.000,0.000,0.000,1,3,2.00,0,NONE
496,37.2888986667,127.1070026667,-57.449,-8.720,0.000,0.000,0.000,1,3,2.00,0,NONE
497,37.2888991667,127.1070048333,-57.257,-8.664,0.000,0.000,0.000,1,3,2.00,0,NONE
498,37.2888996667,127.1070071667,-57.051,-8.609,0.000,0.000,0.000,1,3,2.00,0,NONE
499,37.2889003333,127.1070095000,-56.844,-8.535,0.000,0.000,0.000,1,3,2.00,0,NONE
500,37.2889010000,127.1070116667,-56.652,-8.460,0.000,0.000,0.000,1,3,2.00,0,NONE
501,37.2889020000,127.1070136667,-56.475,-8.349,0.000,0.000,0.000,1,3,2.00,0,NONE
502,37.2889031667,127.1070156667,-56.298,-8.219,0.000,0.000,0.000,1,3,2.00,0,NONE
503,37.2889043333,127.1070175000,-56.136,-8.089,0.000,0.000,0.000,1,3,2.00,0,NONE
504,37.2889056667,127.1070193333,-55.973,-7.941,0.000,0.000,0.000,1,3,2.00,0,NONE
505,37.2889070000,127.1070211667,-55.811,-7.792,0.000,0.000,0.000,1,3,2.00,0,NONE
506,37.2889085000,127.1070228333,-55.663,-7.625,0.000,0.000,0.000,1,3,2.00,0,NONE
507,37.2889100000,127.1070245000,-55.516,-7.458,0.000,0.000,0.000,1,3,2.00,0,NONE
508,37.2889116667,127.1070260000,-55.383,-7.273,0.000,0.000,0.000,1,3,2.00,0,NONE
509,37.2889131667,127.1070275000,-55.250,-7.106,0.000,0.000,0.000,1,3,2.00,0,NONE
510,37.2889146667,127.1070290000,-55.117,-6.939,0.000,0.000,0.000,1,3,2.00,0,NONE
511,37.2889163333,127.1070305000,-54.984,-6.753,0.000,0.000,0.000,1,3,2.00,0,NONE
512,37.2889180000,127.1070318333,-54.866,-6.568,0.000,0.000,0.000,1,3,2.00,0,NONE
513,37.2889198333,127.1070331667,-54.748,-6.364,0.000,0.000,0.000,1,3,2.00,0,NONE
514,37.2889216667,127.1070343333,-54.645,-6.160,0.000,0.000,0.000,1,3,2.00,0,NONE
515,37.2889233333,127.1070356667,-54.527,-5.974,0.000,0.000,0.000,1,3,2.00,0,NONE
516,37.2889251667,127.1070371667,-54.394,-5.770,0.000,0.000,0.000,1,3,2.00,0,NONE
517,37.2889270000,127.1070386667,-54.261,-5.566,0.000,0.000,0.000,1,3,2.00,0,NONE
518,37.2889286667,127.1070398333,-54.158,-5.380,0.000,0.000,0.000,1,3,2.00,0,NONE
519,37.2889306667,127.1070410000,-54.054,-5.158,0.000,0.000,0.000,1,3,2.00,0,NONE
520,37.2889325000,127.1070420000,-53.966,-4.954,0.000,0.000,0.000,1,3,2.00,0,NONE
521,37.2889343333,127.1070433333,-53.848,-4.750,0.000,0.000,0.000,1,3,2.00,0,NONE
522,37.2889361667,127.1070446667,-53.729,-4.546,0.000,0.000,0.000,1,3,2.00,0,NONE
523,37.2889380000,127.1070460000,-53.611,-4.341,0.000,0.000,0.000,1,3,2.00,0,NONE
524,37.2889396667,127.1070470000,-53.523,-4.156,0.000,0.000,0.000,1,3,2.00,0,NONE
525,37.2889415000,127.1070481667,-53.420,-3.952,0.000,0.000,0.000,1,3,2.00,0,NONE
526,37.2889433333,127.1070493333,-53.316,-3.748,0.000,0.000,0.000,1,3,2.00,0,NONE
527,37.2889450000,127.1070506667,-53.198,-3.562,0.000,0.000,0.000,1,3,2.00,0,NONE
528,37.2889468333,127.1070520000,-53.080,-3.358,0.000,0.000,0.000,1,3,2.00,0,NONE
529,37.2889486667,127.1070533333,-52.962,-3.154,0.000,0.000,0.000,1,3,2.00,0,NONE
530,37.2889505000,127.1070546667,-52.844,-2.950,0.000,0.000,0.000,1,3,2.00,0,NONE
531,37.2889523333,127.1070558333,-52.741,-2.746,0.000,0.000,0.000,1,3,2.00,0,NONE
532,37.2889540000,127.1070570000,-52.637,-2.560,0.000,0.000,0.000,1,3,2.00,0,NONE
533,37.2889558333,127.1070583333,-52.519,-2.356,0.000,0.000,0.000,1,3,2.00,0,NONE
534,37.2889576667,127.1070596667,-52.401,-2.152,0.000,0.000,0.000,1,3,2.00,0,NONE
535,37.2889595000,127.1070606667,-52.312,-1.948,0.000,0.000,0.000,1,3,2.00,0,NONE
536,37.2889611667,127.1070616667,-52.224,-1.763,0.000,0.000,0.000,1,3,2.00,0,NONE
537,37.2889631667,127.1070625000,-52.150,-1.540,0.000,0.000,0.000,1,3,2.00,0,NONE
538,37.2889648333,127.1070635000,-52.062,-1.354,0.000,0.000,0.000,1,3,2.00,0,NONE
539,37.2889665000,127.1070646667,-51.958,-1.169,0.000,0.000,0.000,1,3,2.00,0,NONE
540,37.2889683333,127.1070660000,-51.840,-0.965,0.000,0.000,0.000,1,3,2.00,0,NONE
541,37.2889698333,127.1070671667,-51.737,-0.798,0.000,0.000,0.000,1,3,2.00,0,NONE
542,37.2889715000,127.1070683333,-51.633,-0.612,0.000,0.000,0.000,1,3,2.00,0,NONE
543,37.2889731667,127.1070695000,-51.530,-0.427,0.000,0.000,0.000,1,3,2.00,0,NONE
544,37.2889745000,127.1070711667,-51.383,-0.278,0.000,0.000,0.000,1,3,2.00,0,NONE
545,37.2889760000,127.1070728333,-51.235,-0.111,0.000,0.000,0.000,1,3,2.00,0,NONE
546,37.2889773333,127.1070746667,-51.073,0.037,0.000,0.000,0.000,1,3,2.00,0,NONE
547,37.2889786667,127.1070765000,-50.910,0.186,0.000,0.000,0.000,1,3,2.00,0,NONE
548,37.2889801667,127.1070785000,-50.733,0.353,0.000,0.000,0.000,1,3,2.00,0,NONE
549,37.2889815000,127.1070803333,-50.571,0.501,0.000,0.000,0.000,1,3,2.00,0,NONE
550,37.2889825000,127.1070825000,-50.379,0.612,0.000,0.000,0.000,1,3,2.00,0,NONE
551,37.2889835000,127.1070848333,-50.172,0.724,0.000,0.000,0.000,1,3,2.00,0,NONE
552,37.2889843333,127.1070871667,-49.965,0.816,0.000,0.000,0.000,1,3,2.00,0,NONE
553,37.2889850000,127.1070895000,-49.759,0.891,0.000,0.000,0.000,1,3,2.00,0,NONE
554,37.2889856667,127.1070918333,-49.552,0.965,0.000,0.000,0.000,1,3,2.00,0,NONE
555,37.2889863333,127.1070941667,-49.346,1.039,0.000,0.000,0.000,1,3,2.00,0,NONE
556,37.2889866667,127.1070965000,-49.139,1.076,0.000,0.000,0.000,1,3,2.00,0,NONE
557,37.2889870000,127.1070990000,-48.917,1.113,0.000,0.000,0.000,1,3,2.00,0,NONE
558,37.2889871667,127.1071013333,-48.711,1.132,0.000,0.000,0.000,1,3,2.00,0,NONE
559,37.2889875000,127.1071036667,-48.504,1.169,0.000,0.000,0.000,1,3,2.00,0,NONE
560,37.2889880000,127.1071058333,-48.312,1.225,0.000,0.000,0.000,1,3,2.00,0,NONE
561,37.2889881667,127.1071081667,-48.106,1.243,0.000,0.000,0.000,1,3,2.00,0,NONE
562,37.2889881667,127.1071105000,-47.899,1.243,0.000,0.000,0.000,1,3,2.00,0,NONE
563,37.2889881667,127.1071128333,-47.692,1.243,0.000,0.000,0.000,1,3,2.00,0,NONE
564,37.2889880000,127.1071151667,-47.486,1.225,0.000,0.000,0.000,1,3,2.00,0,NONE
565,37.2889880000,127.1071176667,-47.264,1.225,0.000,0.000,0.000,1,3,2.00,0,NONE
566,37.2889880000,127.1071200000,-47.058,1.225,0.000,0.000,0.000,1,3,2.00,0,NONE
567,37.2889878333,127.1071223333,-46.851,1.206,0.000,0.000,0.000,1,3,2.00,0,NONE
568,37.2889875000,127.1071248333,-46.630,1.169,0.000,0.000,0.000,1,3,2.00,0,NONE
569,37.2889871667,127.1071271667,-46.423,1.132,0.000,0.000,0.000,1,3,2.00,0,NONE
570,37.2889870000,127.1071295000,-46.216,1.113,0.000,0.000,0.000,1,3,2.00,0,NONE
571,37.2889870000,127.1071320000,-45.995,1.113,0.000,0.000,0.000,1,3,2.00,0,NONE
572,37.2889868333,127.1071345000,-45.773,1.095,0.000,0.000,0.000,1,3,2.00,0,NONE
573,37.2889865000,127.1071370000,-45.552,1.058,0.000,0.000,0.000,1,3,2.00,0,NONE
574,37.2889860000,127.1071393333,-45.345,1.002,0.000,0.000,0.000,1,3,2.00,0,NONE
575,37.2889853333,127.1071416667,-45.139,0.928,0.000,0.000,0.000,1,3,2.00,0,NONE
576,37.2889848333,127.1071441667,-44.917,0.872,0.000,0.000,0.000,1,3,2.00,0,NONE
577,37.2889843333,127.1071465000,-44.711,0.816,0.000,0.000,0.000,1,3,2.00,0,NONE
578,37.2889840000,127.1071490000,-44.489,0.779,0.000,0.000,0.000,1,3,2.00,0,NONE
579,37.2889831667,127.1071515000,-44.268,0.686,0.000,0.000,0.000,1,3,2.00,0,NONE
580,37.2889823333,127.1071538333,-44.061,0.594,0.000,0.000,0.000,1,3,2.00,0,NONE
581,37.2889816667,127.1071565000,-43.825,0.519,0.000,0.000,0.000,1,3,2.00,0,NONE
582,37.2889808333,127.1071590000,-43.604,0.427,0.000,0.000,0.000,1,3,2.00,0,NONE
583,37.2889801667,127.1071616667,-43.367,0.353,0.000,0.000,0.000,1,3,2.00,0,NONE
584,37.2889795000,127.1071641667,-43.146,0.278,0.000,0.000,0.000,1,3,2.00,0,NONE
585,37.2889785000,127.1071670000,-42.895,0.167,0.000,0.000,0.000,1,3,2.00,0,NONE
586,37.2889776667,127.1071695000,-42.674,0.074,0.000,0.000,0.000,1,3,2.00,0,NONE
587,37.2889770000,127.1071721667,-42.437,0.000,0.000,0.000,0.000,1,3,2.00,0,NONE
588,37.2889761667,127.1071746667,-42.216,-0.093,0.000,0.000,0.000,1,3,2.00,0,NONE
589,37.2889756667,127.1071773333,-41.980,-0.148,0.000,0.000,0.000,1,3,2.00,0,NONE
590,37.2889748333,127.1071798333,-41.758,-0.241,0.000,0.000,0.000,1,3,2.00,0,NONE
591,37.2889738333,127.1071825000,-41.522,-0.353,0.000,0.000,0.000,1,3,2.00,0,NONE
592,37.2889728333,127.1071850000,-41.301,-0.464,0.000,0.000,0.000,1,3,2.00,0,NONE
593,37.2889720000,127.1071876667,-41.065,-0.557,0.000,0.000,0.000,1,3,2.00,0,NONE
594,37.2889711667,127.1071905000,-40.814,-0.649,0.000,0.000,0.000,1,3,2.00,0,NONE
595,37.2889705000,127.1071930000,-40.592,-0.724,0.000,0.000,0.000,1,3,2.00,0,NONE
596,37.2889695000,127.1071956667,-40.356,-0.835,0.000,0.000,0.000,1,3,2.00,0,NONE
597,37.2889686667,127.1071983333,-40.120,-0.928,0.000,0.000,0.000,1,3,2.00,0,NONE
598,37.2889680000,127.1072010000,-39.884,-1.002,0.000,0.000,0.000,1,3,2.00,0,NONE
599,37.2889671667,127.1072038333,-39.633,-1.095,0.000,0.000,0.000,1,3,2.00,0,NONE
600,37.2889665000,127.1072063333,-39.411,-1.169,0.000,0.000,0.000,1,3,2.00,0,NONE
601,37.2889655000,127.1072090000,-39.175,-1.280,0.000,0.000,0.000,1,3,2.00,0,NONE
602,37.2889646667,127.1072113333,-38.969,-1.373,0.000,0.000,0.000,1,3,2.00,0,NONE
603,37.2889638333,127.1072138333,-38.747,-1.466,0.000,0.000,0.000,1,3,2.00,0,NONE
604,37.2889628333,127.1072163333,-38.526,-1.577,0.000,0.000,0.000,1,3,2.00,0,NONE
605,37.2889620000,127.1072190000,-38.290,-1.670,0.000,0.000,0.000,1,3,2.00,0,NONE
606,37.2889611667,127.1072211667,-38.098,-1.763,0.000,0.000,0.000,1,3,2.00,0,NONE
607,37.2889600000,127.1072235000,-37.891,-1.892,0.000,0.000,0.000,1,3,2.00,0,NONE
608,37.2889588333,127.1072256667,-37.699,-2.022,0.000,0.000,0.000,1,3,2.00,0,NONE
609,37.2889576667,127.1072278333,-37.507,-2.152,0.000,0.000,0.000,1,3,2.00,0,NONE
610,37.2889565000,127.1072300000,-37.315,-2.282,0.000,0.000,0.000,1,3,2.00,0,NONE
611,37.2889555000,127.1072321667,-37.124,-2.393,0.000,0.000,0.000,1,3,2.00,0,NONE
612,37.2889541667,127.1072341667,-36.946,-2.542,0.000,0.000,0.000,1,3,2.00,0,NONE
613,37.2889528333,127.1072360000,-36.784,-2.690,0.000,0.000,0.000,1,3,2.00,0,NONE
614,37.2889513333,127.1072376667,-36.636,-2.857,0.000,0.000,0.000,1,3,2.00,0,NONE
615,37.2889498333,127.1072395000,-36.474,-3.024,0.000,0.000,0.000,1,3,2.00,0,NONE
616,37.2889483333,127.1072413333,-36.312,-3.191,0.000,0.000,0.000,1,3,2.00,0,NONE
617,37.2889468333,127.1072428333,-36.179,-3.358,0.000,0.000,0.000,1,3,2.00,0,NONE
618,37.2889451667,127.1072443333,-36.046,-3.544,0.000,0.000,0.000,1,3,2.00,0,NONE
619,37.2889435000,127.1072456667,-35.928,-3.729,0.000,0.000,0.000,1,3,2.00,0,NONE
620,37.2889418333,127.1072470000,-35.810,-3.915,0.000,0.000,0.000,1,3,2.00,0,NONE
621,37.2889403333,127.1072485000,-35.677,-4.082,0.000,0.000,0.000,1,3,2.00,0,NONE
622,37.2889386667,127.1072501667,-35.529,-4.267,0.000,0.000,0.000,1,3,2.00,0,NONE
623,37.2889370000,127.1072515000,-35.411,-4.453,0.000,0.000,0.000,1,3,2.00,0,NONE
624,37.2889353333,127.1072528333,-35.293,-4.638,0.000,0.000,0.000,1,3,2.00,0,NONE
625,37.2889335000,127.1072538333,-35.205,-4.842,0.000,0.000,0.000,1,3,2.00,0,NONE
626,37.2889318333,127.1072551667,-35.087,-5.028,0.000,0.000,0.000,1,3,2.00,0,NONE
627,37.2889301667,127.1072568333,-34.939,-5.213,0.000,0.000,0.000,1,3,2.00,0,NONE
628,37.2889286667,127.1072583333,-34.806,-5.380,0.000,0.000,0.000,1,3,2.00,0,NONE
629,37.2889271667,127.1072596667,-34.688,-5.547,0.000,0.000,0.000,1,3,2.00,0,NONE
630,37.2889255000,127.1072606667,-34.599,-5.733,0.000,0.000,0.000,1,3,2.00,0,NONE
631,37.2889240000,127.1072616667,-34.511,-5.900,0.000,0.000,0.000,1,3,2.00,0,NONE
632,37.2889225000,127.1072625000,-34.437,-6.067,0.000,0.000,0.000,1,3,2.00,0,NONE
633,37.2889210000,127.1072635000,-34.348,-6.234,0.000,0.000,0.000,1,3,2.00,0,NONE
634,37.2889196667,127.1072645000,-34.260,-6.382,0.000,0.000,0.000,1,3,2.00,0,NONE
635,37.2889181667,127.1072648333,-34.230,-6.549,0.000,0.000,0.000,1,3,2.00,0,NONE
636,37.2889166667,127.1072651667,-34.201,-6.716,0.000,0.000,0.000,1,3,2.00,0,NONE
637,37.2889151667,127.1072650000,-34.216,-6.883,0.000,0.000,0.000,1,3,2.00,0,NONE
638,37.2889133333,127.1072653333,-34.186,-7.087,0.000,0.000,0.000,1,3,2.00,0,NONE
639,37.2889116667,127.1072656667,-34.157,-7.273,0.000,0.000,0.000,1,3,2.00,0,NONE
640,37.2889101667,127.1072653333,-34.186,-7.440,0.000,0.000,0.000,1,3,2.00,0,NONE
641,37.2889088333,127.1072648333,-34.230,-7.588,0.000,0.000,0.000,1,3,2.00,0,NONE
642,37.2889080000,127.1072656667,-34.157,-7.681,0.000,0.000,0.000,1,4,2.00,0,NONE
643,37.2889065000,127.1072661667,-34.112,-7.848,0.000,0.000,0.000,1,4,2.00,0,NONE
644,37.2889050000,127.1072655000,-34.171,-8.015,0.000,0.000,0.000,1,4,2.00,0,NONE
645,37.2889035000,127.1072648333,-34.230,-8.182,0.000,0.000,0.000,1,4,2.00,0,NONE
646,37.2889021667,127.1072645000,-34.260,-8.330,0.000,0.000,0.000,1,4,2.00,0,NONE
647,37.2889005000,127.1072643333,-34.275,-8.516,0.000,0.000,0.000,1,4,2.00,0,NONE
648,37.2888990000,127.1072640000,-34.304,-8.683,0.000,0.000,0.000,1,4,2.00,0,NONE
649,37.2888975000,127.1072635000,-34.348,-8.850,0.000,0.000,0.000,1,4,2.00,0,NONE
650,37.2888958333,127.1072625000,-34.437,-9.035,0.000,0.000,0.000,1,4,2.00,0,NONE
651,37.2888941667,127.1072618333,-34.496,-9.221,0.000,0.000,0.000,1,4,2.00,0,NONE
652,37.2888926667,127.1072611667,-34.555,-9.388,0.000,0.000,0.000,1,4,2.00,0,NONE
653,37.2888908333,127.1072606667,-34.599,-9.592,0.000,0.000,0.000,1,4,2.00,0,NONE
654,37.2888890000,127.1072601667,-34.644,-9.796,0.000,0.000,0.000,1,4,2.00,0,NONE
655,37.2888871667,127.1072595000,-34.703,-10.000,0.000,0.000,0.000,1,4,2.00,0,NONE
656,37.2888853333,127.1072585000,-34.791,-10.204,0.000,0.000,0.000,1,4,2.00,0,NONE
657,37.2888833333,127.1072578333,-34.850,-10.427,0.000,0.000,0.000,1,4,2.00,0,NONE
658,37.2888815000,127.1072570000,-34.924,-10.631,0.000,0.000,0.000,1,4,2.00,0,NONE
659,37.2888795000,127.1072565000,-34.968,-10.854,0.000,0.000,0.000,1,4,2.00,0,NONE
660,37.2888776667,127.1072558333,-35.027,-11.058,0.000,0.000,0.000,1,4,2.00,0,NONE
661,37.2888758333,127.1072548333,-35.116,-11.262,0.000,0.000,0.000,1,4,2.00,0,NONE
662,37.2888740000,127.1072538333,-35.205,-11.466,0.000,0.000,0.000,1,4,2.00,0,NONE
663,37.2888721667,127.1072531667,-35.264,-11.670,0.000,0.000,0.000,1,4,2.00,0,NONE
664,37.2888703333,127.1072525000,-35.323,-11.874,0.000,0.000,0.000,1,4,2.00,0,NONE
665,37.2888685000,127.1072520000,-35.367,-12.078,0.000,0.000,0.000,1,4,2.00,0,NONE
666,37.2888666667,127.1072515000,-35.411,-12.282,0.000,0.000,0.000,1,4,2.00,0,NONE
667,37.2888648333,127.1072506667,-35.485,-12.486,0.000,0.000,0.000,1,4,2.00,0,NONE
668,37.2888630000,127.1072500000,-35.544,-12.690,0.000,0.000,0.000,1,4,2.00,0,NONE
669,37.2888611667,127.1072493333,-35.603,-12.895,0.000,0.000,0.000,1,4,2.00,0,NONE
670,37.2888591667,127.1072488333,-35.647,-13.117,0.000,0.000,0.000,1,4,2.00,0,NONE
671,37.2888573333,127.1072483333,-35.692,-13.321,0.000,0.000,0.000,1,4,2.00,0,NONE
672,37.2888555000,127.1072476667,-35.751,-13.525,0.000,0.000,0.000,1,4,2.00,0,NONE
673,37.2888535000,127.1072466667,-35.839,-13.748,0.000,0.000,0.000,1,4,2.00,0,NONE
674,37.2888515000,127.1072460000,-35.898,-13.971,0.000,0.000,0.000,1,4,2.00,0,NONE
675,37.2888496667,127.1072455000,-35.943,-14.175,0.000,0.000,0.000,1,4,2.00,0,NONE
676,37.2888475000,127.1072453333,-35.957,-14.416,0.000,0.000,0.000,1,4,2.00,0,NONE
677,37.2888455000,127.1072448333,-36.002,-14.639,0.000,0.000,0.000,1,4,2.00,0,NONE
678,37.2888435000,127.1072440000,-36.076,-14.861,0.000,0.000,0.000,1,4,2.00,0,NONE
679,37.2888415000,127.1072433333,-36.135,-15.084,0.000,0.000,0.000,1,4,2.00,0,NONE
680,37.2888395000,127.1072425000,-36.208,-15.307,0.000,0.000,0.000,1,4,2.00,0,NONE
681,37.2888375000,127.1072418333,-36.267,-15.529,0.000,0.000,0.000,1,4,2.00,0,NONE
682,37.2888356667,127.1072410000,-36.341,-15.733,0.000,0.000,0.000,1,4,2.00,0,NONE
683,37.2888338333,127.1072398333,-36.445,-15.937,0.000,0.000,0.000,1,4,2.00,0,NONE
684,37.2888320000,127.1072385000,-36.563,-16.141,0.000,0.000,0.000,1,4,2.00,0,NONE
685,37.2888303333,127.1072373333,-36.666,-16.327,0.000,0.000,0.000,1,4,2.00,0,NONE
686,37.2888285000,127.1072358333,-36.799,-16.531,0.000,0.000,0.000,1,4,2.00,0,NONE
687,37.2888268333,127.1072348333,-36.887,-16.717,0.000,0.000,0.000,1,4,2.00,0,NONE
688,37.2888251667,127.1072335000,-37.005,-16.902,0.000,0.000,0.000,1,4,2.00,0,NONE
689,37.2888235000,127.1072320000,-37.138,-17.088,0.000,0.000,0.000,1,4,2.00,0,NONE
690,37.2888220000,127.1072306667,-37.256,-17.255,0.000,0.000,0.000,1,4,2.00,0,NONE
691,37.2888203333,127.1072293333,-37.374,-17.440,0.000,0.000,0.000,1,4,2.00,0,NONE
692,37.2888188333,127.1072281667,-37.478,-17.607,0.000,0.000,0.000,1,4,2.00,0,NONE
693,37.2888171667,127.1072270000,-37.581,-17.793,0.000,0.000,0.000,1,4,2.00,0,NONE
694,37.2888156667,127.1072258333,-37.684,-17.960,0.000,0.000,0.000,1,4,2.00,0,NONE
695,37.2888140000,127.1072245000,-37.803,-18.145,0.000,0.000,0.000,1,4,2.00,0,NONE
696,37.2888126667,127.1072233333,-37.906,-18.294,0.000,0.000,0.000,1,4,2.00,0,NONE
697,37.2888111667,127.1072225000,-37.980,-18.461,0.000,0.000,0.000,1,4,2.00,0,NONE
698,37.2888095000,127.1072216667,-38.053,-18.646,0.000,0.000,0.000,1,4,2.00,0,NONE
699,37.2888080000,127.1072210000,-38.113,-18.813,0.000,0.000,0.000,1,4,2.00,0,NONE
700,37.2888065000,127.1072198333,-38.216,-18.980,0.000,0.000,0.000,1,4,2.00,0,NONE
701,37.2888053333,127.1072188333,-38.304,-19.110,0.000,0.000,0.000,1,4,2.00,0,NONE
702,37.2888045000,127.1072186667,-38.319,-19.203,0.000,0.000,0.000,1,4,2.00,0,STOP_LINE
703,37.2888028333,127.1072186667,-38.319,-19.388,0.000,0.000,0.000,1,4,2.00,0,NONE
704,37.2888013333,127.1072180000,-38.378,-19.555,0.000,0.000,0.000,1,4,2.00,0,NONE
705,37.2888000000,127.1072171667,-38.452,-19.704,0.000,0.000,0.000,1,4,2.00,0,NONE
706,37.2887981667,127.1072163333,-38.526,-19.908,0.000,0.000,0.000,1,4,2.00,0,NONE
707,37.2887965000,127.1072160000,-38.555,-20.093,0.000,0.000,0.000,1,4,2.00,0,NONE
708,37.2887950000,127.1072158333,-38.570,-20.260,0.000,0.000,0.000,1,4,2.00,0,NONE
709,37.2887936667,127.1072153333,-38.614,-20.409,0.000,0.000,0.000,1,4,2.00,0,NONE
710,37.2887921667,127.1072150000,-38.644,-20.576,0.000,0.000,0.000,1,4,2.00,0,NONE
711,37.2887908333,127.1072146667,-38.673,-20.724,0.000,0.000,0.000,1,4,2.00,0,NONE
712,37.2887895000,127.1072143333,-38.703,-20.873,0.000,0.000,0.000,1,4,2.00,0,NONE
713,37.2887878333,127.1072141667,-38.718,-21.058,0.000,0.000,0.000,1,4,2.00,0,NONE
714,37.2887861667,127.1072141667,-38.718,-21.244,0.000,0.000,0.000,1,4,2.00,0,NONE
715,37.2887846667,127.1072141667,-38.718,-21.411,0.000,0.000,0.000,1,4,2.00,0,NONE
716,37.2887833333,127.1072131667,-38.806,-21.559,0.000,0.000,0.000,1,4,2.00,0,NONE
717,37.2887818333,127.1072120000,-38.910,-21.726,0.000,0.000,0.000,1,4,2.00,0,NONE
718,37.2887805000,127.1072115000,-38.954,-21.874,0.000,0.000,0.000,1,4,2.00,0,NONE
719,37.2887786667,127.1072110000,-38.998,-22.078,0.000,0.000,0.000,1,4,2.00,0,NONE
720,37.2887771667,127.1072105000,-39.042,-22.245,0.000,0.000,0.000,1,4,2.00,0,NONE
721,37.2887755000,127.1072091667,-39.161,-22.431,0.000,0.000,0.000,1,4,2.00,0,NONE
722,37.2887741667,127.1072081667,-39.249,-22.579,0.000,0.000,0.000,1,4,2.00,0,NONE
723,37.2887723333,127.1072070000,-39.352,-22.783,0.000,0.000,0.000,1,4,2.00,0,NONE
724,37.2887708333,127.1072065000,-39.397,-22.950,0.000,0.000,0.000,1,4,2.00,0,NONE
725,37.2887695000,127.1072060000,-39.441,-23.099,0.000,0.000,0.000,1,4,2.00,0,NONE
726,37.2887676667,127.1072050000,-39.530,-23.303,0.000,0.000,0.000,1,4,2.00,0,NONE
727,37.2887661667,127.1072040000,-39.618,-23.470,0.000,0.000,0.000,1,4,2.00,0,NONE
728,37.2887648333,127.1072031667,-39.692,-23.618,0.000,0.000,0.000,1,4,2.00,0,NONE
729,37.2887628333,127.1072021667,-39.780,-23.841,0.000,0.000,0.000,1,4,2.00,0,NONE
730,37.2887613333,127.1072016667,-39.825,-24.008,0.000,0.000,0.000,1,4,2.00,0,NONE
731,37.2887595000,127.1072008333,-39.899,-24.212,0.000,0.000,0.000,1,4,2.00,0,NONE
732,37.2887580000,127.1071998333,-39.987,-24.379,0.000,0.000,0.000,1,4,2.00,0,NONE
733,37.2887566667,127.1071988333,-40.076,-24.528,0.000,0.000,0.000,1,4,2.00,0,NONE
734,37.2887553333,127.1071978333,-40.164,-24.676,0.000,0.000,0.000,1,4,2.00,0,NONE
735,37.2887540000,127.1071970000,-40.238,-24.824,0.000,0.000,0.000,1,4,2.00,0,NONE
736,37.2887523333,127.1071961667,-40.312,-25.010,0.000,0.000,0.000,1,4,2.00,0,NONE
737,37.2887508333,127.1071953333,-40.386,-25.177,0.000,0.000,0.000,1,4,2.00,0,NONE
738,37.2887493333,127.1071941667,-40.489,-25.344,0.000,0.000,0.000,1,4,2.00,0,NONE
739,37.2887478333,127.1071930000,-40.592,-25.511,0.000,0.000,0.000,1,4,2.00,0,NONE
740,37.2887461667,127.1071918333,-40.696,-25.696,0.000,0.000,0.000,1,4,2.00,0,NONE
741,37.2887446667,127.1071908333,-40.784,-25.863,0.000,0.000,0.000,1,4,2.00,0,NONE
742,37.2887428333,127.1071900000,-40.858,-26.067,0.000,0.000,0.000,1,4,2.00,0,NONE
743,37.2887411667,127.1071893333,-40.917,-26.253,0.000,0.000,0.000,1,4,2.00,0,NONE
744,37.2887395000,127.1071885000,-40.991,-26.439,0.000,0.000,0.000,1,4,2.00,0,NONE
745,37.2887378333,127.1071876667,-41.065,-26.624,0.000,0.000,0.000,1,4,2.00,0,NONE
746,37.2887360000,127.1071868333,-41.138,-26.828,0.000,0.000,0.000,1,4,2.00,0,NONE
747,37.2887343333,127.1071863333,-41.183,-27.014,0.000,0.000,0.000,1,4,2.00,0,NONE
748,37.2887323333,127.1071858333,-41.227,-27.236,0.000,0.000,0.000,1,4,2.00,0,NONE
749,37.2887305000,127.1071851667,-41.286,-27.440,0.000,0.000,0.000,1,4,2.00,0,NONE
750,37.2887286667,127.1071845000,-41.345,-27.644,0.000,0.000,0.000,1,4,2.00,0,NONE
751,37.2887268333,127.1071836667,-41.419,-27.849,0.000,0.000,0.000,1,4,2.00,0,NONE
752,37.2887250000,127.1071828333,-41.493,-28.053,0.000,0.000,0.000,1,4,2.00,0,NONE
753,37.2887231667,127.1071820000,-41.567,-28.257,0.000,0.000,0.000,1,4,2.00,0,NONE
754,37.2887211667,127.1071813333,-41.626,-28.479,0.000,0.000,0.000,1,4,2.00,0,NONE
755,37.2887195000,127.1071805000,-41.699,-28.665,0.000,0.000,0.000,1,4,2.00,0,NONE
756,37.2887175000,127.1071793333,-41.803,-28.888,0.000,0.000,0.000,1,4,2.00,0,NONE
757,37.2887158333,127.1071781667,-41.906,-29.073,0.000,0.000,0.000,1,4,2.00,0,NONE
758,37.2887140000,127.1071770000,-42.009,-29.277,0.000,0.000,0.000,1,4,2.00,0,NONE
759,37.2887120000,127.1071760000,-42.098,-29.500,0.000,0.000,0.000,1,4,2.00,0,NONE
760,37.2887101667,127.1071751667,-42.172,-29.704,0.000,0.000,0.000,1,4,2.00,0,NONE
761,37.2887081667,127.1071743333,-42.246,-29.927,0.000,0.000,0.000,1,4,2.00,0,NONE
762,37.2887061667,127.1071731667,-42.349,-30.149,0.000,0.000,0.000,1,4,2.00,0,NONE
763,37.2887041667,127.1071721667,-42.437,-30.372,0.000,0.000,0.000,1,4,2.00,0,NONE
764,37.2887023333,127.1071713333,-42.511,-30.576,0.000,0.000,0.000,1,4,2.00,0,NONE
765,37.2887003333,127.1071705000,-42.585,-30.799,0.000,0.000,0.000,1,4,2.00,0,NONE
766,37.2886983333,127.1071696667,-42.659,-31.021,0.000,0.000,0.000,1,4,2.00,0,NONE
767,37.2886963333,127.1071685000,-42.762,-31.244,0.000,0.000,0.000,1,4,2.00,0,NONE
768,37.2886943333,127.1071673333,-42.866,-31.466,0.000,0.000,0.000,1,4,2.00,0,NONE
769,37.2886925000,127.1071663333,-42.954,-31.671,0.000,0.000,0.000,1,4,2.00,0,NONE
770,37.2886905000,127.1071655000,-43.028,-31.893,0.000,0.000,0.000,1,4,2.00,0,NONE
771,37.2886885000,127.1071646667,-43.102,-32.116,0.000,0.000,0.000,1,4,2.00,0,NONE
772,37.2886866667,127.1071638333,-43.175,-32.320,0.000,0.000,0.000,1,4,2.00,0,NONE
773,37.2886846667,127.1071630000,-43.249,-32.543,0.000,0.000,0.000,1,4,2.00,0,NONE
774,37.2886828333,127.1071618333,-43.353,-32.747,0.000,0.000,0.000,1,4,2.00,0,NONE
775,37.2886810000,127.1071610000,-43.426,-32.951,0.000,0.000,0.000,1,4,2.00,0,NONE
776,37.2886791667,127.1071601667,-43.500,-33.155,0.000,0.000,0.000,1,4,2.00,0,NONE
777,37.2886771667,127.1071596667,-43.544,-33.377,0.000,0.000,0.000,1,4,2.00,0,NONE
778,37.2886753333,127.1071588333,-43.618,-33.582,0.000,0.000,0.000,1,4,2.00,0,NONE
779,37.2886735000,127.1071578333,-43.707,-33.786,0.000,0.000,0.000,1,4,2.00,0,NONE
780,37.2886716667,127.1071568333,-43.795,-33.990,0.000,0.000,0.000,1,4,2.00,0,NONE
781,37.2886698333,127.1071560000,-43.869,-34.194,0.000,0.000,0.000,1,4,2.00,0,NONE
782,37.2886680000,127.1071551667,-43.943,-34.398,0.000,0.000,0.000,1,4,2.00,0,NONE
783,37.2886663333,127.1071545000,-44.002,-34.583,0.000,0.000,0.000,1,4,2.00,0,NONE
784,37.2886645000,127.1071536667,-44.076,-34.787,0.000,0.000,0.000,1,4,2.00,0,NONE
785,37.2886628333,127.1071525000,-44.179,-34.973,0.000,0.000,0.000,1,4,2.00,0,NONE
786,37.2886610000,127.1071513333,-44.283,-35.177,0.000,0.000,0.000,1,4,2.00,0,NONE
787,37.2886593333,127.1071505000,-44.356,-35.363,0.000,0.000,0.000,1,4,2.00,0,NONE
788,37.2886575000,127.1071496667,-44.430,-35.567,0.000,0.000,0.000,1,4,2.00,0,NONE
789,37.2886556667,127.1071488333,-44.504,-35.771,0.000,0.000,0.000,1,4,2.00,0,NONE
790,37.2886538333,127.1071478333,-44.593,-35.975,0.000,0.000,0.000,1,4,2.00,0,NONE
791,37.2886521667,127.1071466667,-44.696,-36.160,0.000,0.000,0.000,1,4,2.00,0,NONE
792,37.2886505000,127.1071456667,-44.784,-36.346,0.000,0.000,0.000,1,4,2.00,0,NONE
793,37.2886488333,127.1071446667,-44.873,-36.532,0.000,0.000,0.000,1,4,2.00,0,NONE
794,37.2886470000,127.1071440000,-44.932,-36.736,0.000,0.000,0.000,1,4,2.00,0,NONE
795,37.2886453333,127.1071430000,-45.021,-36.921,0.000,0.000,0.000,1,4,2.00,0,NONE
796,37.2886436667,127.1071420000,-45.109,-37.107,0.000,0.000,0.000,1,4,2.00,0,NONE
797,37.2886420000,127.1071410000,-45.198,-37.292,0.000,0.000,0.000,1,4,2.00,0,NONE
798,37.2886403333,127.1071398333,-45.301,-37.478,0.000,0.000,0.000,1,4,2.00,0,NONE
799,37.2886383333,127.1071390000,-45.375,-37.700,0.000,0.000,0.000,1,4,2.00,0,NONE
800,37.2886365000,127.1071381667,-45.449,-37.904,0.000,0.000,0.000,1,4,2.00,0,NONE
801,37.2886346667,127.1071371667,-45.537,-38.109,0.000,0.000,0.000,1,4,2.00,0,NONE
802,37.2886328333,127.1071360000,-45.641,-38.313,0.000,0.000,0.000,1,4,2.00,0,NONE
803,37.2886310000,127.1071350000,-45.729,-38.517,0.000,0.000,0.000,1,4,2.00,0,NONE
804,37.2886291667,127.1071340000,-45.818,-38.721,0.000,0.000,0.000,1,4,2.00,0,NONE
805,37.2886273333,127.1071331667,-45.891,-38.925,0.000,0.000,0.000,1,4,2.00,0,NONE
806,37.2886255000,127.1071323333,-45.965,-39.129,0.000,0.000,0.000,1,4,2.00,0,NONE
807,37.2886235000,127.1071311667,-46.069,-39.352,0.000,0.000,0.000,1,4,2.00,0,NONE
808,37.2886216667,127.1071300000,-46.172,-39.556,0.000,0.000,0.000,1,4,2.00,0,NONE
809,37.2886198333,127.1071290000,-46.260,-39.760,0.000,0.000,0.000,1,4,2.00,0,NONE
810,37.2886180000,127.1071281667,-46.334,-39.964,0.000,0.000,0.000,1,4,2.00,0,NONE
811,37.2886160000,127.1071275000,-46.393,-40.187,0.000,0.000,0.000,1,4,2.00,0,NONE
812,37.2886141667,127.1071266667,-46.467,-40.391,0.000,0.000,0.000,1,4,2.00,0,NONE
813,37.2886121667,127.1071256667,-46.556,-40.613,0.000,0.000,0.000,1,4,2.00,0,NONE
814,37.2886103333,127.1071246667,-46.644,-40.817,0.000,0.000,0.000,1,4,2.00,0,NONE
815,37.2886086667,127.1071236667,-46.733,-41.003,0.000,0.000,0.000,1,4,2.00,0,NONE
816,37.2886066667,127.1071230000,-46.792,-41.226,0.000,0.000,0.000,1,4,2.00,0,NONE
817,37.2886048333,127.1071221667,-46.866,-41.430,0.000,0.000,0.000,1,4,2.00,0,NONE
818,37.2886031667,127.1071213333,-46.939,-41.615,0.000,0.000,0.000,1,4,2.00,0,NONE
819,37.2886013333,127.1071203333,-47.028,-41.819,0.000,0.000,0.000,1,4,2.00,0,NONE
820,37.2885995000,127.1071193333,-47.117,-42.023,0.000,0.000,0.000,1,4,2.00,0,NONE
821,37.2885976667,127.1071185000,-47.190,-42.227,0.000,0.000,0.000,1,4,2.00,0,NONE
822,37.2885958333,127.1071178333,-47.249,-42.431,0.000,0.000,0.000,1,4,2.00,0,NONE
823,37.2885940000,127.1071170000,-47.323,-42.636,0.000,0.000,0.000,1,4,2.00,0,NONE
824,37.2885921667,127.1071161667,-47.397,-42.840,0.000,0.000,0.000,1,4,2.00,0,NONE
825,37.2885903333,127.1071151667,-47.486,-43.044,0.000,0.000,0.000,1,4,2.00,0,NONE
826,37.2885885000,127.1071141667,-47.574,-43.248,0.000,0.000,0.000,1,4,2.00,0,NONE
827,37.2885866667,127.1071133333,-47.648,-43.452,0.000,0.000,0.000,1,4,2.00,0,NONE
828,37.2885848333,127.1071125000,-47.722,-43.656,0.000,0.000,0.000,1,4,2.00,0,NONE
829,37.2885830000,127.1071116667,-47.796,-43.860,0.000,0.000,0.000,1,4,2.00,0,NONE
830,37.2885810000,127.1071105000,-47.899,-44.083,0.000,0.000,0.000,1,4,2.00,0,NONE
831,37.2885791667,127.1071093333,-48.002,-44.287,0.000,0.000,0.000,1,4,2.00,0,NONE
832,37.2885773333,127.1071083333,-48.091,-44.491,0.000,0.000,0.000,1,4,2.00,0,NONE
833,37.2885755000,127.1071075000,-48.165,-44.695,0.000,0.000,0.000,1,4,2.00,0,NONE
834,37.2885735000,127.1071066667,-48.238,-44.918,0.000,0.000,0.000,1,4,2.00,0,NONE
835,37.2885716667,127.1071055000,-48.342,-45.122,0.000,0.000,0.000,1,4,2.00,0,NONE
836,37.2885698333,127.1071043333,-48.445,-45.326,0.000,0.000,0.000,1,4,2.00,0,NONE
837,37.2885680000,127.1071031667,-48.548,-45.530,0.000,0.000,0.000,1,4,2.00,0,NONE
838,37.2885663333,127.1071021667,-48.637,-45.715,0.000,0.000,0.000,1,4,2.00,0,NONE
839,37.2885643333,127.1071011667,-48.726,-45.938,0.000,0.000,0.000,1,4,2.00,0,NONE
840,37.2885625000,127.1071003333,-48.799,-46.142,0.000,0.000,0.000,1,4,2.00,0,NONE
841,37.2885608333,127.1070993333,-48.888,-46.328,0.000,0.000,0.000,1,4,2.00,0,NONE
842,37.2885590000,127.1070980000,-49.006,-46.532,0.000,0.000,0.000,1,4,2.00,0,NONE
843,37.2885573333,127.1070970000,-49.095,-46.717,0.000,0.000,0.000,1,4,2.00,0,NONE
844,37.2885558333,127.1070960000,-49.183,-46.884,0.000,0.000,0.000,1,4,2.00,0,NONE
845,37.2885541667,127.1070953333,-49.242,-47.070,0.000,0.000,0.000,1,4,2.00,0,NONE
846,37.2885526667,127.1070945000,-49.316,-47.237,0.000,0.000,0.000,1,4,2.00,0,NONE
847,37.2885511667,127.1070935000,-49.405,-47.404,0.000,0.000,0.000,1,4,2.00,0,NONE
848,37.2885496667,127.1070923333,-49.508,-47.571,0.000,0.000,0.000,1,4,2.00,0,NONE
849,37.2885481667,127.1070913333,-49.596,-47.738,0.000,0.000,0.000,1,4,2.00,0,NONE
850,37.2885466667,127.1070903333,-49.685,-47.905,0.000,0.000,0.000,1,4,2.00,0,NONE
851,37.2885446667,127.1070896667,-49.744,-48.127,0.000,0.000,0.000,1,4,2.00,0,NONE
852,37.2885430000,127.1070888333,-49.818,-48.313,0.000,0.000,0.000,1,4,2.00,0,NONE
853,37.2885413333,127.1070876667,-49.921,-48.498,0.000,0.000,0.000,1,4,2.00,0,NONE
854,37.2885396667,127.1070866667,-50.010,-48.684,0.000,0.000,0.000,1,4,2.00,0,NONE
855,37.2885381667,127.1070856667,-50.098,-48.851,0.000,0.000,0.000,1,4,2.00,0,NONE
856,37.2885365000,127.1070848333,-50.172,-49.036,0.000,0.000,0.000,1,4,2.00,0,NONE
857,37.2885351667,127.1070841667,-50.231,-49.185,0.000,0.000,0.000,1,4,2.00,0,NONE
858,37.2885338333,127.1070833333,-50.305,-49.333,0.000,0.000,0.000,1,4,2.00,0,NONE
859,37.2885321667,127.1070820000,-50.423,-49.519,0.000,0.000,0.000,1,4,2.00,0,NONE
860,37.2885310000,127.1070810000,-50.512,-49.649,0.000,0.000,0.000,1,4,2.00,0,NONE
861,37.2885296667,127.1070803333,-50.571,-49.797,0.000,0.000,0.000,1,4,2.00,0,NONE
862,37.2885291667,127.1070806667,-50.541,-49.853,0.000,0.000,0.000,1,5,2.00,0,NONE
863,37.2885278333,127.1070798333,-50.615,-50.001,0.000,0.000,0.000,1,5,2.00,0,NONE
864,37.2885265000,127.1070781667,-50.763,-50.150,0.000,0.000,0.000,1,5,2.00,0,NONE
865,37.2885250000,127.1070761667,-50.940,-50.317,0.000,0.000,0.000,1,5,2.00,0,NONE
866,37.2885238333,127.1070750000,-51.043,-50.447,0.000,0.000,0.000,1,5,2.00,0,NONE
867,37.2885223333,127.1070735000,-51.176,-50.613,0.000,0.000,0.000,1,5,2.00,0,NONE
868,37.2885211667,127.1070721667,-51.294,-50.743,0.000,0.000,0.000,1,5,2.00,0,NONE
869,37.2885198333,127.1070705000,-51.442,-50.892,0.000,0.000,0.000,1,5,2.00,0,NONE
870,37.2885186667,127.1070685000,-51.619,-51.022,0.000,0.000,0.000,1,5,2.00,0,NONE
871,37.2885175000,127.1070666667,-51.781,-51.152,0.000,0.000,0.000,1,5,2.00,0,NONE
872,37.2885163333,127.1070648333,-51.943,-51.281,0.000,0.000,0.000,1,5,2.00,0,NONE
873,37.2885150000,127.1070630000,-52.106,-51.430,0.000,0.000,0.000,1,5,2.00,0,NONE
874,37.2885141667,127.1070611667,-52.268,-51.523,0.000,0.000,0.000,1,5,2.00,0,NONE
875,37.2885131667,127.1070590000,-52.460,-51.634,0.000,0.000,0.000,1,5,2.00,0,NONE
876,37.2885125000,127.1070568333,-52.652,-51.708,0.000,0.000,0.000,1,5,2.00,0,NONE
877,37.2885118333,127.1070546667,-52.844,-51.782,0.000,0.000,0.000,1,5,2.00,0,NONE
878,37.2885111667,127.1070526667,-53.021,-51.857,0.000,0.000,0.000,1,5,2.00,0,NONE
879,37.2885105000,127.1070503333,-53.228,-51.931,0.000,0.000,0.000,1,5,2.00,0,NONE
880,37.2885100000,127.1070481667,-53.420,-51.986,0.000,0.000,0.000,1,5,2.00,0,NONE
881,37.2885095000,127.1070456667,-53.641,-52.042,0.000,0.000,0.000,1,5,2.00,0,NONE
882,37.2885093333,127.1070433333,-53.848,-52.061,0.000,0.000,0.000,1,5,2.00,0,NONE
883,37.2885091667,127.1070411667,-54.039,-52.079,0.000,0.000,0.000,1,5,2.00,0,NONE
884,37.2885090000,127.1070390000,-54.231,-52.098,0.000,0.000,0.000,1,5,2.00,0,NONE
885,37.2885088333,127.1070365000,-54.453,-52.116,0.000,0.000,0.000,1,5,2.00,0,NONE
886,37.2885088333,127.1070343333,-54.645,-52.116,0.000,0.000,0.000,1,5,2.00,0,NONE
887,37.2885090000,127.1070320000,-54.851,-52.098,0.000,0.000,0.000,1,5,2.00,0,NONE
888,37.2885091667,127.1070298333,-55.043,-52.079,0.000,0.000,0.000,1,5,2.00,0,NONE
889,37.2885095000,127.1070275000,-55.250,-52.042,0.000,0.000,0.000,1,5,2.00,0,NONE
890,37.2885096667,127.1070253333,-55.442,-52.024,0.000,0.000,0.000,1,5,2.00,0,NONE
891,37.2885096667,127.1070230000,-55.648,-52.024,0.000,0.000,0.000,1,5,2.00,0,NONE
892,37.2885100000,127.1070210000,-55.826,-51.986,0.000,0.000,0.000,1,5,2.00,0,NONE
893,37.2885105000,127.1070188333,-56.017,-51.931,0.000,0.000,0.000,1,5,2.00,0,NONE
894,37.2885110000,127.1070165000,-56.224,-51.875,0.000,0.000,0.000,1,5,2.00,0,NONE
895,37.2885115000,127.1070145000,-56.401,-51.819,0.000,0.000,0.000,1,5,2.00,0,NONE
896,37.2885120000,127.1070121667,-56.608,-51.764,0.000,0.000,0.000,1,5,2.00,0,NONE
897,37.2885125000,127.1070098333,-56.815,-51.708,0.000,0.000,0.000,1,5,2.00,0,NONE
898,37.2885131667,127.1070076667,-57.006,-51.634,0.000,0.000,0.000,1,5,2.00,0,NONE
899,37.2885140000,127.1070055000,-57.198,-51.541,0.000,0.000,0.000,1,5,2.00,0,NONE
900,37.2885150000,127.1070031667,-57.405,-51.430,0.000,0.000,0.000,1,5,2.00,0,NONE
901,37.2885158333,127.1070011667,-57.582,-51.337,0.000,0.000,0.000,1,5,2.00,0,NONE
902,37.2885168333,127.1069990000,-57.774,-51.226,0.000,0.000,0.000,1,5,2.00,0,NONE
903,37.2885176667,127.1069968333,-57.966,-51.133,0.000,0.000,0.000,1,5,2.00,0,NONE
904,37.2885186667,127.1069948333,-58.143,-51.022,0.000,0.000,0.000,1,5,2.00,0,NONE
905,37.2885200000,127.1069928333,-58.320,-50.873,0.000,0.000,0.000,1,5,2.00,0,NONE
906,37.2885213333,127.1069910000,-58.482,-50.725,0.000,0.000,0.000,1,5,2.00,0,NONE
907,37.2885225000,127.1069891667,-58.645,-50.595,0.000,0.000,0.000,1,5,2.00,0,NONE
908,37.2885238333,127.1069875000,-58.792,-50.447,0.000,0.000,0.000,1,5,2.00,0,NONE
909,37.2885251667,127.1069858333,-58.940,-50.298,0.000,0.000,0.000,1,5,2.00,0,NONE
910,37.2885265000,127.1069843333,-59.073,-50.150,0.000,0.000,0.000,1,5,2.00,0,NONE
911,37.2885280000,127.1069830000,-59.191,-49.983,0.000,0.000,0.000,1,5,2.00,0,NONE
912,37.2885296667,127.1069816667,-59.309,-49.797,0.000,0.000,0.000,1,5,2.00,0,NONE
913,37.2885310000,127.1069805000,-59.412,-49.649,0.000,0.000,0.000,1,5,2.00,0,NONE
914,37.2885326667,127.1069791667,-59.530,-49.463,0.000,0.000,0.000,1,5,2.00,0,NONE
915,37.2885341667,127.1069780000,-59.634,-49.296,0.000,0.000,0.000,1,5,2.00,0,NONE
916,37.2885358333,127.1069770000,-59.722,-49.111,0.000,0.000,0.000,1,5,2.00,0,NONE
917,37.2885375000,127.1069760000,-59.811,-48.925,0.000,0.000,0.000,1,5,2.00,0,NONE
918,37.2885393333,127.1069751667,-59.885,-48.721,0.000,0.000,0.000,1,5,2.00,0,NONE
919,37.2885410000,127.1069741667,-59.973,-48.536,0.000,0.000,0.000,1,5,2.00,0,NONE
920,37.2885428333,127.1069731667,-60.062,-48.331,0.000,0.000,0.000,1,5,2.00,0,NONE
921,37.2885446667,127.1069726667,-60.106,-48.127,0.000,0.000,0.000,1,5,2.00,0,NONE
922,37.2885466667,127.1069721667,-60.150,-47.905,0.000,0.000,0.000,1,5,2.00,0,NONE
923,37.2885486667,127.1069718333,-60.180,-47.682,0.000,0.000,0.000,1,5,2.00,0,NONE
924,37.2885505000,127.1069715000,-60.209,-47.478,0.000,0.000,0.000,1,5,2.00,0,NONE
925,37.2885525000,127.1069710000,-60.254,-47.255,0.000,0.000,0.000,1,5,2.00,0,NONE
926,37.2885543333,127.1069706667,-60.283,-47.051,0.000,0.000,0.000,1,5,2.00,0,NONE
927,37.2885563333,127.1069705000,-60.298,-46.829,0.000,0.000,0.000,1,5,2.00,0,NONE
928,37.2885585000,127.1069705000,-60.298,-46.587,0.000,0.000,0.000,1,5,2.00,0,NONE
929,37.2885605000,127.1069706667,-60.283,-46.365,0.000,0.000,0.000,1,5,2.00,0,NONE
930,37.2885625000,127.1069705000,-60.298,-46.142,0.000,0.000,0.000,1,5,2.00,0,NONE
931,37.2885645000,127.1069705000,-60.298,-45.920,0.000,0.000,0.000,1,5,2.00,0,NONE
932,37.2885666667,127.1069706667,-60.283,-45.678,0.000,0.000,0.000,1,5,2.00,0,NONE
933,37.2885686667,127.1069710000,-60.254,-45.456,0.000,0.000,0.000,1,5,2.00,0,NONE
934,37.2885706667,127.1069713333,-60.224,-45.233,0.000,0.000,0.000,1,5,2.00,0,NONE
935,37.2885726667,127.1069716667,-60.195,-45.010,0.000,0.000,0.000,1,5,2.00,0,NONE
936,37.2885746667,127.1069716667,-60.195,-44.788,0.000,0.000,0.000,1,5,2.00,0,NONE
937,37.2885766667,127.1069715000,-60.209,-44.565,0.000,0.000,0.000,1,5,2.00,0,NONE
938,37.2885785000,127.1069716667,-60.195,-44.361,0.000,0.000,0.000,1,5,2.00,0,NONE
939,37.2885805000,127.1069716667,-60.195,-44.138,0.000,0.000,0.000,1,5,2.00,0,NONE
940,37.2885825000,127.1069718333,-60.180,-43.916,0.000,0.000,0.000,1,5,2.00,0,NONE
941,37.2885843333,127.1069720000,-60.165,-43.712,0.000,0.000,0.000,1,5,2.00,0,NONE
942,37.2885861667,127.1069720000,-60.165,-43.508,0.000,0.000,0.000,1,5,2.00,0,NONE
943,37.2885883333,127.1069718333,-60.180,-43.266,0.000,0.000,0.000,1,5,2.00,0,NONE
944,37.2885901667,127.1069720000,-60.165,-43.062,0.000,0.000,0.000,1,5,2.00,0,NONE
945,37.2885921667,127.1069723333,-60.136,-42.840,0.000,0.000,0.000,1,5,2.00,0,NONE
946,37.2885941667,127.1069726667,-60.106,-42.617,0.000,0.000,0.000,1,5,2.00,0,NONE
947,37.2885961667,127.1069728333,-60.091,-42.394,0.000,0.000,0.000,1,5,2.00,0,NONE
948,37.2885981667,127.1069730000,-60.077,-42.172,0.000,0.000,0.000,1,5,2.00,0,NONE
949,37.2886003333,127.1069730000,-60.077,-41.931,0.000,0.000,0.000,1,5,2.00,0,NONE
950,37.2886021667,127.1069733333,-60.047,-41.726,0.000,0.000,0.000,1,5,2.00,0,NONE
951,37.2886043333,127.1069738333,-60.003,-41.485,0.000,0.000,0.000,1,5,2.00,0,NONE
952,37.2886063333,127.1069741667,-59.973,-41.263,0.000,0.000,0.000,1,5,2.00,0,NONE
953,37.2886083333,127.1069741667,-59.973,-41.040,0.000,0.000,0.000,1,5,2.00,0,NONE
954,37.2886101667,127.1069741667,-59.973,-40.836,0.000,0.000,0.000,1,5,2.00,0,NONE
955,37.2886123333,127.1069740000,-59.988,-40.595,0.000,0.000,0.000,1,5,2.00,0,NONE
956,37.2886141667,127.1069740000,-59.988,-40.391,0.000,0.000,0.000,1,5,2.00,0,NONE
957,37.2886161667,127.1069741667,-59.973,-40.168,0.000,0.000,0.000,1,5,2.00,0,NONE
958,37.2886180000,127.1069743333,-59.959,-39.964,0.000,0.000,0.000,1,5,2.00,0,NONE
959,37.2886200000,127.1069743333,-59.959,-39.741,0.000,0.000,0.000,1,5,2.00,0,NONE
960,37.2886218333,127.1069741667,-59.973,-39.537,0.000,0.000,0.000,1,5,2.00,0,NONE
961,37.2886236667,127.1069738333,-60.003,-39.333,0.000,0.000,0.000,1,5,2.00,0,NONE
962,37.2886255000,127.1069738333,-60.003,-39.129,0.000,0.000,0.000,1,5,2.00,0,NONE
963,37.2886275000,127.1069736667,-60.018,-38.906,0.000,0.000,0.000,1,5,2.00,0,NONE
964,37.2886293333,127.1069733333,-60.047,-38.702,0.000,0.000,0.000,1,5,2.00,0,NONE
965,37.2886311667,127.1069728333,-60.091,-38.498,0.000,0.000,0.000,1,5,2.00,0,NONE
966,37.2886331667,127.1069721667,-60.150,-38.276,0.000,0.000,0.000,1,5,2.00,0,NONE
967,37.2886350000,127.1069716667,-60.195,-38.071,0.000,0.000,0.000,1,5,2.00,0,NONE
968,37.2886370000,127.1069710000,-60.254,-37.849,0.000,0.000,0.000,1,5,2.00,0,NONE
969,37.2886390000,127.1069701667,-60.328,-37.626,0.000,0.000,0.000,1,5,2.00,0,NONE
970,37.2886408333,127.1069693333,-60.401,-37.422,0.000,0.000,0.000,1,5,2.00,0,NONE
971,37.2886425000,127.1069681667,-60.505,-37.237,0.000,0.000,0.000,1,5,2.00,0,NONE
972,37.2886443333,127.1069670000,-60.608,-37.032,0.000,0.000,0.000,1,5,2.00,0,NONE
973,37.2886461667,127.1069661667,-60.682,-36.828,0.000,0.000,0.000,1,5,2.00,0,NONE
974,37.2886480000,127.1069651667,-60.770,-36.624,0.000,0.000,0.000,1,5,2.00,0,NONE
975,37.2886498333,127.1069641667,-60.859,-36.420,0.000,0.000,0.000,1,5,2.00,0,NONE
976,37.2886515000,127.1069631667,-60.948,-36.235,0.000,0.000,0.000,1,5,2.00,0,NONE
977,37.2886533333,127.1069618333,-61.066,-36.031,0.000,0.000,0.000,1,5,2.00,0,NONE
978,37.2886548333,127.1069603333,-61.198,-35.864,0.000,0.000,0.000,1,5,2.00,0,NONE
979,37.2886565000,127.1069593333,-61.287,-35.678,0.000,0.000,0.000,1,5,2.00,0,NONE
980,37.2886583333,127.1069581667,-61.390,-35.474,0.000,0.000,0.000,1,5,2.00,0,NONE
981,37.2886600000,127.1069568333,-61.508,-35.288,0.000,0.000,0.000,1,5,2.00,0,NONE
982,37.2886615000,127.1069553333,-61.641,-35.121,0.000,0.000,0.000,1,5,2.00,0,NONE
983,37.2886630000,127.1069535000,-61.804,-34.954,0.000,0.000,0.000,1,5,2.00,0,NONE
984,37.2886643333,127.1069520000,-61.937,-34.806,0.000,0.000,0.000,1,5,2.00,0,NONE
985,37.2886656667,127.1069503333,-62.084,-34.658,0.000,0.000,0.000,1,5,2.00,0,NONE
986,37.2886673333,127.1069486667,-62.232,-34.472,0.000,0.000,0.000,1,5,2.00,0,NONE
987,37.2886686667,127.1069470000,-62.379,-34.324,0.000,0.000,0.000,1,5,2.00,0,NONE
988,37.2886698333,127.1069451667,-62.542,-34.194,0.000,0.000,0.000,1,5,2.00,0,NONE
989,37.2886710000,127.1069431667,-62.719,-34.064,0.000,0.000,0.000,1,5,2.00,0,NONE
990,37.2886721667,127.1069413333,-62.881,-33.934,0.000,0.000,0.000,1,5,2.00,0,NONE
991,37.2886733333,127.1069393333,-63.058,-33.804,0.000,0.000,0.000,1,5,2.00,0,NONE
992,37.2886745000,127.1069373333,-63.235,-33.674,0.000,0.000,0.000,1,5,2.00,0,NONE
993,37.2886755000,127.1069355000,-63.398,-33.563,0.000,0.000,0.000,1,5,2.00,0,NONE
994,37.2886765000,127.1069335000,-63.575,-33.452,0.000,0.000,0.000,1,5,2.00,0,NONE
995,37.2886771667,127.1069313333,-63.767,-33.377,0.000,0.000,0.000,1,5,2.00,0,NONE
996,37.2886781667,127.1069293333,-63.944,-33.266,0.000,0.000,0.000,1,5,2.00,0,NONE
997,37.2886791667,127.1069273333,-64.121,-33.155,0.000,0.000,0.000,1,5,2.00,0,NONE
998,37.2886800000,127.1069253333,-64.298,-33.062,0.000,0.000,0.000,1,5,2.00,0,NONE
999,37.2886806667,127.1069230000,-64.505,-32.988,0.000,0.000,0.000,1,5,2.00,0,NONE
1000,37.2886813333,127.1069206667,-64.712,-32.914,0.000,0.000,0.000,1,5,2.00,0,NONE
1001,37.2886818333,127.1069181667,-64.933,-32.858,0.000,0.000,0.000,1,5,2.00,0,NONE
1002,37.2886825000,127.1069160000,-65.125,-32.784,0.000,0.000,0.000,1,5,2.00,0,NONE
1003,37.2886831667,127.1069136667,-65.332,-32.710,0.000,0.000,0.000,1,5,2.00,0,NONE
1004,37.2886836667,127.1069111667,-65.553,-32.654,0.000,0.000,0.000,1,5,2.00,0,NONE
1005,37.2886840000,127.1069088333,-65.760,-32.617,0.000,0.000,0.000,1,5,2.00,0,NONE
1006,37.2886843333,127.1069063333,-65.981,-32.580,0.000,0.000,0.000,1,5,2.00,0,NONE
1007,37.2886845000,127.1069040000,-66.188,-32.561,0.000,0.000,0.000,1,5,2.00,0,NONE
1008,37.2886848333,127.1069016667,-66.394,-32.524,0.000,0.000,0.000,1,5,2.00,0,NONE
1009,37.2886851667,127.1068991667,-66.616,-32.487,0.000,0.000,0.000,1,5,2.00,0,NONE
1010,37.2886855000,127.1068966667,-66.837,-32.450,0.000,0.000,0.000,1,5,2.00,0,NONE
1011,37.2886856667,127.1068943333,-67.044,-32.431,0.000,0.000,0.000,1,5,2.00,0,NONE
1012,37.2886856667,127.1068915000,-67.295,-32.431,0.000,0.000,0.000,1,5,2.00,0,NONE
1013,37.2886858333,127.1068890000,-67.516,-32.413,0.000,0.000,0.000,1,5,2.00,0,NONE
1014,37.2886860000,127.1068863333,-67.752,-32.394,0.000,0.000,0.000,1,5,2.00,0,NONE
1015,37.2886863333,127.1068836667,-67.988,-32.357,0.000,0.000,0.000,1,5,2.00,0,NONE
1016,37.2886865000,127.1068811667,-68.210,-32.338,0.000,0.000,0.000,1,5,2.00,0,NONE
1017,37.2886865000,127.1068785000,-68.446,-32.338,0.000,0.000,0.000,1,5,2.00,0,NONE
1018,37.2886861667,127.1068758333,-68.682,-32.376,0.000,0.000,0.000,1,5,2.00,0,NONE
1019,37.2886861667,127.1068733333,-68.904,-32.376,0.000,0.000,0.000,1,5,2.00,0,NONE
1020,37.2886861667,127.1068706667,-69.140,-32.376,0.000,0.000,0.000,1,5,2.00,0,NONE
1021,37.2886863333,127.1068680000,-69.376,-32.357,0.000,0.000,0.000,1,5,2.00,0,NONE
1022,37.2886861667,127.1068655000,-69.597,-32.376,0.000,0.000,0.000,1,5,2.00,0,NONE
1023,37.2886860000,127.1068628333,-69.834,-32.394,0.000,0.000,0.000,1,5,2.00,0,NONE
1024,37.2886856667,127.1068601667,-70.070,-32.431,0.000,0.000,0.000,1,5,2.00,0,NONE
1025,37.2886856667,127.1068575000,-70.306,-32.431,0.000,0.000,0.000,1,5,2.00,0,NONE
1026,37.2886856667,127.1068548333,-70.542,-32.431,0.000,0.000,0.000,1,5,2.00,0,NONE
1027,37.2886856667,127.1068521667,-70.778,-32.431,0.000,0.000,0.000,1,5,2.00,0,NONE
1028,37.2886856667,127.1068493333,-71.029,-32.431,0.000,0.000,0.000,1,5,2.00,0,NONE
1029,37.2886855000,127.1068465000,-71.280,-32.450,0.000,0.000,0.000,1,5,2.00,0,NONE
1030,37.2886855000,127.1068438333,-71.516,-32.450,0.000,0.000,0.000,1,5,2.00,0,NONE
1031,37.2886856667,127.1068411667,-71.752,-32.431,0.000,0.000,0.000,1,5,2.00,0,NONE
1032,37.2886860000,127.1068383333,-72.003,-32.394,0.000,0.000,0.000,1,5,2.00,0,NONE
1033,37.2886860000,127.1068356667,-72.240,-32.394,0.000,0.000,0.000,1,5,2.00,0,NONE
1034,37.2886861667,127.1068330000,-72.476,-32.376,0.000,0.000,0.000,1,5,2.00,0,NONE
1035,37.2886861667,127.1068303333,-72.712,-32.376,0.000,0.000,0.000,1,5,2.00,0,NONE
1036,37.2886863333,127.1068278333,-72.933,-32.357,0.000,0.000,0.000,1,5,2.00,0,NONE
1037,37.2886865000,127.1068251667,-73.170,-32.338,0.000,0.000,0.000,1,5,2.00,0,NONE
1038,37.2886868333,127.1068225000,-73.406,-32.301,0.000,0.000,0.000,1,5,2.00,0,NONE
1039,37.2886870000,127.1068200000,-73.627,-32.283,0.000,0.000,0.000,1,5,2.00,0,NONE
1040,37.2886871667,127.1068173333,-73.863,-32.264,0.000,0.000,0.000,1,5,2.00,0,NONE
1041,37.2886875000,127.1068148333,-74.085,-32.227,0.000,0.000,0.000,1,5,2.00,0,NONE
1042,37.2886878333,127.1068125000,-74.291,-32.190,0.000,0.000,0.000,1,5,2.00,0,NONE
1043,37.2886883333,127.1068101667,-74.498,-32.134,0.000,0.000,0.000,1,5,2.00,0,NONE
1044,37.2886888333,127.1068078333,-74.705,-32.079,0.000,0.000,0.000,1,5,2.00,0,NONE
1045,37.2886891667,127.1068055000,-74.911,-32.042,0.000,0.000,0.000,1,5,2.00,0,NONE
1046,37.2886895000,127.1068031667,-75.118,-32.005,0.000,0.000,0.000,1,5,2.00,0,NONE
1047,37.2886900000,127.1068008333,-75.325,-31.949,0.000,0.000,0.000,1,5,2.00,0,NONE
1048,37.2886906667,127.1067986667,-75.516,-31.875,0.000,0.000,0.000,1,5,2.00,0,NONE
1049,37.2886915000,127.1067963333,-75.723,-31.782,0.000,0.000,0.000,1,5,2.00,0,NONE
1050,37.2886923333,127.1067941667,-75.915,-31.689,0.000,0.000,0.000,1,5,2.00,0,NONE
1051,37.2886930000,127.1067921667,-76.092,-31.615,0.000,0.000,0.000,1,5,2.00,0,NONE
1052,37.2886938333,127.1067898333,-76.299,-31.522,0.000,0.000,0.000,1,5,2.00,0,NONE
1053,37.2886948333,127.1067878333,-76.476,-31.411,0.000,0.000,0.000,1,5,2.00,0,NONE
1054,37.2886960000,127.1067860000,-76.638,-31.281,0.000,0.000,0.000,1,5,2.00,0,NONE
1055,37.2886973333,127.1067840000,-76.815,-31.132,0.000,0.000,0.000,1,5,2.00,0,NONE
1056,37.2886985000,127.1067821667,-76.978,-31.003,0.000,0.000,0.000,1,5,2.00,0,NONE
1057,37.2886996667,127.1067800000,-77.170,-30.873,0.000,0.000,0.000,1,5,2.00,0,NONE
1058,37.2887008333,127.1067780000,-77.347,-30.743,0.000,0.000,0.000,1,5,2.00,0,NONE
1059,37.2887021667,127.1067761667,-77.509,-30.594,0.000,0.000,0.000,1,5,2.00,0,NONE
1060,37.2887035000,127.1067743333,-77.672,-30.446,0.000,0.000,0.000,1,5,2.00,0,NONE
1061,37.2887048333,127.1067725000,-77.834,-30.298,0.000,0.000,0.000,1,5,2.00,0,NONE
1062,37.2887061667,127.1067705000,-78.011,-30.149,0.000,0.000,0.000,1,5,2.00,0,NONE
1063,37.2887073333,127.1067683333,-78.203,-30.019,0.000,0.000,0.000,1,5,2.00,0,NONE
1064,37.2887086667,127.1067665000,-78.365,-29.871,0.000,0.000,0.000,1,5,2.00,0,NONE
1065,37.2887101667,127.1067646667,-78.528,-29.704,0.000,0.000,0.000,1,5,2.00,0,NONE
1066,37.2887120000,127.1067630000,-78.675,-29.500,0.000,0.000,0.000,1,5,2.00,0,NONE
1067,37.2887135000,127.1067615000,-78.808,-29.333,0.000,0.000,0.000,1,5,2.00,0,NONE
1068,37.2887150000,127.1067596667,-78.971,-29.166,0.000,0.000,0.000,1,5,2.00,0,NONE
1069,37.2887166667,127.1067580000,-79.118,-28.980,0.000,0.000,0.000,1,5,2.00,0,NONE
1070,37.2887183333,127.1067568333,-79.221,-28.795,0.000,0.000,0.000,1,5,2.00,0,NONE
1071,37.2887203333,127.1067556667,-79.325,-28.572,0.000,0.000,0.000,1,5,2.00,0,NONE
1072,37.2887223333,127.1067546667,-79.413,-28.349,0.000,0.000,0.000,1,5,2.00,0,NONE
1073,37.2887243333,127.1067535000,-79.517,-28.127,0.000,0.000,0.000,1,5,2.00,0,NONE
1074,37.2887263333,127.1067521667,-79.635,-27.904,0.000,0.000,0.000,1,5,2.00,0,NONE
1075,37.2887283333,127.1067513333,-79.709,-27.682,0.000,0.000,0.000,1,5,2.00,0,NONE
1076,37.2887303333,127.1067505000,-79.782,-27.459,0.000,0.000,0.000,1,5,2.00,0,NONE
1077,37.2887325000,127.1067496667,-79.856,-27.218,0.000,0.000,0.000,1,5,2.00,0,NONE
1078,37.2887345000,127.1067490000,-79.915,-26.995,0.000,0.000,0.000,1,5,2.00,0,NONE
1079,37.2887365000,127.1067481667,-79.989,-26.772,0.000,0.000,0.000,1,5,2.00,0,NONE
1080,37.2887386667,127.1067473333,-80.063,-26.531,0.000,0.000,0.000,1,5,2.00,0,NONE
1081,37.2887406667,127.1067468333,-80.107,-26.309,0.000,0.000,0.000,1,5,2.00,0,NONE
1082,37.2887428333,127.1067463333,-80.151,-26.067,0.000,0.000,0.000,1,5,2.00,0,NONE
1083,37.2887448333,127.1067460000,-80.181,-25.845,0.000,0.000,0.000,1,5,2.00,0,NONE
1084,37.2887468333,127.1067453333,-80.240,-25.622,0.000,0.000,0.000,1,5,2.00,0,NONE
1085,37.2887490000,127.1067446667,-80.299,-25.381,0.000,0.000,0.000,1,5,2.00,0,NONE
1086,37.2887510000,127.1067441667,-80.343,-25.158,0.000,0.000,0.000,1,5,2.00,0,NONE
1087,37.2887530000,127.1067440000,-80.358,-24.936,0.000,0.000,0.000,1,5,2.00,0,NONE
1088,37.2887551667,127.1067440000,-80.358,-24.694,0.000,0.000,0.000,1,5,2.00,0,NONE
1089,37.2887571667,127.1067441667,-80.343,-24.472,0.000,0.000,0.000,1,5,2.00,0,NONE
1090,37.2887591667,127.1067441667,-80.343,-24.249,0.000,0.000,0.000,1,5,2.00,0,NONE
1091,37.2887613333,127.1067441667,-80.343,-24.008,0.000,0.000,0.000,1,5,2.00,0,NONE
1092,37.2887633333,127.1067445000,-80.314,-23.785,0.000,0.000,0.000,1,5,2.00,0,NONE
1093,37.2887655000,127.1067450000,-80.269,-23.544,0.000,0.000,0.000,1,5,2.00,0,NONE
1094,37.2887676667,127.1067455000,-80.225,-23.303,0.000,0.000,0.000,1,5,2.00,0,NONE
1095,37.2887696667,127.1067458333,-80.196,-23.080,0.000,0.000,0.000,1,5,2.00,0,NONE
1096,37.2887718333,127.1067461667,-80.166,-22.839,0.000,0.000,0.000,1,5,2.00,0,NONE
1097,37.2887738333,127.1067465000,-80.137,-22.617,0.000,0.000,0.000,1,5,2.00,0,NONE
1098,37.2887760000,127.1067471667,-80.078,-22.375,0.000,0.000,0.000,1,5,2.00,0,NONE
1099,37.2887781667,127.1067478333,-80.019,-22.134,0.000,0.000,0.000,1,5,2.00,0,NONE
1100,37.2887803333,127.1067485000,-79.960,-21.893,0.000,0.000,0.000,1,5,2.00,0,NONE
1101,37.2887823333,127.1067490000,-79.915,-21.670,0.000,0.000,0.000,1,5,2.00,0,NONE
1102,37.2887845000,127.1067495000,-79.871,-21.429,0.000,0.000,0.000,1,5,2.00,0,NONE
1103,37.2887866667,127.1067503333,-79.797,-21.188,0.000,0.000,0.000,1,5,2.00,0,NONE
1104,37.2887886667,127.1067511667,-79.723,-20.965,0.000,0.000,0.000,1,5,2.00,0,NONE
1105,37.2887908333,127.1067521667,-79.635,-20.724,0.000,0.000,0.000,1,5,2.00,0,NONE
1106,37.2887930000,127.1067530000,-79.561,-20.483,0.000,0.000,0.000,1,5,2.00,0,NONE
1107,37.2887950000,127.1067536667,-79.502,-20.260,0.000,0.000,0.000,1,5,2.00,0,NONE
1108,37.2887971667,127.1067545000,-79.428,-20.019,0.000,0.000,0.000,1,5,2.00,0,NONE
1109,37.2887990000,127.1067555000,-79.340,-19.815,0.000,0.000,0.000,1,5,2.00,0,NONE
1110,37.2888006667,127.1067565000,-79.251,-19.629,0.000,0.000,0.000,1,5,2.00,0,NONE
1111,37.2888021667,127.1067575000,-79.162,-19.462,0.000,0.000,0.000,1,5,2.00,0,NONE
1112,37.2888036667,127.1067581667,-79.103,-19.295,0.000,0.000,0.000,1,5,2.00,0,NONE
1113,37.2888055000,127.1067590000,-79.030,-19.091,0.000,0.000,0.000,1,5,2.00,0,NONE
1114,37.2888070000,127.1067600000,-78.941,-18.924,0.000,0.000,0.000,1,5,2.00,0,NONE
1115,37.2888076667,127.1067610000,-78.852,-18.850,0.000,0.000,0.000,1,6,2.00,0,NONE
1116,37.2888081667,127.1067630000,-78.675,-18.795,0.000,0.000,0.000,1,6,2.00,0,NONE
1117,37.2888086667,127.1067653333,-78.469,-18.739,0.000,0.000,0.000,1,6,2.00,0,NONE
1118,37.2888095000,127.1067676667,-78.262,-18.646,0.000,0.000,0.000,1,6,2.00,0,NONE
1119,37.2888103333,127.1067693333,-78.114,-18.553,0.000,0.000,0.000,1,6,2.00,0,NONE
1120,37.2888111667,127.1067711667,-77.952,-18.461,0.000,0.000,0.000,1,6,2.00,0,NONE
1121,37.2888118333,127.1067731667,-77.775,-18.386,0.000,0.000,0.000,1,6,2.00,0,NONE
1122,37.2888123333,127.1067755000,-77.568,-18.331,0.000,0.000,0.000,1,6,2.00,0,NONE
1123,37.2888128333,127.1067778333,-77.362,-18.275,0.000,0.000,0.000,1,6,2.00,0,NONE
1124,37.2888133333,127.1067801667,-77.155,-18.219,0.000,0.000,0.000,1,6,2.00,0,NONE
1125,37.2888138333,127.1067825000,-76.948,-18.164,0.000,0.000,0.000,1,6,2.00,0,NONE
1126,37.2888145000,127.1067850000,-76.727,-18.090,0.000,0.000,0.000,1,6,2.00,0,NONE
1127,37.2888148333,127.1067875000,-76.505,-18.052,0.000,0.000,0.000,1,6,2.00,0,NONE
1128,37.2888151667,127.1067900000,-76.284,-18.015,0.000,0.000,0.000,1,6,2.00,0,NONE
1129,37.2888156667,127.1067925000,-76.063,-17.960,0.000,0.000,0.000,1,6,2.00,0,NONE
1130,37.2888160000,127.1067950000,-75.841,-17.923,0.000,0.000,0.000,1,6,2.00,0,NONE
1131,37.2888165000,127.1067976667,-75.605,-17.867,0.000,0.000,0.000,1,6,2.00,0,NONE
1132,37.2888166667,127.1068001667,-75.384,-17.848,0.000,0.000,0.000,1,6,2.00,0,NONE
1133,37.2888168333,127.1068026667,-75.162,-17.830,0.000,0.000,0.000,1,6,2.00,0,NONE
1134,37.2888166667,127.1068053333,-74.926,-17.848,0.000,0.000,0.000,1,6,2.00,0,NONE
1135,37.2888166667,127.1068078333,-74.705,-17.848,0.000,0.000,0.000,1,6,2.00,0,NONE
1136,37.2888166667,127.1068103333,-74.483,-17.848,0.000,0.000,0.000,1,6,2.00,0,NONE
1137,37.2888168333,127.1068130000,-74.247,-17.830,0.000,0.000,0.000,1,6,2.00,0,NONE
1138,37.2888166667,127.1068155000,-74.026,-17.848,0.000,0.000,0.000,1,6,2.00,0,NONE
1139,37.2888163333,127.1068180000,-73.804,-17.885,0.000,0.000,0.000,1,6,2.00,0,NONE
1140,37.2888160000,127.1068205000,-73.583,-17.923,0.000,0.000,0.000,1,6,2.00,0,NONE
1141,37.2888156667,127.1068231667,-73.347,-17.960,0.000,0.000,0.000,1,6,2.00,0,NONE
1142,37.2888155000,127.1068256667,-73.125,-17.978,0.000,0.000,0.000,1,6,2.00,0,NONE
1143,37.2888153333,127.1068281667,-72.904,-17.997,0.000,0.000,0.000,1,6,2.00,0,NONE
1144,37.2888150000,127.1068305000,-72.697,-18.034,0.000,0.000,0.000,1,6,2.00,0,NONE
1145,37.2888146667,127.1068331667,-72.461,-18.071,0.000,0.000,0.000,1,6,2.00,0,NONE
1146,37.2888143333,127.1068356667,-72.240,-18.108,0.000,0.000,0.000,1,6,2.00,0,NONE
1147,37.2888140000,127.1068383333,-72.003,-18.145,0.000,0.000,0.000,1,6,2.00,0,NONE
1148,37.2888138333,127.1068410000,-71.767,-18.164,0.000,0.000,0.000,1,6,2.00,0,NONE
1149,37.2888136667,127.1068436667,-71.531,-18.182,0.000,0.000,0.000,1,6,2.00,0,NONE
1150,37.2888131667,127.1068461667,-71.310,-18.238,0.000,0.000,0.000,1,6,2.00,0,NONE
1151,37.2888126667,127.1068488333,-71.073,-18.294,0.000,0.000,0.000,1,6,2.00,0,NONE
1152,37.2888120000,127.1068515000,-70.837,-18.368,0.000,0.000,0.000,1,6,2.00,0,NONE
1153,37.2888116667,127.1068541667,-70.601,-18.405,0.000,0.000,0.000,1,6,2.00,0,NONE
1154,37.2888115000,127.1068571667,-70.335,-18.423,0.000,0.000,0.000,1,6,2.00,0,NONE
1155,37.2888108333,127.1068596667,-70.114,-18.498,0.000,0.000,0.000,1,6,2.00,0,NONE
1156,37.2888101667,127.1068625000,-69.863,-18.572,0.000,0.000,0.000,1,6,2.00,0,NONE
1157,37.2888093333,127.1068650000,-69.642,-18.665,0.000,0.000,0.000,1,6,2.00,0,NONE
1158,37.2888086667,127.1068675000,-69.420,-18.739,0.000,0.000,0.000,1,6,2.00,0,NONE
1159,37.2888081667,127.1068701667,-69.184,-18.795,0.000,0.000,0.000,1,6,2.00,0,NONE
1160,37.2888076667,127.1068726667,-68.963,-18.850,0.000,0.000,0.000,1,6,2.00,0,NONE
1161,37.2888070000,127.1068751667,-68.741,-18.924,0.000,0.000,0.000,1,6,2.00,0,NONE
1162,37.2888061667,127.1068776667,-68.520,-19.017,0.000,0.000,0.000,1,6,2.00,0,NONE
1163,37.2888051667,127.1068801667,-68.298,-19.128,0.000,0.000,0.000,1,6,2.00,0,NONE
1164,37.2888045000,127.1068826667,-68.077,-19.203,0.000,0.000,0.000,1,6,2.00,0,NONE
1165,37.2888040000,127.1068853333,-67.841,-19.258,0.000,0.000,0.000,1,6,2.00,0,NONE
1166,37.2888033333,127.1068878333,-67.619,-19.333,0.000,0.000,0.000,1,6,2.00,0,NONE
1167,37.2888026667,127.1068903333,-67.398,-19.407,0.000,0.000,0.000,1,6,2.00,0,NONE
1168,37.2888018333,127.1068930000,-67.162,-19.500,0.000,0.000,0.000,1,6,2.00,0,NONE
1169,37.2888010000,127.1068956667,-66.926,-19.592,0.000,0.000,0.000,1,6,2.00,0,NONE
1170,37.2888005000,127.1068983333,-66.690,-19.648,0.000,0.000,0.000,1,6,2.00,0,NONE
1171,37.2888000000,127.1069011667,-66.439,-19.704,0.000,0.000,0.000,1,6,2.00,0,NONE
1172,37.2887993333,127.1069036667,-66.217,-19.778,0.000,0.000,0.000,1,6,2.00,0,NONE
1173,37.2887985000,127.1069063333,-65.981,-19.871,0.000,0.000,0.000,1,6,2.00,0,NONE
1174,37.2887976667,127.1069088333,-65.760,-19.963,0.000,0.000,0.000,1,6,2.00,0,NONE
1175,37.2887970000,127.1069115000,-65.523,-20.038,0.000,0.000,0.000,1,6,2.00,0,NONE
1176,37.2887965000,127.1069141667,-65.287,-20.093,0.000,0.000,0.000,1,6,2.00,0,NONE
1177,37.2887958333,127.1069168333,-65.051,-20.167,0.000,0.000,0.000,1,6,2.00,0,NONE
1178,37.2887950000,127.1069195000,-64.815,-20.260,0.000,0.000,0.000,1,6,2.00,0,NONE
1179,37.2887943333,127.1069221667,-64.579,-20.334,0.000,0.000,0.000,1,6,2.00,0,NONE
1180,37.2887935000,127.1069248333,-64.343,-20.427,0.000,0.000,0.000,1,6,2.00,0,NONE
1181,37.2887928333,127.1069275000,-64.106,-20.501,0.000,0.000,0.000,1,6,2.00,0,NONE
1182,37.2887925000,127.1069303333,-63.855,-20.539,0.000,0.000,0.000,1,6,2.00,0,NONE
1183,37.2887918333,127.1069328333,-63.634,-20.613,0.000,0.000,0.000,1,6,2.00,0,NONE
1184,37.2887910000,127.1069355000,-63.398,-20.706,0.000,0.000,0.000,1,6,2.00,0,NONE
1185,37.2887901667,127.1069380000,-63.176,-20.798,0.000,0.000,0.000,1,6,2.00,0,NONE
1186,37.2887893333,127.1069405000,-62.955,-20.891,0.000,0.000,0.000,1,6,2.00,0,NONE
1187,37.2887888333,127.1069433333,-62.704,-20.947,0.000,0.000,0.000,1,6,2.00,0,NONE
1188,37.2887880000,127.1069460000,-62.468,-21.039,0.000,0.000,0.000,1,6,2.00,0,NONE
1189,37.2887871667,127.1069485000,-62.246,-21.132,0.000,0.000,0.000,1,6,2.00,0,NONE
1190,37.2887863333,127.1069511667,-62.010,-21.225,0.000,0.000,0.000,1,6,2.00,0,NONE
1191,37.2887855000,127.1069538333,-61.774,-21.318,0.000,0.000,0.000,1,6,2.00,0,NONE
1192,37.2887848333,127.1069566667,-61.523,-21.392,0.000,0.000,0.000,1,6,2.00,0,NONE
1193,37.2887841667,127.1069593333,-61.287,-21.466,0.000,0.000,0.000,1,6,2.00,0,NONE
1194,37.2887833333,127.1069620000,-61.051,-21.559,0.000,0.000,0.000,1,6,2.00,0,NONE
1195,37.2887825000,127.1069648333,-60.800,-21.652,0.000,0.000,0.000,1,6,2.00,0,NONE
1196,37.2887815000,127.1069675000,-60.564,-21.763,0.000,0.000,0.000,1,6,2.00,0,NONE
1197,37.2887808333,127.1069701667,-60.328,-21.837,0.000,0.000,0.000,1,6,2.00,0,NONE
1198,37.2887801667,127.1069730000,-60.077,-21.911,0.000,0.000,0.000,1,6,2.00,0,NONE
1199,37.2887795000,127.1069755000,-59.855,-21.986,0.000,0.000,0.000,1,6,2.00,0,NONE
1200,37.2887785000,127.1069783333,-59.604,-22.097,0.000,0.000,0.000,1,6,2.00,0,NONE
1201,37.2887776667,127.1069808333,-59.383,-22.190,0.000,0.000,0.000,1,6,2.00,0,NONE
1202,37.2887770000,127.1069835000,-59.147,-22.264,0.000,0.000,0.000,1,6,2.00,0,NONE
1203,37.2887761667,127.1069861667,-58.911,-22.357,0.000,0.000,0.000,1,6,2.00,0,NONE
1204,37.2887753333,127.1069888333,-58.674,-22.450,0.000,0.000,0.000,1,6,2.00,0,NONE
1205,37.2887743333,127.1069915000,-58.438,-22.561,0.000,0.000,0.000,1,6,2.00,0,NONE
1206,37.2887733333,127.1069941667,-58.202,-22.672,0.000,0.000,0.000,1,6,2.00,0,NONE
1207,37.2887723333,127.1069966667,-57.981,-22.783,0.000,0.000,0.000,1,6,2.00,0,NONE
1208,37.2887715000,127.1069993333,-57.744,-22.876,0.000,0.000,0.000,1,6,2.00,0,NONE
1209,37.2887708333,127.1070020000,-57.508,-22.950,0.000,0.000,0.000,1,6,2.00,0,NONE
1210,37.2887700000,127.1070043333,-57.302,-23.043,0.000,0.000,0.000,1,6,2.00,0,NONE
1211,37.2887690000,127.1070070000,-57.065,-23.155,0.000,0.000,0.000,1,6,2.00,0,NONE
1212,37.2887681667,127.1070096667,-56.829,-23.247,0.000,0.000,0.000,1,6,2.00,0,NONE
1213,37.2887671667,127.1070121667,-56.608,-23.359,0.000,0.000,0.000,1,6,2.00,0,NONE
1214,37.2887663333,127.1070148333,-56.372,-23.451,0.000,0.000,0.000,1,6,2.00,0,NONE
1215,37.2887655000,127.1070175000,-56.136,-23.544,0.000,0.000,0.000,1,6,2.00,0,NONE
1216,37.2887645000,127.1070200000,-55.914,-23.656,0.000,0.000,0.000,1,6,2.00,0,NONE
1217,37.2887635000,127.1070225000,-55.693,-23.767,0.000,0.000,0.000,1,6,2.00,0,NONE
1218,37.2887625000,127.1070251667,-55.457,-23.878,0.000,0.000,0.000,1,6,2.00,0,NONE
1219,37.2887616667,127.1070276667,-55.235,-23.971,0.000,0.000,0.000,1,6,2.00,0,NONE
1220,37.2887610000,127.1070303333,-54.999,-24.045,0.000,0.000,0.000,1,6,2.00,0,NONE
1221,37.2887600000,127.1070328333,-54.778,-24.156,0.000,0.000,0.000,1,6,2.00,0,NONE
1222,37.2887590000,127.1070353333,-54.556,-24.268,0.000,0.000,0.000,1,6,2.00,0,NONE
1223,37.2887580000,127.1070378333,-54.335,-24.379,0.000,0.000,0.000,1,6,2.00,0,NONE
1224,37.2887571667,127.1070401667,-54.128,-24.472,0.000,0.000,0.000,1,6,2.00,0,NONE
1225,37.2887563333,127.1070426667,-53.907,-24.565,0.000,0.000,0.000,1,6,2.00,0,NONE
1226,37.2887555000,127.1070451667,-53.685,-24.657,0.000,0.000,0.000,1,6,2.00,0,NONE
1227,37.2887545000,127.1070475000,-53.479,-24.769,0.000,0.000,0.000,1,6,2.00,0,NONE
1228,37.2887535000,127.1070498333,-53.272,-24.880,0.000,0.000,0.000,1,6,2.00,0,NONE
1229,37.2887525000,127.1070523333,-53.050,-24.991,0.000,0.000,0.000,1,6,2.00,0,NONE
1230,37.2887516667,127.1070546667,-52.844,-25.084,0.000,0.000,0.000,1,6,2.00,0,NONE
1231,37.2887510000,127.1070571667,-52.622,-25.158,0.000,0.000,0.000,1,6,2.00,0,NONE
1232,37.2887503333,127.1070593333,-52.431,-25.233,0.000,0.000,0.000,1,6,2.00,0,NONE
1233,37.2887493333,127.1070616667,-52.224,-25.344,0.000,0.000,0.000,1,6,2.00,0,NONE
1234,37.2887486667,127.1070638333,-52.032,-25.418,0.000,0.000,0.000,1,6,2.00,0,NONE
1235,37.2887480000,127.1070658333,-51.855,-25.492,0.000,0.000,0.000,1,6,2.00,0,NONE
1236,37.2887475000,127.1070678333,-51.678,-25.548,0.000,0.000,0.000,1,6,2.00,0,NONE
1237,37.2887470000,127.1070696667,-51.515,-25.604,0.000,0.000,0.000,1,6,2.00,0,NONE
1238,37.2887465000,127.1070713333,-51.368,-25.659,0.000,0.000,0.000,1,6,2.00,0,NONE
1239,37.2887456667,127.1070728333,-51.235,-25.752,0.000,0.000,0.000,1,6,2.00,0,NONE
1240,37.2887448333,127.1070743333,-51.102,-25.845,0.000,0.000,0.000,1,6,2.00,0,NONE
1241,37.2887440000,127.1070756667,-50.984,-25.938,0.000,0.000,0.000,1,6,2.00,0,NONE
1242,37.2887431667,127.1070780000,-50.777,-26.030,0.000,0.000,0.000,1,6,2.00,0,NONE
1243,37.2887425000,127.1070796667,-50.630,-26.105,0.000,0.000,0.000,1,6,2.00,0,NONE
1244,37.2887413333,127.1070818333,-50.438,-26.234,0.000,0.000,0.000,1,6,2.00,0,NONE
1245,37.2887403333,127.1070833333,-50.305,-26.346,0.000,0.000,0.000,1,6,2.00,0,NONE
1246,37.2887393333,127.1070850000,-50.157,-26.457,0.000,0.000,0.000,1,6,2.00,0,NONE
1247,37.2887383333,127.1070865000,-50.025,-26.568,0.000,0.000,0.000,1,6,2.00,0,NONE
1248,37.2887375000,127.1070883333,-49.862,-26.661,0.000,0.000,0.000,1,6,2.00,0,NONE
1249,37.2887366667,127.1070898333,-49.729,-26.754,0.000,0.000,0.000,1,6,2.00,0,NONE
1250,37.2887358333,127.1070911667,-49.611,-26.847,0.000,0.000,0.000,1,6,2.00,0,NONE
1251,37.2887346667,127.1070923333,-49.508,-26.977,0.000,0.000,0.000,1,6,2.00,0,NONE
1252,37.2887336667,127.1070938333,-49.375,-27.088,0.000,0.000,0.000,1,6,2.00,0,NONE
1253,37.2887328333,127.1070951667,-49.257,-27.181,0.000,0.000,0.000,1,6,2.00,0,NONE
1254,37.2887323333,127.1070968333,-49.109,-27.236,0.000,0.000,0.000,1,6,2.00,0,NONE
1255,37.2887321667,127.1070993333,-48.888,-27.255,0.000,0.000,0.000,1,6,2.00,0,NONE
1256,37.2887318333,127.1071010000,-48.740,-27.292,0.000,0.000,0.000,1,6,2.00,0,NONE
1257,37.2887315000,127.1071033333,-48.534,-27.329,0.000,0.000,0.000,1,6,2.00,0,NONE
1258,37.2887313333,127.1071055000,-48.342,-27.348,0.000,0.000,0.000,1,6,2.00,0,NONE
1259,37.2887313333,127.1071073333,-48.179,-27.348,0.000,0.000,0.000,1,6,2.00,0,NONE
1260,37.2887305000,127.1071086667,-48.061,-27.440,0.000,0.000,0.000,1,6,2.00,0,NONE
1261,37.2887300000,127.1071091667,-48.017,-27.496,0.000,0.000,0.000,1,6,2.00,0,STOP_LINE
1262,37.2887290000,127.1071108333,-47.869,-27.607,0.000,0.000,0.000,1,6,2.00,0,NONE
1263,37.2887283333,127.1071133333,-47.648,-27.682,0.000,0.000,0.000,1,6,2.00,0,NONE
1264,37.2887278333,127.1071150000,-47.500,-27.737,0.000,0.000,0.000,1,6,2.00,0,NONE
1265,37.2887271667,127.1071168333,-47.338,-27.811,0.000,0.000,0.000,1,6,2.00,0,NONE
1266,37.2887263333,127.1071188333,-47.161,-27.904,0.000,0.000,0.000,1,6,2.00,0,NONE
1267,37.2887255000,127.1071210000,-46.969,-27.997,0.000,0.000,0.000,1,6,2.00,0,NONE
1268,37.2887248333,127.1071230000,-46.792,-28.071,0.000,0.000,0.000,1,6,2.00,0,NONE
1269,37.2887243333,127.1071256667,-46.556,-28.127,0.000,0.000,0.000,1,6,2.00,0,NONE
1270,37.2887236667,127.1071278333,-46.364,-28.201,0.000,0.000,0.000,1,6,2.00,0,NONE
1271,37.2887228333,127.1071303333,-46.142,-28.294,0.000,0.000,0.000,1,6,2.00,0,NONE
1272,37.2887218333,127.1071326667,-45.936,-28.405,0.000,0.000,0.000,1,6,2.00,0,NONE
1273,37.2887211667,127.1071348333,-45.744,-28.479,0.000,0.000,0.000,1,6,2.00,0,NONE
1274,37.2887205000,127.1071371667,-45.537,-28.554,0.000,0.000,0.000,1,6,2.00,0,NONE
1275,37.2887200000,127.1071396667,-45.316,-28.609,0.000,0.000,0.000,1,6,2.00,0,NONE
1276,37.2887193333,127.1071418333,-45.124,-28.683,0.000,0.000,0.000,1,6,2.00,0,NONE
1277,37.2887186667,127.1071441667,-44.917,-28.758,0.000,0.000,0.000,1,6,2.00,0,NONE
1278,37.2887178333,127.1071465000,-44.711,-28.850,0.000,0.000,0.000,1,6,2.00,0,NONE
1279,37.2887173333,127.1071488333,-44.504,-28.906,0.000,0.000,0.000,1,6,2.00,0,NONE
1280,37.2887168333,127.1071511667,-44.297,-28.962,0.000,0.000,0.000,1,6,2.00,0,NONE
1281,37.2887163333,127.1071535000,-44.091,-29.017,0.000,0.000,0.000,1,6,2.00,0,NONE
1282,37.2887156667,127.1071556667,-43.899,-29.092,0.000,0.000,0.000,1,6,2.00,0,NONE
1283,37.2887148333,127.1071580000,-43.692,-29.184,0.000,0.000,0.000,1,6,2.00,0,NONE
1284,37.2887140000,127.1071603333,-43.485,-29.277,0.000,0.000,0.000,1,6,2.00,0,NONE
1285,37.2887133333,127.1071625000,-43.294,-29.351,0.000,0.000,0.000,1,6,2.00,0,NONE
1286,37.2887128333,127.1071648333,-43.087,-29.407,0.000,0.000,0.000,1,6,2.00,0,NONE
1287,37.2887123333,127.1071673333,-42.866,-29.463,0.000,0.000,0.000,1,6,2.00,0,NONE
1288,37.2887115000,127.1071696667,-42.659,-29.555,0.000,0.000,0.000,1,6,2.00,0,NONE
1289,37.2887108333,127.1071720000,-42.452,-29.630,0.000,0.000,0.000,1,6,2.00,0,NONE
1290,37.2887100000,127.1071743333,-42.246,-29.722,0.000,0.000,0.000,1,6,2.00,0,NONE
1291,37.2887095000,127.1071765000,-42.054,-29.778,0.000,0.000,0.000,1,6,2.00,0,NONE
1292,37.2887090000,127.1071790000,-41.832,-29.834,0.000,0.000,0.000,1,6,2.00,0,NONE
1293,37.2887083333,127.1071811667,-41.640,-29.908,0.000,0.000,0.000,1,6,2.00,0,NONE
1294,37.2887075000,127.1071835000,-41.434,-30.001,0.000,0.000,0.000,1,6,2.00,0,NONE
1295,37.2887065000,127.1071856667,-41.242,-30.112,0.000,0.000,0.000,1,6,2.00,0,NONE
1296,37.2887056667,127.1071880000,-41.035,-30.205,0.000,0.000,0.000,1,6,2.00,0,NONE
1297,37.2887048333,127.1071903333,-40.829,-30.298,0.000,0.000,0.000,1,6,2.00,0,NONE
1298,37.2887041667,127.1071928333,-40.607,-30.372,0.000,0.000,0.000,1,6,2.00,0,NONE
1299,37.2887031667,127.1071948333,-40.430,-30.483,0.000,0.000,0.000,1,6,2.00,0,NONE
1300,37.2887021667,127.1071971667,-40.223,-30.594,0.000,0.000,0.000,1,6,2.00,0,NONE
1301,37.2887011667,127.1071995000,-40.017,-30.706,0.000,0.000,0.000,1,6,2.00,0,NONE
1302,37.2887003333,127.1072016667,-39.825,-30.799,0.000,0.000,0.000,1,6,2.00,0,NONE
1303,37.2886993333,127.1072043333,-39.589,-30.910,0.000,0.000,0.000,1,6,2.00,0,NONE
1304,37.2886985000,127.1072066667,-39.382,-31.003,0.000,0.000,0.000,1,6,2.00,0,NONE
1305,37.2886975000,127.1072090000,-39.175,-31.114,0.000,0.000,0.000,1,6,2.00,0,NONE
1306,37.2886965000,127.1072113333,-38.969,-31.225,0.000,0.000,0.000,1,6,2.00,0,NONE
1307,37.2886955000,127.1072136667,-38.762,-31.337,0.000,0.000,0.000,1,6,2.00,0,NONE
1308,37.2886946667,127.1072161667,-38.541,-31.429,0.000,0.000,0.000,1,6,2.00,0,NONE
1309,37.2886938333,127.1072186667,-38.319,-31.522,0.000,0.000,0.000,1,6,2.00,0,NONE
1310,37.2886928333,127.1072210000,-38.113,-31.633,0.000,0.000,0.000,1,6,2.00,0,NONE
1311,37.2886918333,127.1072231667,-37.921,-31.745,0.000,0.000,0.000,1,6,2.00,0,NONE
1312,37.2886908333,127.1072253333,-37.729,-31.856,0.000,0.000,0.000,1,6,2.00,0,NONE
1313,37.2886900000,127.1072275000,-37.537,-31.949,0.000,0.000,0.000,1,6,2.00,0,NONE
1314,37.2886891667,127.1072300000,-37.315,-32.042,0.000,0.000,0.000,1,6,2.00,0,NONE
1315,37.2886883333,127.1072321667,-37.124,-32.134,0.000,0.000,0.000,1,6,2.00,0,NONE
1316,37.2886873333,127.1072343333,-36.932,-32.246,0.000,0.000,0.000,1,6,2.00,0,NONE
1317,37.2886863333,127.1072365000,-36.740,-32.357,0.000,0.000,0.000,1,6,2.00,0,NONE
1318,37.2886855000,127.1072386667,-36.548,-32.450,0.000,0.000,0.000,1,6,2.00,0,NONE
1319,37.2886846667,127.1072408333,-36.356,-32.543,0.000,0.000,0.000,1,6,2.00,0,NONE
1320,37.2886840000,127.1072433333,-36.135,-32.617,0.000,0.000,0.000,1,6,2.00,0,NONE
1321,37.2886831667,127.1072455000,-35.943,-32.710,0.000,0.000,0.000,1,6,2.00,0,NONE
1322,37.2886823333,127.1072476667,-35.751,-32.802,0.000,0.000,0.000,1,6,2.00,0,NONE
1323,37.2886815000,127.1072498333,-35.559,-32.895,0.000,0.000,0.000,1,6,2.00,0,NONE
1324,37.2886806667,127.1072520000,-35.367,-32.988,0.000,0.000,0.000,1,6,2.00,0,NONE
1325,37.2886800000,127.1072543333,-35.160,-33.062,0.000,0.000,0.000,1,6,2.00,0,NONE
1326,37.2886791667,127.1072563333,-34.983,-33.155,0.000,0.000,0.000,1,6,2.00,0,NONE
1327,37.2886781667,127.1072583333,-34.806,-33.266,0.000,0.000,0.000,1,6,2.00,0,NONE
1328,37.2886773333,127.1072603333,-34.629,-33.359,0.000,0.000,0.000,1,6,2.00,0,NONE
1329,37.2886760000,127.1072625000,-34.437,-33.507,0.000,0.000,0.000,1,6,2.00,0,NONE
1330,37.2886751667,127.1072643333,-34.275,-33.600,0.000,0.000,0.000,1,6,2.00,0,NONE
1331,37.2886743333,127.1072665000,-34.083,-33.693,0.000,0.000,0.000,1,6,2.00,0,NONE
1332,37.2886731667,127.1072683333,-33.920,-33.823,0.000,0.000,0.000,1,6,2.00,0,NONE
1333,37.2886720000,127.1072700000,-33.773,-33.953,0.000,0.000,0.000,1,6,2.00,0,NONE
1334,37.2886705000,127.1072716667,-33.625,-34.120,0.000,0.000,0.000,1,6,2.00,0,NONE
1335,37.2886693333,127.1072731667,-33.492,-34.249,0.000,0.000,0.000,1,6,2.00,0,NONE
1336,37.2886678333,127.1072748333,-33.345,-34.416,0.000,0.000,0.000,1,6,2.00,0,NONE
1337,37.2886665000,127.1072765000,-33.197,-34.565,0.000,0.000,0.000,1,6,2.00,0,NONE
1338,37.2886650000,127.1072775000,-33.109,-34.732,0.000,0.000,0.000,1,6,2.00,0,NONE
1339,37.2886633333,127.1072786667,-33.005,-34.917,0.000,0.000,0.000,1,6,2.00,0,NONE
1340,37.2886616667,127.1072795000,-32.931,-35.103,0.000,0.000,0.000,1,6,2.00,0,NONE
1341,37.2886601667,127.1072803333,-32.858,-35.270,0.000,0.000,0.000,1,6,2.00,0,NONE
1342,37.2886583333,127.1072815000,-32.754,-35.474,0.000,0.000,0.000,1,6,2.00,0,NONE
1343,37.2886566667,127.1072823333,-32.681,-35.660,0.000,0.000,0.000,1,6,2.00,0,NONE
1344,37.2886550000,127.1072830000,-32.621,-35.845,0.000,0.000,0.000,1,6,2.00,0,NONE
1345,37.2886531667,127.1072835000,-32.577,-36.049,0.000,0.000,0.000,1,6,2.00,0,NONE
1346,37.2886513333,127.1072840000,-32.533,-36.253,0.000,0.000,0.000,1,6,2.00,0,NONE
1347,37.2886496667,127.1072845000,-32.489,-36.439,0.000,0.000,0.000,1,6,2.00,0,NONE
1348,37.2886480000,127.1072853333,-32.415,-36.624,0.000,0.000,0.000,1,6,2.00,0,NONE
1349,37.2886463333,127.1072858333,-32.371,-36.810,0.000,0.000,0.000,1,6,2.00,0,NONE
1350,37.2886446667,127.1072860000,-32.356,-36.995,0.000,0.000,0.000,1,6,2.00,0,NONE
1351,37.2886428333,127.1072858333,-32.371,-37.199,0.000,0.000,0.000,1,6,2.00,0,NONE
1352,37.2886410000,127.1072858333,-32.371,-37.404,0.000,0.000,0.000,1,6,2.00,0,NONE
1353,37.2886393333,127.1072856667,-32.385,-37.589,0.000,0.000,0.000,1,6,2.00,0,NONE
1354,37.2886375000,127.1072858333,-32.371,-37.793,0.000,0.000,0.000,1,6,2.00,0,NONE
1355,37.2886358333,127.1072856667,-32.385,-37.979,0.000,0.000,0.000,1,6,2.00,0,NONE
1356,37.2886340000,127.1072853333,-32.415,-38.183,0.000,0.000,0.000,1,6,2.00,0,NONE
1357,37.2886321667,127.1072848333,-32.459,-38.387,0.000,0.000,0.000,1,6,2.00,0,NONE
1358,37.2886306667,127.1072843333,-32.503,-38.554,0.000,0.000,0.000,1,6,2.00,0,NONE
1359,37.2886288333,127.1072840000,-32.533,-38.758,0.000,0.000,0.000,1,6,2.00,0,NONE
1360,37.2886271667,127.1072836667,-32.562,-38.943,0.000,0.000,0.000,1,6,2.00,0,NONE
1361,37.2886256667,127.1072831667,-32.607,-39.110,0.000,0.000,0.000,1,6,2.00,0,NONE
1362,37.2886241667,127.1072825000,-32.666,-39.277,0.000,0.000,0.000,1,6,2.00,0,NONE
1363,37.2886228333,127.1072818333,-32.725,-39.426,0.000,0.000,0.000,1,6,2.00,0,NONE
1364,37.2886211667,127.1072811667,-32.784,-39.611,0.000,0.000,0.000,1,6,2.00,0,NONE
1365,37.2886196667,127.1072806667,-32.828,-39.778,0.000,0.000,0.000,1,6,2.00,0,NONE
1366,37.2886183333,127.1072798333,-32.902,-39.927,0.000,0.000,0.000,1,6,2.00,0,NONE
1367,37.2886178333,127.1072791667,-32.961,-39.982,0.000,0.000,0.000,1,7,2.00,0,NONE
1368,37.2886165000,127.1072780000,-33.064,-40.131,0.000,0.000,0.000,1,7,2.00,0,NONE
1369,37.2886148333,127.1072775000,-33.109,-40.316,0.000,0.000,0.000,1,7,2.00,0,NONE
1370,37.2886135000,127.1072770000,-33.153,-40.465,0.000,0.000,0.000,1,7,2.00,0,NONE
1371,37.2886120000,127.1072765000,-33.197,-40.632,0.000,0.000,0.000,1,7,2.00,0,NONE
1372,37.2886105000,127.1072755000,-33.286,-40.799,0.000,0.000,0.000,1,7,2.00,0,NONE
1373,37.2886088333,127.1072745000,-33.374,-40.984,0.000,0.000,0.000,1,7,2.00,0,NONE
1374,37.2886071667,127.1072736667,-33.448,-41.170,0.000,0.000,0.000,1,7,2.00,0,NONE
1375,37.2886053333,127.1072728333,-33.522,-41.374,0.000,0.000,0.000,1,7,2.00,0,NONE
1376,37.2886035000,127.1072718333,-33.610,-41.578,0.000,0.000,0.000,1,7,2.00,0,NONE
1377,37.2886015000,127.1072708333,-33.699,-41.801,0.000,0.000,0.000,1,7,2.00,0,NONE
1378,37.2885995000,127.1072698333,-33.788,-42.023,0.000,0.000,0.000,1,7,2.00,0,NONE
1379,37.2885976667,127.1072686667,-33.891,-42.227,0.000,0.000,0.000,1,7,2.00,0,NONE
1380,37.2885958333,127.1072676667,-33.979,-42.431,0.000,0.000,0.000,1,7,2.00,0,NONE
1381,37.2885938333,127.1072670000,-34.039,-42.654,0.000,0.000,0.000,1,7,2.00,0,NONE
1382,37.2885920000,127.1072660000,-34.127,-42.858,0.000,0.000,0.000,1,7,2.00,0,NONE
1383,37.2885901667,127.1072651667,-34.201,-43.062,0.000,0.000,0.000,1,7,2.00,0,NONE
1384,37.2885881667,127.1072640000,-34.304,-43.285,0.000,0.000,0.000,1,7,2.00,0,NONE
1385,37.2885863333,127.1072630000,-34.393,-43.489,0.000,0.000,0.000,1,7,2.00,0,NONE
1386,37.2885843333,127.1072621667,-34.467,-43.712,0.000,0.000,0.000,1,7,2.00,0,NONE
1387,37.2885823333,127.1072615000,-34.526,-43.934,0.000,0.000,0.000,1,7,2.00,0,NONE
1388,37.2885801667,127.1072605000,-34.614,-44.175,0.000,0.000,0.000,1,7,2.00,0,NONE
1389,37.2885781667,127.1072596667,-34.688,-44.398,0.000,0.000,0.000,1,7,2.00,0,NONE
1390,37.2885760000,127.1072586667,-34.777,-44.639,0.000,0.000,0.000,1,7,2.00,0,NONE
1391,37.2885741667,127.1072578333,-34.850,-44.843,0.000,0.000,0.000,1,7,2.00,0,NONE
1392,37.2885721667,127.1072570000,-34.924,-45.066,0.000,0.000,0.000,1,7,2.00,0,NONE
1393,37.2885701667,127.1072563333,-34.983,-45.289,0.000,0.000,0.000,1,7,2.00,0,NONE
1394,37.2885681667,127.1072553333,-35.072,-45.511,0.000,0.000,0.000,1,7,2.00,0,NONE
1395,37.2885661667,127.1072541667,-35.175,-45.734,0.000,0.000,0.000,1,7,2.00,0,NONE
1396,37.2885643333,127.1072531667,-35.264,-45.938,0.000,0.000,0.000,1,7,2.00,0,NONE
1397,37.2885623333,127.1072521667,-35.352,-46.161,0.000,0.000,0.000,1,7,2.00,0,NONE
1398,37.2885603333,127.1072515000,-35.411,-46.383,0.000,0.000,0.000,1,7,2.00,0,NONE
1399,37.2885585000,127.1072506667,-35.485,-46.587,0.000,0.000,0.000,1,7,2.00,0,NONE
1400,37.2885565000,127.1072495000,-35.588,-46.810,0.000,0.000,0.000,1,7,2.00,0,NONE
1401,37.2885546667,127.1072483333,-35.692,-47.014,0.000,0.000,0.000,1,7,2.00,0,NONE
1402,37.2885528333,127.1072473333,-35.780,-47.218,0.000,0.000,0.000,1,7,2.00,0,NONE
1403,37.2885508333,127.1072463333,-35.869,-47.441,0.000,0.000,0.000,1,7,2.00,0,NONE
1404,37.2885490000,127.1072456667,-35.928,-47.645,0.000,0.000,0.000,1,7,2.00,0,NONE
1405,37.2885471667,127.1072446667,-36.016,-47.849,0.000,0.000,0.000,1,7,2.00,0,NONE
1406,37.2885453333,127.1072435000,-36.120,-48.053,0.000,0.000,0.000,1,7,2.00,0,NONE
1407,37.2885435000,127.1072423333,-36.223,-48.257,0.000,0.000,0.000,1,7,2.00,0,NONE
1408,37.2885416667,127.1072413333,-36.312,-48.461,0.000,0.000,0.000,1,7,2.00,0,NONE
1409,37.2885398333,127.1072403333,-36.400,-48.665,0.000,0.000,0.000,1,7,2.00,0,NONE
1410,37.2885380000,127.1072395000,-36.474,-48.869,0.000,0.000,0.000,1,7,2.00,0,NONE
1411,37.2885361667,127.1072385000,-36.563,-49.074,0.000,0.000,0.000,1,7,2.00,0,NONE
1412,37.2885343333,127.1072375000,-36.651,-49.278,0.000,0.000,0.000,1,7,2.00,0,NONE
1413,37.2885325000,127.1072363333,-36.755,-49.482,0.000,0.000,0.000,1,7,2.00,0,NONE
1414,37.2885308333,127.1072355000,-36.828,-49.667,0.000,0.000,0.000,1,7,2.00,0,NONE
1415,37.2885291667,127.1072348333,-36.887,-49.853,0.000,0.000,0.000,1,7,2.00,0,NONE
1416,37.2885273333,127.1072340000,-36.961,-50.057,0.000,0.000,0.000,1,7,2.00,0,NONE
1417,37.2885258333,127.1072331667,-37.035,-50.224,0.000,0.000,0.000,1,7,2.00,0,NONE
1418,37.2885241667,127.1072321667,-37.124,-50.409,0.000,0.000,0.000,1,7,2.00,0,NONE
1419,37.2885225000,127.1072311667,-37.212,-50.595,0.000,0.000,0.000,1,7,2.00,0,NONE
1420,37.2885208333,127.1072303333,-37.286,-50.780,0.000,0.000,0.000,1,7,2.00,0,NONE
1421,37.2885190000,127.1072293333,-37.374,-50.985,0.000,0.000,0.000,1,7,2.00,0,NONE
1422,37.2885171667,127.1072286667,-37.434,-51.189,0.000,0.000,0.000,1,7,2.00,0,NONE
1423,37.2885155000,127.1072276667,-37.522,-51.374,0.000,0.000,0.000,1,7,2.00,0,NONE
1424,37.2885136667,127.1072265000,-37.625,-51.578,0.000,0.000,0.000,1,7,2.00,0,NONE
1425,37.2885120000,127.1072255000,-37.714,-51.764,0.000,0.000,0.000,1,7,2.00,0,NONE
1426,37.2885101667,127.1072245000,-37.803,-51.968,0.000,0.000,0.000,1,7,2.00,0,NONE
1427,37.2885083333,127.1072236667,-37.876,-52.172,0.000,0.000,0.000,1,7,2.00,0,NONE
1428,37.2885065000,127.1072230000,-37.935,-52.376,0.000,0.000,0.000,1,7,2.00,0,NONE
1429,37.2885048333,127.1072221667,-38.009,-52.562,0.000,0.000,0.000,1,7,2.00,0,NONE
1430,37.2885028333,127.1072210000,-38.113,-52.784,0.000,0.000,0.000,1,7,2.00,0,NONE
1431,37.2885011667,127.1072201667,-38.186,-52.970,0.000,0.000,0.000,1,7,2.00,0,NONE
1432,37.2884993333,127.1072193333,-38.260,-53.174,0.000,0.000,0.000,1,7,2.00,0,NONE
1433,37.2884973333,127.1072186667,-38.319,-53.396,0.000,0.000,0.000,1,7,2.00,0,NONE
1434,37.2884955000,127.1072180000,-38.378,-53.601,0.000,0.000,0.000,1,7,2.00,0,NONE
1435,37.2884938333,127.1072171667,-38.452,-53.786,0.000,0.000,0.000,1,7,2.00,0,NONE
1436,37.2884920000,127.1072161667,-38.541,-53.990,0.000,0.000,0.000,1,7,2.00,0,NONE
1437,37.2884903333,127.1072153333,-38.614,-54.176,0.000,0.000,0.000,1,7,2.00,0,NONE
1438,37.2884886667,127.1072145000,-38.688,-54.361,0.000,0.000,0.000,1,7,2.00,0,NONE
1439,37.2884866667,127.1072140000,-38.732,-54.584,0.000,0.000,0.000,1,7,2.00,0,NONE
1440,37.2884850000,127.1072131667,-38.806,-54.769,0.000,0.000,0.000,1,7,2.00,0,NONE
1441,37.2884833333,127.1072123333,-38.880,-54.955,0.000,0.000,0.000,1,7,2.00,0,NONE
1442,37.2884815000,127.1072111667,-38.983,-55.159,0.000,0.000,0.000,1,7,2.00,0,NONE
1443,37.2884800000,127.1072103333,-39.057,-55.326,0.000,0.000,0.000,1,7,2.00,0,NONE
1444,37.2884783333,127.1072096667,-39.116,-55.512,0.000,0.000,0.000,1,7,2.00,0,NONE
1445,37.2884768333,127.1072091667,-39.161,-55.679,0.000,0.000,0.000,1,7,2.00,0,NONE
1446,37.2884755000,127.1072086667,-39.205,-55.827,0.000,0.000,0.000,1,7,2.00,0,NONE
1447,37.2884736667,127.1072075000,-39.308,-56.031,0.000,0.000,0.000,1,7,2.00,0,NONE
1448,37.2884723333,127.1072066667,-39.382,-56.179,0.000,0.000,0.000,1,7,2.00,0,NONE
1449,37.2884710000,127.1072063333,-39.411,-56.328,0.000,0.000,0.000,1,7,2.00,0,NONE
1450,37.2884711667,127.1072063333,-39.411,-56.309,0.000,0.000,0.000,-1,7,2.00,0,NONE
1451,37.2884726667,127.1072073333,-39.323,-56.142,0.000,0.000,0.000,-1,7,2.00,0,NONE
1452,37.2884741667,127.1072085000,-39.220,-55.975,0.000,0.000,0.000,-1,7,2.00,0,NONE
1453,37.2884756667,127.1072090000,-39.175,-55.808,0.000,0.000,0.000,-1,7,2.00,0,NONE
1454,37.2884771667,127.1072096667,-39.116,-55.641,0.000,0.000,0.000,-1,7,2.00,0,NONE
1455,37.2884788333,127.1072106667,-39.028,-55.456,0.000,0.000,0.000,-1,7,2.00,0,NONE
1456,37.2884803333,127.1072116667,-38.939,-55.289,0.000,0.000,0.000,-1,7,2.00,0,NONE
1457,37.2884820000,127.1072121667,-38.895,-55.103,0.000,0.000,0.000,-1,7,2.00,0,NONE
1458,37.2884836667,127.1072128333,-38.836,-54.918,0.000,0.000,0.000,-1,7,2.00,0,NONE
1459,37.2884850000,127.1072135000,-38.777,-54.769,0.000,0.000,0.000,-1,7,2.00,0,NONE
1460,37.2884863333,127.1072145000,-38.688,-54.621,0.000,0.000,0.000,-1,7,2.00,0,NONE
1461,37.2884876667,127.1072151667,-38.629,-54.473,0.000,0.000,0.000,-1,7,2.00,0,NONE
1462,37.2884893333,127.1072158333,-38.570,-54.287,0.000,0.000,0.000,-1,7,2.00,0,NONE
1463,37.2884910000,127.1072166667,-38.496,-54.102,0.000,0.000,0.000,-1,7,2.00,0,NONE
1464,37.2884926667,127.1072181667,-38.363,-53.916,0.000,0.000,0.000,-1,7,2.00,0,NONE
1465,37.2884936667,127.1072193333,-38.260,-53.805,0.000,0.000,0.000,-1,7,2.00,0,NONE
1466,37.2884950000,127.1072205000,-38.157,-53.656,0.000,0.000,0.000,-1,7,2.00,0,NONE
1467,37.2884963333,127.1072211667,-38.098,-53.508,0.000,0.000,0.000,-1,7,2.00,0,NONE
1468,37.2884980000,127.1072221667,-38.009,-53.322,0.000,0.000,0.000,-1,7,2.00,0,NONE
1469,37.2884991667,127.1072231667,-37.921,-53.192,0.000,0.000,0.000,-1,7,2.00,0,NONE
1470,37.2885001667,127.1072243333,-37.817,-53.081,0.000,0.000,0.000,-1,7,2.00,0,NONE
1471,37.2885018333,127.1072255000,-37.714,-52.896,0.000,0.000,0.000,-1,7,2.00,0,NONE
1472,37.2885035000,127.1072261667,-37.655,-52.710,0.000,0.000,0.000,-1,7,2.00,0,NONE
1473,37.2885053333,127.1072273333,-37.552,-52.506,0.000,0.000,0.000,-1,7,2.00,0,NONE
1474,37.2885068333,127.1072290000,-37.404,-52.339,0.000,0.000,0.000,-1,7,2.00,0,NONE
1475,37.2885083333,127.1072300000,-37.315,-52.172,0.000,0.000,0.000,-1,7,2.00,0,NONE
1476,37.2885103333,127.1072301667,-37.301,-51.949,0.000,0.000,0.000,-1,7,2.00,0,NONE
1477,37.2885121667,127.1072308333,-37.242,-51.745,0.000,0.000,0.000,-1,7,2.00,0,NONE
1478,37.2885140000,127.1072320000,-37.138,-51.541,0.000,0.000,0.000,-1,7,2.00,0,NONE
1479,37.2885153333,127.1072325000,-37.094,-51.393,0.000,0.000,0.000,-1,7,2.00,0,NONE
1480,37.2885171667,127.1072328333,-37.064,-51.189,0.000,0.000,0.000,-1,7,2.00,0,NONE
1481,37.2885190000,127.1072338333,-36.976,-50.985,0.000,0.000,0.000,-1,7,2.00,0,NONE
1482,37.2885205000,127.1072353333,-36.843,-50.818,0.000,0.000,0.000,-1,7,2.00,0,NONE
1483,37.2885220000,127.1072366667,-36.725,-50.651,0.000,0.000,0.000,-1,7,2.00,0,NONE
1484,37.2885236667,127.1072376667,-36.636,-50.465,0.000,0.000,0.000,-1,7,2.00,0,NONE
1485,37.2885250000,127.1072388333,-36.533,-50.317,0.000,0.000,0.000,-1,7,2.00,0,NONE
1486,37.2885260000,127.1072401667,-36.415,-50.205,0.000,0.000,0.000,-1,7,2.00,0,NONE
1487,37.2885273333,127.1072418333,-36.267,-50.057,0.000,0.000,0.000,-1,7,2.00,0,NONE
1488,37.2885290000,127.1072430000,-36.164,-49.871,0.000,0.000,0.000,-1,7,2.00,0,NONE
1489,37.2885306667,127.1072440000,-36.076,-49.686,0.000,0.000,0.000,-1,7,2.00,0,NONE
1490,37.2885320000,127.1072456667,-35.928,-49.537,0.000,0.000,0.000,-1,7,2.00,0,NONE
1491,37.2885331667,127.1072475000,-35.766,-49.408,0.000,0.000,0.000,-1,7,2.00,0,NONE
1492,37.2885348333,127.1072485000,-35.677,-49.222,0.000,0.000,0.000,-1,7,2.00,0,NONE
1493,37.2885361667,127.1072495000,-35.588,-49.074,0.000,0.000,0.000,-1,7,2.00,0,NONE
1494,37.2885375000,127.1072510000,-35.456,-48.925,0.000,0.000,0.000,-1,7,2.00,0,NONE
1495,37.2885383333,127.1072525000,-35.323,-48.832,0.000,0.000,0.000,-1,7,2.00,0,NONE
1496,37.2885395000,127.1072541667,-35.175,-48.703,0.000,0.000,0.000,-1,7,2.00,0,NONE
1497,37.2885410000,127.1072556667,-35.042,-48.536,0.000,0.000,0.000,-1,7,2.00,0,NONE
1498,37.2885421667,127.1072573333,-34.895,-48.406,0.000,0.000,0.000,-1,7,2.00,0,NONE
1499,37.2885426667,127.1072596667,-34.688,-48.350,0.000,0.000,0.000,-1,7,2.00,0,NONE
1500,37.2885433333,127.1072615000,-34.526,-48.276,0.000,0.000,0.000,-1,7,2.00,0,NONE
1501,37.2885443333,127.1072631667,-34.378,-48.164,0.000,0.000,0.000,-1,7,2.00,0,NONE
1502,37.2885450000,127.1072650000,-34.216,-48.090,0.000,0.000,0.000,-1,7,2.00,0,NONE
1503,37.2885453333,127.1072671667,-34.024,-48.053,0.000,0.000,0.000,-1,7,2.00,0,NONE
1504,37.2885455000,127.1072693333,-33.832,-48.035,0.000,0.000,0.000,-1,7,2.00,0,NONE
1505,37.2885461667,127.1072711667,-33.669,-47.960,0.000,0.000,0.000,-1,7,2.00,0,NONE
1506,37.2885466667,127.1072731667,-33.492,-47.905,0.000,0.000,0.000,-1,7,2.00,0,NONE
1507,37.2885466667,127.1072751667,-33.315,-47.905,0.000,0.000,0.000,-1,7,2.00,0,NONE
1508,37.2885463333,127.1072770000,-33.153,-47.942,0.000,0.000,0.000,-1,7,2.00,0,NONE
1509,37.2885461667,127.1072795000,-32.931,-47.960,0.000,0.000,0.000,-1,7,2.00,0,NONE
1510,37.2885461667,127.1072821667,-32.695,-47.960,0.000,0.000,0.000,-1,7,2.00,0,NONE
1511,37.2885458333,127.1072846667,-32.474,-47.997,0.000,0.000,0.000,-1,7,2.00,0,NONE
1512,37.2885451667,127.1072871667,-32.252,-48.072,0.000,0.000,0.000,-1,7,2.00,0,NONE
1513,37.2885445000,127.1072893333,-32.061,-48.146,0.000,0.000,0.000,-1,7,2.00,0,NONE
1514,37.2885443333,127.1072916667,-31.854,-48.164,0.000,0.000,0.000,-1,7,2.00,0,NONE
1515,37.2885438333,127.1072940000,-31.647,-48.220,0.000,0.000,0.000,-1,7,2.00,0,NONE
1516,37.2885428333,127.1072961667,-31.455,-48.331,0.000,0.000,0.000,-1,7,2.00,0,NONE
1517,37.2885418333,127.1072980000,-31.293,-48.443,0.000,0.000,0.000,-1,7,2.00,0,NONE
1518,37.2885413333,127.1072998333,-31.131,-48.498,0.000,0.000,0.000,-1,7,2.00,0,NONE
1519,37.2885411667,127.1073016667,-30.968,-48.517,0.000,0.000,0.000,-1,7,2.00,0,NONE
1520,37.2885405000,127.1073033333,-30.821,-48.591,0.000,0.000,0.000,-1,7,2.00,0,NONE
1521,37.2885391667,127.1073041667,-30.747,-48.740,0.000,0.000,0.000,-1,7,2.00,0,NONE
1522,37.2885390000,127.1073023333,-30.909,-48.758,0.000,0.000,0.000,-1,7,2.00,0,NONE
1523,37.2885395000,127.1073011667,-31.013,-48.703,0.000,0.000,0.000,1,7,2.00,0,NONE
1524,37.2885401667,127.1072995000,-31.160,-48.628,0.000,0.000,0.000,1,7,2.00,0,NONE
1525,37.2885405000,127.1072970000,-31.382,-48.591,0.000,0.000,0.000,1,7,2.00,0,NONE
1526,37.2885408333,127.1072953333,-31.529,-48.554,0.000,0.000,0.000,1,7,2.00,0,NONE
1527,37.2885413333,127.1072936667,-31.677,-48.498,0.000,0.000,0.000,1,7,2.00,0,NONE
1528,37.2885423333,127.1072920000,-31.824,-48.387,0.000,0.000,0.000,1,7,2.00,0,NONE
1529,37.2885431667,127.1072905000,-31.957,-48.294,0.000,0.000,0.000,1,7,2.00,0,NONE
1530,37.2885441667,127.1072890000,-32.090,-48.183,0.000,0.000,0.000,1,7,2.00,0,NONE
1531,37.2885450000,127.1072875000,-32.223,-48.090,0.000,0.000,0.000,1,7,2.00,0,NONE
1532,37.2885460000,127.1072858333,-32.371,-47.979,0.000,0.000,0.000,1,7,2.00,0,NONE
1533,37.2885471667,127.1072845000,-32.489,-47.849,0.000,0.000,0.000,1,7,2.00,0,NONE
1534,37.2885485000,127.1072835000,-32.577,-47.701,0.000,0.000,0.000,1,7,2.00,0,NONE
1535,37.2885500000,127.1072823333,-32.681,-47.534,0.000,0.000,0.000,1,7,2.00,0,NONE
1536,37.2885516667,127.1072815000,-32.754,-47.348,0.000,0.000,0.000,1,7,2.00,0,NONE
1537,37.2885531667,127.1072805000,-32.843,-47.181,0.000,0.000,0.000,1,7,2.00,0,NONE
1538,37.2885550000,127.1072796667,-32.917,-46.977,0.000,0.000,0.000,1,7,2.00,0,NONE
1539,37.2885568333,127.1072793333,-32.946,-46.773,0.000,0.000,0.000,1,7,2.00,0,NONE
1540,37.2885586667,127.1072793333,-32.946,-46.569,0.000,0.000,0.000,1,7,2.00,0,NONE
1541,37.2885606667,127.1072795000,-32.931,-46.346,0.000,0.000,0.000,1,7,2.00,0,NONE
1542,37.2885625000,127.1072798333,-32.902,-46.142,0.000,0.000,0.000,1,7,2.00,0,NONE
1543,37.2885643333,127.1072801667,-32.872,-45.938,0.000,0.000,0.000,1,7,2.00,0,NONE
1544,37.2885665000,127.1072803333,-32.858,-45.697,0.000,0.000,0.000,1,7,2.00,0,NONE
1545,37.2885683333,127.1072810000,-32.799,-45.493,0.000,0.000,0.000,1,7,2.00,0,NONE
1546,37.2885701667,127.1072818333,-32.725,-45.289,0.000,0.000,0.000,1,7,2.00,0,NONE
1547,37.2885721667,127.1072825000,-32.666,-45.066,0.000,0.000,0.000,1,7,2.00,0,NONE
1548,37.2885738333,127.1072833333,-32.592,-44.881,0.000,0.000,0.000,1,7,2.00,0,NONE
1549,37.2885756667,127.1072836667,-32.562,-44.676,0.000,0.000,0.000,1,7,2.00,0,NONE
1550,37.2885776667,127.1072840000,-32.533,-44.454,0.000,0.000,0.000,1,7,2.00,0,NONE
1551,37.2885793333,127.1072845000,-32.489,-44.268,0.000,0.000,0.000,1,7,2.00,0,NONE
1552,37.2885811667,127.1072851667,-32.430,-44.064,0.000,0.000,0.000,1,7,2.00,0,NONE
1553,37.2885830000,127.1072856667,-32.385,-43.860,0.000,0.000,0.000,1,7,2.00,0,NONE
1554,37.2885846667,127.1072858333,-32.371,-43.675,0.000,0.000,0.000,1,7,2.00,0,NONE
1555,37.2885866667,127.1072856667,-32.385,-43.452,0.000,0.000,0.000,1,7,2.00,0,NONE
1556,37.2885886667,127.1072855000,-32.400,-43.229,0.000,0.000,0.000,1,7,2.00,0,NONE
1557,37.2885903333,127.1072855000,-32.400,-43.044,0.000,0.000,0.000,1,7,2.00,0,NONE
1558,37.2885921667,127.1072860000,-32.356,-42.840,0.000,0.000,0.000,1,7,2.00,0,NONE
1559,37.2885940000,127.1072863333,-32.326,-42.636,0.000,0.000,0.000,1,7,2.00,0,NONE
1560,37.2885960000,127.1072866667,-32.297,-42.413,0.000,0.000,0.000,1,7,2.00,0,NONE
1561,37.2885978333,127.1072868333,-32.282,-42.209,0.000,0.000,0.000,1,7,2.00,0,NONE
1562,37.2885998333,127.1072870000,-32.267,-41.986,0.000,0.000,0.000,1,7,2.00,0,NONE
1563,37.2886016667,127.1072875000,-32.223,-41.782,0.000,0.000,0.000,1,7,2.00,0,NONE
1564,37.2886036667,127.1072883333,-32.149,-41.559,0.000,0.000,0.000,1,7,2.00,0,NONE
1565,37.2886055000,127.1072890000,-32.090,-41.355,0.000,0.000,0.000,1,7,2.00,0,NONE
1566,37.2886073333,127.1072895000,-32.046,-41.151,0.000,0.000,0.000,1,7,2.00,0,NONE
1567,37.2886091667,127.1072898333,-32.016,-40.947,0.000,0.000,0.000,1,7,2.00,0,NONE
1568,37.2886110000,127.1072903333,-31.972,-40.743,0.000,0.000,0.000,1,7,2.00,0,NONE
1569,37.2886125000,127.1072910000,-31.913,-40.576,0.000,0.000,0.000,1,7,2.00,0,NONE
1570,37.2886143333,127.1072920000,-31.824,-40.372,0.000,0.000,0.000,1,7,2.00,0,NONE
1571,37.2886158333,127.1072928333,-31.751,-40.205,0.000,0.000,0.000,1,7,2.00,0,NONE
1572,37.2886171667,127.1072933333,-31.706,-40.057,0.000,0.000,0.000,1,7,2.00,0,NONE
1573,37.2886186667,127.1072938333,-31.662,-39.890,0.000,0.000,0.000,1,7,2.00,0,NONE
1574,37.2886205000,127.1072941667,-31.632,-39.686,0.000,0.000,0.000,1,7,2.00,0,NONE
1575,37.2886225000,127.1072950000,-31.559,-39.463,0.000,0.000,0.000,1,7,2.00,0,NONE
1576,37.2886238333,127.1072958333,-31.485,-39.315,0.000,0.000,0.000,1,7,2.00,0,NONE
1577,37.2886253333,127.1072960000,-31.470,-39.148,0.000,0.000,0.000,1,7,2.00,0,NONE
1578,37.2886268333,127.1072958333,-31.485,-38.981,0.000,0.000,0.000,1,7,2.00,0,NONE
1579,37.2886268333,127.1072958333,-31.485,-38.981,0.000,0.000,0.000,1,8,2.00,0,NONE
1580,37.2886283333,127.1072960000,-31.470,-38.814,0.000,0.000,0.000,1,8,2.00,0,NONE
1581,37.2886298333,127.1072971667,-31.367,-38.647,0.000,0.000,0.000,1,8,2.00,0,NONE
1582,37.2886310000,127.1072981667,-31.278,-38.517,0.000,0.000,0.000,1,8,2.00,0,NONE
1583,37.2886330000,127.1072993333,-31.175,-38.294,0.000,0.000,0.000,1,8,2.00,0,NONE
1584,37.2886346667,127.1073000000,-31.116,-38.109,0.000,0.000,0.000,1,8,2.00,0,NONE
1585,37.2886361667,127.1073010000,-31.027,-37.942,0.000,0.000,0.000,1,8,2.00,0,NONE
1586,37.2886376667,127.1073021667,-30.924,-37.775,0.000,0.000,0.000,1,8,2.00,0,NONE
1587,37.2886391667,127.1073036667,-30.791,-37.608,0.000,0.000,0.000,1,8,2.00,0,NONE
1588,37.2886408333,127.1073048333,-30.688,-37.422,0.000,0.000,0.000,1,8,2.00,0,NONE
1589,37.2886425000,127.1073058333,-30.599,-37.237,0.000,0.000,0.000,1,8,2.00,0,NONE
1590,37.2886443333,127.1073070000,-30.496,-37.032,0.000,0.000,0.000,1,8,2.00,0,NONE
1591,37.2886460000,127.1073081667,-30.393,-36.847,0.000,0.000,0.000,1,8,2.00,0,NONE
1592,37.2886473333,127.1073096667,-30.260,-36.698,0.000,0.000,0.000,1,8,2.00,0,NONE
1593,37.2886488333,127.1073113333,-30.112,-36.532,0.000,0.000,0.000,1,8,2.00,0,NONE
1594,37.2886501667,127.1073130000,-29.965,-36.383,0.000,0.000,0.000,1,8,2.00,0,NONE
1595,37.2886516667,127.1073145000,-29.832,-36.216,0.000,0.000,0.000,1,8,2.00,0,NONE
1596,37.2886531667,127.1073163333,-29.669,-36.049,0.000,0.000,0.000,1,8,2.00,0,NONE
1597,37.2886543333,127.1073180000,-29.522,-35.919,0.000,0.000,0.000,1,8,2.00,0,NONE
1598,37.2886555000,127.1073201667,-29.330,-35.789,0.000,0.000,0.000,1,8,2.00,0,NONE
1599,37.2886565000,127.1073223333,-29.138,-35.678,0.000,0.000,0.000,1,8,2.00,0,NONE
1600,37.2886575000,127.1073241667,-28.976,-35.567,0.000,0.000,0.000,1,8,2.00,0,NONE
1601,37.2886585000,127.1073263333,-28.784,-35.455,0.000,0.000,0.000,1,8,2.00,0,NONE
1602,37.2886593333,127.1073281667,-28.621,-35.363,0.000,0.000,0.000,1,8,2.00,0,NONE
1603,37.2886598333,127.1073303333,-28.429,-35.307,0.000,0.000,0.000,1,8,2.00,0,NONE
1604,37.2886600000,127.1073326667,-28.223,-35.288,0.000,0.000,0.000,1,8,2.00,0,NONE
1605,37.2886601667,127.1073350000,-28.016,-35.270,0.000,0.000,0.000,1,8,2.00,0,NONE
1606,37.2886605000,127.1073371667,-27.824,-35.233,0.000,0.000,0.000,1,8,2.00,0,NONE
1607,37.2886606667,127.1073396667,-27.603,-35.214,0.000,0.000,0.000,1,8,2.00,0,NONE
1608,37.2886606667,127.1073416667,-27.426,-35.214,0.000,0.000,0.000,1,8,2.00,0,NONE
1609,37.2886605000,127.1073440000,-27.219,-35.233,0.000,0.000,0.000,1,8,2.00,0,NONE
1610,37.2886601667,127.1073461667,-27.027,-35.270,0.000,0.000,0.000,1,8,2.00,0,NONE
1611,37.2886598333,127.1073483333,-26.835,-35.307,0.000,0.000,0.000,1,8,2.00,0,NONE
1612,37.2886596667,127.1073503333,-26.658,-35.326,0.000,0.000,0.000,1,8,2.00,0,NONE
1613,37.2886595000,127.1073526667,-26.451,-35.344,0.000,0.000,0.000,1,8,2.00,0,NONE
1614,37.2886593333,127.1073546667,-26.274,-35.363,0.000,0.000,0.000,1,8,2.00,0,NONE
1615,37.2886586667,127.1073568333,-26.082,-35.437,0.000,0.000,0.000,1,8,2.00,0,NONE
1616,37.2886580000,127.1073591667,-25.876,-35.511,0.000,0.000,0.000,1,8,2.00,0,NONE
1617,37.2886573333,127.1073615000,-25.669,-35.585,0.000,0.000,0.000,1,8,2.00,0,NONE
1618,37.2886566667,127.1073636667,-25.477,-35.660,0.000,0.000,0.000,1,8,2.00,0,NONE
1619,37.2886561667,127.1073663333,-25.241,-35.715,0.000,0.000,0.000,1,8,2.00,0,NONE
1620,37.2886555000,127.1073685000,-25.049,-35.789,0.000,0.000,0.000,1,8,2.00,0,NONE
1621,37.2886548333,127.1073708333,-24.843,-35.864,0.000,0.000,0.000,1,8,2.00,0,NONE
1622,37.2886538333,127.1073733333,-24.621,-35.975,0.000,0.000,0.000,1,8,2.00,0,NONE
1623,37.2886530000,127.1073758333,-24.400,-36.068,0.000,0.000,0.000,1,8,2.00,0,NONE
1624,37.2886521667,127.1073783333,-24.178,-36.160,0.000,0.000,0.000,1,8,2.00,0,NONE
1625,37.2886513333,127.1073810000,-23.942,-36.253,0.000,0.000,0.000,1,8,2.00,0,NONE
1626,37.2886503333,127.1073831667,-23.750,-36.365,0.000,0.000,0.000,1,8,2.00,0,NONE
1627,37.2886491667,127.1073855000,-23.544,-36.494,0.000,0.000,0.000,1,8,2.00,0,NONE
1628,37.2886478333,127.1073878333,-23.337,-36.643,0.000,0.000,0.000,1,8,2.00,0,NONE
1629,37.2886468333,127.1073900000,-23.145,-36.754,0.000,0.000,0.000,1,8,2.00,0,NONE
1630,37.2886456667,127.1073925000,-22.924,-36.884,0.000,0.000,0.000,1,8,2.00,0,NONE
1631,37.2886445000,127.1073948333,-22.717,-37.014,0.000,0.000,0.000,1,8,2.00,0,NONE
1632,37.2886433333,127.1073970000,-22.525,-37.144,0.000,0.000,0.000,1,8,2.00,0,NONE
1633,37.2886421667,127.1073991667,-22.333,-37.274,0.000,0.000,0.000,1,8,2.00,0,NONE
1634,37.2886411667,127.1074015000,-22.127,-37.385,0.000,0.000,0.000,1,8,2.00,0,NONE
1635,37.2886403333,127.1074036667,-21.935,-37.478,0.000,0.000,0.000,1,8,2.00,0,NONE
1636,37.2886393333,127.1074063333,-21.698,-37.589,0.000,0.000,0.000,1,8,2.00,0,NONE
1637,37.2886383333,127.1074083333,-21.521,-37.700,0.000,0.000,0.000,1,8,2.00,0,NONE
1638,37.2886370000,127.1074105000,-21.329,-37.849,0.000,0.000,0.000,1,8,2.00,0,NONE
1639,37.2886356667,127.1074126667,-21.138,-37.997,0.000,0.000,0.000,1,8,2.00,0,NONE
1640,37.2886346667,127.1074148333,-20.946,-38.109,0.000,0.000,0.000,1,8,2.00,0,NONE
1641,37.2886335000,127.1074171667,-20.739,-38.238,0.000,0.000,0.000,1,8,2.00,0,NONE
1642,37.2886323333,127.1074193333,-20.547,-38.368,0.000,0.000,0.000,1,8,2.00,0,NONE
1643,37.2886310000,127.1074211667,-20.385,-38.517,0.000,0.000,0.000,1,8,2.00,0,NONE
1644,37.2886295000,127.1074230000,-20.222,-38.684,0.000,0.000,0.000,1,8,2.00,0,NONE
1645,37.2886280000,127.1074248333,-20.060,-38.851,0.000,0.000,0.000,1,8,2.00,0,NONE
1646,37.2886265000,127.1074266667,-19.898,-39.018,0.000,0.000,0.000,1,8,2.00,0,NONE
1647,37.2886250000,127.1074286667,-19.720,-39.185,0.000,0.000,0.000,1,8,2.00,0,NONE
1648,37.2886233333,127.1074303333,-19.573,-39.370,0.000,0.000,0.000,1,8,2.00,0,NONE
1649,37.2886216667,127.1074318333,-19.440,-39.556,0.000,0.000,0.000,1,8,2.00,0,NONE
1650,37.2886196667,127.1074331667,-19.322,-39.778,0.000,0.000,0.000,1,8,2.00,0,NONE
1651,37.2886178333,127.1074346667,-19.189,-39.982,0.000,0.000,0.000,1,8,2.00,0,NONE
1652,37.2886161667,127.1074358333,-19.086,-40.168,0.000,0.000,0.000,1,8,2.00,0,NONE
1653,37.2886143333,127.1074373333,-18.953,-40.372,0.000,0.000,0.000,1,8,2.00,0,NONE
1654,37.2886126667,127.1074385000,-18.850,-40.558,0.000,0.000,0.000,1,8,2.00,0,NONE
1655,37.2886106667,127.1074395000,-18.761,-40.780,0.000,0.000,0.000,1,8,2.00,0,NONE
1656,37.2886088333,127.1074403333,-18.687,-40.984,0.000,0.000,0.000,1,8,2.00,0,NONE
1657,37.2886068333,127.1074413333,-18.599,-41.207,0.000,0.000,0.000,1,8,2.00,0,NONE
1658,37.2886048333,127.1074423333,-18.510,-41.430,0.000,0.000,0.000,1,8,2.00,0,NONE
1659,37.2886030000,127.1074431667,-18.436,-41.634,0.000,0.000,0.000,1,8,2.00,0,NONE
1660,37.2886010000,127.1074436667,-18.392,-41.856,0.000,0.000,0.000,1,8,2.00,0,NONE
1661,37.2885990000,127.1074440000,-18.362,-42.079,0.000,0.000,0.000,1,8,2.00,0,NONE
1662,37.2885968333,127.1074443333,-18.333,-42.320,0.000,0.000,0.000,1,8,2.00,0,NONE
1663,37.2885946667,127.1074446667,-18.303,-42.561,0.000,0.000,0.000,1,8,2.00,0,NONE
1664,37.2885926667,127.1074450000,-18.274,-42.784,0.000,0.000,0.000,1,8,2.00,0,NONE
1665,37.2885905000,127.1074451667,-18.259,-43.025,0.000,0.000,0.000,1,8,2.00,0,NONE
1666,37.2885883333,127.1074451667,-18.259,-43.266,0.000,0.000,0.000,1,8,2.00,0,NONE
1667,37.2885860000,127.1074448333,-18.289,-43.526,0.000,0.000,0.000,1,8,2.00,0,NONE
1668,37.2885840000,127.1074446667,-18.303,-43.749,0.000,0.000,0.000,1,8,2.00,0,NONE
1669,37.2885816667,127.1074445000,-18.318,-44.009,0.000,0.000,0.000,1,8,2.00,0,NONE
1670,37.2885795000,127.1074443333,-18.333,-44.250,0.000,0.000,0.000,1,8,2.00,0,NONE
1671,37.2885773333,127.1074438333,-18.377,-44.491,0.000,0.000,0.000,1,8,2.00,0,NONE
1672,37.2885751667,127.1074431667,-18.436,-44.732,0.000,0.000,0.000,1,8,2.00,0,NONE
1673,37.2885728333,127.1074425000,-18.495,-44.992,0.000,0.000,0.000,1,8,2.00,0,NONE
1674,37.2885708333,127.1074418333,-18.554,-45.214,0.000,0.000,0.000,1,8,2.00,0,NONE
1675,37.2885685000,127.1074413333,-18.599,-45.474,0.000,0.000,0.000,1,8,2.00,0,NONE
1676,37.2885665000,127.1074405000,-18.672,-45.697,0.000,0.000,0.000,1,8,2.00,0,NONE
1677,37.2885643333,127.1074395000,-18.761,-45.938,0.000,0.000,0.000,1,8,2.00,0,NONE
1678,37.2885621667,127.1074385000,-18.850,-46.179,0.000,0.000,0.000,1,8,2.00,0,NONE
1679,37.2885601667,127.1074376667,-18.923,-46.402,0.000,0.000,0.000,1,8,2.00,0,NONE
1680,37.2885578333,127.1074370000,-18.982,-46.662,0.000,0.000,0.000,1,8,2.00,0,NONE
1681,37.2885558333,127.1074361667,-19.056,-46.884,0.000,0.000,0.000,1,8,2.00,0,NONE
1682,37.2885538333,127.1074351667,-19.145,-47.107,0.000,0.000,0.000,1,8,2.00,0,NONE
1683,37.2885515000,127.1074340000,-19.248,-47.367,0.000,0.000,0.000,1,8,2.00,0,NONE
1684,37.2885493333,127.1074331667,-19.322,-47.608,0.000,0.000,0.000,1,8,2.00,0,NONE
1685,37.2885473333,127.1074321667,-19.411,-47.830,0.000,0.000,0.000,1,8,2.00,0,NONE
1686,37.2885450000,127.1074313333,-19.484,-48.090,0.000,0.000,0.000,1,8,2.00,0,NONE
1687,37.2885428333,127.1074303333,-19.573,-48.331,0.000,0.000,0.000,1,8,2.00,0,NONE
1688,37.2885406667,127.1074293333,-19.661,-48.573,0.000,0.000,0.000,1,8,2.00,0,NONE
1689,37.2885385000,127.1074281667,-19.765,-48.814,0.000,0.000,0.000,1,8,2.00,0,NONE
1690,37.2885365000,127.1074271667,-19.853,-49.036,0.000,0.000,0.000,1,8,2.00,0,NONE
1691,37.2885343333,127.1074265000,-19.912,-49.278,0.000,0.000,0.000,1,8,2.00,0,NONE
1692,37.2885321667,127.1074258333,-19.971,-49.519,0.000,0.000,0.000,1,8,2.00,0,NONE
1693,37.2885300000,127.1074246667,-20.075,-49.760,0.000,0.000,0.000,1,8,2.00,0,NONE
1694,37.2885276667,127.1074233333,-20.193,-50.020,0.000,0.000,0.000,1,8,2.00,0,NONE
1695,37.2885255000,127.1074221667,-20.296,-50.261,0.000,0.000,0.000,1,8,2.00,0,NONE
1696,37.2885233333,127.1074211667,-20.385,-50.502,0.000,0.000,0.000,1,8,2.00,0,NONE
1697,37.2885211667,127.1074201667,-20.473,-50.743,0.000,0.000,0.000,1,8,2.00,0,NONE
1698,37.2885191667,127.1074191667,-20.562,-50.966,0.000,0.000,0.000,1,8,2.00,0,NONE
1699,37.2885170000,127.1074180000,-20.665,-51.207,0.000,0.000,0.000,1,8,2.00,0,NONE
1700,37.2885150000,127.1074168333,-20.769,-51.430,0.000,0.000,0.000,1,8,2.00,0,NONE
1701,37.2885131667,127.1074156667,-20.872,-51.634,0.000,0.000,0.000,1,8,2.00,0,NONE
1702,37.2885111667,127.1074146667,-20.960,-51.857,0.000,0.000,0.000,1,8,2.00,0,NONE
1703,37.2885090000,127.1074140000,-21.019,-52.098,0.000,0.000,0.000,1,8,2.00,0,NONE
1704,37.2885070000,127.1074128333,-21.123,-52.320,0.000,0.000,0.000,1,8,2.00,0,NONE
1705,37.2885050000,127.1074116667,-21.226,-52.543,0.000,0.000,0.000,1,8,2.00,0,NONE
1706,37.2885030000,127.1074105000,-21.329,-52.766,0.000,0.000,0.000,1,8,2.00,0,NONE
1707,37.2885008333,127.1074091667,-21.448,-53.007,0.000,0.000,0.000,1,8,2.00,0,NONE
1708,37.2884986667,127.1074081667,-21.536,-53.248,0.000,0.000,0.000,1,8,2.00,0,NONE
1709,37.2884966667,127.1074070000,-21.639,-53.471,0.000,0.000,0.000,1,8,2.00,0,NONE
1710,37.2884946667,127.1074058333,-21.743,-53.693,0.000,0.000,0.000,1,8,2.00,0,NONE
1711,37.2884925000,127.1074045000,-21.861,-53.935,0.000,0.000,0.000,1,8,2.00,0,NONE
1712,37.2884903333,127.1074033333,-21.964,-54.176,0.000,0.000,0.000,1,8,2.00,0,NONE
1713,37.2884881667,127.1074026667,-22.023,-54.417,0.000,0.000,0.000,1,8,2.00,0,NONE
1714,37.2884860000,127.1074018333,-22.097,-54.658,0.000,0.000,0.000,1,8,2.00,0,NONE
1715,37.2884828333,127.1074003333,-22.230,-55.011,0.000,0.000,0.000,1,8,2.00,0,NONE
1716,37.2884806667,127.1073995000,-22.304,-55.252,0.000,0.000,0.000,1,8,2.00,0,NONE
1717,37.2884785000,127.1073983333,-22.407,-55.493,0.000,0.000,0.000,1,8,2.00,0,NONE
1718,37.2884763333,127.1073976667,-22.466,-55.734,0.000,0.000,0.000,1,8,2.00,0,NONE
1719,37.2884743333,127.1073970000,-22.525,-55.957,0.000,0.000,0.000,1,8,2.00,0,NONE
1720,37.2884721667,127.1073958333,-22.628,-56.198,0.000,0.000,0.000,1,8,2.00,0,NONE
1721,37.2884700000,127.1073946667,-22.732,-56.439,0.000,0.000,0.000,1,8,2.00,0,NONE
1722,37.2884678333,127.1073935000,-22.835,-56.680,0.000,0.000,0.000,1,8,2.00,0,NONE
1723,37.2884658333,127.1073925000,-22.924,-56.903,0.000,0.000,0.000,1,8,2.00,0,NONE
1724,37.2884635000,127.1073915000,-23.012,-57.163,0.000,0.000,0.000,1,8,2.00,0,NONE
1725,37.2884615000,127.1073905000,-23.101,-57.385,0.000,0.000,0.000,1,8,2.00,0,NONE
1726,37.2884593333,127.1073890000,-23.234,-57.627,0.000,0.000,0.000,1,8,2.00,0,NONE
1727,37.2884571667,127.1073875000,-23.366,-57.868,0.000,0.000,0.000,1,8,2.00,0,NONE
1728,37.2884551667,127.1073863333,-23.470,-58.090,0.000,0.000,0.000,1,8,2.00,0,NONE
1729,37.2884528333,127.1073851667,-23.573,-58.350,0.000,0.000,0.000,1,8,2.00,0,NONE
1730,37.2884508333,127.1073838333,-23.691,-58.573,0.000,0.000,0.000,1,8,2.00,0,NONE
1731,37.2884488333,127.1073825000,-23.809,-58.796,0.000,0.000,0.000,1,8,2.00,0,NONE
1732,37.2884465000,127.1073810000,-23.942,-59.055,0.000,0.000,0.000,1,8,2.00,0,NONE
1733,37.2884443333,127.1073796667,-24.060,-59.296,0.000,0.000,0.000,1,8,2.00,0,NONE
1734,37.2884421667,127.1073785000,-24.164,-59.538,0.000,0.000,0.000,1,8,2.00,0,NONE
1735,37.2884400000,127.1073775000,-24.252,-59.779,0.000,0.000,0.000,1,8,2.00,0,NONE
1736,37.2884380000,127.1073763333,-24.355,-60.001,0.000,0.000,0.000,1,8,2.00,0,NONE
1737,37.2884360000,127.1073750000,-24.473,-60.224,0.000,0.000,0.000,1,8,2.00,0,NONE
1738,37.2884338333,127.1073736667,-24.592,-60.465,0.000,0.000,0.000,1,8,2.00,0,NONE
1739,37.2884316667,127.1073723333,-24.710,-60.707,0.000,0.000,0.000,1,8,2.00,0,NONE
1740,37.2884296667,127.1073711667,-24.813,-60.929,0.000,0.000,0.000,1,8,2.00,0,NONE
1741,37.2884276667,127.1073698333,-24.931,-61.152,0.000,0.000,0.000,1,8,2.00,0,NONE
1742,37.2884255000,127.1073683333,-25.064,-61.393,0.000,0.000,0.000,1,8,2.00,0,NONE
1743,37.2884235000,127.1073671667,-25.167,-61.616,0.000,0.000,0.000,1,8,2.00,0,NONE
1744,37.2884215000,127.1073655000,-25.315,-61.838,0.000,0.000,0.000,1,8,2.00,0,NONE
1745,37.2884191667,127.1073641667,-25.433,-62.098,0.000,0.000,0.000,1,8,2.00,0,NONE
1746,37.2884170000,127.1073626667,-25.566,-62.339,0.000,0.000,0.000,1,8,2.00,0,NONE
1747,37.2884150000,127.1073610000,-25.713,-62.562,0.000,0.000,0.000,1,8,2.00,0,NONE
1748,37.2884130000,127.1073591667,-25.876,-62.784,0.000,0.000,0.000,1,8,2.00,0,NONE
1749,37.2884110000,127.1073573333,-26.038,-63.007,0.000,0.000,0.000,1,8,2.00,0,NONE
1750,37.2884091667,127.1073555000,-26.201,-63.211,0.000,0.000,0.000,1,8,2.00,0,NONE
1751,37.2884073333,127.1073538333,-26.348,-63.415,0.000,0.000,0.000,1,8,2.00,0,NONE
1752,37.2884055000,127.1073518333,-26.525,-63.619,0.000,0.000,0.000,1,8,2.00,0,NONE
1753,37.2884038333,127.1073496667,-26.717,-63.805,0.000,0.000,0.000,1,8,2.00,0,NONE
1754,37.2884030000,127.1073483333,-26.835,-63.898,0.000,0.000,0.000,1,8,2.00,0,NONE
1755,37.2884013333,127.1073463333,-27.012,-64.083,0.000,0.000,0.000,1,8,2.00,0,NONE
1756,37.2883996667,127.1073440000,-27.219,-64.269,0.000,0.000,0.000,1,8,2.00,0,NONE
1757,37.2883978333,127.1073418333,-27.411,-64.473,0.000,0.000,0.000,1,8,2.00,0,NONE
1758,37.2883965000,127.1073395000,-27.618,-64.621,0.000,0.000,0.000,1,8,2.00,0,NONE
1759,37.2883951667,127.1073370000,-27.839,-64.770,0.000,0.000,0.000,1,8,2.00,0,NONE
1760,37.2883938333,127.1073343333,-28.075,-64.918,0.000,0.000,0.000,1,8,2.00,0,NONE
1761,37.2883928333,127.1073316667,-28.311,-65.029,0.000,0.000,0.000,1,8,2.00,0,NONE
1762,37.2883913333,127.1073290000,-28.547,-65.196,0.000,0.000,0.000,1,8,2.00,0,NONE
1763,37.2883900000,127.1073265000,-28.769,-65.345,0.000,0.000,0.000,1,8,2.00,0,NONE
1764,37.2883891667,127.1073240000,-28.990,-65.438,0.000,0.000,0.000,1,8,2.00,0,NONE
1765,37.2883883333,127.1073210000,-29.256,-65.530,0.000,0.000,0.000,1,8,2.00,0,NONE
1766,37.2883873333,127.1073183333,-29.492,-65.642,0.000,0.000,0.000,1,8,2.00,0,NONE
1767,37.2883866667,127.1073156667,-29.728,-65.716,0.000,0.000,0.000,1,8,2.00,0,NONE
1768,37.2883858333,127.1073130000,-29.965,-65.809,0.000,0.000,0.000,1,8,2.00,0,NONE
1769,37.2883855000,127.1073103333,-30.201,-65.846,0.000,0.000,0.000,1,8,2.00,0,NONE
1770,37.2883851667,127.1073073333,-30.466,-65.883,0.000,0.000,0.000,1,8,2.00,0,NONE
1771,37.2883848333,127.1073043333,-30.732,-65.920,0.000,0.000,0.000,1,8,2.00,0,NONE
1772,37.2883845000,127.1073015000,-30.983,-65.957,0.000,0.000,0.000,1,8,2.00,0,NONE
1773,37.2883841667,127.1072988333,-31.219,-65.994,0.000,0.000,0.000,1,8,2.00,0,NONE
1774,37.2883840000,127.1072961667,-31.455,-66.013,0.000,0.000,0.000,1,8,2.00,0,NONE
1775,37.2883841667,127.1072935000,-31.692,-65.994,0.000,0.000,0.000,1,8,2.00,0,NONE
1776,37.2883841667,127.1072905000,-31.957,-65.994,0.000,0.000,0.000,1,8,2.00,0,NONE
1777,37.2883843333,127.1072876667,-32.208,-65.976,0.000,0.000,0.000,1,8,2.00,0,NONE
1778,37.2883843333,127.1072850000,-32.444,-65.976,0.000,0.000,0.000,1,8,2.00,0,NONE
1779,37.2883843333,127.1072821667,-32.695,-65.976,0.000,0.000,0.000,1,8,2.00,0,NONE
1780,37.2883845000,127.1072795000,-32.931,-65.957,0.000,0.000,0.000,1,8,2.00,0,NONE
1781,37.2883850000,127.1072766667,-33.182,-65.901,0.000,0.000,0.000,1,8,2.00,0,NONE
1782,37.2883853333,127.1072736667,-33.448,-65.864,0.000,0.000,0.000,1,8,2.00,0,NONE
1783,37.2883856667,127.1072710000,-33.684,-65.827,0.000,0.000,0.000,1,8,2.00,0,NONE
1784,37.2883858333,127.1072681667,-33.935,-65.809,0.000,0.000,0.000,1,8,2.00,0,NONE
1785,37.2883861667,127.1072655000,-34.171,-65.772,0.000,0.000,0.000,1,8,2.00,0,NONE
1786,37.2883865000,127.1072630000,-34.393,-65.734,0.000,0.000,0.000,1,8,2.00,0,NONE
1787,37.2883871667,127.1072603333,-34.629,-65.660,0.000,0.000,0.000,1,8,2.00,0,NONE
1788,37.2883876667,127.1072576667,-34.865,-65.605,0.000,0.000,0.000,1,8,2.00,0,NONE
1789,37.2883883333,127.1072551667,-35.087,-65.530,0.000,0.000,0.000,1,8,2.00,0,NONE
1790,37.2883888333,127.1072523333,-35.337,-65.475,0.000,0.000,0.000,1,8,2.00,0,NONE
1791,37.2883893333,127.1072498333,-35.559,-65.419,0.000,0.000,0.000,1,8,2.00,0,NONE
1792,37.2883900000,127.1072471667,-35.795,-65.345,0.000,0.000,0.000,1,8,2.00,0,NONE
1793,37.2883908333,127.1072445000,-36.031,-65.252,0.000,0.000,0.000,1,8,2.00,0,NONE
1794,37.2883915000,127.1072421667,-36.238,-65.178,0.000,0.000,0.000,1,8,2.00,0,NONE
1795,37.2883921667,127.1072398333,-36.445,-65.104,0.000,0.000,0.000,1,8,2.00,0,NONE
1796,37.2883930000,127.1072375000,-36.651,-65.011,0.000,0.000,0.000,1,8,2.00,0,NONE
1797,37.2883938333,127.1072356667,-36.814,-64.918,0.000,0.000,0.000,1,8,2.00,0,NONE
1798,37.2883950000,127.1072338333,-36.976,-64.788,0.000,0.000,0.000,1,8,2.00,0,NONE
1799,37.2883960000,127.1072321667,-37.124,-64.677,0.000,0.000,0.000,1,8,2.00,0,NONE
1800,37.2883970000,127.1072305000,-37.271,-64.566,0.000,0.000,0.000,1,8,2.00,0,NONE
1801,37.2883980000,127.1072285000,-37.448,-64.454,0.000,0.000,0.000,1,8,2.00,0,NONE
1802,37.2883988333,127.1072266667,-37.611,-64.362,0.000,0.000,0.000,1,8,2.00,0,NONE
1803,37.2884001667,127.1072251667,-37.743,-64.213,0.000,0.000,0.000,1,8,2.00,0,NONE
1804,37.2884018333,127.1072241667,-37.832,-64.028,0.000,0.000,0.000,1,8,2.00,0,NONE
1805,37.2884030000,127.1072231667,-37.921,-63.898,0.000,0.000,0.000,1,8,2.00,0,NONE
1806,37.2884023333,127.1072216667,-38.053,-63.972,0.000,0.000,0.000,1,8,2.00,0,NONE
1807,37.2884016667,127.1072198333,-38.216,-64.046,0.000,0.000,0.000,1,8,2.00,0,NONE
1808,37.2884016667,127.1072178333,-38.393,-64.046,0.000,0.000,0.000,1,8,2.00,0,NONE
1809,37.2884018333,127.1072158333,-38.570,-64.028,0.000,0.000,0.000,1,8,2.00,0,NONE
1810,37.2884020000,127.1072133333,-38.792,-64.009,0.000,0.000,0.000,1,8,2.00,0,NONE
1811,37.2884020000,127.1072115000,-38.954,-64.009,0.000,0.000,0.000,1,8,2.00,0,NONE
1812,37.2884023333,127.1072090000,-39.175,-63.972,0.000,0.000,0.000,1,8,2.00,0,NONE
1813,37.2884030000,127.1072071667,-39.338,-63.898,0.000,0.000,0.000,1,8,2.00,0,NONE
1814,37.2884036667,127.1072053333,-39.500,-63.823,0.000,0.000,0.000,1,8,2.00,0,NONE
1815,37.2884041667,127.1072033333,-39.677,-63.768,0.000,0.000,0.000,1,8,2.00,0,NONE
1816,37.2884045000,127.1072011667,-39.869,-63.731,0.000,0.000,0.000,1,8,2.00,0,NONE
1817,37.2884048333,127.1071988333,-40.076,-63.694,0.000,0.000,0.000,1,8,2.00,0,NONE
1818,37.2884051667,127.1071968333,-40.253,-63.656,0.000,0.000,0.000,1,8,2.00,0,NONE
1819,37.2884058333,127.1071945000,-40.459,-63.582,0.000,0.000,0.000,1,8,2.00,0,NONE
1820,37.2884065000,127.1071923333,-40.651,-63.508,0.000,0.000,0.000,1,8,2.00,0,NONE
1821,37.2884070000,127.1071901667,-40.843,-63.452,0.000,0.000,0.000,1,8,2.00,0,NONE
1822,37.2884075000,127.1071878333,-41.050,-63.397,0.000,0.000,0.000,1,8,2.00,0,NONE
1823,37.2884078333,127.1071855000,-41.257,-63.360,0.000,0.000,0.000,1,8,2.00,0,NONE
1824,37.2884085000,127.1071833333,-41.448,-63.285,0.000,0.000,0.000,1,8,2.00,0,NONE
1825,37.2884091667,127.1071810000,-41.655,-63.211,0.000,0.000,0.000,1,8,2.00,0,NONE
1826,37.2884101667,127.1071788333,-41.847,-63.100,0.000,0.000,0.000,1,8,2.00,0,NONE
1827,37.2884106667,127.1071766667,-42.039,-63.044,0.000,0.000,0.000,1,8,2.00,0,NONE
1828,37.2884111667,127.1071745000,-42.231,-62.989,0.000,0.000,0.000,1,8,2.00,0,NONE
1829,37.2884118333,127.1071723333,-42.423,-62.914,0.000,0.000,0.000,1,8,2.00,0,NONE
1830,37.2884125000,127.1071701667,-42.615,-62.840,0.000,0.000,0.000,1,8,2.00,0,NONE
1831,37.2884135000,127.1071678333,-42.821,-62.729,0.000,0.000,0.000,1,8,2.00,0,NONE
1832,37.2884143333,127.1071655000,-43.028,-62.636,0.000,0.000,0.000,1,8,2.00,0,NONE
1833,37.2884151667,127.1071631667,-43.235,-62.543,0.000,0.000,0.000,1,8,2.00,0,NONE
1834,37.2884158333,127.1071606667,-43.456,-62.469,0.000,0.000,0.000,1,8,2.00,0,NONE
1835,37.2884166667,127.1071581667,-43.677,-62.376,0.000,0.000,0.000,1,8,2.00,0,NONE
1836,37.2884173333,127.1071560000,-43.869,-62.302,0.000,0.000,0.000,1,8,2.00,0,NONE
1837,37.2884183333,127.1071535000,-44.091,-62.191,0.000,0.000,0.000,1,8,2.00,0,NONE
1838,37.2884191667,127.1071510000,-44.312,-62.098,0.000,0.000,0.000,1,8,2.00,0,NONE
1839,37.2884200000,127.1071486667,-44.519,-62.005,0.000,0.000,0.000,1,8,2.00,0,NONE
1840,37.2884206667,127.1071461667,-44.740,-61.931,0.000,0.000,0.000,1,8,2.00,0,NONE
1841,37.2884215000,127.1071438333,-44.947,-61.838,0.000,0.000,0.000,1,8,2.00,0,NONE
1842,37.2884225000,127.1071415000,-45.153,-61.727,0.000,0.000,0.000,1,8,2.00,0,NONE
1843,37.2884233333,127.1071393333,-45.345,-61.634,0.000,0.000,0.000,1,8,2.00,0,NONE
1844,37.2884243333,127.1071370000,-45.552,-61.523,0.000,0.000,0.000,1,8,2.00,0,NONE
1845,37.2884255000,127.1071348333,-45.744,-61.393,0.000,0.000,0.000,1,8,2.00,0,NONE
1846,37.2884263333,127.1071326667,-45.936,-61.300,0.000,0.000,0.000,1,8,2.00,0,NONE
1847,37.2884275000,127.1071306667,-46.113,-61.170,0.000,0.000,0.000,1,8,2.00,0,NONE
1848,37.2884286667,127.1071286667,-46.290,-61.040,0.000,0.000,0.000,1,8,2.00,0,NONE
1849,37.2884300000,127.1071266667,-46.467,-60.892,0.000,0.000,0.000,1,8,2.00,0,NONE
1850,37.2884310000,127.1071245000,-46.659,-60.781,0.000,0.000,0.000,1,8,2.00,0,NONE
1851,37.2884320000,127.1071221667,-46.866,-60.669,0.000,0.000,0.000,1,8,2.00,0,NONE
1852,37.2884330000,127.1071200000,-47.058,-60.558,0.000,0.000,0.000,1,8,2.00,0,NONE
1853,37.2884341667,127.1071180000,-47.235,-60.428,0.000,0.000,0.000,1,8,2.00,0,NONE
1854,37.2884355000,127.1071160000,-47.412,-60.280,0.000,0.000,0.000,1,8,2.00,0,NONE
1855,37.2884368333,127.1071141667,-47.574,-60.131,0.000,0.000,0.000,1,8,2.00,0,NONE
1856,37.2884383333,127.1071123333,-47.737,-59.964,0.000,0.000,0.000,1,8,2.00,0,NONE
1857,37.2884396667,127.1071103333,-47.914,-59.816,0.000,0.000,0.000,1,8,2.00,0,NONE
1858,37.2884411667,127.1071090000,-48.032,-59.649,0.000,0.000,0.000,1,8,2.00,0,NONE
1859,37.2884430000,127.1071076667,-48.150,-59.445,0.000,0.000,0.000,1,8,2.00,0,NONE
1860,37.2884448333,127.1071065000,-48.253,-59.241,0.000,0.000,0.000,1,8,2.00,0,NONE
1861,37.2884465000,127.1071053333,-48.357,-59.055,0.000,0.000,0.000,1,8,2.00,0,NONE
1862,37.2884485000,127.1071041667,-48.460,-58.833,0.000,0.000,0.000,1,8,2.00,0,NONE
1863,37.2884503333,127.1071033333,-48.534,-58.629,0.000,0.000,0.000,1,8,2.00,0,NONE
1864,37.2884521667,127.1071028333,-48.578,-58.424,0.000,0.000,0.000,1,8,2.00,0,NONE
1865,37.2884543333,127.1071025000,-48.607,-58.183,0.000,0.000,0.000,1,8,2.00,0,NONE
1866,37.2884561667,127.1071021667,-48.637,-57.979,0.000,0.000,0.000,1,8,2.00,0,NONE
1867,37.2884580000,127.1071020000,-48.652,-57.775,0.000,0.000,0.000,1,8,2.00,0,NONE
1868,37.2884600000,127.1071018333,-48.667,-57.552,0.000,0.000,0.000,1,8,2.00,0,NONE
1869,37.2884620000,127.1071016667,-48.681,-57.330,0.000,0.000,0.000,1,8,2.00,0,NONE
1870,37.2884640000,127.1071020000,-48.652,-57.107,0.000,0.000,0.000,1,8,2.00,0,NONE
1871,37.2884660000,127.1071023333,-48.622,-56.885,0.000,0.000,0.000,1,8,2.00,0,NONE
1872,37.2884680000,127.1071028333,-48.578,-56.662,0.000,0.000,0.000,1,8,2.00,0,NONE
1873,37.2884698333,127.1071031667,-48.548,-56.458,0.000,0.000,0.000,1,8,2.00,0,NONE
1874,37.2884720000,127.1071033333,-48.534,-56.217,0.000,0.000,0.000,1,8,2.00,0,NONE
1875,37.2884740000,127.1071038333,-48.489,-55.994,0.000,0.000,0.000,1,8,2.00,0,NONE
1876,37.2884758333,127.1071043333,-48.445,-55.790,0.000,0.000,0.000,1,8,2.00,0,NONE
1877,37.2884778333,127.1071048333,-48.401,-55.567,0.000,0.000,0.000,1,8,2.00,0,NONE
1878,37.2884796667,127.1071053333,-48.357,-55.363,0.000,0.000,0.000,1,8,2.00,0,NONE
1879,37.2884816667,127.1071056667,-48.327,-55.141,0.000,0.000,0.000,1,8,2.00,0,NONE
1880,37.2884836667,127.1071060000,-48.297,-54.918,0.000,0.000,0.000,1,8,2.00,0,NONE
1881,37.2884855000,127.1071065000,-48.253,-54.714,0.000,0.000,0.000,1,8,2.00,0,NONE
1882,37.2884873333,127.1071071667,-48.194,-54.510,0.000,0.000,0.000,1,8,2.00,0,NONE
1883,37.2884891667,127.1071080000,-48.120,-54.306,0.000,0.000,0.000,1,8,2.00,0,NONE
1884,37.2884910000,127.1071086667,-48.061,-54.102,0.000,0.000,0.000,1,8,2.00,0,NONE
1885,37.2884926667,127.1071093333,-48.002,-53.916,0.000,0.000,0.000,1,8,2.00,0,NONE
1886,37.2884945000,127.1071098333,-47.958,-53.712,0.000,0.000,0.000,1,8,2.00,0,NONE
1887,37.2884965000,127.1071106667,-47.884,-53.489,0.000,0.000,0.000,1,8,2.00,0,NONE
1888,37.2884983333,127.1071115000,-47.810,-53.285,0.000,0.000,0.000,1,8,2.00,0,NONE
1889,37.2885003333,127.1071125000,-47.722,-53.063,0.000,0.000,0.000,1,8,2.00,0,NONE
1890,37.2885020000,127.1071133333,-47.648,-52.877,0.000,0.000,0.000,1,8,2.00,0,NONE
1891,37.2885040000,127.1071141667,-47.574,-52.654,0.000,0.000,0.000,1,8,2.00,0,NONE
1892,37.2885060000,127.1071148333,-47.515,-52.432,0.000,0.000,0.000,1,8,2.00,0,NONE
1893,37.2885080000,127.1071160000,-47.412,-52.209,0.000,0.000,0.000,1,8,2.00,0,NONE
1894,37.2885101667,127.1071170000,-47.323,-51.968,0.000,0.000,0.000,1,8,2.00,0,NONE
1895,37.2885123333,127.1071183333,-47.205,-51.727,0.000,0.000,0.000,1,8,2.00,0,NONE
1896,37.2885143333,127.1071195000,-47.102,-51.504,0.000,0.000,0.000,1,8,2.00,0,NONE
1897,37.2885165000,127.1071205000,-47.013,-51.263,0.000,0.000,0.000,1,8,2.00,0,NONE
1898,37.2885186667,127.1071216667,-46.910,-51.022,0.000,0.000,0.000,1,8,2.00,0,NONE
1899,37.2885206667,127.1071228333,-46.807,-50.799,0.000,0.000,0.000,1,8,2.00,0,NONE
1900,37.2885228333,127.1071241667,-46.689,-50.558,0.000,0.000,0.000,1,8,2.00,0,NONE
1901,37.2885250000,127.1071253333,-46.585,-50.317,0.000,0.000,0.000,1,8,2.00,0,NONE
1902,37.2885270000,127.1071261667,-46.511,-50.094,0.000,0.000,0.000,1,8,2.00,0,NONE
1903,37.2885293333,127.1071268333,-46.452,-49.834,0.000,0.000,0.000,1,8,2.00,0,NONE
1904,37.2885313333,127.1071278333,-46.364,-49.612,0.000,0.000,0.000,1,8,2.00,0,NONE
1905,37.2885331667,127.1071288333,-46.275,-49.408,0.000,0.000,0.000,1,8,2.00,0,NONE
1906,37.2885351667,127.1071300000,-46.172,-49.185,0.000,0.000,0.000,1,8,2.00,0,NONE
1907,37.2885371667,127.1071308333,-46.098,-48.962,0.000,0.000,0.000,1,8,2.00,0,NONE
1908,37.2885391667,127.1071316667,-46.024,-48.740,0.000,0.000,0.000,1,8,2.00,0,NONE
1909,37.2885411667,127.1071323333,-45.965,-48.517,0.000,0.000,0.000,1,8,2.00,0,NONE
1910,37.2885428333,127.1071333333,-45.877,-48.331,0.000,0.000,0.000,1,8,2.00,0,NONE
1911,37.2885446667,127.1071343333,-45.788,-48.127,0.000,0.000,0.000,1,8,2.00,0,NONE
1912,37.2885465000,127.1071355000,-45.685,-47.923,0.000,0.000,0.000,1,8,2.00,0,NONE
1913,37.2885481667,127.1071363333,-45.611,-47.738,0.000,0.000,0.000,1,8,2.00,0,NONE
1914,37.2885501667,127.1071371667,-45.537,-47.515,0.000,0.000,0.000,1,8,2.00,0,NONE
1915,37.2885516667,127.1071381667,-45.449,-47.348,0.000,0.000,0.000,1,8,2.00,0,NONE
1916,37.2885533333,127.1071393333,-45.345,-47.163,0.000,0.000,0.000,1,8,2.00,0,NONE
1917,37.2885550000,127.1071406667,-45.227,-46.977,0.000,0.000,0.000,1,8,2.00,0,NONE
1918,37.2885566667,127.1071418333,-45.124,-46.792,0.000,0.000,0.000,1,8,2.00,0,NONE
1919,37.2885583333,127.1071426667,-45.050,-46.606,0.000,0.000,0.000,1,8,2.00,0,NONE
1920,37.2885603333,127.1071435000,-44.976,-46.383,0.000,0.000,0.000,1,8,2.00,0,NONE
1921,37.2885621667,127.1071443333,-44.902,-46.179,0.000,0.000,0.000,1,8,2.00,0,NONE
1922,37.2885640000,127.1071453333,-44.814,-45.975,0.000,0.000,0.000,1,8,2.00,0,NONE
1923,37.2885658333,127.1071463333,-44.725,-45.771,0.000,0.000,0.000,1,8,2.00,0,NONE
1924,37.2885675000,127.1071470000,-44.666,-45.586,0.000,0.000,0.000,1,8,2.00,0,NONE
1925,37.2885693333,127.1071475000,-44.622,-45.381,0.000,0.000,0.000,1,8,2.00,0,NONE
1926,37.2885710000,127.1071481667,-44.563,-45.196,0.000,0.000,0.000,1,8,2.00,0,NONE
1927,37.2885723333,127.1071490000,-44.489,-45.047,0.000,0.000,0.000,1,8,2.00,0,NONE
1928,37.2885738333,127.1071501667,-44.386,-44.881,0.000,0.000,0.000,1,8,2.00,0,NONE
1929,37.2885751667,127.1071513333,-44.283,-44.732,0.000,0.000,0.000,1,8,2.00,0,NONE
1930,37.2885765000,127.1071523333,-44.194,-44.584,0.000,0.000,0.000,1,8,2.00,0,NONE
1931,37.2885778333,127.1071533333,-44.105,-44.435,0.000,0.000,0.000,1,8,2.00,0,NONE
1932,37.2885791667,127.1071541667,-44.032,-44.287,0.000,0.000,0.000,1,8,2.00,0,NONE
1933,37.2885803333,127.1071553333,-43.928,-44.157,0.000,0.000,0.000,1,8,2.00,0,NONE
1934,37.2885818333,127.1071568333,-43.795,-43.990,0.000,0.000,0.000,1,8,2.00,0,NONE
1935,37.2885826667,127.1071581667,-43.677,-43.897,0.000,0.000,0.000,1,8,2.00,0,NONE
1936,37.2885836667,127.1071593333,-43.574,-43.786,0.000,0.000,0.000,1,8,2.00,0,NONE
1937,37.2885853333,127.1071601667,-43.500,-43.600,0.000,0.000,0.000,1,8,2.00,0,NONE
1938,37.2885865000,127.1071611667,-43.412,-43.470,0.000,0.000,0.000,1,8,2.00,0,NONE
1939,37.2885868333,127.1071630000,-43.249,-43.433,0.000,0.000,0.000,1,8,2.00,0,NONE
1940,37.2885873333,127.1071646667,-43.102,-43.378,0.000,0.000,0.000,1,8,2.00,0,NONE
1941,37.2885888333,127.1071648333,-43.087,-43.211,0.000,0.000,0.000,1,8,2.00,0,NONE
1942,37.2885888333,127.1071666667,-42.925,-43.211,0.000,0.000,0.000,1,8,2.00,0,NONE
1943,37.2885905000,127.1071663333,-42.954,-43.025,0.000,0.000,0.000,1,8,2.00,0,NONE
1944,37.2885918333,127.1071658333,-42.998,-42.877,0.000,0.000,0.000,1,8,2.00,0,NONE
1945,37.2885933333,127.1071656667,-43.013,-42.710,0.000,0.000,0.000,1,8,2.00,0,NONE
1946,37.2885950000,127.1071661667,-42.969,-42.524,0.000,0.000,0.000,1,8,2.00,0,NONE
1947,37.2885963333,127.1071668333,-42.910,-42.376,0.000,0.000,0.000,1,8,2.00,0,NONE
1948,37.2885980000,127.1071673333,-42.866,-42.190,0.000,0.000,0.000,1,8,2.00,0,NONE
1949,37.2885995000,127.1071676667,-42.836,-42.023,0.000,0.000,0.000,1,8,2.00,0,NONE
1950,37.2886010000,127.1071678333,-42.821,-41.856,0.000,0.000,0.000,1,8,2.00,0,NONE
1951,37.2886023333,127.1071681667,-42.792,-41.708,0.000,0.000,0.000,1,8,2.00,0,NONE
1952,37.2886038333,127.1071688333,-42.733,-41.541,0.000,0.000,0.000,1,8,2.00,0,NONE
1953,37.2886055000,127.1071696667,-42.659,-41.355,0.000,0.000,0.000,1,8,2.00,0,NONE
1954,37.2886070000,127.1071703333,-42.600,-41.188,0.000,0.000,0.000,1,8,2.00,0,NONE
1955,37.2886085000,127.1071708333,-42.556,-41.021,0.000,0.000,0.000,1,8,2.00,0,NONE
1956,37.2886101667,127.1071713333,-42.511,-40.836,0.000,0.000,0.000,1,8,2.00,0,NONE
1957,37.2886116667,127.1071718333,-42.467,-40.669,0.000,0.000,0.000,1,8,2.00,0,NONE
1958,37.2886133333,127.1071726667,-42.393,-40.483,0.000,0.000,0.000,1,8,2.00,0,NONE
1959,37.2886150000,127.1071735000,-42.319,-40.298,0.000,0.000,0.000,1,8,2.00,0,NONE
1960,37.2886165000,127.1071743333,-42.246,-40.131,0.000,0.000,0.000,1,8,2.00,0,NONE
1961,37.2886181667,127.1071750000,-42.187,-39.945,0.000,0.000,0.000,1,8,2.00,0,NONE
1962,37.2886200000,127.1071755000,-42.142,-39.741,0.000,0.000,0.000,1,8,2.00,0,NONE
1963,37.2886216667,127.1071761667,-42.083,-39.556,0.000,0.000,0.000,1,8,2.00,0,NONE
1964,37.2886233333,127.1071770000,-42.009,-39.370,0.000,0.000,0.000,1,8,2.00,0,NONE
1965,37.2886251667,127.1071778333,-41.936,-39.166,0.000,0.000,0.000,1,8,2.00,0,NONE
1966,37.2886266667,127.1071786667,-41.862,-38.999,0.000,0.000,0.000,1,8,2.00,0,NONE
1967,37.2886283333,127.1071791667,-41.817,-38.814,0.000,0.000,0.000,1,8,2.00,0,NONE
1968,37.2886303333,127.1071796667,-41.773,-38.591,0.000,0.000,0.000,1,8,2.00,0,NONE
1969,37.2886318333,127.1071801667,-41.729,-38.424,0.000,0.000,0.000,1,8,2.00,0,NONE
1970,37.2886335000,127.1071806667,-41.685,-38.238,0.000,0.000,0.000,1,8,2.00,0,NONE
1971,37.2886350000,127.1071813333,-41.626,-38.071,0.000,0.000,0.000,1,8,2.00,0,NONE
1972,37.2886370000,127.1071823333,-41.537,-37.849,0.000,0.000,0.000,1,8,2.00,0,NONE
1973,37.2886388333,127.1071828333,-41.493,-37.645,0.000,0.000,0.000,1,8,2.00,0,NONE
1974,37.2886401667,127.1071831667,-41.463,-37.496,0.000,0.000,0.000,1,8,2.00,0,NONE
1975,37.2886413333,127.1071841667,-41.375,-37.366,0.000,0.000,0.000,1,8,2.00,0,NONE
1976,37.2886413333,127.1071843333,-41.360,-37.366,0.000,0.000,0.000,1,8,2.00,0,STOP_LINE
1977,37.2886428333,127.1071836667,-41.419,-37.199,0.000,0.000,0.000,1,8,2.00,0,NONE
1978,37.2886441667,127.1071845000,-41.345,-37.051,0.000,0.000,0.000,1,8,2.00,0,NONE
1979,37.2886456667,127.1071855000,-41.257,-36.884,0.000,0.000,0.000,1,8,2.00,0,NONE
1980,37.2886476667,127.1071860000,-41.212,-36.661,0.000,0.000,0.000,1,8,2.00,0,NONE
1981,37.2886493333,127.1071863333,-41.183,-36.476,0.000,0.000,0.000,1,8,2.00,0,NONE
1982,37.2886510000,127.1071868333,-41.138,-36.290,0.000,0.000,0.000,1,8,2.00,0,NONE
1983,37.2886528333,127.1071875000,-41.079,-36.086,0.000,0.000,0.000,1,8,2.00,0,NONE
1984,37.2886548333,127.1071883333,-41.006,-35.864,0.000,0.000,0.000,1,8,2.00,0,NONE
1985,37.2886568333,127.1071893333,-40.917,-35.641,0.000,0.000,0.000,1,8,2.00,0,NONE
1986,37.2886588333,127.1071900000,-40.858,-35.418,0.000,0.000,0.000,1,8,2.00,0,NONE
1987,37.2886611667,127.1071906667,-40.799,-35.159,0.000,0.000,0.000,1,8,2.00,0,NONE
1988,37.2886631667,127.1071915000,-40.725,-34.936,0.000,0.000,0.000,1,8,2.00,0,NONE
1989,37.2886651667,127.1071926667,-40.622,-34.713,0.000,0.000,0.000,1,8,2.00,0,NONE
1990,37.2886675000,127.1071938333,-40.519,-34.454,0.000,0.000,0.000,1,8,2.00,0,NONE
1991,37.2886695000,127.1071946667,-40.445,-34.231,0.000,0.000,0.000,1,8,2.00,0,NONE
1992,37.2886718333,127.1071955000,-40.371,-33.971,0.000,0.000,0.000,1,8,2.00,0,NONE
1993,37.2886741667,127.1071960000,-40.327,-33.711,0.000,0.000,0.000,1,8,2.00,0,NONE
1994,37.2886763333,127.1071968333,-40.253,-33.470,0.000,0.000,0.000,1,8,2.00,0,NONE
1995,37.2886776667,127.1071973333,-40.209,-33.322,0.000,0.000,0.000,1,8,2.00,0,NONE
1996,37.2886801667,127.1071980000,-40.150,-33.043,0.000,0.000,0.000,1,8,2.00,0,NONE
1997,37.2886823333,127.1071986667,-40.090,-32.802,0.000,0.000,0.000,1,8,2.00,0,NONE
1998,37.2886846667,127.1071990000,-40.061,-32.543,0.000,0.000,0.000,1,8,2.00,0,NONE
1999,37.2886870000,127.1071991667,-40.046,-32.283,0.000,0.000,0.000,1,8,2.00,0,NONE
2000,37.2886891667,127.1071996667,-40.002,-32.042,0.000,0.000,0.000,1,8,2.00,0,NONE
2001,37.2886916667,127.1072001667,-39.958,-31.763,0.000,0.000,0.000,1,8,2.00,0,NONE
2002,37.2886941667,127.1072003333,-39.943,-31.485,0.000,0.000,0.000,1,8,2.00,0,NONE
2003,37.2886965000,127.1072003333,-39.943,-31.225,0.000,0.000,0.000,1,8,2.00,0,NONE
2004,37.2886990000,127.1072001667,-39.958,-30.947,0.000,0.000,0.000,1,8,2.00,0,NONE
2005,37.2887011667,127.1072001667,-39.958,-30.706,0.000,0.000,0.000,1,8,2.00,0,NONE
2006,37.2887036667,127.1072003333,-39.943,-30.427,0.000,0.000,0.000,1,8,2.00,0,NONE
2007,37.2887060000,127.1072001667,-39.958,-30.168,0.000,0.000,0.000,1,8,2.00,0,NONE
2008,37.2887083333,127.1072000000,-39.972,-29.908,0.000,0.000,0.000,1,8,2.00,0,NONE
2009,37.2887108333,127.1071996667,-40.002,-29.630,0.000,0.000,0.000,1,8,2.00,0,NONE
2010,37.2887130000,127.1071991667,-40.046,-29.388,0.000,0.000,0.000,1,8,2.00,0,NONE
2011,37.2887153333,127.1071988333,-40.076,-29.129,0.000,0.000,0.000,1,8,2.00,0,NONE
2012,37.2887176667,127.1071985000,-40.105,-28.869,0.000,0.000,0.000,1,8,2.00,0,NONE
2013,37.2887200000,127.1071980000,-40.150,-28.609,0.000,0.000,0.000,1,8,2.00,0,NONE
2014,37.2887221667,127.1071971667,-40.223,-28.368,0.000,0.000,0.000,1,8,2.00,0,NONE
2015,37.2887245000,127.1071963333,-40.297,-28.108,0.000,0.000,0.000,1,8,2.00,0,NONE
2016,37.2887265000,127.1071953333,-40.386,-27.886,0.000,0.000,0.000,1,8,2.00,0,NONE
2017,37.2887286667,127.1071943333,-40.474,-27.644,0.000,0.000,0.000,1,8,2.00,0,NONE
2018,37.2887308333,127.1071931667,-40.578,-27.403,0.000,0.000,0.000,1,8,2.00,0,NONE
2019,37.2887328333,127.1071915000,-40.725,-27.181,0.000,0.000,0.000,1,8,2.00,0,NONE
2020,37.2887348333,127.1071900000,-40.858,-26.958,0.000,0.000,0.000,1,8,2.00,0,NONE
2021,37.2887366667,127.1071881667,-41.020,-26.754,0.000,0.000,0.000,1,8,2.00,0,NONE
2022,37.2887385000,127.1071866667,-41.153,-26.550,0.000,0.000,0.000,1,8,2.00,0,NONE
2023,37.2887405000,127.1071848333,-41.316,-26.327,0.000,0.000,0.000,1,8,2.00,0,NONE
2024,37.2887420000,127.1071830000,-41.478,-26.160,0.000,0.000,0.000,1,8,2.00,0,NONE
2025,37.2887435000,127.1071806667,-41.685,-25.993,0.000,0.000,0.000,1,8,2.00,0,NONE
2026,37.2887450000,127.1071783333,-41.891,-25.826,0.000,0.000,0.000,1,8,2.00,0,NONE
2027,37.2887463333,127.1071763333,-42.068,-25.678,0.000,0.000,0.000,1,8,2.00,0,NONE
2028,37.2887478333,127.1071741667,-42.260,-25.511,0.000,0.000,0.000,1,8,2.00,0,NONE
2029,37.2887490000,127.1071720000,-42.452,-25.381,0.000,0.000,0.000,1,8,2.00,0,NONE
2030,37.2887500000,127.1071698333,-42.644,-25.270,0.000,0.000,0.000,1,8,2.00,0,NONE
2031,37.2887510000,127.1071673333,-42.866,-25.158,0.000,0.000,0.000,1,8,2.00,0,NONE
2032,37.2887520000,127.1071651667,-43.057,-25.047,0.000,0.000,0.000,1,8,2.00,0,NONE
2033,37.2887530000,127.1071630000,-43.249,-24.936,0.000,0.000,0.000,1,8,2.00,0,NONE
2034,37.2887540000,127.1071606667,-43.456,-24.824,0.000,0.000,0.000,1,8,2.00,0,NONE
2035,37.2887548333,127.1071583333,-43.663,-24.732,0.000,0.000,0.000,1,8,2.00,0,NONE
2036,37.2887556667,127.1071560000,-43.869,-24.639,0.000,0.000,0.000,1,8,2.00,0,NONE
2037,37.2887563333,127.1071533333,-44.105,-24.565,0.000,0.000,0.000,1,8,2.00,0,NONE
2038,37.2887571667,127.1071511667,-44.297,-24.472,0.000,0.000,0.000,1,8,2.00,0,NONE
2039,37.2887581667,127.1071488333,-44.504,-24.361,0.000,0.000,0.000,1,8,2.00,0,NONE
2040,37.2887591667,127.1071463333,-44.725,-24.249,0.000,0.000,0.000,1,8,2.00,0,NONE
2041,37.2887598333,127.1071441667,-44.917,-24.175,0.000,0.000,0.000,1,8,2.00,0,NONE
2042,37.2887603333,127.1071418333,-45.124,-24.119,0.000,0.000,0.000,1,8,2.00,0,NONE
2043,37.2887608333,127.1071393333,-45.345,-24.064,0.000,0.000,0.000,1,8,2.00,0,NONE
2044,37.2887615000,127.1071371667,-45.537,-23.989,0.000,0.000,0.000,1,8,2.00,0,NONE
2045,37.2887623333,127.1071348333,-45.744,-23.897,0.000,0.000,0.000,1,8,2.00,0,NONE
2046,37.2887631667,127.1071325000,-45.951,-23.804,0.000,0.000,0.000,1,8,2.00,0,NONE
2047,37.2887636667,127.1071300000,-46.172,-23.748,0.000,0.000,0.000,1,8,2.00,0,NONE
2048,37.2887641667,127.1071275000,-46.393,-23.693,0.000,0.000,0.000,1,8,2.00,0,NONE
2049,37.2887646667,127.1071250000,-46.615,-23.637,0.000,0.000,0.000,1,8,2.00,0,NONE
2050,37.2887653333,127.1071226667,-46.821,-23.563,0.000,0.000,0.000,1,8,2.00,0,NONE
2051,37.2887661667,127.1071201667,-47.043,-23.470,0.000,0.000,0.000,1,8,2.00,0,NONE
2052,37.2887666667,127.1071178333,-47.249,-23.414,0.000,0.000,0.000,1,8,2.00,0,NONE
2053,37.2887671667,127.1071155000,-47.456,-23.359,0.000,0.000,0.000,1,8,2.00,0,NONE
2054,37.2887676667,127.1071130000,-47.678,-23.303,0.000,0.000,0.000,1,8,2.00,0,NONE
2055,37.2887683333,127.1071106667,-47.884,-23.229,0.000,0.000,0.000,1,8,2.00,0,NONE
2056,37.2887690000,127.1071085000,-48.076,-23.155,0.000,0.000,0.000,1,8,2.00,0,NONE
2057,37.2887700000,127.1071061667,-48.283,-23.043,0.000,0.000,0.000,1,8,2.00,0,NONE
2058,37.2887706667,127.1071038333,-48.489,-22.969,0.000,0.000,0.000,1,8,2.00,0,NONE
2059,37.2887711667,127.1071013333,-48.711,-22.913,0.000,0.000,0.000,1,8,2.00,0,NONE
2060,37.2887716667,127.1070988333,-48.932,-22.858,0.000,0.000,0.000,1,8,2.00,0,NONE
2061,37.2887725000,127.1070966667,-49.124,-22.765,0.000,0.000,0.000,1,8,2.00,0,NONE
2062,37.2887733333,127.1070941667,-49.346,-22.672,0.000,0.000,0.000,1,8,2.00,0,NONE
2063,37.2887741667,127.1070918333,-49.552,-22.579,0.000,0.000,0.000,1,8,2.00,0,NONE
2064,37.2887746667,127.1070895000,-49.759,-22.524,0.000,0.000,0.000,1,8,2.00,0,NONE
2065,37.2887751667,127.1070868333,-49.995,-22.468,0.000,0.000,0.000,1,8,2.00,0,NONE
2066,37.2887758333,127.1070846667,-50.187,-22.394,0.000,0.000,0.000,1,8,2.00,0,NONE
2067,37.2887765000,127.1070825000,-50.379,-22.320,0.000,0.000,0.000,1,8,2.00,0,NONE
2068,37.2887775000,127.1070801667,-50.585,-22.208,0.000,0.000,0.000,1,8,2.00,0,NONE
2069,37.2887781667,127.1070780000,-50.777,-22.134,0.000,0.000,0.000,1,8,2.00,0,NONE
2070,37.2887788333,127.1070756667,-50.984,-22.060,0.000,0.000,0.000,1,8,2.00,0,NONE
2071,37.2887793333,127.1070730000,-51.220,-22.004,0.000,0.000,0.000,1,8,2.00,0,NONE
2072,37.2887800000,127.1070706667,-51.427,-21.930,0.000,0.000,0.000,1,8,2.00,0,NONE
2073,37.2887810000,127.1070683333,-51.633,-21.819,0.000,0.000,0.000,1,8,2.00,0,NONE
2074,37.2887818333,127.1070660000,-51.840,-21.726,0.000,0.000,0.000,1,8,2.00,0,NONE
2075,37.2887826667,127.1070636667,-52.047,-21.633,0.000,0.000,0.000,1,8,2.00,0,NONE
2076,37.2887831667,127.1070611667,-52.268,-21.578,0.000,0.000,0.000,1,8,2.00,0,NONE
2077,37.2887838333,127.1070588333,-52.475,-21.503,0.000,0.000,0.000,1,8,2.00,0,NONE
2078,37.2887845000,127.1070565000,-52.681,-21.429,0.000,0.000,0.000,1,8,2.00,0,NONE
2079,37.2887853333,127.1070540000,-52.903,-21.336,0.000,0.000,0.000,1,8,2.00,0,NONE
2080,37.2887860000,127.1070518333,-53.095,-21.262,0.000,0.000,0.000,1,8,2.00,0,NONE
2081,37.2887865000,127.1070493333,-53.316,-21.206,0.000,0.000,0.000,1,8,2.00,0,NONE
2082,37.2887871667,127.1070466667,-53.552,-21.132,0.000,0.000,0.000,1,8,2.00,0,NONE
2083,37.2887876667,127.1070443333,-53.759,-21.077,0.000,0.000,0.000,1,8,2.00,0,NONE
2084,37.2887883333,127.1070420000,-53.966,-21.002,0.000,0.000,0.000,1,8,2.00,0,NONE
2085,37.2887893333,127.1070396667,-54.172,-20.891,0.000,0.000,0.000,1,8,2.00,0,NONE
2086,37.2887900000,127.1070373333,-54.379,-20.817,0.000,0.000,0.000,1,8,2.00,0,NONE
2087,37.2887908333,127.1070350000,-54.586,-20.724,0.000,0.000,0.000,1,8,2.00,0,NONE
2088,37.2887913333,127.1070323333,-54.822,-20.668,0.000,0.000,0.000,1,8,2.00,0,NONE
2089,37.2887920000,127.1070300000,-55.028,-20.594,0.000,0.000,0.000,1,8,2.00,0,NONE
2090,37.2887928333,127.1070276667,-55.235,-20.501,0.000,0.000,0.000,1,8,2.00,0,NONE
2091,37.2887938333,127.1070253333,-55.442,-20.390,0.000,0.000,0.000,1,8,2.00,0,NONE
2092,37.2887946667,127.1070228333,-55.663,-20.297,0.000,0.000,0.000,1,8,2.00,0,NONE
2093,37.2887953333,127.1070201667,-55.899,-20.223,0.000,0.000,0.000,1,8,2.00,0,NONE
2094,37.2887960000,127.1070175000,-56.136,-20.149,0.000,0.000,0.000,1,8,2.00,0,NONE
2095,37.2887968333,127.1070151667,-56.342,-20.056,0.000,0.000,0.000,1,8,2.00,0,NONE
2096,37.2887978333,127.1070126667,-56.564,-19.945,0.000,0.000,0.000,1,8,2.00,0,NONE
2097,37.2887986667,127.1070101667,-56.785,-19.852,0.000,0.000,0.000,1,8,2.00,0,NONE
2098,37.2887993333,127.1070075000,-57.021,-19.778,0.000,0.000,0.000,1,8,2.00,0,NONE
2099,37.2888000000,127.1070046667,-57.272,-19.704,0.000,0.000,0.000,1,8,2.00,0,NONE
2100,37.2888008333,127.1070021667,-57.494,-19.611,0.000,0.000,0.000,1,8,2.00,0,NONE
2101,37.2888016667,127.1069996667,-57.715,-19.518,0.000,0.000,0.000,1,8,2.00,0,NONE
2102,37.2888026667,127.1069970000,-57.951,-19.407,0.000,0.000,0.000,1,8,2.00,0,NONE
2103,37.2888033333,127.1069946667,-58.158,-19.333,0.000,0.000,0.000,1,8,2.00,0,NONE
2104,37.2888040000,127.1069920000,-58.394,-19.258,0.000,0.000,0.000,1,8,2.00,0,NONE
2105,37.2888046667,127.1069893333,-58.630,-19.184,0.000,0.000,0.000,1,8,2.00,0,NONE
2106,37.2888055000,127.1069868333,-58.851,-19.091,0.000,0.000,0.000,1,8,2.00,0,NONE
2107,37.2888063333,127.1069843333,-59.073,-18.999,0.000,0.000,0.000,1,8,2.00,0,NONE
2108,37.2888073333,127.1069816667,-59.309,-18.887,0.000,0.000,0.000,1,8,2.00,0,NONE
2109,37.2888080000,127.1069790000,-59.545,-18.813,0.000,0.000,0.000,1,8,2.00,0,NONE
2110,37.2888086667,127.1069761667,-59.796,-18.739,0.000,0.000,0.000,1,8,2.00,0,NONE
2111,37.2888095000,127.1069735000,-60.032,-18.646,0.000,0.000,0.000,1,8,2.00,0,NONE
2112,37.2888103333,127.1069710000,-60.254,-18.553,0.000,0.000,0.000,1,8,2.00,0,NONE
2113,37.2888113333,127.1069681667,-60.505,-18.442,0.000,0.000,0.000,1,8,2.00,0,NONE
2114,37.2888121667,127.1069655000,-60.741,-18.349,0.000,0.000,0.000,1,8,2.00,0,NONE
2115,37.2888130000,127.1069628333,-60.977,-18.256,0.000,0.000,0.000,1,8,2.00,0,NONE
2116,37.2888138333,127.1069601667,-61.213,-18.164,0.000,0.000,0.000,1,8,2.00,0,NONE
2117,37.2888148333,127.1069576667,-61.435,-18.052,0.000,0.000,0.000,1,8,2.00,0,NONE
2118,37.2888160000,127.1069551667,-61.656,-17.923,0.000,0.000,0.000,1,8,2.00,0,NONE
2119,37.2888170000,127.1069526667,-61.877,-17.811,0.000,0.000,0.000,1,8,2.00,0,NONE
2120,37.2888180000,127.1069501667,-62.099,-17.700,0.000,0.000,0.000,1,8,2.00,0,NONE
2121,37.2888190000,127.1069475000,-62.335,-17.589,0.000,0.000,0.000,1,8,2.00,0,NONE
2122,37.2888200000,127.1069448333,-62.571,-17.477,0.000,0.000,0.000,1,8,2.00,0,NONE
2123,37.2888211667,127.1069421667,-62.807,-17.347,0.000,0.000,0.000,1,8,2.00,0,NONE
2124,37.2888225000,127.1069393333,-63.058,-17.199,0.000,0.000,0.000,1,8,2.00,0,NONE
2125,37.2888233333,127.1069368333,-63.280,-17.106,0.000,0.000,0.000,1,8,2.00,0,NONE
2126,37.2888241667,127.1069340000,-63.531,-17.013,0.000,0.000,0.000,1,8,2.00,0,NONE
2127,37.2888248333,127.1069311667,-63.782,-16.939,0.000,0.000,0.000,1,8,2.00,0,NONE
2128,37.2888256667,127.1069288333,-63.988,-16.846,0.000,0.000,0.000,1,8,2.00,0,NONE
2129,37.2888266667,127.1069261667,-64.224,-16.735,0.000,0.000,0.000,1,8,2.00,0,NONE
2130,37.2888276667,127.1069233333,-64.475,-16.624,0.000,0.000,0.000,1,8,2.00,0,NONE
2131,37.2888286667,127.1069206667,-64.712,-16.512,0.000,0.000,0.000,1,8,2.00,0,NONE
2132,37.2888293333,127.1069180000,-64.948,-16.438,0.000,0.000,0.000,1,8,2.00,0,NONE
2133,37.2888301667,127.1069153333,-65.184,-16.345,0.000,0.000,0.000,1,8,2.00,0,NONE
2134,37.2888311667,127.1069128333,-65.405,-16.234,0.000,0.000,0.000,1,8,2.00,0,NONE
2135,37.2888321667,127.1069100000,-65.656,-16.123,0.000,0.000,0.000,1,8,2.00,0,NONE
2136,37.2888330000,127.1069073333,-65.892,-16.030,0.000,0.000,0.000,1,8,2.00,0,NONE
2137,37.2888336667,127.1069045000,-66.143,-15.956,0.000,0.000,0.000,1,8,2.00,0,NONE
2138,37.2888345000,127.1069018333,-66.380,-15.863,0.000,0.000,0.000,1,8,2.00,0,NONE
2139,37.2888355000,127.1068993333,-66.601,-15.752,0.000,0.000,0.000,1,8,2.00,0,NONE
2140,37.2888365000,127.1068966667,-66.837,-15.640,0.000,0.000,0.000,1,8,2.00,0,NONE
2141,37.2888376667,127.1068938333,-67.088,-15.511,0.000,0.000,0.000,1,8,2.00,0,NONE
2142,37.2888386667,127.1068913333,-67.309,-15.399,0.000,0.000,0.000,1,8,2.00,0,NONE
2143,37.2888395000,127.1068885000,-67.560,-15.307,0.000,0.000,0.000,1,8,2.00,0,NONE
2144,37.2888405000,127.1068858333,-67.797,-15.195,0.000,0.000,0.000,1,8,2.00,0,NONE
2145,37.2888416667,127.1068831667,-68.033,-15.065,0.000,0.000,0.000,1,8,2.00,0,NONE
2146,37.2888428333,127.1068806667,-68.254,-14.935,0.000,0.000,0.000,1,8,2.00,0,NONE
2147,37.2888438333,127.1068780000,-68.490,-14.824,0.000,0.000,0.000,1,8,2.00,0,NONE
2148,37.2888445000,127.1068751667,-68.741,-14.750,0.000,0.000,0.000,1,8,2.00,0,NONE
2149,37.2888453333,127.1068726667,-68.963,-14.657,0.000,0.000,0.000,1,8,2.00,0,NONE
2150,37.2888463333,127.1068700000,-69.199,-14.546,0.000,0.000,0.000,1,8,2.00,0,NONE
2151,37.2888473333,127.1068673333,-69.435,-14.434,0.000,0.000,0.000,1,8,2.00,0,NONE
2152,37.2888481667,127.1068646667,-69.671,-14.342,0.000,0.000,0.000,1,8,2.00,0,NONE
2153,37.2888488333,127.1068620000,-69.907,-14.268,0.000,0.000,0.000,1,8,2.00,0,NONE
2154,37.2888495000,127.1068593333,-70.144,-14.193,0.000,0.000,0.000,1,8,2.00,0,NONE
2155,37.2888503333,127.1068568333,-70.365,-14.101,0.000,0.000,0.000,1,8,2.00,0,NONE
2156,37.2888511667,127.1068541667,-70.601,-14.008,0.000,0.000,0.000,1,8,2.00,0,NONE
2157,37.2888521667,127.1068515000,-70.837,-13.896,0.000,0.000,0.000,1,8,2.00,0,NONE
2158,37.2888530000,127.1068490000,-71.059,-13.804,0.000,0.000,0.000,1,8,2.00,0,NONE
2159,37.2888536667,127.1068463333,-71.295,-13.729,0.000,0.000,0.000,1,8,2.00,0,NONE
2160,37.2888545000,127.1068436667,-71.531,-13.637,0.000,0.000,0.000,1,8,2.00,0,NONE
2161,37.2888553333,127.1068410000,-71.767,-13.544,0.000,0.000,0.000,1,8,2.00,0,NONE
2162,37.2888563333,127.1068383333,-72.003,-13.433,0.000,0.000,0.000,1,8,2.00,0,NONE
2163,37.2888571667,127.1068356667,-72.240,-13.340,0.000,0.000,0.000,1,8,2.00,0,NONE
2164,37.2888580000,127.1068331667,-72.461,-13.247,0.000,0.000,0.000,1,8,2.00,0,NONE
2165,37.2888586667,127.1068305000,-72.697,-13.173,0.000,0.000,0.000,1,8,2.00,0,NONE
2166,37.2888593333,127.1068280000,-72.919,-13.099,0.000,0.000,0.000,1,8,2.00,0,NONE
2167,37.2888603333,127.1068253333,-73.155,-12.987,0.000,0.000,0.000,1,8,2.00,0,NONE
2168,37.2888613333,127.1068228333,-73.376,-12.876,0.000,0.000,0.000,1,8,2.00,0,NONE
2169,37.2888621667,127.1068201667,-73.612,-12.783,0.000,0.000,0.000,1,8,2.00,0,NONE
2170,37.2888628333,127.1068175000,-73.849,-12.709,0.000,0.000,0.000,1,8,2.00,0,NONE
2171,37.2888635000,127.1068148333,-74.085,-12.635,0.000,0.000,0.000,1,8,2.00,0,NONE
2172,37.2888643333,127.1068121667,-74.321,-12.542,0.000,0.000,0.000,1,8,2.00,0,NONE
2173,37.2888653333,127.1068095000,-74.557,-12.431,0.000,0.000,0.000,1,8,2.00,0,NONE
2174,37.2888660000,127.1068070000,-74.778,-12.357,0.000,0.000,0.000,1,8,2.00,0,NONE
2175,37.2888666667,127.1068043333,-75.015,-12.282,0.000,0.000,0.000,1,8,2.00,0,NONE
2176,37.2888673333,127.1068018333,-75.236,-12.208,0.000,0.000,0.000,1,8,2.00,0,NONE
2177,37.2888680000,127.1067991667,-75.472,-12.134,0.000,0.000,0.000,1,8,2.00,0,NONE
2178,37.2888688333,127.1067965000,-75.708,-12.041,0.000,0.000,0.000,1,8,2.00,0,NONE
2179,37.2888696667,127.1067938333,-75.945,-11.948,0.000,0.000,0.000,1,8,2.00,0,NONE
2180,37.2888703333,127.1067911667,-76.181,-11.874,0.000,0.000,0.000,1,8,2.00,0,NONE
2181,37.2888706667,127.1067885000,-76.417,-11.837,0.000,0.000,0.000,1,8,2.00,0,NONE
2182,37.2888713333,127.1067858333,-76.653,-11.763,0.000,0.000,0.000,1,8,2.00,0,NONE
2183,37.2888721667,127.1067831667,-76.889,-11.670,0.000,0.000,0.000,1,8,2.00,0,NONE
2184,37.2888730000,127.1067806667,-77.111,-11.577,0.000,0.000,0.000,1,8,2.00,0,NONE
2185,37.2888735000,127.1067780000,-77.347,-11.522,0.000,0.000,0.000,1,8,2.00,0,NONE
2186,37.2888741667,127.1067751667,-77.598,-11.447,0.000,0.000,0.000,1,8,2.00,0,NONE
2187,37.2888746667,127.1067725000,-77.834,-11.392,0.000,0.000,0.000,1,8,2.00,0,NONE
2188,37.2888753333,127.1067698333,-78.070,-11.318,0.000,0.000,0.000,1,8,2.00,0,NONE
2189,37.2888761667,127.1067670000,-78.321,-11.225,0.000,0.000,0.000,1,8,2.00,0,NONE
2190,37.2888766667,127.1067641667,-78.572,-11.169,0.000,0.000,0.000,1,8,2.00,0,NONE
2191,37.2888771667,127.1067615000,-78.808,-11.113,0.000,0.000,0.000,1,8,2.00,0,NONE
2192,37.2888773333,127.1067586667,-79.059,-11.095,0.000,0.000,0.000,1,8,2.00,0,NONE
2193,37.2888775000,127.1067560000,-79.295,-11.076,0.000,0.000,0.000,1,8,2.00,0,NONE
2194,37.2888778333,127.1067531667,-79.546,-11.039,0.000,0.000,0.000,1,8,2.00,0,NONE
2195,37.2888780000,127.1067503333,-79.797,-11.021,0.000,0.000,0.000,1,8,2.00,0,NONE
2196,37.2888780000,127.1067476667,-80.033,-11.021,0.000,0.000,0.000,1,8,2.00,0,NONE
2197,37.2888778333,127.1067448333,-80.284,-11.039,0.000,0.000,0.000,1,8,2.00,0,NONE
2198,37.2888775000,127.1067421667,-80.520,-11.076,0.000,0.000,0.000,1,8,2.00,0,NONE
2199,37.2888773333,127.1067396667,-80.742,-11.095,0.000,0.000,0.000,1,8,2.00,0,NONE
2200,37.2888771667,127.1067368333,-80.993,-11.113,0.000,0.000,0.000,1,8,2.00,0,NONE
2201,37.2888766667,127.1067340000,-81.244,-11.169,0.000,0.000,0.000,1,8,2.00,0,NONE
2202,37.2888761667,127.1067311667,-81.495,-11.225,0.000,0.000,0.000,1,8,2.00,0,NONE
2203,37.2888753333,127.1067285000,-81.731,-11.318,0.000,0.000,0.000,1,8,2.00,0,NONE
2204,37.2888746667,127.1067260000,-81.952,-11.392,0.000,0.000,0.000,1,8,2.00,0,NONE
2205,37.2888740000,127.1067233333,-82.188,-11.466,0.000,0.000,0.000,1,8,2.00,0,NONE
2206,37.2888733333,127.1067206667,-82.425,-11.540,0.000,0.000,0.000,1,8,2.00,0,NONE
2207,37.2888725000,127.1067181667,-82.646,-11.633,0.000,0.000,0.000,1,8,2.00,0,NONE
2208,37.2888715000,127.1067155000,-82.882,-11.744,0.000,0.000,0.000,1,8,2.00,0,NONE
2209,37.2888705000,127.1067131667,-83.089,-11.856,0.000,0.000,0.000,1,8,2.00,0,NONE
2210,37.2888695000,127.1067106667,-83.310,-11.967,0.000,0.000,0.000,1,8,2.00,0,NONE
2211,37.2888685000,127.1067081667,-83.532,-12.078,0.000,0.000,0.000,1,8,2.00,0,NONE
2212,37.2888671667,127.1067056667,-83.753,-12.227,0.000,0.000,0.000,1,8,2.00,0,NONE
2213,37.2888658333,127.1067035000,-83.945,-12.375,0.000,0.000,0.000,1,8,2.00,0,NONE
2214,37.2888645000,127.1067013333,-84.137,-12.524,0.000,0.000,0.000,1,8,2.00,0,NONE
2215,37.2888631667,127.1066993333,-84.314,-12.672,0.000,0.000,0.000,1,8,2.00,0,NONE
2216,37.2888618333,127.1066973333,-84.491,-12.820,0.000,0.000,0.000,1,8,2.00,0,NONE
2217,37.2888605000,127.1066951667,-84.683,-12.969,0.000,0.000,0.000,1,8,2.00,0,NONE
2218,37.2888591667,127.1066931667,-84.860,-13.117,0.000,0.000,0.000,1,8,2.00,0,NONE
2219,37.2888576667,127.1066913333,-85.022,-13.284,0.000,0.000,0.000,1,8,2.00,0,NONE
2220,37.2888561667,127.1066895000,-85.185,-13.451,0.000,0.000,0.000,1,8,2.00,0,NONE
2221,37.2888548333,127.1066876667,-85.347,-13.600,0.000,0.000,0.000,1,8,2.00,0,NONE
2222,37.2888533333,127.1066856667,-85.524,-13.767,0.000,0.000,0.000,1,8,2.00,0,NONE
2223,37.2888518333,127.1066840000,-85.672,-13.934,0.000,0.000,0.000,1,8,2.00,0,NONE
2224,37.2888501667,127.1066821667,-85.834,-14.119,0.000,0.000,0.000,1,8,2.00,0,NONE
2225,37.2888485000,127.1066806667,-85.967,-14.305,0.000,0.000,0.000,1,8,2.00,0,NONE
2226,37.2888470000,127.1066788333,-86.130,-14.472,0.000,0.000,0.000,1,8,2.00,0,NONE
2227,37.2888456667,127.1066770000,-86.292,-14.620,0.000,0.000,0.000,1,8,2.00,0,NONE
2228,37.2888440000,127.1066751667,-86.454,-14.806,0.000,0.000,0.000,1,8,2.00,0,NONE
2229,37.2888425000,127.1066735000,-86.602,-14.973,0.000,0.000,0.000,1,8,2.00,0,NONE
2230,37.2888410000,127.1066720000,-86.735,-15.140,0.000,0.000,0.000,1,8,2.00,0,NONE
2231,37.2888391667,127.1066703333,-86.882,-15.344,0.000,0.000,0.000,1,8,2.00,0,NONE
2232,37.2888375000,127.1066688333,-87.015,-15.529,0.000,0.000,0.000,1,8,2.00,0,NONE
2233,37.2888358333,127.1066670000,-87.178,-15.715,0.000,0.000,0.000,1,8,2.00,0,NONE
2234,37.2888343333,127.1066653333,-87.325,-15.882,0.000,0.000,0.000,1,8,2.00,0,NONE
2235,37.2888326667,127.1066638333,-87.458,-16.067,0.000,0.000,0.000,1,8,2.00,0,NONE
2236,37.2888308333,127.1066623333,-87.591,-16.271,0.000,0.000,0.000,1,8,2.00,0,NONE
2237,37.2888290000,127.1066610000,-87.709,-16.475,0.000,0.000,0.000,1,8,2.00,0,NONE
2238,37.2888273333,127.1066595000,-87.842,-16.661,0.000,0.000,0.000,1,8,2.00,0,NONE
2239,37.2888255000,127.1066578333,-87.989,-16.865,0.000,0.000,0.000,1,8,2.00,0,NONE
2240,37.2888236667,127.1066563333,-88.122,-17.069,0.000,0.000,0.000,1,8,2.00,0,NONE
2241,37.2888220000,127.1066550000,-88.240,-17.255,0.000,0.000,0.000,1,8,2.00,0,NONE
2242,37.2888201667,127.1066536667,-88.358,-17.459,0.000,0.000,0.000,1,8,2.00,0,NONE
2243,37.2888183333,127.1066523333,-88.477,-17.663,0.000,0.000,0.000,1,8,2.00,0,NONE
2244,37.2888166667,127.1066508333,-88.609,-17.848,0.000,0.000,0.000,1,8,2.00,0,NONE
2245,37.2888150000,127.1066493333,-88.742,-18.034,0.000,0.000,0.000,1,8,2.00,0,NONE
2246,37.2888133333,127.1066478333,-88.875,-18.219,0.000,0.000,0.000,1,8,2.00,0,NONE
2247,37.2888116667,127.1066465000,-88.993,-18.405,0.000,0.000,0.000,1,8,2.00,0,NONE
2248,37.2888088333,127.1066448333,-89.141,-18.720,0.000,0.000,0.000,1,8,2.00,0,NONE
2249,37.2888071667,127.1066435000,-89.259,-18.906,0.000,0.000,0.000,1,8,2.00,0,NONE
2250,37.2888051667,127.1066421667,-89.377,-19.128,0.000,0.000,0.000,1,8,2.00,0,NONE
2251,37.2888035000,127.1066410000,-89.480,-19.314,0.000,0.000,0.000,1,8,2.00,0,NONE
2252,37.2888016667,127.1066398333,-89.584,-19.518,0.000,0.000,0.000,1,8,2.00,0,NONE
2253,37.2887996667,127.1066390000,-89.657,-19.741,0.000,0.000,0.000,1,8,2.00,0,NONE
2254,37.2887980000,127.1066380000,-89.746,-19.926,0.000,0.000,0.000,1,8,2.00,0,NONE
2255,37.2887960000,127.1066368333,-89.849,-20.149,0.000,0.000,0.000,1,8,2.00,0,NONE
2256,37.2887941667,127.1066356667,-89.953,-20.353,0.000,0.000,0.000,1,8,2.00,0,NONE
2257,37.2887923333,127.1066346667,-90.041,-20.557,0.000,0.000,0.000,1,8,2.00,0,NONE
2258,37.2887903333,127.1066336667,-90.130,-20.780,0.000,0.000,0.000,1,8,2.00,0,NONE
2259,37.2887881667,127.1066328333,-90.204,-21.021,0.000,0.000,0.000,1,8,2.00,0,NONE
2260,37.2887861667,127.1066320000,-90.277,-21.244,0.000,0.000,0.000,1,8,2.00,0,NONE
2261,37.2887841667,127.1066306667,-90.395,-21.466,0.000,0.000,0.000,1,8,2.00,0,NONE
2262,37.2887821667,127.1066295000,-90.499,-21.689,0.000,0.000,0.000,1,8,2.00,0,NONE
2263,37.2887803333,127.1066283333,-90.602,-21.893,0.000,0.000,0.000,1,8,2.00,0,NONE
2264,37.2887781667,127.1066271667,-90.705,-22.134,0.000,0.000,0.000,1,8,2.00,0,NONE
2265,37.2887761667,127.1066261667,-90.794,-22.357,0.000,0.000,0.000,1,8,2.00,0,NONE
2266,37.2887741667,127.1066248333,-90.912,-22.579,0.000,0.000,0.000,1,8,2.00,0,NONE
2267,37.2887721667,127.1066236667,-91.015,-22.802,0.000,0.000,0.000,1,8,2.00,0,NONE
2268,37.2887701667,127.1066226667,-91.104,-23.025,0.000,0.000,0.000,1,8,2.00,0,NONE
2269,37.2887681667,127.1066216667,-91.193,-23.247,0.000,0.000,0.000,1,8,2.00,0,NONE
2270,37.2887660000,127.1066210000,-91.252,-23.489,0.000,0.000,0.000,1,8,2.00,0,NONE
2271,37.2887641667,127.1066203333,-91.311,-23.693,0.000,0.000,0.000,1,8,2.00,0,NONE
2272,37.2887621667,127.1066193333,-91.399,-23.915,0.000,0.000,0.000,1,8,2.00,0,NONE
2273,37.2887603333,127.1066185000,-91.473,-24.119,0.000,0.000,0.000,1,8,2.00,0,NONE
2274,37.2887583333,127.1066176667,-91.547,-24.342,0.000,0.000,0.000,1,8,2.00,0,NONE
2275,37.2887565000,127.1066170000,-91.606,-24.546,0.000,0.000,0.000,1,8,2.00,0,NONE
2276,37.2887546667,127.1066163333,-91.665,-24.750,0.000,0.000,0.000,1,8,2.00,0,NONE
2277,37.2887531667,127.1066153333,-91.753,-24.917,0.000,0.000,0.000,1,8,2.00,0,NONE
2278,37.2887515000,127.1066143333,-91.842,-25.103,0.000,0.000,0.000,1,8,2.00,0,NONE
2279,37.2887501667,127.1066136667,-91.901,-25.251,0.000,0.000,0.000,1,8,2.00,0,NONE
2280,37.2887488333,127.1066130000,-91.960,-25.400,0.000,0.000,0.000,1,8,2.00,0,NONE
2281,37.2887475000,127.1066125000,-92.004,-25.548,0.000,0.000,0.000,1,8,2.00,0,NONE
2282,37.2887461667,127.1066120000,-92.049,-25.696,0.000,0.000,0.000,1,8,2.00,0,NONE
2283,37.2887453333,127.1066111667,-92.122,-25.789,0.000,0.000,0.000,1,8,2.00,0,STOP_LINE
2284,37.2887438333,127.1066115000,-92.093,-25.956,0.000,0.000,0.000,1,8,2.00,0,NONE
2285,37.2887421667,127.1066103333,-92.196,-26.142,0.000,0.000,0.000,1,8,2.00,0,NONE
2286,37.2887406667,127.1066093333,-92.285,-26.309,0.000,0.000,0.000,1,8,2.00,0,NONE
2287,37.2887391667,127.1066088333,-92.329,-26.476,0.000,0.000,0.000,1,8,2.00,0,NONE
2288,37.2887375000,127.1066085000,-92.359,-26.661,0.000,0.000,0.000,1,8,2.00,0,NONE
2289,37.2887361667,127.1066078333,-92.418,-26.810,0.000,0.000,0.000,1,8,2.00,0,NONE
2290,37.2887346667,127.1066066667,-92.521,-26.977,0.000,0.000,0.000,1,8,2.00,0,NONE
2291,37.2887333333,127.1066055000,-92.624,-27.125,0.000,0.000,0.000,1,8,2.00,0,NONE
2292,37.2887318333,127.1066055000,-92.624,-27.292,0.000,0.000,0.000,1,8,2.00,0,NONE
2293,37.2887316667,127.1066055000,-92.624,-27.311,0.000,0.000,0.000,1,9,2.00,0,NONE
2294,37.2887301667,127.1066053333,-92.639,-27.477,0.000,0.000,0.000,1,9,2.00,0,NONE
2295,37.2887288333,127.1066045000,-92.713,-27.626,0.000,0.000,0.000,1,9,2.00,0,NONE
2296,37.2887273333,127.1066035000,-92.801,-27.793,0.000,0.000,0.000,1,9,2.00,0,NONE
2297,37.2887260000,127.1066026667,-92.875,-27.941,0.000,0.000,0.000,1,9,2.00,0,NONE
2298,37.2887245000,127.1066020000,-92.934,-28.108,0.000,0.000,0.000,1,9,2.00,0,NONE
2299,37.2887226667,127.1066010000,-93.023,-28.312,0.000,0.000,0.000,1,9,2.00,0,NONE
2300,37.2887208333,127.1066003333,-93.082,-28.516,0.000,0.000,0.000,1,9,2.00,0,NONE
2301,37.2887190000,127.1065991667,-93.185,-28.721,0.000,0.000,0.000,1,9,2.00,0,NONE
2302,37.2887173333,127.1065981667,-93.274,-28.906,0.000,0.000,0.000,1,9,2.00,0,NONE
2303,37.2887155000,127.1065971667,-93.362,-29.110,0.000,0.000,0.000,1,9,2.00,0,NONE
2304,37.2887140000,127.1065965000,-93.421,-29.277,0.000,0.000,0.000,1,9,2.00,0,NONE
2305,37.2887118333,127.1065956667,-93.495,-29.518,0.000,0.000,0.000,1,9,2.00,0,NONE
2306,37.2887098333,127.1065948333,-93.569,-29.741,0.000,0.000,0.000,1,9,2.00,0,NONE
2307,37.2887080000,127.1065940000,-93.643,-29.945,0.000,0.000,0.000,1,9,2.00,0,NONE
2308,37.2887060000,127.1065930000,-93.731,-30.168,0.000,0.000,0.000,1,9,2.00,0,NONE
2309,37.2887041667,127.1065923333,-93.790,-30.372,0.000,0.000,0.000,1,9,2.00,0,NONE
2310,37.2887025000,127.1065915000,-93.864,-30.557,0.000,0.000,0.000,1,9,2.00,0,NONE
2311,37.2887006667,127.1065906667,-93.938,-30.761,0.000,0.000,0.000,1,9,2.00,0,NONE
2312,37.2886986667,127.1065896667,-94.027,-30.984,0.000,0.000,0.000,1,9,2.00,0,NONE
2313,37.2886968333,127.1065885000,-94.130,-31.188,0.000,0.000,0.000,1,9,2.00,0,NONE
2314,37.2886946667,127.1065873333,-94.233,-31.429,0.000,0.000,0.000,1,9,2.00,0,NONE
2315,37.2886930000,127.1065861667,-94.337,-31.615,0.000,0.000,0.000,1,9,2.00,0,NONE
2316,37.2886913333,127.1065853333,-94.410,-31.800,0.000,0.000,0.000,1,9,2.00,0,NONE
2317,37.2886893333,127.1065845000,-94.484,-32.023,0.000,0.000,0.000,1,9,2.00,0,NONE
2318,37.2886875000,127.1065838333,-94.543,-32.227,0.000,0.000,0.000,1,9,2.00,0,NONE
2319,37.2886858333,127.1065826667,-94.647,-32.413,0.000,0.000,0.000,1,9,2.00,0,NONE
2320,37.2886838333,127.1065816667,-94.735,-32.635,0.000,0.000,0.000,1,9,2.00,0,NONE
2321,37.2886818333,127.1065806667,-94.824,-32.858,0.000,0.000,0.000,1,9,2.00,0,NONE
2322,37.2886798333,127.1065796667,-94.912,-33.081,0.000,0.000,0.000,1,9,2.00,0,NONE
2323,37.2886778333,127.1065788333,-94.986,-33.303,0.000,0.000,0.000,1,9,2.00,0,NONE
2324,37.2886760000,127.1065778333,-95.075,-33.507,0.000,0.000,0.000,1,9,2.00,0,NONE
2325,37.2886740000,127.1065766667,-95.178,-33.730,0.000,0.000,0.000,1,9,2.00,0,NONE
2326,37.2886721667,127.1065753333,-95.296,-33.934,0.000,0.000,0.000,1,9,2.00,0,NONE
2327,37.2886703333,127.1065743333,-95.385,-34.138,0.000,0.000,0.000,1,9,2.00,0,NONE
2328,37.2886683333,127.1065735000,-95.458,-34.361,0.000,0.000,0.000,1,9,2.00,0,NONE
2329,37.2886663333,127.1065728333,-95.517,-34.583,0.000,0.000,0.000,1,9,2.00,0,NONE
2330,37.2886645000,127.1065720000,-95.591,-34.787,0.000,0.000,0.000,1,9,2.00,0,NONE
2331,37.2886626667,127.1065710000,-95.680,-34.992,0.000,0.000,0.000,1,9,2.00,0,NONE
2332,37.2886606667,127.1065696667,-95.798,-35.214,0.000,0.000,0.000,1,9,2.00,0,NONE
2333,37.2886586667,127.1065686667,-95.886,-35.437,0.000,0.000,0.000,1,9,2.00,0,NONE
2334,37.2886566667,127.1065680000,-95.946,-35.660,0.000,0.000,0.000,1,9,2.00,0,NONE
2335,37.2886546667,127.1065671667,-96.019,-35.882,0.000,0.000,0.000,1,9,2.00,0,NONE
2336,37.2886528333,127.1065663333,-96.093,-36.086,0.000,0.000,0.000,1,9,2.00,0,NONE
2337,37.2886508333,127.1065653333,-96.182,-36.309,0.000,0.000,0.000,1,9,2.00,0,NONE
2338,37.2886488333,127.1065643333,-96.270,-36.532,0.000,0.000,0.000,1,9,2.00,0,NONE
2339,37.2886468333,127.1065635000,-96.344,-36.754,0.000,0.000,0.000,1,9,2.00,0,NONE
2340,37.2886448333,127.1065630000,-96.388,-36.977,0.000,0.000,0.000,1,9,2.00,0,NONE
2341,37.2886430000,127.1065621667,-96.462,-37.181,0.000,0.000,0.000,1,9,2.00,0,NONE
2342,37.2886413333,127.1065611667,-96.551,-37.366,0.000,0.000,0.000,1,9,2.00,0,NONE
2343,37.2886393333,127.1065600000,-96.654,-37.589,0.000,0.000,0.000,1,9,2.00,0,NONE
2344,37.2886376667,127.1065590000,-96.743,-37.775,0.000,0.000,0.000,1,9,2.00,0,NONE
2345,37.2886356667,127.1065583333,-96.802,-37.997,0.000,0.000,0.000,1,9,2.00,0,NONE
2346,37.2886338333,127.1065576667,-96.861,-38.201,0.000,0.000,0.000,1,9,2.00,0,NONE
2347,37.2886318333,127.1065570000,-96.920,-38.424,0.000,0.000,0.000,1,9,2.00,0,NONE
2348,37.2886298333,127.1065561667,-96.994,-38.647,0.000,0.000,0.000,1,9,2.00,0,NONE
2349,37.2886278333,127.1065553333,-97.067,-38.869,0.000,0.000,0.000,1,9,2.00,0,NONE
2350,37.2886258333,127.1065550000,-97.097,-39.092,0.000,0.000,0.000,1,9,2.00,0,NONE
2351,37.2886238333,127.1065546667,-97.126,-39.315,0.000,0.000,0.000,1,9,2.00,0,NONE
2352,37.2886218333,127.1065543333,-97.156,-39.537,0.000,0.000,0.000,1,9,2.00,0,NONE
2353,37.2886200000,127.1065540000,-97.185,-39.741,0.000,0.000,0.000,1,9,2.00,0,NONE
2354,37.2886180000,127.1065535000,-97.230,-39.964,0.000,0.000,0.000,1,9,2.00,0,NONE
2355,37.2886160000,127.1065531667,-97.259,-40.187,0.000,0.000,0.000,1,9,2.00,0,NONE
2356,37.2886141667,127.1065533333,-97.244,-40.391,0.000,0.000,0.000,1,9,2.00,0,NONE
2357,37.2886121667,127.1065536667,-97.215,-40.613,0.000,0.000,0.000,1,9,2.00,0,NONE
2358,37.2886103333,127.1065536667,-97.215,-40.817,0.000,0.000,0.000,1,9,2.00,0,NONE
2359,37.2886081667,127.1065536667,-97.215,-41.059,0.000,0.000,0.000,1,9,2.00,0,NONE
2360,37.2886063333,127.1065536667,-97.215,-41.263,0.000,0.000,0.000,1,9,2.00,0,NONE
2361,37.2886045000,127.1065536667,-97.215,-41.467,0.000,0.000,0.000,1,9,2.00,0,NONE
2362,37.2886026667,127.1065541667,-97.171,-41.671,0.000,0.000,0.000,1,9,2.00,0,NONE
2363,37.2886008333,127.1065550000,-97.097,-41.875,0.000,0.000,0.000,1,9,2.00,0,NONE
2364,37.2885990000,127.1065556667,-97.038,-42.079,0.000,0.000,0.000,1,9,2.00,0,NONE
2365,37.2885971667,127.1065565000,-96.964,-42.283,0.000,0.000,0.000,1,9,2.00,0,NONE
2366,37.2885955000,127.1065573333,-96.890,-42.469,0.000,0.000,0.000,1,9,2.00,0,NONE
2367,37.2885938333,127.1065585000,-96.787,-42.654,0.000,0.000,0.000,1,9,2.00,0,NONE
2368,37.2885923333,127.1065600000,-96.654,-42.821,0.000,0.000,0.000,1,9,2.00,0,NONE
2369,37.2885910000,127.1065613333,-96.536,-42.970,0.000,0.000,0.000,1,9,2.00,0,NONE
2370,37.2885895000,127.1065626667,-96.418,-43.137,0.000,0.000,0.000,1,9,2.00,0,NONE
2371,37.2885880000,127.1065638333,-96.315,-43.303,0.000,0.000,0.000,1,9,2.00,0,NONE
2372,37.2885865000,127.1065651667,-96.196,-43.470,0.000,0.000,0.000,1,9,2.00,0,NONE
2373,37.2885851667,127.1065663333,-96.093,-43.619,0.000,0.000,0.000,1,9,2.00,0,NONE
2374,37.2885840000,127.1065678333,-95.960,-43.749,0.000,0.000,0.000,1,9,2.00,0,NONE
2375,37.2885828333,127.1065696667,-95.798,-43.879,0.000,0.000,0.000,1,9,2.00,0,NONE
2376,37.2885816667,127.1065710000,-95.680,-44.009,0.000,0.000,0.000,1,9,2.00,0,NONE
2377,37.2885803333,127.1065721667,-95.576,-44.157,0.000,0.000,0.000,1,9,2.00,0,NONE
2378,37.2885793333,127.1065733333,-95.473,-44.268,0.000,0.000,0.000,1,9,2.00,0,NONE
2379,37.2885780000,127.1065748333,-95.340,-44.417,0.000,0.000,0.000,1,9,2.00,0,NONE
2380,37.2885770000,127.1065760000,-95.237,-44.528,0.000,0.000,0.000,1,9,2.00,0,NONE
2381,37.2885760000,127.1065776667,-95.089,-44.639,0.000,0.000,0.000,1,9,2.00,0,NONE
2382,37.2885751667,127.1065790000,-94.971,-44.732,0.000,0.000,0.000,1,9,2.00,0,NONE
2383,37.2885743333,127.1065803333,-94.853,-44.825,0.000,0.000,0.000,1,9,2.00,0,NONE
2384,37.2885731667,127.1065820000,-94.706,-44.955,0.000,0.000,0.000,1,9,2.00,0,NONE
2385,37.2885721667,127.1065836667,-94.558,-45.066,0.000,0.000,0.000,1,9,2.00,0,NONE
2386,37.2885713333,127.1065858333,-94.366,-45.159,0.000,0.000,0.000,1,9,2.00,0,NONE
2387,37.2885705000,127.1065880000,-94.174,-45.252,0.000,0.000,0.000,1,9,2.00,0,NONE
2388,37.2885695000,127.1065900000,-93.997,-45.363,0.000,0.000,0.000,1,9,2.00,0,NONE
2389,37.2885686667,127.1065920000,-93.820,-45.456,0.000,0.000,0.000,1,9,2.00,0,NONE
2390,37.2885676667,127.1065940000,-93.643,-45.567,0.000,0.000,0.000,1,9,2.00,0,NONE
2391,37.2885665000,127.1065960000,-93.466,-45.697,0.000,0.000,0.000,1,9,2.00,0,NONE
2392,37.2885656667,127.1065980000,-93.289,-45.790,0.000,0.000,0.000,1,9,2.00,0,NONE
2393,37.2885650000,127.1066001667,-93.097,-45.864,0.000,0.000,0.000,1,9,2.00,0,NONE
2394,37.2885641667,127.1066023333,-92.905,-45.957,0.000,0.000,0.000,1,9,2.00,0,NONE
2395,37.2885631667,127.1066043333,-92.728,-46.068,0.000,0.000,0.000,1,9,2.00,0,NONE
2396,37.2885621667,127.1066063333,-92.551,-46.179,0.000,0.000,0.000,1,9,2.00,0,NONE
2397,37.2885611667,127.1066083333,-92.373,-46.291,0.000,0.000,0.000,1,9,2.00,0,NONE
2398,37.2885605000,127.1066101667,-92.211,-46.365,0.000,0.000,0.000,1,9,2.00,0,NONE
2399,37.2885600000,127.1066125000,-92.004,-46.420,0.000,0.000,0.000,1,9,2.00,0,NONE
2400,37.2885590000,127.1066143333,-91.842,-46.532,0.000,0.000,0.000,1,9,2.00,0,NONE
2401,37.2885581667,127.1066163333,-91.665,-46.625,0.000,0.000,0.000,1,9,2.00,0,NONE
2402,37.2885573333,127.1066181667,-91.502,-46.717,0.000,0.000,0.000,1,9,2.00,0,NONE
2403,37.2885565000,127.1066198333,-91.355,-46.810,0.000,0.000,0.000,1,9,2.00,0,NONE
2404,37.2885558333,127.1066218333,-91.178,-46.884,0.000,0.000,0.000,1,9,2.00,0,NONE
2405,37.2885555000,127.1066238333,-91.001,-46.921,0.000,0.000,0.000,1,9,2.00,0,NONE
2406,37.2885548333,127.1066256667,-90.838,-46.996,0.000,0.000,0.000,1,9,2.00,0,NONE
2407,37.2885541667,127.1066273333,-90.691,-47.070,0.000,0.000,0.000,1,9,2.00,0,NONE
2408,37.2885533333,127.1066293333,-90.514,-47.163,0.000,0.000,0.000,1,9,2.00,0,NONE
2409,37.2885526667,127.1066311667,-90.351,-47.237,0.000,0.000,0.000,1,9,2.00,0,NONE
2410,37.2885521667,127.1066331667,-90.174,-47.292,0.000,0.000,0.000,1,9,2.00,0,NONE
2411,37.2885518333,127.1066355000,-89.967,-47.330,0.000,0.000,0.000,1,9,2.00,0,NONE
2412,37.2885515000,127.1066375000,-89.790,-47.367,0.000,0.000,0.000,1,9,2.00,0,NONE
2413,37.2885510000,127.1066393333,-89.628,-47.422,0.000,0.000,0.000,1,9,2.00,0,NONE
2414,37.2885501667,127.1066413333,-89.451,-47.515,0.000,0.000,0.000,1,9,2.00,0,NONE
2415,37.2885491667,127.1066435000,-89.259,-47.626,0.000,0.000,0.000,1,9,2.00,0,NONE
2416,37.2885485000,127.1066456667,-89.067,-47.701,0.000,0.000,0.000,1,9,2.00,0,NONE
2417,37.2885476667,127.1066480000,-88.860,-47.793,0.000,0.000,0.000,1,9,2.00,0,NONE
2418,37.2885470000,127.1066501667,-88.668,-47.868,0.000,0.000,0.000,1,9,2.00,0,NONE
2419,37.2885458333,127.1066523333,-88.477,-47.997,0.000,0.000,0.000,1,9,2.00,0,NONE
2420,37.2885446667,127.1066545000,-88.285,-48.127,0.000,0.000,0.000,1,9,2.00,0,NONE
2421,37.2885436667,127.1066566667,-88.093,-48.239,0.000,0.000,0.000,1,9,2.00,0,NONE
2422,37.2885426667,127.1066590000,-87.886,-48.350,0.000,0.000,0.000,1,9,2.00,0,NONE
2423,37.2885421667,127.1066613333,-87.679,-48.406,0.000,0.000,0.000,1,9,2.00,0,NONE
2424,37.2885411667,127.1066636667,-87.473,-48.517,0.000,0.000,0.000,1,9,2.00,0,NONE
2425,37.2885403333,127.1066661667,-87.251,-48.610,0.000,0.000,0.000,1,9,2.00,0,NONE
2426,37.2885395000,127.1066683333,-87.059,-48.703,0.000,0.000,0.000,1,9,2.00,0,NONE
2427,37.2885388333,127.1066710000,-86.823,-48.777,0.000,0.000,0.000,1,9,2.00,0,NONE
2428,37.2885381667,127.1066736667,-86.587,-48.851,0.000,0.000,0.000,1,9,2.00,0,NONE
2429,37.2885376667,127.1066761667,-86.366,-48.907,0.000,0.000,0.000,1,9,2.00,0,NONE
2430,37.2885370000,127.1066788333,-86.130,-48.981,0.000,0.000,0.000,1,9,2.00,0,NONE
2431,37.2885363333,127.1066811667,-85.923,-49.055,0.000,0.000,0.000,1,9,2.00,0,NONE
2432,37.2885358333,127.1066833333,-85.731,-49.111,0.000,0.000,0.000,1,9,2.00,0,NONE
2433,37.2885351667,127.1066860000,-85.495,-49.185,0.000,0.000,0.000,1,9,2.00,0,NONE
2434,37.2885346667,127.1066885000,-85.273,-49.241,0.000,0.000,0.000,1,9,2.00,0,NONE
2435,37.2885341667,127.1066910000,-85.052,-49.296,0.000,0.000,0.000,1,9,2.00,0,NONE
2436,37.2885333333,127.1066933333,-84.845,-49.389,0.000,0.000,0.000,1,9,2.00,0,NONE
2437,37.2885323333,127.1066956667,-84.639,-49.500,0.000,0.000,0.000,1,9,2.00,0,NONE
2438,37.2885313333,127.1066980000,-84.432,-49.612,0.000,0.000,0.000,1,9,2.00,0,NONE
2439,37.2885305000,127.1067005000,-84.211,-49.704,0.000,0.000,0.000,1,9,2.00,0,NONE
2440,37.2885298333,127.1067030000,-83.989,-49.779,0.000,0.000,0.000,1,9,2.00,0,NONE
2441,37.2885290000,127.1067053333,-83.783,-49.871,0.000,0.000,0.000,1,9,2.00,0,NONE
2442,37.2885281667,127.1067078333,-83.561,-49.964,0.000,0.000,0.000,1,9,2.00,0,NONE
2443,37.2885271667,127.1067101667,-83.355,-50.075,0.000,0.000,0.000,1,9,2.00,0,NONE
2444,37.2885265000,127.1067125000,-83.148,-50.150,0.000,0.000,0.000,1,9,2.00,0,NONE
2445,37.2885256667,127.1067150000,-82.926,-50.242,0.000,0.000,0.000,1,9,2.00,0,NONE
2446,37.2885251667,127.1067175000,-82.705,-50.298,0.000,0.000,0.000,1,9,2.00,0,NONE
2447,37.2885243333,127.1067198333,-82.498,-50.391,0.000,0.000,0.000,1,9,2.00,0,NONE
2448,37.2885233333,127.1067223333,-82.277,-50.502,0.000,0.000,0.000,1,9,2.00,0,NONE
2449,37.2885226667,127.1067246667,-82.070,-50.576,0.000,0.000,0.000,1,9,2.00,0,NONE
2450,37.2885218333,127.1067273333,-81.834,-50.669,0.000,0.000,0.000,1,9,2.00,0,NONE
2451,37.2885213333,127.1067298333,-81.613,-50.725,0.000,0.000,0.000,1,9,2.00,0,NONE
2452,37.2885205000,127.1067323333,-81.391,-50.818,0.000,0.000,0.000,1,9,2.00,0,NONE
2453,37.2885195000,127.1067348333,-81.170,-50.929,0.000,0.000,0.000,1,9,2.00,0,NONE
2454,37.2885186667,127.1067373333,-80.948,-51.022,0.000,0.000,0.000,1,9,2.00,0,NONE
2455,37.2885178333,127.1067396667,-80.742,-51.114,0.000,0.000,0.000,1,9,2.00,0,NONE
2456,37.2885170000,127.1067420000,-80.535,-51.207,0.000,0.000,0.000,1,9,2.00,0,NONE
2457,37.2885160000,127.1067443333,-80.329,-51.319,0.000,0.000,0.000,1,9,2.00,0,NONE
2458,37.2885151667,127.1067468333,-80.107,-51.411,0.000,0.000,0.000,1,9,2.00,0,NONE
2459,37.2885141667,127.1067493333,-79.886,-51.523,0.000,0.000,0.000,1,9,2.00,0,NONE
2460,37.2885133333,127.1067518333,-79.664,-51.615,0.000,0.000,0.000,1,9,2.00,0,NONE
2461,37.2885125000,127.1067545000,-79.428,-51.708,0.000,0.000,0.000,1,9,2.00,0,NONE
2462,37.2885113333,127.1067583333,-79.089,-51.838,0.000,0.000,0.000,1,9,2.00,0,NONE
2463,37.2885105000,127.1067608333,-78.867,-51.931,0.000,0.000,0.000,1,9,2.00,0,NONE
2464,37.2885095000,127.1067633333,-78.646,-52.042,0.000,0.000,0.000,1,9,2.00,0,NONE
2465,37.2885086667,127.1067656667,-78.439,-52.135,0.000,0.000,0.000,1,9,2.00,0,NONE
2466,37.2885080000,127.1067680000,-78.232,-52.209,0.000,0.000,0.000,1,9,2.00,0,NONE
2467,37.2885071667,127.1067706667,-77.996,-52.302,0.000,0.000,0.000,1,9,2.00,0,NONE
2468,37.2885065000,127.1067733333,-77.760,-52.376,0.000,0.000,0.000,1,9,2.00,0,NONE
2469,37.2885055000,127.1067756667,-77.553,-52.487,0.000,0.000,0.000,1,9,2.00,0,NONE
2470,37.2885045000,127.1067781667,-77.332,-52.599,0.000,0.000,0.000,1,9,2.00,0,NONE
2471,37.2885036667,127.1067808333,-77.096,-52.691,0.000,0.000,0.000,1,9,2.00,0,NONE
2472,37.2885028333,127.1067833333,-76.874,-52.784,0.000,0.000,0.000,1,9,2.00,0,NONE
2473,37.2885023333,127.1067860000,-76.638,-52.840,0.000,0.000,0.000,1,9,2.00,0,NONE
2474,37.2885015000,127.1067885000,-76.417,-52.933,0.000,0.000,0.000,1,9,2.00,0,NONE
2475,37.2885006667,127.1067910000,-76.195,-53.025,0.000,0.000,0.000,1,9,2.00,0,NONE
2476,37.2884996667,127.1067931667,-76.004,-53.137,0.000,0.000,0.000,1,9,2.00,0,NONE
2477,37.2884988333,127.1067956667,-75.782,-53.230,0.000,0.000,0.000,1,9,2.00,0,NONE
2478,37.2884980000,127.1067981667,-75.561,-53.322,0.000,0.000,0.000,1,9,2.00,0,NONE
2479,37.2884973333,127.1068006667,-75.339,-53.396,0.000,0.000,0.000,1,9,2.00,0,NONE
2480,37.2884965000,127.1068031667,-75.118,-53.489,0.000,0.000,0.000,1,9,2.00,0,NONE
2481,37.2884955000,127.1068056667,-74.897,-53.601,0.000,0.000,0.000,1,9,2.00,0,NONE
2482,37.2884943333,127.1068080000,-74.690,-53.730,0.000,0.000,0.000,1,9,2.00,0,NONE
2483,37.2884936667,127.1068103333,-74.483,-53.805,0.000,0.000,0.000,1,9,2.00,0,NONE
2484,37.2884928333,127.1068130000,-74.247,-53.897,0.000,0.000,0.000,1,9,2.00,0,NONE
2485,37.2884921667,127.1068153333,-74.040,-53.972,0.000,0.000,0.000,1,9,2.00,0,NONE
2486,37.2884910000,127.1068180000,-73.804,-54.102,0.000,0.000,0.000,1,9,2.00,0,NONE
2487,37.2884900000,127.1068203333,-73.598,-54.213,0.000,0.000,0.000,1,9,2.00,0,NONE
2488,37.2884891667,127.1068228333,-73.376,-54.306,0.000,0.000,0.000,1,9,2.00,0,NONE
2489,37.2884883333,127.1068255000,-73.140,-54.398,0.000,0.000,0.000,1,9,2.00,0,NONE
2490,37.2884878333,127.1068281667,-72.904,-54.454,0.000,0.000,0.000,1,9,2.00,0,NONE
2491,37.2884870000,127.1068308333,-72.668,-54.547,0.000,0.000,0.000,1,9,2.00,0,NONE
2492,37.2884861667,127.1068336667,-72.417,-54.640,0.000,0.000,0.000,1,9,2.00,0,NONE
2493,37.2884853333,127.1068363333,-72.181,-54.732,0.000,0.000,0.000,1,9,2.00,0,NONE
2494,37.2884845000,127.1068390000,-71.944,-54.825,0.000,0.000,0.000,1,9,2.00,0,NONE
2495,37.2884840000,127.1068418333,-71.693,-54.881,0.000,0.000,0.000,1,9,2.00,0,NONE
2496,37.2884831667,127.1068443333,-71.472,-54.974,0.000,0.000,0.000,1,9,2.00,0,NONE
2497,37.2884823333,127.1068471667,-71.221,-55.066,0.000,0.000,0.000,1,9,2.00,0,NONE
2498,37.2884815000,127.1068498333,-70.985,-55.159,0.000,0.000,0.000,1,9,2.00,0,NONE
2499,37.2884806667,127.1068526667,-70.734,-55.252,0.000,0.000,0.000,1,9,2.00,0,NONE
2500,37.2884798333,127.1068553333,-70.498,-55.345,0.000,0.000,0.000,1,9,2.00,0,NONE
2501,37.2884791667,127.1068581667,-70.247,-55.419,0.000,0.000,0.000,1,9,2.00,0,NONE
2502,37.2884783333,127.1068608333,-70.011,-55.512,0.000,0.000,0.000,1,9,2.00,0,NONE
2503,37.2884773333,127.1068636667,-69.760,-55.623,0.000,0.000,0.000,1,9,2.00,0,NONE
2504,37.2884761667,127.1068663333,-69.524,-55.753,0.000,0.000,0.000,1,9,2.00,0,NONE
2505,37.2884753333,127.1068690000,-69.287,-55.846,0.000,0.000,0.000,1,9,2.00,0,NONE
2506,37.2884745000,127.1068718333,-69.036,-55.938,0.000,0.000,0.000,1,9,2.00,0,NONE
2507,37.2884735000,127.1068743333,-68.815,-56.050,0.000,0.000,0.000,1,9,2.00,0,NONE
2508,37.2884723333,127.1068771667,-68.564,-56.179,0.000,0.000,0.000,1,9,2.00,0,NONE
2509,37.2884713333,127.1068796667,-68.343,-56.291,0.000,0.000,0.000,1,9,2.00,0,NONE
2510,37.2884701667,127.1068821667,-68.121,-56.421,0.000,0.000,0.000,1,9,2.00,0,NONE
2511,37.2884693333,127.1068848333,-67.885,-56.513,0.000,0.000,0.000,1,9,2.00,0,NONE
2512,37.2884683333,127.1068875000,-67.649,-56.625,0.000,0.000,0.000,1,9,2.00,0,NONE
2513,37.2884673333,127.1068901667,-67.413,-56.736,0.000,0.000,0.000,1,9,2.00,0,NONE
2514,37.2884663333,127.1068930000,-67.162,-56.847,0.000,0.000,0.000,1,9,2.00,0,NONE
2515,37.2884653333,127.1068958333,-66.911,-56.959,0.000,0.000,0.000,1,9,2.00,0,NONE
2516,37.2884643333,127.1068985000,-66.675,-57.070,0.000,0.000,0.000,1,9,2.00,0,NONE
2517,37.2884633333,127.1069015000,-66.409,-57.181,0.000,0.000,0.000,1,9,2.00,0,NONE
2518,37.2884623333,127.1069040000,-66.188,-57.293,0.000,0.000,0.000,1,9,2.00,0,NONE
2519,37.2884613333,127.1069070000,-65.922,-57.404,0.000,0.000,0.000,1,9,2.00,0,NONE
2520,37.2884605000,127.1069096667,-65.686,-57.497,0.000,0.000,0.000,1,9,2.00,0,NONE
2521,37.2884596667,127.1069123333,-65.450,-57.590,0.000,0.000,0.000,1,9,2.00,0,NONE
2522,37.2884588333,127.1069151667,-65.199,-57.682,0.000,0.000,0.000,1,9,2.00,0,NONE
2523,37.2884580000,127.1069178333,-64.962,-57.775,0.000,0.000,0.000,1,9,2.00,0,NONE
2524,37.2884571667,127.1069203333,-64.741,-57.868,0.000,0.000,0.000,1,9,2.00,0,NONE
2525,37.2884561667,127.1069228333,-64.520,-57.979,0.000,0.000,0.000,1,9,2.00,0,NONE
2526,37.2884553333,127.1069255000,-64.283,-58.072,0.000,0.000,0.000,1,9,2.00,0,NONE
2527,37.2884545000,127.1069281667,-64.047,-58.165,0.000,0.000,0.000,1,9,2.00,0,NONE
2528,37.2884538333,127.1069310000,-63.796,-58.239,0.000,0.000,0.000,1,9,2.00,0,NONE
2529,37.2884530000,127.1069336667,-63.560,-58.332,0.000,0.000,0.000,1,9,2.00,0,NONE
2530,37.2884521667,127.1069363333,-63.324,-58.424,0.000,0.000,0.000,1,9,2.00,0,NONE
2531,37.2884510000,127.1069390000,-63.088,-58.554,0.000,0.000,0.000,1,9,2.00,0,NONE
2532,37.2884503333,127.1069418333,-62.837,-58.629,0.000,0.000,0.000,1,9,2.00,0,NONE
2533,37.2884495000,127.1069448333,-62.571,-58.721,0.000,0.000,0.000,1,9,2.00,0,NONE
2534,37.2884486667,127.1069475000,-62.335,-58.814,0.000,0.000,0.000,1,9,2.00,0,NONE
2535,37.2884476667,127.1069505000,-62.069,-58.925,0.000,0.000,0.000,1,9,2.00,0,NONE
2536,37.2884466667,127.1069530000,-61.848,-59.037,0.000,0.000,0.000,1,9,2.00,0,NONE
2537,37.2884458333,127.1069556667,-61.612,-59.129,0.000,0.000,0.000,1,9,2.00,0,NONE
2538,37.2884450000,127.1069583333,-61.376,-59.222,0.000,0.000,0.000,1,9,2.00,0,NONE
2539,37.2884440000,127.1069611667,-61.125,-59.334,0.000,0.000,0.000,1,9,2.00,0,NONE
2540,37.2884428333,127.1069640000,-60.874,-59.463,0.000,0.000,0.000,1,9,2.00,0,NONE
2541,37.2884418333,127.1069668333,-60.623,-59.575,0.000,0.000,0.000,1,9,2.00,0,NONE
2542,37.2884406667,127.1069695000,-60.387,-59.705,0.000,0.000,0.000,1,9,2.00,0,NONE
2543,37.2884398333,127.1069721667,-60.150,-59.797,0.000,0.000,0.000,1,9,2.00,0,NONE
2544,37.2884390000,127.1069750000,-59.900,-59.890,0.000,0.000,0.000,1,9,2.00,0,NONE
2545,37.2884380000,127.1069778333,-59.649,-60.001,0.000,0.000,0.000,1,9,2.00,0,NONE
2546,37.2884373333,127.1069793333,-59.516,-60.076,0.000,0.000,0.000,1,9,2.00,0,NONE
2547,37.2884365000,127.1069820000,-59.280,-60.168,0.000,0.000,0.000,1,9,2.00,0,NONE
2548,37.2884356667,127.1069848333,-59.029,-60.261,0.000,0.000,0.000,1,9,2.00,0,NONE
2549,37.2884348333,127.1069878333,-58.763,-60.354,0.000,0.000,0.000,1,9,2.00,0,NONE
2550,37.2884340000,127.1069906667,-58.512,-60.447,0.000,0.000,0.000,1,9,2.00,0,NONE
2551,37.2884331667,127.1069933333,-58.276,-60.540,0.000,0.000,0.000,1,9,2.00,0,NONE
2552,37.2884321667,127.1069958333,-58.054,-60.651,0.000,0.000,0.000,1,9,2.00,0,NONE
2553,37.2884311667,127.1069986667,-57.803,-60.762,0.000,0.000,0.000,1,9,2.00,0,NONE
2554,37.2884303333,127.1070015000,-57.553,-60.855,0.000,0.000,0.000,1,9,2.00,0,NONE
2555,37.2884296667,127.1070043333,-57.302,-60.929,0.000,0.000,0.000,1,9,2.00,0,NONE
2556,37.2884286667,127.1070070000,-57.065,-61.040,0.000,0.000,0.000,1,9,2.00,0,NONE
2557,37.2884276667,127.1070096667,-56.829,-61.152,0.000,0.000,0.000,1,9,2.00,0,NONE
2558,37.2884265000,127.1070125000,-56.578,-61.282,0.000,0.000,0.000,1,9,2.00,0,NONE
2559,37.2884256667,127.1070150000,-56.357,-61.374,0.000,0.000,0.000,1,9,2.00,0,NONE
2560,37.2884246667,127.1070178333,-56.106,-61.486,0.000,0.000,0.000,1,9,2.00,0,NONE
2561,37.2884238333,127.1070206667,-55.855,-61.579,0.000,0.000,0.000,1,9,2.00,0,NONE
2562,37.2884230000,127.1070231667,-55.634,-61.671,0.000,0.000,0.000,1,9,2.00,0,NONE
2563,37.2884221667,127.1070258333,-55.397,-61.764,0.000,0.000,0.000,1,9,2.00,0,NONE
2564,37.2884213333,127.1070285000,-55.161,-61.857,0.000,0.000,0.000,1,9,2.00,0,NONE
2565,37.2884203333,127.1070313333,-54.910,-61.968,0.000,0.000,0.000,1,9,2.00,0,NONE
2566,37.2884196667,127.1070343333,-54.645,-62.042,0.000,0.000,0.000,1,9,2.00,0,NONE
2567,37.2884188333,127.1070370000,-54.408,-62.135,0.000,0.000,0.000,1,9,2.00,0,NONE
2568,37.2884178333,127.1070400000,-54.143,-62.246,0.000,0.000,0.000,1,9,2.00,0,NONE
2569,37.2884168333,127.1070426667,-53.907,-62.358,0.000,0.000,0.000,1,9,2.00,0,NONE
2570,37.2884161667,127.1070455000,-53.656,-62.432,0.000,0.000,0.000,1,9,2.00,0,NONE
2571,37.2884155000,127.1070483333,-53.405,-62.506,0.000,0.000,0.000,1,9,2.00,0,NONE
2572,37.2884146667,127.1070511667,-53.154,-62.599,0.000,0.000,0.000,1,9,2.00,0,NONE
2573,37.2884138333,127.1070540000,-52.903,-62.692,0.000,0.000,0.000,1,9,2.00,0,NONE
2574,37.2884128333,127.1070566667,-52.667,-62.803,0.000,0.000,0.000,1,9,2.00,0,NONE
2575,37.2884120000,127.1070595000,-52.416,-62.896,0.000,0.000,0.000,1,9,2.00,0,NONE
2576,37.2884111667,127.1070623333,-52.165,-62.989,0.000,0.000,0.000,1,9,2.00,0,NONE
2577,37.2884103333,127.1070650000,-51.929,-63.081,0.000,0.000,0.000,1,9,2.00,0,NONE
2578,37.2884093333,127.1070676667,-51.692,-63.193,0.000,0.000,0.000,1,9,2.00,0,NONE
2579,37.2884086667,127.1070691667,-51.560,-63.267,0.000,0.000,0.000,1,9,2.00,0,NONE
2580,37.2884076667,127.1070716667,-51.338,-63.378,0.000,0.000,0.000,1,9,2.00,0,NONE
2581,37.2884068333,127.1070743333,-51.102,-63.471,0.000,0.000,0.000,1,9,2.00,0,NONE
2582,37.2884060000,127.1070771667,-50.851,-63.564,0.000,0.000,0.000,1,9,2.00,0,NONE
2583,37.2884053333,127.1070798333,-50.615,-63.638,0.000,0.000,0.000,1,9,2.00,0,NONE
2584,37.2884045000,127.1070825000,-50.379,-63.731,0.000,0.000,0.000,1,9,2.00,0,NONE
2585,37.2884036667,127.1070853333,-50.128,-63.823,0.000,0.000,0.000,1,9,2.00,0,NONE
2586,37.2884026667,127.1070881667,-49.877,-63.935,0.000,0.000,0.000,1,9,2.00,0,NONE
2587,37.2884018333,127.1070908333,-49.641,-64.028,0.000,0.000,0.000,1,9,2.00,0,NONE
2588,37.2884010000,127.1070936667,-49.390,-64.120,0.000,0.000,0.000,1,9,2.00,0,NONE
2589,37.2884001667,127.1070965000,-49.139,-64.213,0.000,0.000,0.000,1,9,2.00,0,NONE
2590,37.2883991667,127.1070991667,-48.903,-64.324,0.000,0.000,0.000,1,9,2.00,0,NONE
2591,37.2883983333,127.1071020000,-48.652,-64.417,0.000,0.000,0.000,1,9,2.00,0,NONE
2592,37.2883975000,127.1071046667,-48.416,-64.510,0.000,0.000,0.000,1,9,2.00,0,NONE
2593,37.2883966667,127.1071075000,-48.165,-64.603,0.000,0.000,0.000,1,9,2.00,0,NONE
2594,37.2883958333,127.1071101667,-47.928,-64.695,0.000,0.000,0.000,1,9,2.00,0,NONE
2595,37.2883948333,127.1071128333,-47.692,-64.807,0.000,0.000,0.000,1,9,2.00,0,NONE
2596,37.2883936667,127.1071153333,-47.471,-64.937,0.000,0.000,0.000,1,9,2.00,0,NONE
2597,37.2883930000,127.1071168333,-47.338,-65.011,0.000,0.000,0.000,1,9,2.00,0,NONE
2598,37.2883921667,127.1071195000,-47.102,-65.104,0.000,0.000,0.000,1,9,2.00,0,NONE
2599,37.2883913333,127.1071225000,-46.836,-65.196,0.000,0.000,0.000,1,9,2.00,0,NONE
2600,37.2883903333,127.1071251667,-46.600,-65.308,0.000,0.000,0.000,1,9,2.00,0,NONE
2601,37.2883893333,127.1071278333,-46.364,-65.419,0.000,0.000,0.000,1,9,2.00,0,NONE
2602,37.2883883333,127.1071305000,-46.128,-65.530,0.000,0.000,0.000,1,9,2.00,0,NONE
2603,37.2883875000,127.1071335000,-45.862,-65.623,0.000,0.000,0.000,1,9,2.00,0,NONE
2604,37.2883865000,127.1071363333,-45.611,-65.734,0.000,0.000,0.000,1,9,2.00,0,NONE
2605,37.2883858333,127.1071391667,-45.360,-65.809,0.000,0.000,0.000,1,9,2.00,0,NONE
2606,37.2883850000,127.1071416667,-45.139,-65.901,0.000,0.000,0.000,1,9,2.00,0,NONE
2607,37.2883841667,127.1071443333,-44.902,-65.994,0.000,0.000,0.000,1,9,2.00,0,NONE
2608,37.2883831667,127.1071470000,-44.666,-66.106,0.000,0.000,0.000,1,9,2.00,0,NONE
2609,37.2883825000,127.1071496667,-44.430,-66.180,0.000,0.000,0.000,1,9,2.00,0,NONE
2610,37.2883816667,127.1071523333,-44.194,-66.273,0.000,0.000,0.000,1,9,2.00,0,NONE
2611,37.2883806667,127.1071550000,-43.958,-66.384,0.000,0.000,0.000,1,9,2.00,0,NONE
2612,37.2883796667,127.1071578333,-43.707,-66.495,0.000,0.000,0.000,1,9,2.00,0,NONE
2613,37.2883783333,127.1071603333,-43.485,-66.644,0.000,0.000,0.000,1,9,2.00,0,NONE
2614,37.2883775000,127.1071630000,-43.249,-66.736,0.000,0.000,0.000,1,9,2.00,0,NONE
2615,37.2883766667,127.1071656667,-43.013,-66.829,0.000,0.000,0.000,1,9,2.00,0,NONE
2616,37.2883758333,127.1071683333,-42.777,-66.922,0.000,0.000,0.000,1,9,2.00,0,NONE
2617,37.2883746667,127.1071708333,-42.556,-67.052,0.000,0.000,0.000,1,9,2.00,0,NONE
2618,37.2883738333,127.1071731667,-42.349,-67.145,0.000,0.000,0.000,1,9,2.00,0,NONE
2619,37.2883728333,127.1071760000,-42.098,-67.256,0.000,0.000,0.000,1,9,2.00,0,NONE
2620,37.2883720000,127.1071786667,-41.862,-67.349,0.000,0.000,0.000,1,9,2.00,0,NONE
2621,37.2883711667,127.1071815000,-41.611,-67.441,0.000,0.000,0.000,1,9,2.00,0,NONE
2622,37.2883705000,127.1071841667,-41.375,-67.516,0.000,0.000,0.000,1,9,2.00,0,NONE
2623,37.2883695000,127.1071868333,-41.138,-67.627,0.000,0.000,0.000,1,9,2.00,0,NONE
2624,37.2883683333,127.1071895000,-40.902,-67.757,0.000,0.000,0.000,1,9,2.00,0,NONE
2625,37.2883675000,127.1071923333,-40.651,-67.850,0.000,0.000,0.000,1,9,2.00,0,NONE
2626,37.2883666667,127.1071950000,-40.415,-67.942,0.000,0.000,0.000,1,9,2.00,0,NONE
2627,37.2883658333,127.1071978333,-40.164,-68.035,0.000,0.000,0.000,1,9,2.00,0,NONE
2628,37.2883648333,127.1072001667,-39.958,-68.146,0.000,0.000,0.000,1,9,2.00,0,NONE
2629,37.2883638333,127.1072030000,-39.707,-68.258,0.000,0.000,0.000,1,9,2.00,0,NONE
2630,37.2883630000,127.1072056667,-39.471,-68.350,0.000,0.000,0.000,1,9,2.00,0,NONE
2631,37.2883621667,127.1072085000,-39.220,-68.443,0.000,0.000,0.000,1,9,2.00,0,NONE
2632,37.2883613333,127.1072111667,-38.983,-68.536,0.000,0.000,0.000,1,9,2.00,0,NONE
2633,37.2883603333,127.1072138333,-38.747,-68.647,0.000,0.000,0.000,1,9,2.00,0,NONE
2634,37.2883593333,127.1072165000,-38.511,-68.759,0.000,0.000,0.000,1,9,2.00,0,NONE
2635,37.2883583333,127.1072190000,-38.290,-68.870,0.000,0.000,0.000,1,9,2.00,0,NONE
2636,37.2883576667,127.1072215000,-38.068,-68.944,0.000,0.000,0.000,1,9,2.00,0,NONE
2637,37.2883566667,127.1072243333,-37.817,-69.056,0.000,0.000,0.000,1,9,2.00,0,NONE
2638,37.2883556667,127.1072270000,-37.581,-69.167,0.000,0.000,0.000,1,9,2.00,0,NONE
2639,37.2883546667,127.1072296667,-37.345,-69.278,0.000,0.000,0.000,1,9,2.00,0,NONE
2640,37.2883535000,127.1072321667,-37.124,-69.408,0.000,0.000,0.000,1,9,2.00,0,NONE
2641,37.2883526667,127.1072348333,-36.887,-69.501,0.000,0.000,0.000,1,9,2.00,0,NONE
2642,37.2883520000,127.1072375000,-36.651,-69.575,0.000,0.000,0.000,1,9,2.00,0,NONE
2643,37.2883513333,127.1072401667,-36.415,-69.649,0.000,0.000,0.000,1,9,2.00,0,NONE
2644,37.2883503333,127.1072428333,-36.179,-69.761,0.000,0.000,0.000,1,9,2.00,0,NONE
2645,37.2883493333,127.1072455000,-35.943,-69.872,0.000,0.000,0.000,1,9,2.00,0,NONE
2646,37.2883486667,127.1072483333,-35.692,-69.946,0.000,0.000,0.000,1,9,2.00,0,NONE
2647,37.2883478333,127.1072510000,-35.456,-70.039,0.000,0.000,0.000,1,9,2.00,0,NONE
2648,37.2883470000,127.1072538333,-35.205,-70.132,0.000,0.000,0.000,1,9,2.00,0,NONE
2649,37.2883461667,127.1072563333,-34.983,-70.224,0.000,0.000,0.000,1,9,2.00,0,NONE
2650,37.2883451667,127.1072586667,-34.777,-70.336,0.000,0.000,0.000,1,9,2.00,0,NONE
2651,37.2883443333,127.1072611667,-34.555,-70.428,0.000,0.000,0.000,1,9,2.00,0,NONE
2652,37.2883438333,127.1072636667,-34.334,-70.484,0.000,0.000,0.000,1,9,2.00,0,NONE
2653,37.2883433333,127.1072660000,-34.127,-70.540,0.000,0.000,0.000,1,9,2.00,0,NONE
2654,37.2883428333,127.1072681667,-33.935,-70.595,0.000,0.000,0.000,1,9,2.00,0,NONE
2655,37.2883421667,127.1072705000,-33.729,-70.670,0.000,0.000,0.000,1,9,2.00,0,NONE
2656,37.2883413333,127.1072730000,-33.507,-70.762,0.000,0.000,0.000,1,9,2.00,0,NONE
2657,37.2883408333,127.1072751667,-33.315,-70.818,0.000,0.000,0.000,1,9,2.00,0,NONE
2658,37.2883403333,127.1072775000,-33.109,-70.874,0.000,0.000,0.000,1,9,2.00,0,NONE
2659,37.2883400000,127.1072798333,-32.902,-70.911,0.000,0.000,0.000,1,9,2.00,0,NONE
2660,37.2883395000,127.1072818333,-32.725,-70.967,0.000,0.000,0.000,1,9,2.00,0,NONE
2661,37.2883388333,127.1072841667,-32.518,-71.041,0.000,0.000,0.000,1,9,2.00,0,NONE
2662,37.2883383333,127.1072861667,-32.341,-71.096,0.000,0.000,0.000,1,9,2.00,0,NONE
2663,37.2883378333,127.1072881667,-32.164,-71.152,0.000,0.000,0.000,1,9,2.00,0,NONE
2664,37.2883373333,127.1072900000,-32.002,-71.208,0.000,0.000,0.000,1,9,2.00,0,NONE
2665,37.2883371667,127.1072920000,-31.824,-71.226,0.000,0.000,0.000,1,9,2.00,0,NONE
2666,37.2883368333,127.1072940000,-31.647,-71.263,0.000,0.000,0.000,1,9,2.00,0,NONE
2667,37.2883361667,127.1072956667,-31.500,-71.338,0.000,0.000,0.000,1,9,2.00,0,NONE
2668,37.2883356667,127.1072966667,-31.411,-71.393,0.000,0.000,0.000,1,10,2.00,0,NONE
2669,37.2883353333,127.1072983333,-31.263,-71.430,0.000,0.000,0.000,1,10,2.00,0,NONE
2670,37.2883358333,127.1073001667,-31.101,-71.375,0.000,0.000,0.000,1,10,2.00,0,NONE
2671,37.2883360000,127.1073023333,-30.909,-71.356,0.000,0.000,0.000,1,10,2.00,0,NONE
2672,37.2883356667,127.1073046667,-30.703,-71.393,0.000,0.000,0.000,1,10,2.00,0,NONE
2673,37.2883353333,127.1073066667,-30.525,-71.430,0.000,0.000,0.000,1,10,2.00,0,NONE
2674,37.2883353333,127.1073088333,-30.334,-71.430,0.000,0.000,0.000,1,10,2.00,0,NONE
2675,37.2883355000,127.1073108333,-30.156,-71.412,0.000,0.000,0.000,1,10,2.00,0,NONE
2676,37.2883355000,127.1073128333,-29.979,-71.412,0.000,0.000,0.000,1,10,2.00,0,NONE
2677,37.2883355000,127.1073150000,-29.787,-71.412,0.000,0.000,0.000,1,10,2.00,0,NONE
2678,37.2883353333,127.1073168333,-29.625,-71.430,0.000,0.000,0.000,1,10,2.00,0,NONE
2679,37.2883353333,127.1073188333,-29.448,-71.430,0.000,0.000,0.000,1,10,2.00,0,NONE
2680,37.2883355000,127.1073211667,-29.241,-71.412,0.000,0.000,0.000,1,10,2.00,0,NONE
2681,37.2883360000,127.1073235000,-29.035,-71.356,0.000,0.000,0.000,1,10,2.00,0,NONE
2682,37.2883366667,127.1073256667,-28.843,-71.282,0.000,0.000,0.000,1,10,2.00,0,NONE
2683,37.2883371667,127.1073281667,-28.621,-71.226,0.000,0.000,0.000,1,10,2.00,0,NONE
2684,37.2883376667,127.1073305000,-28.415,-71.171,0.000,0.000,0.000,1,10,2.00,0,NONE
2685,37.2883381667,127.1073330000,-28.193,-71.115,0.000,0.000,0.000,1,10,2.00,0,NONE
2686,37.2883391667,127.1073353333,-27.987,-71.004,0.000,0.000,0.000,1,10,2.00,0,NONE
2687,37.2883401667,127.1073376667,-27.780,-70.892,0.000,0.000,0.000,1,10,2.00,0,NONE
2688,37.2883411667,127.1073398333,-27.588,-70.781,0.000,0.000,0.000,1,10,2.00,0,NONE
2689,37.2883421667,127.1073420000,-27.396,-70.670,0.000,0.000,0.000,1,10,2.00,0,NONE
2690,37.2883431667,127.1073441667,-27.204,-70.558,0.000,0.000,0.000,1,10,2.00,0,NONE
2691,37.2883440000,127.1073465000,-26.998,-70.466,0.000,0.000,0.000,1,10,2.00,0,NONE
2692,37.2883450000,127.1073485000,-26.820,-70.354,0.000,0.000,0.000,1,10,2.00,0,NONE
2693,37.2883463333,127.1073505000,-26.643,-70.206,0.000,0.000,0.000,1,10,2.00,0,NONE
2694,37.2883476667,127.1073523333,-26.481,-70.057,0.000,0.000,0.000,1,10,2.00,0,NONE
2695,37.2883488333,127.1073543333,-26.304,-69.928,0.000,0.000,0.000,1,10,2.00,0,NONE
2696,37.2883500000,127.1073565000,-26.112,-69.798,0.000,0.000,0.000,1,10,2.00,0,NONE
2697,37.2883511667,127.1073586667,-25.920,-69.668,0.000,0.000,0.000,1,10,2.00,0,NONE
2698,37.2883525000,127.1073606667,-25.743,-69.519,0.000,0.000,0.000,1,10,2.00,0,NONE
2699,37.2883538333,127.1073625000,-25.581,-69.371,0.000,0.000,0.000,1,10,2.00,0,NONE
2700,37.2883553333,127.1073645000,-25.403,-69.204,0.000,0.000,0.000,1,10,2.00,0,NONE
2701,37.2883565000,127.1073665000,-25.226,-69.074,0.000,0.000,0.000,1,10,2.00,0,NONE
2702,37.2883580000,127.1073685000,-25.049,-68.907,0.000,0.000,0.000,1,10,2.00,0,NONE
2703,37.2883591667,127.1073703333,-24.887,-68.777,0.000,0.000,0.000,1,10,2.00,0,NONE
2704,37.2883606667,127.1073720000,-24.739,-68.610,0.000,0.000,0.000,1,10,2.00,0,NONE
2705,37.2883623333,127.1073736667,-24.592,-68.425,0.000,0.000,0.000,1,10,2.00,0,NONE
2706,37.2883636667,127.1073755000,-24.429,-68.276,0.000,0.000,0.000,1,10,2.00,0,NONE
2707,37.2883651667,127.1073771667,-24.282,-68.109,0.000,0.000,0.000,1,10,2.00,0,NONE
2708,37.2883668333,127.1073788333,-24.134,-67.924,0.000,0.000,0.000,1,10,2.00,0,NONE
2709,37.2883683333,127.1073803333,-24.001,-67.757,0.000,0.000,0.000,1,10,2.00,0,NONE
2710,37.2883698333,127.1073815000,-23.898,-67.590,0.000,0.000,0.000,1,10,2.00,0,NONE
2711,37.2883718333,127.1073823333,-23.824,-67.367,0.000,0.000,0.000,1,10,2.00,0,NONE
2712,37.2883733333,127.1073836667,-23.706,-67.200,0.000,0.000,0.000,1,10,2.00,0,NONE
2713,37.2883748333,127.1073851667,-23.573,-67.033,0.000,0.000,0.000,1,10,2.00,0,NONE
2714,37.2883763333,127.1073865000,-23.455,-66.866,0.000,0.000,0.000,1,10,2.00,0,NONE
2715,37.2883780000,127.1073880000,-23.322,-66.681,0.000,0.000,0.000,1,10,2.00,0,NONE
2716,37.2883796667,127.1073891667,-23.219,-66.495,0.000,0.000,0.000,1,10,2.00,0,NONE
2717,37.2883815000,127.1073903333,-23.115,-66.291,0.000,0.000,0.000,1,10,2.00,0,NONE
2718,37.2883833333,127.1073916667,-22.997,-66.087,0.000,0.000,0.000,1,10,2.00,0,NONE
2719,37.2883850000,127.1073930000,-22.879,-65.901,0.000,0.000,0.000,1,10,2.00,0,NONE
2720,37.2883868333,127.1073945000,-22.746,-65.697,0.000,0.000,0.000,1,10,2.00,0,NONE
2721,37.2883886667,127.1073958333,-22.628,-65.493,0.000,0.000,0.000,1,10,2.00,0,NONE
2722,37.2883905000,127.1073968333,-22.540,-65.289,0.000,0.000,0.000,1,10,2.00,0,NONE
2723,37.2883925000,127.1073976667,-22.466,-65.067,0.000,0.000,0.000,1,10,2.00,0,NONE
2724,37.2883943333,127.1073988333,-22.363,-64.862,0.000,0.000,0.000,1,10,2.00,0,NONE
2725,37.2883965000,127.1073996667,-22.289,-64.621,0.000,0.000,0.000,1,10,2.00,0,NONE
2726,37.2883981667,127.1074006667,-22.200,-64.436,0.000,0.000,0.000,1,10,2.00,0,NONE
2727,37.2884003333,127.1074010000,-22.171,-64.195,0.000,0.000,0.000,1,10,2.00,0,NONE
2728,37.2884025000,127.1074013333,-22.141,-63.953,0.000,0.000,0.000,1,10,2.00,0,NONE
2729,37.2884045000,127.1074021667,-22.067,-63.731,0.000,0.000,0.000,1,10,2.00,0,NONE
2730,37.2884068333,127.1074030000,-21.994,-63.471,0.000,0.000,0.000,1,10,2.00,0,NONE
2731,37.2884088333,127.1074036667,-21.935,-63.248,0.000,0.000,0.000,1,10,2.00,0,NONE
2732,37.2884101667,127.1074040000,-21.905,-63.100,0.000,0.000,0.000,1,10,2.00,0,NONE
2733,37.2884123333,127.1074045000,-21.861,-62.859,0.000,0.000,0.000,1,10,2.00,0,NONE
2734,37.2884146667,127.1074048333,-21.831,-62.599,0.000,0.000,0.000,1,10,2.00,0,NONE
2735,37.2884168333,127.1074053333,-21.787,-62.358,0.000,0.000,0.000,1,10,2.00,0,NONE
2736,37.2884190000,127.1074061667,-21.713,-62.117,0.000,0.000,0.000,1,10,2.00,0,NONE
2737,37.2884211667,127.1074071667,-21.625,-61.875,0.000,0.000,0.000,1,10,2.00,0,NONE
2738,37.2884233333,127.1074080000,-21.551,-61.634,0.000,0.000,0.000,1,10,2.00,0,NONE
2739,37.2884253333,127.1074088333,-21.477,-61.412,0.000,0.000,0.000,1,10,2.00,0,NONE
2740,37.2884275000,127.1074096667,-21.403,-61.170,0.000,0.000,0.000,1,10,2.00,0,NONE
2741,37.2884295000,127.1074105000,-21.329,-60.948,0.000,0.000,0.000,1,10,2.00,0,NONE
2742,37.2884316667,127.1074113333,-21.256,-60.707,0.000,0.000,0.000,1,10,2.00,0,NONE
2743,37.2884336667,127.1074123333,-21.167,-60.484,0.000,0.000,0.000,1,10,2.00,0,NONE
2744,37.2884358333,127.1074130000,-21.108,-60.243,0.000,0.000,0.000,1,10,2.00,0,NONE
2745,37.2884380000,127.1074135000,-21.064,-60.001,0.000,0.000,0.000,1,10,2.00,0,NONE
2746,37.2884401667,127.1074145000,-20.975,-59.760,0.000,0.000,0.000,1,10,2.00,0,NONE
2747,37.2884421667,127.1074156667,-20.872,-59.538,0.000,0.000,0.000,1,10,2.00,0,NONE
2748,37.2884441667,127.1074170000,-20.754,-59.315,0.000,0.000,0.000,1,10,2.00,0,NONE
2749,37.2884460000,127.1074178333,-20.680,-59.111,0.000,0.000,0.000,1,10,2.00,0,NONE
2750,37.2884480000,127.1074190000,-20.577,-58.888,0.000,0.000,0.000,1,10,2.00,0,NONE
2751,37.2884498333,127.1074200000,-20.488,-58.684,0.000,0.000,0.000,1,10,2.00,0,NONE
2752,37.2884516667,127.1074213333,-20.370,-58.480,0.000,0.000,0.000,1,10,2.00,0,NONE
2753,37.2884535000,127.1074225000,-20.267,-58.276,0.000,0.000,0.000,1,10,2.00,0,NONE
2754,37.2884553333,127.1074236667,-20.163,-58.072,0.000,0.000,0.000,1,10,2.00,0,NONE
2755,37.2884571667,127.1074248333,-20.060,-57.868,0.000,0.000,0.000,1,10,2.00,0,NONE
2756,37.2884591667,127.1074260000,-19.957,-57.645,0.000,0.000,0.000,1,10,2.00,0,NONE
2757,37.2884610000,127.1074270000,-19.868,-57.441,0.000,0.000,0.000,1,10,2.00,0,NONE
2758,37.2884628333,127.1074281667,-19.765,-57.237,0.000,0.000,0.000,1,10,2.00,0,NONE
2759,37.2884646667,127.1074295000,-19.647,-57.033,0.000,0.000,0.000,1,10,2.00,0,NONE
2760,37.2884665000,127.1074303333,-19.573,-56.829,0.000,0.000,0.000,1,10,2.00,0,NONE
2761,37.2884683333,127.1074310000,-19.514,-56.625,0.000,0.000,0.000,1,10,2.00,0,NONE
2762,37.2884703333,127.1074318333,-19.440,-56.402,0.000,0.000,0.000,1,10,2.00,0,NONE
2763,37.2884720000,127.1074326667,-19.366,-56.217,0.000,0.000,0.000,1,10,2.00,0,NONE
2764,37.2884738333,127.1074336667,-19.278,-56.013,0.000,0.000,0.000,1,10,2.00,0,NONE
2765,37.2884756667,127.1074348333,-19.174,-55.808,0.000,0.000,0.000,1,10,2.00,0,NONE
2766,37.2884775000,127.1074355000,-19.115,-55.604,0.000,0.000,0.000,1,10,2.00,0,NONE
2767,37.2884793333,127.1074360000,-19.071,-55.400,0.000,0.000,0.000,1,10,2.00,0,NONE
2768,37.2884810000,127.1074368333,-18.997,-55.215,0.000,0.000,0.000,1,10,2.00,0,NONE
2769,37.2884826667,127.1074378333,-18.909,-55.029,0.000,0.000,0.000,1,10,2.00,0,NONE
2770,37.2884846667,127.1074390000,-18.805,-54.807,0.000,0.000,0.000,1,10,2.00,0,NONE
2771,37.2884865000,127.1074398333,-18.732,-54.602,0.000,0.000,0.000,1,10,2.00,0,NONE
2772,37.2884881667,127.1074406667,-18.658,-54.417,0.000,0.000,0.000,1,10,2.00,0,NONE
2773,37.2884900000,127.1074413333,-18.599,-54.213,0.000,0.000,0.000,1,10,2.00,0,NONE
2774,37.2884918333,127.1074421667,-18.525,-54.009,0.000,0.000,0.000,1,10,2.00,0,NONE
2775,37.2884935000,127.1074431667,-18.436,-53.823,0.000,0.000,0.000,1,10,2.00,0,NONE
2776,37.2884951667,127.1074443333,-18.333,-53.638,0.000,0.000,0.000,1,10,2.00,0,NONE
2777,37.2884966667,127.1074450000,-18.274,-53.471,0.000,0.000,0.000,1,10,2.00,0,NONE
2778,37.2884981667,127.1074455000,-18.230,-53.304,0.000,0.000,0.000,1,10,2.00,0,NONE
2779,37.2884996667,127.1074460000,-18.185,-53.137,0.000,0.000,0.000,1,10,2.00,0,NONE
2780,37.2885010000,127.1074465000,-18.141,-52.988,0.000,0.000,0.000,1,10,2.00,0,NONE
2781,37.2885025000,127.1074475000,-18.053,-52.821,0.000,0.000,0.000,1,10,2.00,0,NONE
2782,37.2885040000,127.1074485000,-17.964,-52.654,0.000,0.000,0.000,1,10,2.00,0,NONE
2783,37.2885056667,127.1074498333,-17.846,-52.469,0.000,0.000,0.000,1,10,2.00,0,NONE
2784,37.2885070000,127.1074506667,-17.772,-52.320,0.000,0.000,0.000,1,10,2.00,0,NONE
2785,37.2885086667,127.1074515000,-17.698,-52.135,0.000,0.000,0.000,1,10,2.00,0,NONE
2786,37.2885101667,127.1074523333,-17.624,-51.968,0.000,0.000,0.000,1,10,2.00,0,NONE
2787,37.2885116667,127.1074535000,-17.521,-51.801,0.000,0.000,0.000,1,10,2.00,0,NONE
2788,37.2885133333,127.1074546667,-17.418,-51.615,0.000,0.000,0.000,1,10,2.00,0,NONE
2789,37.2885150000,127.1074556667,-17.329,-51.430,0.000,0.000,0.000,1,10,2.00,0,NONE
2790,37.2885166667,127.1074565000,-17.255,-51.244,0.000,0.000,0.000,1,10,2.00,0,NONE
2791,37.2885183333,127.1074570000,-17.211,-51.059,0.000,0.000,0.000,1,10,2.00,0,NONE
2792,37.2885198333,127.1074575000,-17.167,-50.892,0.000,0.000,0.000,1,10,2.00,0,NONE
2793,37.2885215000,127.1074581667,-17.108,-50.706,0.000,0.000,0.000,1,10,2.00,0,NONE
2794,37.2885231667,127.1074591667,-17.019,-50.521,0.000,0.000,0.000,1,10,2.00,0,NONE
2795,37.2885248333,127.1074600000,-16.945,-50.335,0.000,0.000,0.000,1,10,2.00,0,NONE
2796,37.2885265000,127.1074606667,-16.886,-50.150,0.000,0.000,0.000,1,10,2.00,0,NONE
2797,37.2885286667,127.1074610000,-16.857,-49.908,0.000,0.000,0.000,1,10,2.00,0,NONE
2798,37.2885306667,127.1074615000,-16.813,-49.686,0.000,0.000,0.000,1,10,2.00,0,NONE
2799,37.2885326667,127.1074620000,-16.768,-49.463,0.000,0.000,0.000,1,10,2.00,0,NONE
2800,37.2885346667,127.1074628333,-16.695,-49.241,0.000,0.000,0.000,1,10,2.00,0,NONE
2801,37.2885363333,127.1074635000,-16.635,-49.055,0.000,0.000,0.000,1,10,2.00,0,NONE
2802,37.2885381667,127.1074641667,-16.576,-48.851,0.000,0.000,0.000,1,10,2.00,0,NONE
2803,37.2885403333,127.1074645000,-16.547,-48.610,0.000,0.000,0.000,1,10,2.00,0,NONE
2804,37.2885421667,127.1074650000,-16.503,-48.406,0.000,0.000,0.000,1,10,2.00,0,NONE
2805,37.2885440000,127.1074658333,-16.429,-48.202,0.000,0.000,0.000,1,10,2.00,0,NONE
2806,37.2885460000,127.1074670000,-16.325,-47.979,0.000,0.000,0.000,1,10,2.00,0,NONE
2807,37.2885478333,127.1074678333,-16.252,-47.775,0.000,0.000,0.000,1,10,2.00,0,NONE
2808,37.2885498333,127.1074685000,-16.193,-47.552,0.000,0.000,0.000,1,10,2.00,0,NONE
2809,37.2885516667,127.1074693333,-16.119,-47.348,0.000,0.000,0.000,1,10,2.00,0,NONE
2810,37.2885533333,127.1074703333,-16.030,-47.163,0.000,0.000,0.000,1,10,2.00,0,NONE
2811,37.2885550000,127.1074718333,-15.897,-46.977,0.000,0.000,0.000,1,10,2.00,0,NONE
2812,37.2885566667,127.1074733333,-15.765,-46.792,0.000,0.000,0.000,1,10,2.00,0,NONE
2813,37.2885585000,127.1074748333,-15.632,-46.587,0.000,0.000,0.000,1,10,2.00,0,NONE
2814,37.2885601667,127.1074761667,-15.514,-46.402,0.000,0.000,0.000,1,10,2.00,0,NONE
2815,37.2885620000,127.1074776667,-15.381,-46.198,0.000,0.000,0.000,1,10,2.00,0,NONE
2816,37.2885636667,127.1074793333,-15.233,-46.012,0.000,0.000,0.000,1,10,2.00,0,NONE
2817,37.2885655000,127.1074811667,-15.071,-45.808,0.000,0.000,0.000,1,10,2.00,0,NONE
2818,37.2885673333,127.1074828333,-14.923,-45.604,0.000,0.000,0.000,1,10,2.00,0,NONE
2819,37.2885691667,127.1074841667,-14.805,-45.400,0.000,0.000,0.000,1,10,2.00,0,NONE
2820,37.2885713333,127.1074855000,-14.687,-45.159,0.000,0.000,0.000,1,10,2.00,0,NONE
2821,37.2885730000,127.1074868333,-14.569,-44.973,0.000,0.000,0.000,1,10,2.00,0,NONE
2822,37.2885748333,127.1074883333,-14.436,-44.769,0.000,0.000,0.000,1,10,2.00,0,NONE
2823,37.2885765000,127.1074901667,-14.274,-44.584,0.000,0.000,0.000,1,10,2.00,0,NONE
2824,37.2885783333,127.1074915000,-14.156,-44.380,0.000,0.000,0.000,1,10,2.00,0,NONE
2825,37.2885801667,127.1074926667,-14.052,-44.175,0.000,0.000,0.000,1,10,2.00,0,NONE
2826,37.2885821667,127.1074938333,-13.949,-43.953,0.000,0.000,0.000,1,10,2.00,0,NONE
2827,37.2885836667,127.1074951667,-13.831,-43.786,0.000,0.000,0.000,1,10,2.00,0,NONE
2828,37.2885853333,127.1074965000,-13.713,-43.600,0.000,0.000,0.000,1,10,2.00,0,NONE
2829,37.2885866667,127.1074975000,-13.624,-43.452,0.000,0.000,0.000,1,10,2.00,0,NONE
2830,37.2885880000,127.1074985000,-13.536,-43.303,0.000,0.000,0.000,1,10,2.00,0,NONE
2831,37.2885895000,127.1074993333,-13.462,-43.137,0.000,0.000,0.000,1,10,2.00,0,NONE
2832,37.2885908333,127.1075000000,-13.403,-42.988,0.000,0.000,0.000,1,10,2.00,0,NONE
2833,37.2885923333,127.1075006667,-13.344,-42.821,0.000,0.000,0.000,1,10,2.00,0,NONE
2834,37.2885935000,127.1075020000,-13.226,-42.691,0.000,0.000,0.000,1,10,2.00,0,NONE
2835,37.2885946667,127.1075036667,-13.078,-42.561,0.000,0.000,0.000,1,10,2.00,0,NONE
2836,37.2885958333,127.1075050000,-12.960,-42.431,0.000,0.000,0.000,1,10,2.00,0,NONE
2837,37.2885975000,127.1075060000,-12.871,-42.246,0.000,0.000,0.000,1,10,2.00,0,NONE
2838,37.2885990000,127.1075066667,-12.812,-42.079,0.000,0.000,0.000,1,10,2.00,0,NONE
2839,37.2886001667,127.1075078333,-12.709,-41.949,0.000,0.000,0.000,1,10,2.00,0,NONE
2840,37.2886011667,127.1075088333,-12.621,-41.838,0.000,0.000,0.000,1,10,2.00,0,NONE
2841,37.2886026667,127.1075088333,-12.621,-41.671,0.000,0.000,0.000,1,10,2.00,0,NONE
2842,37.2886041667,127.1075086667,-12.635,-41.504,0.000,0.000,0.000,1,10,2.00,0,NONE
2843,37.2886051667,127.1075098333,-12.532,-41.392,0.000,0.000,0.000,1,10,2.00,0,NONE
2844,37.2886061667,127.1075115000,-12.384,-41.281,0.000,0.000,0.000,1,10,2.00,0,NONE
2845,37.2886073333,127.1075126667,-12.281,-41.151,0.000,0.000,0.000,1,10,2.00,0,NONE
2846,37.2886088333,127.1075133333,-12.222,-40.984,0.000,0.000,0.000,1,10,2.00,0,NONE
2847,37.2886105000,127.1075140000,-12.163,-40.799,0.000,0.000,0.000,1,10,2.00,0,NONE
2848,37.2886118333,127.1075148333,-12.089,-40.650,0.000,0.000,0.000,1,10,2.00,0,NONE
2849,37.2886131667,127.1075161667,-11.971,-40.502,0.000,0.000,0.000,1,10,2.00,0,NONE
2850,37.2886143333,127.1075175000,-11.853,-40.372,0.000,0.000,0.000,1,10,2.00,0,NONE
2851,37.2886158333,127.1075181667,-11.794,-40.205,0.000,0.000,0.000,1,10,2.00,0,NONE
2852,37.2886173333,127.1075186667,-11.750,-40.038,0.000,0.000,0.000,1,10,2.00,0,NONE
2853,37.2886186667,127.1075196667,-11.661,-39.890,0.000,0.000,0.000,1,10,2.00,0,NONE
2854,37.2886196667,127.1075210000,-11.543,-39.778,0.000,0.000,0.000,1,10,2.00,0,NONE
2855,37.2886211667,127.1075203333,-11.602,-39.611,0.000,0.000,0.000,1,10,2.00,0,NONE
2856,37.2886228333,127.1075195000,-11.676,-39.426,0.000,0.000,0.000,1,10,2.00,0,NONE
2857,37.2886246667,127.1075190000,-11.720,-39.222,0.000,0.000,0.000,1,10,2.00,0,NONE
2858,37.2886260000,127.1075186667,-11.750,-39.073,0.000,0.000,0.000,1,10,2.00,0,NONE
2859,37.2886275000,127.1075180000,-11.809,-38.906,0.000,0.000,0.000,1,10,2.00,0,NONE
2860,37.2886290000,127.1075171667,-11.882,-38.739,0.000,0.000,0.000,1,10,2.00,0,NONE
2861,37.2886305000,127.1075160000,-11.986,-38.572,0.000,0.000,0.000,1,10,2.00,0,NONE
2862,37.2886321667,127.1075150000,-12.074,-38.387,0.000,0.000,0.000,1,10,2.00,0,NONE
2863,37.2886338333,127.1075140000,-12.163,-38.201,0.000,0.000,0.000,1,10,2.00,0,NONE
2864,37.2886356667,127.1075126667,-12.281,-37.997,0.000,0.000,0.000,1,10,2.00,0,NONE
2865,37.2886375000,127.1075115000,-12.384,-37.793,0.000,0.000,0.000,1,10,2.00,0,NONE
2866,37.2886390000,127.1075100000,-12.517,-37.626,0.000,0.000,0.000,1,10,2.00,0,NONE
2867,37.2886406667,127.1075083333,-12.665,-37.441,0.000,0.000,0.000,1,10,2.00,0,NONE
2868,37.2886423333,127.1075071667,-12.768,-37.255,0.000,0.000,0.000,1,10,2.00,0,NONE
2869,37.2886441667,127.1075058333,-12.886,-37.051,0.000,0.000,0.000,1,10,2.00,0,NONE
2870,37.2886460000,127.1075045000,-13.004,-36.847,0.000,0.000,0.000,1,10,2.00,0,NONE
2871,37.2886476667,127.1075030000,-13.137,-36.661,0.000,0.000,0.000,1,10,2.00,0,NONE
2872,37.2886491667,127.1075013333,-13.285,-36.494,0.000,0.000,0.000,1,10,2.00,0,NONE
2873,37.2886505000,127.1074993333,-13.462,-36.346,0.000,0.000,0.000,1,10,2.00,0,NONE
2874,37.2886516667,127.1074978333,-13.595,-36.216,0.000,0.000,0.000,1,10,2.00,0,NONE
2875,37.2886531667,127.1074961667,-13.742,-36.049,0.000,0.000,0.000,1,10,2.00,0,NONE
2876,37.2886545000,127.1074941667,-13.919,-35.901,0.000,0.000,0.000,1,10,2.00,0,NONE
2877,37.2886558333,127.1074923333,-14.082,-35.752,0.000,0.000,0.000,1,10,2.00,0,NONE
2878,37.2886568333,127.1074903333,-14.259,-35.641,0.000,0.000,0.000,1,10,2.00,0,NONE
2879,37.2886580000,127.1074881667,-14.451,-35.511,0.000,0.000,0.000,1,10,2.00,0,NONE
2880,37.2886591667,127.1074863333,-14.613,-35.381,0.000,0.000,0.000,1,10,2.00,0,NONE
2881,37.2886603333,127.1074843333,-14.790,-35.251,0.000,0.000,0.000,1,10,2.00,0,NONE
2882,37.2886616667,127.1074821667,-14.982,-35.103,0.000,0.000,0.000,1,10,2.00,0,NONE
2883,37.2886626667,127.1074801667,-15.159,-34.992,0.000,0.000,0.000,1,10,2.00,0,NONE
2884,37.2886635000,127.1074780000,-15.351,-34.899,0.000,0.000,0.000,1,10,2.00,0,NONE
2885,37.2886645000,127.1074758333,-15.543,-34.787,0.000,0.000,0.000,1,10,2.00,0,NONE
2886,37.2886655000,127.1074738333,-15.720,-34.676,0.000,0.000,0.000,1,10,2.00,0,NONE
2887,37.2886666667,127.1074716667,-15.912,-34.546,0.000,0.000,0.000,1,10,2.00,0,NONE
2888,37.2886676667,127.1074695000,-16.104,-34.435,0.000,0.000,0.000,1,10,2.00,0,NONE
2889,37.2886686667,127.1074671667,-16.311,-34.324,0.000,0.000,0.000,1,10,2.00,0,NONE
2890,37.2886695000,127.1074650000,-16.503,-34.231,0.000,0.000,0.000,1,10,2.00,0,NONE
2891,37.2886703333,127.1074626667,-16.709,-34.138,0.000,0.000,0.000,1,10,2.00,0,NONE
2892,37.2886713333,127.1074605000,-16.901,-34.027,0.000,0.000,0.000,1,10,2.00,0,NONE
2893,37.2886723333,127.1074580000,-17.123,-33.915,0.000,0.000,0.000,1,10,2.00,0,NONE
2894,37.2886731667,127.1074556667,-17.329,-33.823,0.000,0.000,0.000,1,10,2.00,0,NONE
2895,37.2886740000,127.1074533333,-17.536,-33.730,0.000,0.000,0.000,1,10,2.00,0,NONE
2896,37.2886745000,127.1074510000,-17.743,-33.674,0.000,0.000,0.000,1,10,2.00,0,NONE
2897,37.2886753333,127.1074488333,-17.934,-33.582,0.000,0.000,0.000,1,10,2.00,0,NONE
2898,37.2886761667,127.1074468333,-18.112,-33.489,0.000,0.000,0.000,1,10,2.00,0,NONE
2899,37.2886773333,127.1074446667,-18.303,-33.359,0.000,0.000,0.000,1,10,2.00,0,NONE
2900,37.2886780000,127.1074428333,-18.466,-33.285,0.000,0.000,0.000,1,10,2.00,0,NONE
2901,37.2886786667,127.1074406667,-18.658,-33.210,0.000,0.000,0.000,1,10,2.00,0,NONE
2902,37.2886791667,127.1074385000,-18.850,-33.155,0.000,0.000,0.000,1,10,2.00,0,NONE
2903,37.2886798333,127.1074365000,-19.027,-33.081,0.000,0.000,0.000,1,10,2.00,0,NONE
2904,37.2886806667,127.1074345000,-19.204,-32.988,0.000,0.000,0.000,1,10,2.00,0,NONE
2905,37.2886815000,127.1074323333,-19.396,-32.895,0.000,0.000,0.000,1,10,2.00,0,NONE
2906,37.2886823333,127.1074303333,-19.573,-32.802,0.000,0.000,0.000,1,10,2.00,0,NONE
2907,37.2886831667,127.1074281667,-19.765,-32.710,0.000,0.000,0.000,1,10,2.00,0,NONE
2908,37.2886838333,127.1074258333,-19.971,-32.635,0.000,0.000,0.000,1,10,2.00,0,NONE
2909,37.2886846667,127.1074236667,-20.163,-32.543,0.000,0.000,0.000,1,10,2.00,0,NONE
2910,37.2886856667,127.1074215000,-20.355,-32.431,0.000,0.000,0.000,1,10,2.00,0,NONE
2911,37.2886866667,127.1074193333,-20.547,-32.320,0.000,0.000,0.000,1,10,2.00,0,NONE
2912,37.2886876667,127.1074170000,-20.754,-32.209,0.000,0.000,0.000,1,10,2.00,0,NONE
2913,37.2886885000,127.1074146667,-20.960,-32.116,0.000,0.000,0.000,1,10,2.00,0,NONE
2914,37.2886893333,127.1074123333,-21.167,-32.023,0.000,0.000,0.000,1,10,2.00,0,NONE
2915,37.2886903333,127.1074100000,-21.374,-31.912,0.000,0.000,0.000,1,10,2.00,0,NONE
2916,37.2886913333,127.1074075000,-21.595,-31.800,0.000,0.000,0.000,1,10,2.00,0,NONE
2917,37.2886923333,127.1074050000,-21.817,-31.689,0.000,0.000,0.000,1,10,2.00,0,NONE
2918,37.2886931667,127.1074025000,-22.038,-31.596,0.000,0.000,0.000,1,10,2.00,0,NONE
2919,37.2886938333,127.1073998333,-22.274,-31.522,0.000,0.000,0.000,1,10,2.00,0,NONE
2920,37.2886945000,127.1073973333,-22.496,-31.448,0.000,0.000,0.000,1,10,2.00,0,NONE
2921,37.2886953333,127.1073950000,-22.702,-31.355,0.000,0.000,0.000,1,10,2.00,0,NONE
2922,37.2886963333,127.1073923333,-22.938,-31.244,0.000,0.000,0.000,1,10,2.00,0,NONE
2923,37.2886970000,127.1073898333,-23.160,-31.170,0.000,0.000,0.000,1,10,2.00,0,NONE
2924,37.2886978333,127.1073873333,-23.381,-31.077,0.000,0.000,0.000,1,10,2.00,0,NONE
2925,37.2886985000,127.1073846667,-23.617,-31.003,0.000,0.000,0.000,1,10,2.00,0,NONE
2926,37.2886991667,127.1073823333,-23.824,-30.928,0.000,0.000,0.000,1,10,2.00,0,NONE
2927,37.2887000000,127.1073798333,-24.045,-30.836,0.000,0.000,0.000,1,10,2.00,0,NONE
2928,37.2887010000,127.1073773333,-24.267,-30.724,0.000,0.000,0.000,1,10,2.00,0,NONE
2929,37.2887015000,127.1073751667,-24.459,-30.669,0.000,0.000,0.000,1,10,2.00,0,NONE
2930,37.2887021667,127.1073728333,-24.665,-30.594,0.000,0.000,0.000,1,10,2.00,0,NONE
2931,37.2887028333,127.1073705000,-24.872,-30.520,0.000,0.000,0.000,1,10,2.00,0,NONE
2932,37.2887035000,127.1073683333,-25.064,-30.446,0.000,0.000,0.000,1,10,2.00,0,NONE
2933,37.2887043333,127.1073660000,-25.271,-30.353,0.000,0.000,0.000,1,10,2.00,0,NONE
2934,37.2887051667,127.1073638333,-25.462,-30.260,0.000,0.000,0.000,1,10,2.00,0,NONE
2935,37.2887055000,127.1073616667,-25.654,-30.223,0.000,0.000,0.000,1,10,2.00,0,NONE
2936,37.2887060000,127.1073591667,-25.876,-30.168,0.000,0.000,0.000,1,10,2.00,0,NONE
2937,37.2887066667,127.1073558333,-26.171,-30.094,0.000,0.000,0.000,1,10,2.00,0,NONE
2938,37.2887073333,127.1073536667,-26.363,-30.019,0.000,0.000,0.000,1,10,2.00,0,NONE
2939,37.2887080000,127.1073513333,-26.570,-29.945,0.000,0.000,0.000,1,10,2.00,0,NONE
2940,37.2887085000,127.1073491667,-26.761,-29.889,0.000,0.000,0.000,1,10,2.00,0,NONE
2941,37.2887088333,127.1073468333,-26.968,-29.852,0.000,0.000,0.000,1,10,2.00,0,NONE
2942,37.2887091667,127.1073445000,-27.175,-29.815,0.000,0.000,0.000,1,11,2.00,0,NONE
2943,37.2887096667,127.1073423333,-27.367,-29.760,0.000,0.000,0.000,1,11,2.00,0,NONE
2944,37.2887103333,127.1073401667,-27.559,-29.685,0.000,0.000,0.000,1,11,2.00,0,NONE
2945,37.2887110000,127.1073378333,-27.765,-29.611,0.000,0.000,0.000,1,11,2.00,0,NONE
2946,37.2887115000,127.1073358333,-27.942,-29.555,0.000,0.000,0.000,1,11,2.00,0,NONE
2947,37.2887118333,127.1073336667,-28.134,-29.518,0.000,0.000,0.000,1,11,2.00,0,NONE
2948,37.2887121667,127.1073316667,-28.311,-29.481,0.000,0.000,0.000,1,11,2.00,0,NONE
2949,37.2887128333,127.1073293333,-28.518,-29.407,0.000,0.000,0.000,1,11,2.00,0,NONE
2950,37.2887135000,127.1073276667,-28.666,-29.333,0.000,0.000,0.000,1,11,2.00,0,NONE
2951,37.2887141667,127.1073261667,-28.798,-29.259,0.000,0.000,0.000,1,11,2.00,0,NONE
2952,37.2887150000,127.1073238333,-29.005,-29.166,0.000,0.000,0.000,1,11,2.00,0,NONE
2953,37.2887155000,127.1073218333,-29.182,-29.110,0.000,0.000,0.000,1,11,2.00,0,NONE
2954,37.2887160000,127.1073198333,-29.359,-29.055,0.000,0.000,0.000,1,11,2.00,0,NONE
2955,37.2887166667,127.1073181667,-29.507,-28.980,0.000,0.000,0.000,1,11,2.00,0,NONE
2956,37.2887173333,127.1073163333,-29.669,-28.906,0.000,0.000,0.000,1,11,2.00,0,NONE
2957,37.2887183333,127.1073145000,-29.832,-28.795,0.000,0.000,0.000,1,11,2.00,0,NONE
2958,37.2887190000,127.1073123333,-30.024,-28.721,0.000,0.000,0.000,1,11,2.00,0,NONE
2959,37.2887193333,127.1073106667,-30.171,-28.683,0.000,0.000,0.000,1,11,2.00,0,NONE
2960,37.2887195000,127.1073085000,-30.363,-28.665,0.000,0.000,0.000,1,11,2.00,0,NONE
2961,37.2887198333,127.1073070000,-30.496,-28.628,0.000,0.000,0.000,1,11,2.00,0,STOP_LINE
2962,37.2887205000,127.1073053333,-30.644,-28.554,0.000,0.000,0.000,1,11,2.00,0,NONE
2963,37.2887211667,127.1073038333,-30.776,-28.479,0.000,0.000,0.000,1,11,2.00,0,NONE
2964,37.2887220000,127.1073016667,-30.968,-28.387,0.000,0.000,0.000,1,11,2.00,0,NONE
2965,37.2887226667,127.1072998333,-31.131,-28.312,0.000,0.000,0.000,1,11,2.00,0,NONE
2966,37.2887235000,127.1072976667,-31.323,-28.220,0.000,0.000,0.000,1,11,2.00,0,NONE
2967,37.2887243333,127.1072956667,-31.500,-28.127,0.000,0.000,0.000,1,11,2.00,0,NONE
2968,37.2887255000,127.1072938333,-31.662,-27.997,0.000,0.000,0.000,1,11,2.00,0,NONE
2969,37.2887268333,127.1072916667,-31.854,-27.849,0.000,0.000,0.000,1,11,2.00,0,NONE
2970,37.2887280000,127.1072895000,-32.046,-27.719,0.000,0.000,0.000,1,11,2.00,0,NONE
2971,37.2887291667,127.1072873333,-32.238,-27.589,0.000,0.000,0.000,1,11,2.00,0,NONE
2972,37.2887303333,127.1072850000,-32.444,-27.459,0.000,0.000,0.000,1,11,2.00,0,NONE
2973,37.2887316667,127.1072831667,-32.607,-27.311,0.000,0.000,0.000,1,11,2.00,0,NONE
2974,37.2887333333,127.1072813333,-32.769,-27.125,0.000,0.000,0.000,1,11,2.00,0,NONE
2975,37.2887348333,127.1072796667,-32.917,-26.958,0.000,0.000,0.000,1,11,2.00,0,NONE
2976,37.2887365000,127.1072780000,-33.064,-26.772,0.000,0.000,0.000,1,11,2.00,0,NONE
2977,37.2887381667,127.1072761667,-33.227,-26.587,0.000,0.000,0.000,1,11,2.00,0,NONE
2978,37.2887398333,127.1072743333,-33.389,-26.401,0.000,0.000,0.000,1,11,2.00,0,NONE
2979,37.2887413333,127.1072726667,-33.537,-26.234,0.000,0.000,0.000,1,11,2.00,0,NONE
2980,37.2887430000,127.1072711667,-33.669,-26.049,0.000,0.000,0.000,1,11,2.00,0,NONE
2981,37.2887448333,127.1072696667,-33.802,-25.845,0.000,0.000,0.000,1,11,2.00,0,NONE
2982,37.2887465000,127.1072681667,-33.935,-25.659,0.000,0.000,0.000,1,11,2.00,0,NONE
2983,37.2887483333,127.1072665000,-34.083,-25.455,0.000,0.000,0.000,1,11,2.00,0,NONE
2984,37.2887500000,127.1072651667,-34.201,-25.270,0.000,0.000,0.000,1,11,2.00,0,NONE
2985,37.2887516667,127.1072641667,-34.289,-25.084,0.000,0.000,0.000,1,11,2.00,0,NONE
2986,37.2887535000,127.1072631667,-34.378,-24.880,0.000,0.000,0.000,1,11,2.00,0,NONE
2987,37.2887555000,127.1072623333,-34.452,-24.657,0.000,0.000,0.000,1,11,2.00,0,NONE
2988,37.2887571667,127.1072613333,-34.540,-24.472,0.000,0.000,0.000,1,11,2.00,0,NONE
2989,37.2887591667,127.1072603333,-34.629,-24.249,0.000,0.000,0.000,1,11,2.00,0,NONE
2990,37.2887610000,127.1072596667,-34.688,-24.045,0.000,0.000,0.000,1,11,2.00,0,NONE
2991,37.2887630000,127.1072593333,-34.718,-23.822,0.000,0.000,0.000,1,11,2.00,0,NONE
2992,37.2887651667,127.1072591667,-34.732,-23.581,0.000,0.000,0.000,1,11,2.00,0,NONE
2993,37.2887671667,127.1072590000,-34.747,-23.359,0.000,0.000,0.000,1,11,2.00,0,NONE
2994,37.2887700000,127.1072585000,-34.791,-23.043,0.000,0.000,0.000,1,11,2.00,0,NONE
2995,37.2887721667,127.1072580000,-34.836,-22.802,0.000,0.000,0.000,1,11,2.00,0,NONE
2996,37.2887740000,127.1072581667,-34.821,-22.598,0.000,0.000,0.000,1,11,2.00,0,NONE
2997,37.2887761667,127.1072586667,-34.777,-22.357,0.000,0.000,0.000,1,11,2.00,0,NONE
2998,37.2887780000,127.1072590000,-34.747,-22.153,0.000,0.000,0.000,1,11,2.00,0,NONE
2999,37.2887801667,127.1072593333,-34.718,-21.911,0.000,0.000,0.000,1,11,2.00,0,NONE
3000,37.2887821667,127.1072595000,-34.703,-21.689,0.000,0.000,0.000,1,11,2.00,0,NONE
3001,37.2887841667,127.1072600000,-34.658,-21.466,0.000,0.000,0.000,1,11,2.00,0,NONE
3002,37.2887858333,127.1072608333,-34.585,-21.281,0.000,0.000,0.000,1,11,2.00,0,NONE
3003,37.2887878333,127.1072616667,-34.511,-21.058,0.000,0.000,0.000,1,11,2.00,0,NONE
3004,37.2887896667,127.1072626667,-34.422,-20.854,0.000,0.000,0.000,1,11,2.00,0,NONE
3005,37.2887915000,127.1072635000,-34.348,-20.650,0.000,0.000,0.000,1,11,2.00,0,NONE
3006,37.2887936667,127.1072643333,-34.275,-20.409,0.000,0.000,0.000,1,11,2.00,0,NONE
3007,37.2887955000,127.1072653333,-34.186,-20.205,0.000,0.000,0.000,1,11,2.00,0,NONE
3008,37.2887971667,127.1072665000,-34.083,-20.019,0.000,0.000,0.000,1,11,2.00,0,NONE
3009,37.2887991667,127.1072678333,-33.965,-19.796,0.000,0.000,0.000,1,11,2.00,0,NONE
3010,37.2888010000,127.1072690000,-33.861,-19.592,0.000,0.000,0.000,1,11,2.00,0,NONE
3011,37.2888028333,127.1072703333,-33.743,-19.388,0.000,0.000,0.000,1,11,2.00,0,NONE
3012,37.2888048333,127.1072715000,-33.640,-19.166,0.000,0.000,0.000,1,11,2.00,0,NONE
3013,37.2888065000,127.1072730000,-33.507,-18.980,0.000,0.000,0.000,1,11,2.00,0,NONE
3014,37.2888081667,127.1072750000,-33.330,-18.795,0.000,0.000,0.000,1,11,2.00,0,NONE
3015,37.2888098333,127.1072768333,-33.168,-18.609,0.000,0.000,0.000,1,11,2.00,0,NONE
3016,37.2888115000,127.1072783333,-33.035,-18.423,0.000,0.000,0.000,1,11,2.00,0,NONE
3017,37.2888131667,127.1072800000,-32.887,-18.238,0.000,0.000,0.000,1,11,2.00,0,NONE
3018,37.2888148333,127.1072815000,-32.754,-18.052,0.000,0.000,0.000,1,11,2.00,0,NONE
3019,37.2888161667,127.1072833333,-32.592,-17.904,0.000,0.000,0.000,1,11,2.00,0,NONE
3020,37.2888176667,127.1072855000,-32.400,-17.737,0.000,0.000,0.000,1,11,2.00,0,NONE
3021,37.2888190000,127.1072875000,-32.223,-17.589,0.000,0.000,0.000,1,11,2.00,0,NONE
3022,37.2888203333,127.1072895000,-32.046,-17.440,0.000,0.000,0.000,1,11,2.00,0,NONE
3023,37.2888216667,127.1072916667,-31.854,-17.292,0.000,0.000,0.000,1,11,2.00,0,NONE
3024,37.2888226667,127.1072938333,-31.662,-17.180,0.000,0.000,0.000,1,11,2.00,0,NONE
3025,37.2888236667,127.1072960000,-31.470,-17.069,0.000,0.000,0.000,1,11,2.00,0,NONE
3026,37.2888245000,127.1072983333,-31.263,-16.976,0.000,0.000,0.000,1,11,2.00,0,NONE
3027,37.2888255000,127.1073006667,-31.057,-16.865,0.000,0.000,0.000,1,11,2.00,0,NONE
3028,37.2888265000,127.1073028333,-30.865,-16.754,0.000,0.000,0.000,1,11,2.00,0,NONE
3029,37.2888276667,127.1073050000,-30.673,-16.624,0.000,0.000,0.000,1,11,2.00,0,NONE
3030,37.2888283333,127.1073073333,-30.466,-16.550,0.000,0.000,0.000,1,11,2.00,0,NONE
3031,37.2888290000,127.1073098333,-30.245,-16.475,0.000,0.000,0.000,1,11,2.00,0,NONE
3032,37.2888295000,127.1073123333,-30.024,-16.420,0.000,0.000,0.000,1,11,2.00,0,NONE
3033,37.2888300000,127.1073146667,-29.817,-16.364,0.000,0.000,0.000,1,11,2.00,0,NONE
3034,37.2888303333,127.1073173333,-29.581,-16.327,0.000,0.000,0.000,1,11,2.00,0,NONE
3035,37.2888306667,127.1073200000,-29.345,-16.290,0.000,0.000,0.000,1,11,2.00,0,NONE
3036,37.2888306667,127.1073223333,-29.138,-16.290,0.000,0.000,0.000,1,11,2.00,0,NONE
3037,37.2888305000,127.1073250000,-28.902,-16.308,0.000,0.000,0.000,1,11,2.00,0,NONE
3038,37.2888305000,127.1073275000,-28.680,-16.308,0.000,0.000,0.000,1,11,2.00,0,NONE
3039,37.2888305000,127.1073300000,-28.459,-16.308,0.000,0.000,0.000,1,11,2.00,0,NONE
3040,37.2888303333,127.1073326667,-28.223,-16.327,0.000,0.000,0.000,1,11,2.00,0,NONE
3041,37.2888303333,127.1073351667,-28.001,-16.327,0.000,0.000,0.000,1,11,2.00,0,NONE
3042,37.2888300000,127.1073375000,-27.795,-16.364,0.000,0.000,0.000,1,11,2.00,0,NONE
3043,37.2888295000,127.1073401667,-27.559,-16.420,0.000,0.000,0.000,1,11,2.00,0,NONE
3044,37.2888290000,127.1073428333,-27.322,-16.475,0.000,0.000,0.000,1,11,2.00,0,NONE
3045,37.2888286667,127.1073453333,-27.101,-16.512,0.000,0.000,0.000,1,11,2.00,0,NONE
3046,37.2888283333,127.1073481667,-26.850,-16.550,0.000,0.000,0.000,1,11,2.00,0,NONE
3047,37.2888280000,127.1073506667,-26.629,-16.587,0.000,0.000,0.000,1,11,2.00,0,NONE
3048,37.2888271667,127.1073533333,-26.392,-16.679,0.000,0.000,0.000,1,11,2.00,0,NONE
3049,37.2888265000,127.1073560000,-26.156,-16.754,0.000,0.000,0.000,1,11,2.00,0,NONE
3050,37.2888260000,127.1073585000,-25.935,-16.809,0.000,0.000,0.000,1,11,2.00,0,NONE
3051,37.2888255000,127.1073613333,-25.684,-16.865,0.000,0.000,0.000,1,11,2.00,0,NONE
3052,37.2888250000,127.1073640000,-25.448,-16.921,0.000,0.000,0.000,1,11,2.00,0,NONE
3053,37.2888243333,127.1073666667,-25.212,-16.995,0.000,0.000,0.000,1,11,2.00,0,NONE
3054,37.2888235000,127.1073693333,-24.975,-17.088,0.000,0.000,0.000,1,11,2.00,0,NONE
3055,37.2888226667,127.1073720000,-24.739,-17.180,0.000,0.000,0.000,1,11,2.00,0,NONE
3056,37.2888221667,127.1073745000,-24.518,-17.236,0.000,0.000,0.000,1,11,2.00,0,NONE
3057,37.2888215000,127.1073773333,-24.267,-17.310,0.000,0.000,0.000,1,11,2.00,0,NONE
3058,37.2888208333,127.1073800000,-24.031,-17.384,0.000,0.000,0.000,1,11,2.00,0,NONE
3059,37.2888200000,127.1073826667,-23.794,-17.477,0.000,0.000,0.000,1,11,2.00,0,NONE
3060,37.2888191667,127.1073851667,-23.573,-17.570,0.000,0.000,0.000,1,11,2.00,0,NONE
3061,37.2888185000,127.1073878333,-23.337,-17.644,0.000,0.000,0.000,1,11,2.00,0,NONE
3062,37.2888178333,127.1073905000,-23.101,-17.718,0.000,0.000,0.000,1,11,2.00,0,NONE
3063,37.2888173333,127.1073931667,-22.865,-17.774,0.000,0.000,0.000,1,11,2.00,0,NONE
3064,37.2888165000,127.1073956667,-22.643,-17.867,0.000,0.000,0.000,1,11,2.00,0,NONE
3065,37.2888156667,127.1073983333,-22.407,-17.960,0.000,0.000,0.000,1,11,2.00,0,NONE
3066,37.2888150000,127.1074010000,-22.171,-18.034,0.000,0.000,0.000,1,11,2.00,0,NONE
3067,37.2888141667,127.1074036667,-21.935,-18.127,0.000,0.000,0.000,1,11,2.00,0,NONE
3068,37.2888136667,127.1074063333,-21.698,-18.182,0.000,0.000,0.000,1,11,2.00,0,NONE
3069,37.2888131667,127.1074090000,-21.462,-18.238,0.000,0.000,0.000,1,11,2.00,0,NONE
3070,37.2888125000,127.1074115000,-21.241,-18.312,0.000,0.000,0.000,1,11,2.00,0,NONE
3071,37.2888116667,127.1074141667,-21.005,-18.405,0.000,0.000,0.000,1,11,2.00,0,NONE
3072,37.2888108333,127.1074168333,-20.769,-18.498,0.000,0.000,0.000,1,11,2.00,0,NONE
3073,37.2888101667,127.1074195000,-20.532,-18.572,0.000,0.000,0.000,1,11,2.00,0,NONE
3074,37.2888096667,127.1074221667,-20.296,-18.628,0.000,0.000,0.000,1,11,2.00,0,NONE
3075,37.2888088333,127.1074246667,-20.075,-18.720,0.000,0.000,0.000,1,11,2.00,0,NONE
3076,37.2888080000,127.1074275000,-19.824,-18.813,0.000,0.000,0.000,1,11,2.00,0,NONE
3077,37.2888070000,127.1074301667,-19.588,-18.924,0.000,0.000,0.000,1,11,2.00,0,NONE
3078,37.2888063333,127.1074326667,-19.366,-18.999,0.000,0.000,0.000,1,11,2.00,0,NONE
3079,37.2888055000,127.1074355000,-19.115,-19.091,0.000,0.000,0.000,1,11,2.00,0,NONE
3080,37.2888050000,127.1074381667,-18.879,-19.147,0.000,0.000,0.000,1,11,2.00,0,NONE
3081,37.2888041667,127.1074406667,-18.658,-19.240,0.000,0.000,0.000,1,11,2.00,0,NONE
3082,37.2888031667,127.1074431667,-18.436,-19.351,0.000,0.000,0.000,1,11,2.00,0,NONE
3083,37.2888025000,127.1074456667,-18.215,-19.425,0.000,0.000,0.000,1,11,2.00,0,NONE
3084,37.2888018333,127.1074483333,-17.979,-19.500,0.000,0.000,0.000,1,11,2.00,0,NONE
3085,37.2888015000,127.1074508333,-17.757,-19.537,0.000,0.000,0.000,1,11,2.00,0,NONE
3086,37.2888008333,127.1074533333,-17.536,-19.611,0.000,0.000,0.000,1,11,2.00,0,NONE
3087,37.2888001667,127.1074558333,-17.314,-19.685,0.000,0.000,0.000,1,11,2.00,0,NONE
3088,37.2887993333,127.1074583333,-17.093,-19.778,0.000,0.000,0.000,1,11,2.00,0,NONE
3089,37.2887985000,127.1074608333,-16.872,-19.871,0.000,0.000,0.000,1,11,2.00,0,NONE
3090,37.2887978333,127.1074635000,-16.635,-19.945,0.000,0.000,0.000,1,11,2.00,0,NONE
3091,37.2887973333,127.1074660000,-16.414,-20.000,0.000,0.000,0.000,1,11,2.00,0,NONE
3092,37.2887966667,127.1074686667,-16.178,-20.075,0.000,0.000,0.000,1,11,2.00,0,NONE
3093,37.2887960000,127.1074711667,-15.956,-20.149,0.000,0.000,0.000,1,11,2.00,0,NONE
3094,37.2887951667,127.1074738333,-15.720,-20.242,0.000,0.000,0.000,1,11,2.00,0,NONE
3095,37.2887945000,127.1074763333,-15.499,-20.316,0.000,0.000,0.000,1,11,2.00,0,NONE
3096,37.2887940000,127.1074791667,-15.248,-20.372,0.000,0.000,0.000,1,11,2.00,0,NONE
3097,37.2887935000,127.1074818333,-15.012,-20.427,0.000,0.000,0.000,1,11,2.00,0,NONE
3098,37.2887926667,127.1074843333,-14.790,-20.520,0.000,0.000,0.000,1,11,2.00,0,NONE
3099,37.2887920000,127.1074870000,-14.554,-20.594,0.000,0.000,0.000,1,11,2.00,0,NONE
3100,37.2887911667,127.1074896667,-14.318,-20.687,0.000,0.000,0.000,1,11,2.00,0,NONE
3101,37.2887905000,127.1074921667,-14.097,-20.761,0.000,0.000,0.000,1,11,2.00,0,NONE
3102,37.2887900000,127.1074948333,-13.860,-20.817,0.000,0.000,0.000,1,11,2.00,0,NONE
3103,37.2887893333,127.1074973333,-13.639,-20.891,0.000,0.000,0.000,1,11,2.00,0,NONE
3104,37.2887885000,127.1074998333,-13.418,-20.984,0.000,0.000,0.000,1,11,2.00,0,NONE
3105,37.2887876667,127.1075023333,-13.196,-21.077,0.000,0.000,0.000,1,11,2.00,0,NONE
3106,37.2887870000,127.1075050000,-12.960,-21.151,0.000,0.000,0.000,1,11,2.00,0,NONE
3107,37.2887865000,127.1075075000,-12.739,-21.206,0.000,0.000,0.000,1,11,2.00,0,NONE
3108,37.2887861667,127.1075103333,-12.488,-21.244,0.000,0.000,0.000,1,11,2.00,0,NONE
3109,37.2887856667,127.1075128333,-12.266,-21.299,0.000,0.000,0.000,1,11,2.00,0,NONE
3110,37.2887848333,127.1075153333,-12.045,-21.392,0.000,0.000,0.000,1,11,2.00,0,NONE
3111,37.2887840000,127.1075180000,-11.809,-21.485,0.000,0.000,0.000,1,11,2.00,0,NONE
3112,37.2887833333,127.1075205000,-11.587,-21.559,0.000,0.000,0.000,1,11,2.00,0,NONE
3113,37.2887828333,127.1075231667,-11.351,-21.615,0.000,0.000,0.000,1,11,2.00,0,NONE
3114,37.2887823333,127.1075256667,-11.130,-21.670,0.000,0.000,0.000,1,11,2.00,0,NONE
3115,37.2887816667,127.1075281667,-10.908,-21.745,0.000,0.000,0.000,1,11,2.00,0,NONE
3116,37.2887810000,127.1075306667,-10.687,-21.819,0.000,0.000,0.000,1,11,2.00,0,NONE
3117,37.2887803333,127.1075330000,-10.480,-21.893,0.000,0.000,0.000,1,11,2.00,0,NONE
3118,37.2887796667,127.1075355000,-10.259,-21.967,0.000,0.000,0.000,1,11,2.00,0,NONE
3119,37.2887791667,127.1075383333,-10.008,-22.023,0.000,0.000,0.000,1,11,2.00,0,NONE
3120,37.2887783333,127.1075408333,-9.786,-22.116,0.000,0.000,0.000,1,11,2.00,0,NONE
3121,37.2887775000,127.1075433333,-9.565,-22.208,0.000,0.000,0.000,1,11,2.00,0,NONE
3122,37.2887766667,127.1075460000,-9.329,-22.301,0.000,0.000,0.000,1,11,2.00,0,NONE
3123,37.2887760000,127.1075485000,-9.107,-22.375,0.000,0.000,0.000,1,11,2.00,0,NONE
3124,37.2887753333,127.1075511667,-8.871,-22.450,0.000,0.000,0.000,1,11,2.00,0,NONE
3125,37.2887748333,127.1075540000,-8.620,-22.505,0.000,0.000,0.000,1,11,2.00,0,NONE
3126,37.2887740000,127.1075565000,-8.399,-22.598,0.000,0.000,0.000,1,11,2.00,0,NONE
3127,37.2887731667,127.1075591667,-8.163,-22.691,0.000,0.000,0.000,1,11,2.00,0,NONE
3128,37.2887725000,127.1075616667,-7.941,-22.765,0.000,0.000,0.000,1,11,2.00,0,NONE
3129,37.2887718333,127.1075641667,-7.720,-22.839,0.000,0.000,0.000,1,11,2.00,0,NONE
3130,37.2887711667,127.1075668333,-7.484,-22.913,0.000,0.000,0.000,1,11,2.00,0,NONE
3131,37.2887706667,127.1075693333,-7.262,-22.969,0.000,0.000,0.000,1,11,2.00,0,NONE
3132,37.2887700000,127.1075715000,-7.070,-23.043,0.000,0.000,0.000,1,11,2.00,0,NONE
3133,37.2887691667,127.1075736667,-6.879,-23.136,0.000,0.000,0.000,1,11,2.00,0,NONE
3134,37.2887683333,127.1075763333,-6.642,-23.229,0.000,0.000,0.000,1,11,2.00,0,NONE
3135,37.2887678333,127.1075785000,-6.450,-23.284,0.000,0.000,0.000,1,11,2.00,0,NONE
3136,37.2887673333,127.1075810000,-6.229,-23.340,0.000,0.000,0.000,1,11,2.00,0,NONE
3137,37.2887666667,127.1075836667,-5.993,-23.414,0.000,0.000,0.000,1,11,2.00,0,NONE
3138,37.2887656667,127.1075860000,-5.786,-23.526,0.000,0.000,0.000,1,11,2.00,0,NONE
3139,37.2887648333,127.1075886667,-5.550,-23.618,0.000,0.000,0.000,1,11,2.00,0,NONE
3140,37.2887640000,127.1075911667,-5.329,-23.711,0.000,0.000,0.000,1,11,2.00,0,NONE
3141,37.2887633333,127.1075936667,-5.107,-23.785,0.000,0.000,0.000,1,11,2.00,0,NONE
3142,37.2887628333,127.1075963333,-4.871,-23.841,0.000,0.000,0.000,1,11,2.00,0,NONE
3143,37.2887620000,127.1075988333,-4.650,-23.934,0.000,0.000,0.000,1,11,2.00,0,NONE
3144,37.2887611667,127.1076013333,-4.428,-24.027,0.000,0.000,0.000,1,11,2.00,0,NONE
3145,37.2887603333,127.1076038333,-4.207,-24.119,0.000,0.000,0.000,1,11,2.00,0,NONE
3146,37.2887596667,127.1076063333,-3.985,-24.194,0.000,0.000,0.000,1,11,2.00,0,NONE
3147,37.2887591667,127.1076088333,-3.764,-24.249,0.000,0.000,0.000,1,11,2.00,0,NONE
3148,37.2887586667,127.1076113333,-3.543,-24.305,0.000,0.000,0.000,1,11,2.00,0,NONE
3149,37.2887578333,127.1076135000,-3.351,-24.398,0.000,0.000,0.000,1,11,2.00,0,NONE
3150,37.2887571667,127.1076158333,-3.144,-24.472,0.000,0.000,0.000,1,11,2.00,0,NONE
3151,37.2887565000,127.1076181667,-2.937,-24.546,0.000,0.000,0.000,1,11,2.00,0,NONE
