segment_id,segment_type,point_index,latitude,longitude,x_m,y_m,direction,mode,drive_level,event,from_node,to_node
AAA_BASE,base,0,37.2889770000,127.1076493033,-0.015000,0.000000,1,1,2,NONE,,
AAA_BASE,base,1,37.2889774063,127.1076476445,-0.161915,0.045225,1,1,2,NONE,,
AAA_BASE,base,2,37.2889778930,127.1076460640,-0.301895,0.099410,1,1,2,NONE,,
AAA_BASE,base,3,37.2889783889,127.1076441291,-0.473260,0.154607,1,1,2,NONE,,
AAA_BASE,base,4,37.2889789728,127.1076421155,-0.651593,0.219607,1,1,2,NONE,,
AAA_BASE,base,5,37.2889793356,127.1076404737,-0.797000,0.260000,1,1,2,NONE,,
AAA_BASE,base,6,37.2889798411,127.1076386152,-0.961593,0.316274,1,1,2,NONE,,
AAA_BASE,base,7,37.2889805598,127.1076364887,-1.149926,0.396274,1,1,2,NONE,,
AAA_BASE,base,8,37.2889813299,127.1076346362,-1.314000,0.482000,1,1,2,NONE,,
AAA_BASE,base,9,37.2889820270,127.1076325368,-1.499926,0.559607,1,1,2,NONE,,
AAA_BASE,base,10,37.2889826259,127.1076306926,-1.663260,0.626274,1,1,2,NONE,,
AAA_BASE,base,11,37.2889831649,127.1076288860,-1.823260,0.686274,1,1,2,NONE,,
AAA_BASE,base,12,37.2889838361,127.1076268114,-2.007000,0.761000,1,1,2,NONE,,
AAA_BASE,base,13,37.2889843302,127.1076249709,-2.170000,0.816000,1,1,2,NONE,,
AAA_BASE,base,14,37.2889850040,127.1076229724,-2.347000,0.891000,1,1,2,NONE,,
AAA_BASE,base,15,37.2889856687,127.1076209739,-2.524000,0.965000,1,1,2,NONE,,
AAA_BASE,base,16,37.2889863335,127.1076189754,-2.701000,1.039000,1,1,2,NONE,,
AAA_BASE,base,17,37.2889869982,127.1076169768,-2.878000,1.113000,1,1,2,NONE,,
AAA_BASE,base,18,37.2889875013,127.1076149783,-3.055000,1.169000,1,1,2,NONE,,
AAA_BASE,base,19,37.2889880756,127.1076129467,-3.234926,1.232940,1,1,2,NONE,,
AAA_BASE,base,20,37.2889886691,127.1076108006,-3.425000,1.299000,1,1,2,NONE,,
AAA_BASE,base,21,37.2889894381,127.1076087314,-3.608260,1.384607,1,1,2,NONE,,
AAA_BASE,base,22,37.2889900220,127.1076065672,-3.799926,1.449607,1,1,2,NONE,,
AAA_BASE,base,23,37.2889906059,127.1076042149,-4.008260,1.514607,1,1,2,NONE,,
AAA_BASE,base,24,37.2889911000,127.1076022202,-4.184926,1.569607,1,1,2,NONE,,
AAA_BASE,base,25,37.2889918311,127.1075999724,-4.384000,1.651000,1,1,2,NONE,,
AAA_BASE,base,26,37.2889923342,127.1075979739,-4.561000,1.707000,1,1,2,NONE,,
AAA_BASE,base,27,37.2889929989,127.1075958060,-4.753000,1.781000,1,1,2,NONE,,
AAA_BASE,base,28,37.2889938344,127.1075934687,-4.960000,1.874000,1,1,2,NONE,,
AAA_BASE,base,29,37.2889944991,127.1075913008,-5.152000,1.948000,1,1,2,NONE,,
AAA_BASE,base,30,37.2889950022,127.1075889748,-5.358000,2.004000,1,1,2,NONE,,
AAA_BASE,base,31,37.2889954418,127.1075866760,-5.561593,2.052940,1,1,2,NONE,,
AAA_BASE,base,32,37.2889959993,127.1075843116,-5.771000,2.115000,1,1,2,NONE,,
AAA_BASE,base,33,37.2889966640,127.1075818049,-5.993000,2.189000,1,1,2,NONE,,
AAA_BASE,base,34,37.2889974995,127.1075794677,-6.200000,2.282000,1,1,2,NONE,,
AAA_BASE,base,35,37.2889981642,127.1075771417,-6.406000,2.356000,1,1,2,NONE,,
AAA_BASE,base,36,37.2889986895,127.1075745899,-6.631998,2.414475,1,1,2,NONE,,
AAA_BASE,base,37,37.2889991703,127.1075721397,-6.849000,2.468000,1,1,2,NONE,,
AAA_BASE,base,38,37.2889998351,127.1075696444,-7.070000,2.542000,1,1,2,NONE,,
AAA_BASE,base,39,37.2890004998,127.1075673071,-7.277000,2.616000,1,1,2,NONE,,
AAA_BASE,base,40,37.2890011646,127.1075646424,-7.513000,2.690000,1,1,2,NONE,,
AAA_BASE,base,41,37.2890016676,127.1075623052,-7.720000,2.746000,1,1,2,NONE,,
AAA_BASE,base,42,37.2890021707,127.1075598098,-7.941000,2.802000,1,1,2,NONE,,
AAA_BASE,base,43,37.2890025031,127.1075571338,-8.178000,2.839000,1,1,2,NONE,,
AAA_BASE,base,44,37.2890029971,127.1075546385,-8.399000,2.894000,1,1,2,NONE,,
AAA_BASE,base,45,37.2890036709,127.1075521431,-8.620000,2.969000,1,1,2,NONE,,
AAA_BASE,base,46,37.2890043356,127.1075496365,-8.842000,3.043000,1,1,2,NONE,,
AAA_BASE,base,47,37.2890048130,127.1075470584,-9.070331,3.096142,1,1,2,NONE,,
AAA_BASE,base,48,37.2890053327,127.1075444765,-9.299000,3.154000,1,1,2,NONE,,
AAA_BASE,base,49,37.2890058358,127.1075418005,-9.536000,3.210000,1,1,2,NONE,,
AAA_BASE,base,50,37.2890063299,127.1075393051,-9.757000,3.265000,1,1,2,NONE,,
AAA_BASE,base,51,37.2890071653,127.1075366404,-9.993000,3.358000,1,1,2,NONE,,
AAA_BASE,base,52,37.2890078300,127.1075341338,-10.215000,3.432000,1,1,2,NONE,,
AAA_BASE,base,53,37.2890085038,127.1075314691,-10.451000,3.507000,1,1,2,NONE,,
AAA_BASE,base,54,37.2890089978,127.1075288044,-10.687000,3.562000,1,1,2,NONE,,
AAA_BASE,base,55,37.2890095890,127.1075264521,-10.895331,3.627809,1,1,2,NONE,,
AAA_BASE,base,56,37.2890103363,127.1075241411,-11.100000,3.711000,1,1,2,NONE,,
AAA_BASE,base,57,37.2890110011,127.1075219732,-11.292000,3.785000,1,1,2,NONE,,
AAA_BASE,base,58,37.2890115041,127.1075199747,-11.469000,3.841000,1,1,2,NONE,,
AAA_BASE,base,59,37.2890119982,127.1075179762,-11.646000,3.896000,1,1,2,NONE,,
AAA_BASE,base,60,37.2890123306,127.1075159777,-11.823000,3.933000,1,1,2,NONE,,
AAA_BASE,base,61,37.2890126630,127.1075143066,-11.971000,3.970000,1,1,2,NONE,,
AAA_BASE,base,62,37.2890130043,127.1075126355,-12.119000,4.008000,1,1,2,NONE,,
AAA_BASE,base,63,37.2890135537,127.1075103391,-12.322379,4.069163,1,1,2,NONE,,
AAA_BASE,base,64,37.2890138382,127.1075087019,-12.467379,4.100829,1,1,2,NONE,,
AAA_BASE,base,65,37.2890141077,127.1075074222,-12.580713,4.130829,1,1,2,NONE,,
AAA_BASE,base,66,37.2890144820,127.1075056156,-12.740713,4.172496,1,1,2,NONE,,
AAA_BASE,base,67,37.2890149910,127.1075036021,-12.919046,4.229163,1,1,2,NONE,,
AAA_BASE,base,68,37.2890155016,127.1075019767,-13.063000,4.286000,1,1,2,NONE,,
AAA_BASE,base,69,37.2890159957,127.1075003056,-13.211000,4.341000,1,1,2,NONE,,
AAA_BASE,base,70,37.2890164987,127.1074981377,-13.403000,4.397000,1,1,2,NONE,,
AAA_BASE,base,71,37.2890169673,127.1074957171,-13.617379,4.449163,1,1,2,NONE,,
AAA_BASE,base,72,37.2890174959,127.1074936438,-13.801000,4.508000,1,1,2,NONE,,
AAA_BASE,base,73,37.2890181696,127.1074914759,-13.993000,4.583000,1,1,2,NONE,,
AAA_BASE,base,74,37.2890188344,127.1074889693,-14.215000,4.657000,1,1,2,NONE,,
AAA_BASE,base,75,37.2890194991,127.1074864739,-14.436000,4.731000,1,1,2,NONE,,
AAA_BASE,base,76,37.2890200022,127.1074841367,-14.643000,4.787000,1,1,2,NONE,,
AAA_BASE,base,77,37.2890204962,127.1074814720,-14.879000,4.842000,1,1,2,NONE,,
AAA_BASE,base,78,37.2890211700,127.1074791347,-15.086000,4.917000,1,1,2,NONE,,
AAA_BASE,base,79,37.2890219964,127.1074766394,-15.307000,5.009000,1,1,2,NONE,,
AAA_BASE,base,80,37.2890228318,127.1074741440,-15.528000,5.102000,1,1,2,NONE,,
AAA_BASE,base,81,37.2890236673,127.1074716374,-15.750000,5.195000,1,1,2,NONE,,
AAA_BASE,base,82,37.2890243320,127.1074689727,-15.986000,5.269000,1,1,2,NONE,,
AAA_BASE,base,83,37.2890248351,127.1074663080,-16.222000,5.325000,1,1,2,NONE,,
AAA_BASE,base,84,37.2890254998,127.1074638013,-16.444000,5.399000,1,1,2,NONE,,
AAA_BASE,base,85,37.2890263352,127.1074611366,-16.680000,5.492000,1,1,2,NONE,,
AAA_BASE,base,86,37.2890271707,127.1074584719,-16.916000,5.585000,1,1,2,NONE,,
AAA_BASE,base,87,37.2890278354,127.1074558072,-17.152000,5.659000,1,1,2,NONE,,
AAA_BASE,base,88,37.2890285002,127.1074531425,-17.388000,5.733000,1,1,2,NONE,,
AAA_BASE,base,89,37.2890293356,127.1074503084,-17.639000,5.826000,1,1,2,NONE,,
AAA_BASE,base,90,37.2890301710,127.1074476437,-17.875000,5.919000,1,1,2,NONE,,
AAA_BASE,base,91,37.2890311682,127.1074449677,-18.112000,6.030000,1,1,2,NONE,,
AAA_BASE,base,92,37.2890318329,127.1074423030,-18.348000,6.104000,1,1,2,NONE,,
AAA_BASE,base,93,37.2890324977,127.1074394689,-18.599000,6.178000,1,1,2,NONE,,
AAA_BASE,base,94,37.2890331624,127.1074366349,-18.850000,6.252000,1,1,2,NONE,,
AAA_BASE,base,95,37.2890338361,127.1074341395,-19.071000,6.327000,1,1,2,NONE,,
AAA_BASE,base,96,37.2890346626,127.1074314748,-19.307000,6.419000,1,1,2,NONE,,
AAA_BASE,base,97,37.2890354980,127.1074289682,-19.529000,6.512000,1,1,2,NONE,,
AAA_BASE,base,98,37.2890361628,127.1074266422,-19.735000,6.586000,1,1,2,NONE,,
AAA_BASE,base,99,37.2890366658,127.1074243050,-19.942000,6.642000,1,1,2,NONE,,
AAA_BASE,base,100,37.2890371638,127.1074223207,-20.117736,6.697432,1,1,2,NONE,,
AAA_BASE,base,101,37.2890378336,127.1074201385,-20.311000,6.772000,1,1,2,NONE,,
AAA_BASE,base,102,37.2890383367,127.1074181400,-20.488000,6.828000,1,1,2,NONE,,
AAA_BASE,base,103,37.2890388556,127.1074163552,-20.646070,6.885765,1,1,2,NONE,,
AAA_BASE,base,104,37.2890393796,127.1074144545,-20.814403,6.944098,1,1,2,NONE,,
AAA_BASE,base,105,37.2890397689,127.1074125539,-20.982736,6.987432,1,1,2,NONE,,
AAA_BASE,base,106,37.2890400384,127.1074112930,-21.094403,7.017432,1,1,2,NONE,,
AAA_BASE,base,107,37.2890400983,127.1074109731,-21.122736,7.024098,1,2,2,NONE,,
AAA_BASE,base,108,37.2890404127,127.1074094864,-21.254403,7.059098,1,2,2,NONE,,
AAA_BASE,base,109,37.2890408319,127.1074070777,-21.467736,7.105765,1,2,2,NONE,,
AAA_BASE,base,110,37.2890413110,127.1074049888,-21.652736,7.159098,1,2,2,NONE,,
AAA_BASE,base,111,37.2890417751,127.1074032575,-21.806070,7.210765,1,2,2,NONE,,
AAA_BASE,base,112,37.2890422991,127.1074015638,-21.956070,7.269098,1,2,2,NONE,,
AAA_BASE,base,113,37.2890428531,127.1073995879,-22.131070,7.330765,1,2,2,NONE,,
AAA_BASE,base,114,37.2890434220,127.1073976119,-22.306070,7.394098,1,2,2,NONE,,
AAA_BASE,base,115,37.2890438861,127.1073955984,-22.484403,7.445765,1,2,2,NONE,,
AAA_BASE,base,116,37.2890443374,127.1073934689,-22.673000,7.496000,1,2,2,NONE,,
AAA_BASE,base,117,37.2890448315,127.1073913010,-22.865000,7.551000,1,2,2,NONE,,
AAA_BASE,base,118,37.2890454962,127.1073888056,-23.086000,7.625000,1,2,2,NONE,,
AAA_BASE,base,119,37.2890463317,127.1073864684,-23.293000,7.718000,1,2,2,NONE,,
AAA_BASE,base,120,37.2890471051,127.1073840438,-23.507736,7.804098,1,2,2,NONE,,
AAA_BASE,base,121,37.2890476701,127.1073818051,-23.706000,7.867000,1,2,2,NONE,,
AAA_BASE,base,122,37.2890481642,127.1073793098,-23.927000,7.922000,1,2,2,NONE,,
AAA_BASE,base,123,37.2890486673,127.1073769725,-24.134000,7.978000,1,2,2,NONE,,
AAA_BASE,base,124,37.2890492161,127.1073745968,-24.344403,8.039098,1,2,2,NONE,,
AAA_BASE,base,125,37.2890499968,127.1073721399,-24.562000,8.126000,1,2,2,NONE,,
AAA_BASE,base,126,37.2890506705,127.1073698027,-24.769000,8.201000,1,2,2,NONE,,
AAA_BASE,base,127,37.2890513352,127.1073674767,-24.975000,8.275000,1,2,2,NONE,,
AAA_BASE,base,128,37.2890518293,127.1073649701,-25.197000,8.330000,1,2,2,NONE,,
AAA_BASE,base,129,37.2890525031,127.1073626441,-25.403000,8.405000,1,2,2,NONE,,
AAA_BASE,base,130,37.2890533295,127.1073603068,-25.610000,8.497000,1,2,2,NONE,,
AAA_BASE,base,131,37.2890541649,127.1073579696,-25.817000,8.590000,1,2,2,NONE,,
AAA_BASE,base,132,37.2890548297,127.1073556436,-26.023000,8.664000,1,2,2,NONE,,
AAA_BASE,base,133,37.2890555034,127.1073531370,-26.245000,8.739000,1,2,2,NONE,,
AAA_BASE,base,134,37.2890559975,127.1073508110,-26.451000,8.794000,1,2,2,NONE,,
AAA_BASE,base,135,37.2890566622,127.1073483044,-26.673000,8.868000,1,2,2,NONE,,
AAA_BASE,base,136,37.2890573360,127.1073459671,-26.880000,8.943000,1,2,2,NONE,,
AAA_BASE,base,137,37.2890580007,127.1073436411,-27.086000,9.017000,1,2,2,NONE,,
AAA_BASE,base,138,37.2890586933,127.1073411939,-27.302736,9.094098,1,2,2,NONE,,
AAA_BASE,base,139,37.2890593302,127.1073391360,-27.485000,9.165000,1,2,2,NONE,,
AAA_BASE,base,140,37.2890600040,127.1073368100,-27.691000,9.240000,1,2,2,NONE,,
AAA_BASE,base,141,37.2890606846,127.1073345698,-27.889403,9.315765,1,2,2,NONE,,
AAA_BASE,base,142,37.2890613335,127.1073323048,-28.090000,9.388000,1,2,2,NONE,,
AAA_BASE,base,143,37.2890621689,127.1073301369,-28.282000,9.481000,1,2,2,NONE,,
AAA_BASE,base,144,37.2890628336,127.1073281384,-28.459000,9.555000,1,2,2,NONE,,
AAA_BASE,base,145,37.2890634984,127.1073259705,-28.651000,9.629000,1,2,2,NONE,,
AAA_BASE,base,146,37.2890640832,127.1073237303,-28.849403,9.694098,1,2,2,NONE,,
AAA_BASE,base,147,37.2890646662,127.1073216347,-29.035000,9.759000,1,2,2,NONE,,
AAA_BASE,base,148,37.2890655016,127.1073193087,-29.241000,9.852000,1,2,2,NONE,,
AAA_BASE,base,149,37.2890663589,127.1073169933,-29.446070,9.947432,1,2,2,NONE,,
AAA_BASE,base,150,37.2890669877,127.1073149985,-29.622736,10.017432,1,2,2,NONE,,
AAA_BASE,base,151,37.2890676315,127.1073127779,-29.819403,10.089098,1,2,2,NONE,,
AAA_BASE,base,152,37.2890681696,127.1073104678,-30.024000,10.149000,1,2,2,NONE,,
AAA_BASE,base,153,37.2890686637,127.1073081418,-30.230000,10.204000,1,2,2,NONE,,
AAA_BASE,base,154,37.2890691667,127.1073061433,-30.407000,10.260000,1,2,2,NONE,,
AAA_BASE,base,155,37.2890698315,127.1073038060,-30.614000,10.334000,1,2,2,NONE,,
AAA_BASE,base,156,37.2890703564,127.1073018443,-30.787736,10.392432,1,2,2,NONE,,
AAA_BASE,base,157,37.2890708804,127.1072997743,-30.971070,10.450765,1,2,2,NONE,,
AAA_BASE,base,158,37.2890713317,127.1072978104,-31.145000,10.501000,1,2,2,NONE,,
AAA_BASE,base,159,37.2890718347,127.1072959700,-31.308000,10.557000,1,2,2,NONE,,
AAA_BASE,base,160,37.2890723925,127.1072942604,-31.459403,10.619098,1,2,2,NONE,,
AAA_BASE,base,161,37.2890730025,127.1072924697,-31.618000,10.687000,1,2,2,NONE,,
AAA_BASE,base,162,37.2890735753,127.1072905532,-31.787736,10.750765,1,2,2,NONE,,
AAA_BASE,base,163,37.2890740694,127.1072888219,-31.941070,10.805765,1,2,2,NONE,,
AAA_BASE,base,164,37.2890745934,127.1072871282,-32.091070,10.864098,1,2,2,NONE,,
AAA_BASE,base,165,37.2890749078,127.1072859426,-32.196070,10.899098,1,2,2,NONE,,
AAA_BASE,base,166,37.2890752971,127.1072845124,-32.322736,10.942432,1,2,2,NONE,,
AAA_BASE,base,167,37.2890757163,127.1072827059,-32.482736,10.989098,1,2,2,NONE,,
AAA_BASE,base,168,37.2890761646,127.1072806366,-32.666000,11.039000,1,2,2,NONE,,
AAA_BASE,base,169,37.2890766676,127.1072783106,-32.872000,11.095000,1,2,2,NONE,,
AAA_BASE,base,170,37.2890772285,127.1072762323,-33.056070,11.157432,1,2,2,NONE,,
AAA_BASE,base,171,37.2890778354,127.1072743023,-33.227000,11.225000,1,2,2,NONE,,
AAA_BASE,base,172,37.2890785002,127.1072721344,-33.419000,11.299000,1,2,2,NONE,,
AAA_BASE,base,173,37.2890790032,127.1072698084,-33.625000,11.355000,1,2,2,NONE,,
AAA_BASE,base,174,37.2890794973,127.1072676405,-33.817000,11.410000,1,2,2,NONE,,
AAA_BASE,base,175,37.2890801480,127.1072654304,-34.012736,11.482432,1,2,2,NONE,,
AAA_BASE,base,176,37.2890808358,127.1072634741,-34.186000,11.559000,1,2,2,NONE,,
AAA_BASE,base,177,37.2890816622,127.1072613062,-34.378000,11.651000,1,2,2,NONE,,
AAA_BASE,base,178,37.2890821653,127.1072596351,-34.526000,11.707000,1,2,2,NONE,,
AAA_BASE,base,179,37.2890826683,127.1072574672,-34.718000,11.763000,1,2,2,NONE,,
AAA_BASE,base,180,37.2890833331,127.1072553106,-34.909000,11.837000,1,2,2,NONE,,
AAA_BASE,base,181,37.2890838361,127.1072534701,-35.072000,11.893000,1,2,2,NONE,,
AAA_BASE,base,182,37.2890843302,127.1072514716,-35.249000,11.948000,1,2,2,NONE,,
AAA_BASE,base,183,37.2890850040,127.1072494731,-35.426000,12.023000,1,2,2,NONE,,
AAA_BASE,base,184,37.2890854980,127.1072476439,-35.588000,12.078000,1,2,2,NONE,,
AAA_BASE,base,185,37.2890860319,127.1072455957,-35.769403,12.137432,1,2,2,NONE,,
AAA_BASE,base,186,37.2890863767,127.1072436255,-35.943894,12.175815,1,2,2,NONE,,
AAA_BASE,base,187,37.2890868408,127.1072417248,-36.112228,12.227482,1,2,2,NONE,,
AAA_BASE,base,188,37.2890872301,127.1072398618,-36.277228,12.270815,1,2,2,NONE,,
AAA_BASE,base,189,37.2890878140,127.1072376035,-36.477228,12.335815,1,2,2,NONE,,
AAA_BASE,base,190,37.2890884279,127.1072357593,-36.640561,12.404149,1,2,2,NONE,,
AAA_BASE,base,191,37.2890891016,127.1072336893,-36.823894,12.479149,1,2,2,NONE,,
AAA_BASE,base,192,37.2890896662,127.1072316444,-37.005000,12.542000,1,2,2,NONE,,
AAA_BASE,base,193,37.2890902544,127.1072290599,-37.233894,12.607482,1,2,2,NONE,,
AAA_BASE,base,194,37.2890909431,127.1072269334,-37.422228,12.684149,1,2,2,NONE,,
AAA_BASE,base,195,37.2890916694,127.1072248020,-37.611000,12.765000,1,2,2,NONE,,
AAA_BASE,base,196,37.2890923205,127.1072226616,-37.800561,12.837482,1,2,2,NONE,,
AAA_BASE,base,197,37.2890929344,127.1072204787,-37.993894,12.905815,1,2,2,NONE,,
AAA_BASE,base,198,37.2890933313,127.1072184676,-38.172000,12.950000,1,2,2,NONE,,
AAA_BASE,base,199,37.2890938177,127.1072161127,-38.380561,13.004149,1,2,2,NONE,,
AAA_BASE,base,200,37.2890942519,127.1072140427,-38.563894,13.052482,1,2,2,NONE,,
AAA_BASE,base,201,37.2890948315,127.1072118059,-38.762000,13.117000,1,2,2,NONE,,
AAA_BASE,base,202,37.2890956443,127.1072094510,-38.970561,13.207482,1,2,2,NONE,,
AAA_BASE,base,203,37.2890961700,127.1072073007,-39.161000,13.266000,1,2,2,NONE,,
AAA_BASE,base,204,37.2890966640,127.1072053022,-39.338000,13.321000,1,2,2,NONE,,
AAA_BASE,base,205,37.2890971671,127.1072029762,-39.544000,13.377000,1,2,2,NONE,,
AAA_BASE,base,206,37.2890978318,127.1072006389,-39.751000,13.451000,1,2,2,NONE,,
AAA_BASE,base,207,37.2890985039,127.1071984233,-39.947228,13.525815,1,2,2,NONE,,
AAA_BASE,base,208,37.2890991703,127.1071961338,-40.150000,13.600000,1,2,2,NONE,,
AAA_BASE,base,209,37.2890996717,127.1071938316,-40.353894,13.655815,1,2,2,NONE,,
AAA_BASE,base,210,37.2891001674,127.1071918093,-40.533000,13.711000,1,2,2,NONE,,
AAA_BASE,base,211,37.2891008322,127.1071894720,-40.740000,13.785000,1,2,2,NONE,,
AAA_BASE,base,212,37.2891014969,127.1071873041,-40.932000,13.859000,1,2,2,NONE,,
AAA_BASE,base,213,37.2891021707,127.1071853056,-41.109000,13.934000,1,2,2,NONE,,
AAA_BASE,base,214,37.2891026648,127.1071833071,-41.286000,13.989000,1,2,2,NONE,,
AAA_BASE,base,215,37.2891030703,127.1071814866,-41.447228,14.034149,1,2,2,NONE,,
AAA_BASE,base,216,37.2891035002,127.1071794681,-41.626000,14.082000,1,2,2,NONE,,
AAA_BASE,base,217,37.2891040032,127.1071776389,-41.788000,14.138000,1,2,2,NONE,,
AAA_BASE,base,218,37.2891047322,127.1071755964,-41.968894,14.219149,1,2,2,NONE,,
AAA_BASE,base,219,37.2891055034,127.1071734725,-42.157000,14.305000,1,2,2,NONE,,
AAA_BASE,base,220,37.2891061682,127.1071713046,-42.349000,14.379000,1,2,2,NONE,,
AAA_BASE,base,221,37.2891068329,127.1071689673,-42.556000,14.453000,1,2,2,NONE,,
AAA_BASE,base,222,37.2891076683,127.1071666413,-42.762000,14.546000,1,2,2,NONE,,
AAA_BASE,base,223,37.2891083331,127.1071644734,-42.954000,14.620000,1,2,2,NONE,,
AAA_BASE,base,224,37.2891093302,127.1071619781,-43.175000,14.731000,1,2,2,NONE,,
AAA_BASE,base,225,37.2891100040,127.1071596408,-43.382000,14.806000,1,2,2,NONE,,
AAA_BASE,base,226,37.2891105263,127.1071575682,-43.565561,14.864149,1,2,2,NONE,,
AAA_BASE,base,227,37.2891111628,127.1071549776,-43.795000,14.935000,1,2,2,NONE,,
AAA_BASE,base,228,37.2891118365,127.1071526403,-44.002000,15.010000,1,2,2,NONE,,
AAA_BASE,base,229,37.2891125013,127.1071504724,-44.194000,15.084000,1,2,2,NONE,,
AAA_BASE,base,230,37.2891133367,127.1071481352,-44.401000,15.177000,1,2,2,NONE,,
AAA_BASE,base,231,37.2891140014,127.1071459673,-44.593000,15.251000,1,2,2,NONE,,
AAA_BASE,base,232,37.2891144955,127.1071436413,-44.799000,15.306000,1,2,2,NONE,,
AAA_BASE,base,233,37.2891149986,127.1071414734,-44.991000,15.362000,1,2,2,NONE,,
AAA_BASE,base,234,37.2891155016,127.1071393055,-45.183000,15.418000,1,2,2,NONE,,
AAA_BASE,base,235,37.2891163370,127.1071368102,-45.404000,15.511000,1,2,2,NONE,,
AAA_BASE,base,236,37.2891170018,127.1071344729,-45.611000,15.585000,1,2,2,NONE,,
AAA_BASE,base,237,37.2891174959,127.1071323050,-45.803000,15.640000,1,2,2,NONE,,
AAA_BASE,base,238,37.2891182218,127.1071297356,-46.030561,15.720815,1,2,2,NONE,,
AAA_BASE,base,239,37.2891188344,127.1071276418,-46.216000,15.789000,1,2,2,NONE,,
AAA_BASE,base,240,37.2891195543,127.1071248717,-46.461331,15.869148,1,2,2,NONE,,
AAA_BASE,base,241,37.2891201682,127.1071227163,-46.652228,15.937482,1,2,2,NONE,,
AAA_BASE,base,242,37.2891206323,127.1071204580,-46.852228,15.989149,1,2,2,NONE,,
AAA_BASE,base,243,37.2891209993,127.1071184734,-47.028000,16.030000,1,2,2,NONE,,
AAA_BASE,base,244,37.2891215023,127.1071163055,-47.220000,16.086000,1,2,2,NONE,,
AAA_BASE,base,245,37.2891219964,127.1071144763,-47.382000,16.141000,1,2,2,NONE,,
AAA_BASE,base,246,37.2891226086,127.1071124413,-47.562228,16.209149,1,2,2,NONE,,
AAA_BASE,base,247,37.2891231642,127.1071106373,-47.722000,16.271000,1,2,2,NONE,,
AAA_BASE,base,248,37.2891236673,127.1071084694,-47.914000,16.327000,1,2,2,NONE,,
AAA_BASE,base,249,37.2891241956,127.1071065135,-48.087228,16.385815,1,2,2,NONE,,
AAA_BASE,base,250,37.2891248351,127.1071046417,-48.253000,16.457000,1,2,2,NONE,,
AAA_BASE,base,251,37.2891251674,127.1071036368,-48.342000,16.494000,1,3,2,NONE,,
AAA_BASE,base,252,37.2891257377,127.1071017712,-48.507228,16.557482,1,3,2,NONE,,
AAA_BASE,base,253,37.2891262617,127.1070998517,-48.677228,16.615815,1,3,2,NONE,,
AAA_BASE,base,254,37.2891266676,127.1070979687,-48.844000,16.661000,1,3,2,NONE,,
AAA_BASE,base,255,37.2891271707,127.1070954733,-49.065000,16.717000,1,3,2,NONE,,
AAA_BASE,base,256,37.2891275031,127.1070936442,-49.227000,16.754000,1,3,2,NONE,,
AAA_BASE,base,257,37.2891279971,127.1070914763,-49.419000,16.809000,1,3,2,NONE,,
AAA_BASE,base,258,37.2891285002,127.1070891390,-49.626000,16.865000,1,3,2,NONE,,
AAA_BASE,base,259,37.2891288668,127.1070869610,-49.818894,16.905815,1,3,2,NONE,,
AAA_BASE,base,260,37.2891293356,127.1070844758,-50.039000,16.958000,1,3,2,NONE,,
AAA_BASE,base,261,37.2891298297,127.1070819691,-50.261000,17.013000,1,3,2,NONE,,
AAA_BASE,base,262,37.2891306651,127.1070793044,-50.497000,17.106000,1,3,2,NONE,,
AAA_BASE,base,263,37.2891311682,127.1070769672,-50.704000,17.162000,1,3,2,NONE,,
AAA_BASE,base,264,37.2891318329,127.1070744718,-50.925000,17.236000,1,3,2,NONE,,
AAA_BASE,base,265,37.2891324301,127.1070718874,-51.153894,17.302482,1,3,2,NONE,,
AAA_BASE,base,266,37.2891331624,127.1070693005,-51.383000,17.384000,1,3,2,NONE,,
AAA_BASE,base,267,37.2891339978,127.1070668052,-51.604000,17.477000,1,3,2,NONE,,
AAA_BASE,base,268,37.2891346626,127.1070643098,-51.825000,17.551000,1,3,2,NONE,,
AAA_BASE,base,269,37.2891353363,127.1070618032,-52.047000,17.626000,1,3,2,NONE,,
AAA_BASE,base,270,37.2891358304,127.1070591385,-52.283000,17.681000,1,3,2,NONE,,
AAA_BASE,base,271,37.2891365041,127.1070566431,-52.504000,17.756000,1,3,2,NONE,,
AAA_BASE,base,272,37.2891371689,127.1070541365,-52.726000,17.830000,1,3,2,NONE,,
AAA_BASE,base,273,37.2891380043,127.1070516412,-52.947000,17.923000,1,3,2,NONE,,
AAA_BASE,base,274,37.2891386691,127.1070491345,-53.169000,17.997000,1,3,2,NONE,,
AAA_BASE,base,275,37.2891393338,127.1070464698,-53.405000,18.071000,1,3,2,NONE,,
AAA_BASE,base,276,37.2891399986,127.1070438051,-53.641000,18.145000,1,3,2,NONE,,
AAA_BASE,base,277,37.2891406633,127.1070413098,-53.862000,18.219000,1,3,2,NONE,,
AAA_BASE,base,278,37.2891414987,127.1070386338,-54.099000,18.312000,1,3,2,NONE,,
AAA_BASE,base,279,37.2891423342,127.1070359691,-54.335000,18.405000,1,3,2,NONE,,
AAA_BASE,base,280,37.2891428372,127.1070334737,-54.556000,18.461000,1,3,2,NONE,,
AAA_BASE,base,281,37.2891435020,127.1070308090,-54.792000,18.535000,1,3,2,NONE,,
AAA_BASE,base,282,37.2891443374,127.1070283024,-55.014000,18.628000,1,3,2,NONE,,
AAA_BASE,base,283,37.2891453345,127.1070256377,-55.250000,18.739000,1,3,2,NONE,,
AAA_BASE,base,284,37.2891465023,127.1070231424,-55.471000,18.869000,1,3,2,NONE,,
AAA_BASE,base,285,37.2891473378,127.1070208051,-55.678000,18.962000,1,3,2,NONE,,
AAA_BASE,base,286,37.2891483349,127.1070178016,-55.944000,19.073000,1,3,2,NONE,,
AAA_BASE,base,287,37.2891491703,127.1070151369,-56.180000,19.166000,1,3,2,NONE,,
AAA_BASE,base,288,37.2891501674,127.1070124722,-56.416000,19.277000,1,3,2,NONE,,
AAA_BASE,base,289,37.2891510029,127.1070096382,-56.667000,19.370000,1,3,2,NONE,,
AAA_BASE,base,290,37.2891518486,127.1070068881,-56.910561,19.464149,1,3,2,NONE,,
AAA_BASE,base,291,37.2891526648,127.1070041394,-57.154000,19.555000,1,3,2,NONE,,
AAA_BASE,base,292,37.2891533295,127.1070009779,-57.434000,19.629000,1,3,2,NONE,,
AAA_BASE,base,293,37.2891541649,127.1069981438,-57.685000,19.722000,1,3,2,NONE,,
AAA_BASE,base,294,37.2891544973,127.1069964727,-57.833000,19.759000,1,3,2,NONE,,
AAA_BASE,base,295,37.2891553327,127.1069936386,-58.084000,19.852000,1,3,2,NONE,,
AAA_BASE,base,296,37.2891556651,127.1069919675,-58.232000,19.889000,1,3,2,NONE,,
AAA_BASE,base,297,37.2891563299,127.1069889754,-58.497000,19.963000,1,3,2,NONE,,
AAA_BASE,base,298,37.2891568329,127.1069859719,-58.763000,20.019000,1,3,2,NONE,,
AAA_BASE,base,299,37.2891571653,127.1069843009,-58.911000,20.056000,1,3,2,NONE,,
AAA_BASE,base,300,37.2891576683,127.1069814781,-59.161000,20.112000,1,3,2,NONE,,
AAA_BASE,base,301,37.2891581624,127.1069784746,-59.427000,20.167000,1,3,2,NONE,,
AAA_BASE,base,302,37.2891583331,127.1069756406,-59.678000,20.186000,1,3,2,NONE,,
AAA_BASE,base,303,37.2891583331,127.1069728065,-59.929000,20.186000,1,3,2,NONE,,
AAA_BASE,base,304,37.2891583331,127.1069699724,-60.180000,20.186000,1,3,2,NONE,,
AAA_BASE,base,305,37.2891583331,127.1069673077,-60.416000,20.186000,1,3,2,NONE,,
AAA_BASE,base,306,37.2891585038,127.1069644736,-60.667000,20.205000,1,3,2,NONE,,
AAA_BASE,base,307,37.2891585038,127.1069616396,-60.918000,20.205000,1,3,2,NONE,,
AAA_BASE,base,308,37.2891583331,127.1069589749,-61.154000,20.186000,1,3,2,NONE,,
AAA_BASE,base,309,37.2891580007,127.1069561408,-61.405000,20.149000,1,3,2,NONE,,
AAA_BASE,base,310,37.2891574977,127.1069533067,-61.656000,20.093000,1,3,2,NONE,,
AAA_BASE,base,311,37.2891571653,127.1069506420,-61.892000,20.056000,1,3,2,NONE,,
AAA_BASE,base,312,37.2891566622,127.1069478079,-62.143000,20.000000,1,3,2,NONE,,
AAA_BASE,base,313,37.2891561682,127.1069449739,-62.394000,19.945000,1,3,2,NONE,,
AAA_BASE,base,314,37.2891555467,127.1069422275,-62.637228,19.875815,1,3,2,NONE,,
AAA_BASE,base,315,37.2891548297,127.1069396444,-62.866000,19.796000,1,3,2,NONE,,
AAA_BASE,base,316,37.2891540032,127.1069369684,-63.103000,19.704000,1,3,2,NONE,,
AAA_BASE,base,317,37.2891533295,127.1069343037,-63.339000,19.629000,1,3,2,NONE,,
AAA_BASE,base,318,37.2891525031,127.1069314697,-63.590000,19.537000,1,3,2,NONE,,
AAA_BASE,base,319,37.2891516676,127.1069291437,-63.796000,19.444000,1,3,2,NONE,,
AAA_BASE,base,320,37.2891504998,127.1069266371,-64.018000,19.314000,1,3,2,NONE,,
AAA_BASE,base,321,37.2891491703,127.1069241417,-64.239000,19.166000,1,3,2,NONE,,
AAA_BASE,base,322,37.2891481642,127.1069218045,-64.446000,19.054000,1,3,2,NONE,,
AAA_BASE,base,323,37.2891469964,127.1069191397,-64.682000,18.924000,1,3,2,NONE,,
AAA_BASE,base,324,37.2891459993,127.1069166444,-64.903000,18.813000,1,3,2,NONE,,
AAA_BASE,base,325,37.2891448315,127.1069144765,-65.095000,18.683000,1,3,2,NONE,,
AAA_BASE,base,326,37.2891433313,127.1069123086,-65.287000,18.516000,1,3,2,NONE,,
AAA_BASE,base,327,37.2891420018,127.1069103101,-65.464000,18.368000,1,3,2,NONE,,
AAA_BASE,base,328,37.2891408340,127.1069083115,-65.641000,18.238000,1,3,2,NONE,,
AAA_BASE,base,329,37.2891394955,127.1069063017,-65.819000,18.089000,1,3,2,NONE,,
AAA_BASE,base,330,37.2891383367,127.1069043032,-65.996000,17.960000,1,3,2,NONE,,
AAA_BASE,base,331,37.2891368365,127.1069023047,-66.173000,17.793000,1,3,2,NONE,,
AAA_BASE,base,332,37.2891351656,127.1069004755,-66.335000,17.607000,1,3,2,NONE,,
AAA_BASE,base,333,37.2891335038,127.1068988044,-66.483000,17.422000,1,3,2,NONE,,
AAA_BASE,base,334,37.2891318329,127.1068969753,-66.645000,17.236000,1,3,2,NONE,,
AAA_BASE,base,335,37.2891303327,127.1068949767,-66.822000,17.069000,1,3,2,NONE,,
AAA_BASE,base,336,37.2891286709,127.1068931363,-66.985000,16.884000,1,3,2,NONE,,
AAA_BASE,base,337,37.2891270000,127.1068916345,-67.118000,16.698000,1,3,2,NONE,,
AAA_BASE,base,338,37.2891251674,127.1068899748,-67.265000,16.494000,1,3,2,NONE,,
AAA_BASE,base,339,37.2891234966,127.1068883037,-67.413000,16.308000,1,3,2,NONE,,
AAA_BASE,base,340,37.2891218347,127.1068864745,-67.575000,16.123000,1,3,2,NONE,,
AAA_BASE,base,341,37.2891201639,127.1068846340,-67.738000,15.937000,1,3,2,NONE,,
AAA_BASE,base,342,37.2891185020,127.1068829742,-67.885000,15.752000,1,3,2,NONE,,
AAA_BASE,base,343,37.2891166694,127.1068813032,-68.033000,15.548000,1,3,2,NONE,,
AAA_BASE,base,344,37.2891148369,127.1068798014,-68.166000,15.344000,1,3,2,NONE,,
AAA_BASE,base,345,37.2891131660,127.1068781416,-68.313000,15.158000,1,3,2,NONE,,
AAA_BASE,base,346,37.2891115041,127.1068763012,-68.476000,14.973000,1,3,2,NONE,,
AAA_BASE,base,347,37.2891098333,127.1068744720,-68.638000,14.787000,1,3,2,NONE,,
AAA_BASE,base,348,37.2891081624,127.1068729703,-68.771000,14.601000,1,3,2,NONE,,
AAA_BASE,base,349,37.2891063299,127.1068713105,-68.918000,14.397000,1,3,2,NONE,,
AAA_BASE,base,350,37.2891043356,127.1068698088,-69.051000,14.175000,1,3,2,NONE,,
AAA_BASE,base,351,37.2891026648,127.1068681377,-69.199000,13.989000,1,3,2,NONE,,
AAA_BASE,base,352,37.2891008322,127.1068663085,-69.361000,13.785000,1,3,2,NONE,,
AAA_BASE,base,353,37.2890989996,127.1068646375,-69.509000,13.581000,1,3,2,NONE,,
AAA_BASE,base,354,37.2890970145,127.1068631113,-69.644163,13.360014,1,3,2,NONE,,
AAA_BASE,base,355,37.2890950022,127.1068616340,-69.775000,13.136000,1,3,2,NONE,,
AAA_BASE,base,356,37.2890931696,127.1068601436,-69.907000,12.932000,1,3,2,NONE,,
AAA_BASE,base,357,37.2890913370,127.1068584725,-70.055000,12.728000,1,3,2,NONE,,
AAA_BASE,base,358,37.2890893338,127.1068569708,-70.188000,12.505000,1,3,2,NONE,,
AAA_BASE,base,359,37.2890873306,127.1068553110,-70.335000,12.282000,1,3,2,NONE,,
AAA_BASE,base,360,37.2890853363,127.1068538093,-70.468000,12.060000,1,3,2,NONE,,
AAA_BASE,base,361,37.2890833331,127.1068524769,-70.586000,11.837000,1,3,2,NONE,,
AAA_BASE,base,362,37.2890815005,127.1068511446,-70.704000,11.633000,1,3,2,NONE,,
AAA_BASE,base,363,37.2890796680,127.1068494735,-70.852000,11.429000,1,3,2,NONE,,
AAA_BASE,base,364,37.2890776648,127.1068478024,-71.000000,11.206000,1,3,2,NONE,,
AAA_BASE,base,365,37.2890758322,127.1068464700,-71.118000,11.002000,1,3,2,NONE,,
AAA_BASE,base,366,37.2890738290,127.1068451377,-71.236000,10.779000,1,3,2,NONE,,
AAA_BASE,base,367,37.2890718347,127.1068436359,-71.369000,10.557000,1,3,2,NONE,,
AAA_BASE,base,368,37.2890698315,127.1068421342,-71.502000,10.334000,1,3,2,NONE,,
AAA_BASE,base,369,37.2890679989,127.1068406438,-71.634000,10.130000,1,3,2,NONE,,
AAA_BASE,base,370,37.2890661664,127.1068391421,-71.767000,9.926000,1,3,2,NONE,,
AAA_BASE,base,371,37.2890641631,127.1068376404,-71.900000,9.703000,1,3,2,NONE,,
AAA_BASE,base,372,37.2890621689,127.1068363080,-72.018000,9.481000,1,3,2,NONE,,
AAA_BASE,base,373,37.2890601656,127.1068348063,-72.151000,9.258000,1,3,2,NONE,,
AAA_BASE,base,374,37.2890583331,127.1068333046,-72.284000,9.054000,1,3,2,NONE,,
AAA_BASE,base,375,37.2890563299,127.1068316448,-72.431000,8.831000,1,3,2,NONE,,
AAA_BASE,base,376,37.2890544973,127.1068303011,-72.550000,8.627000,1,3,2,NONE,,
AAA_BASE,base,377,37.2890523324,127.1068289688,-72.668000,8.386000,1,3,2,NONE,,
AAA_BASE,base,378,37.2890503291,127.1068274783,-72.800000,8.163000,1,3,2,NONE,,
AAA_BASE,base,379,37.2890483349,127.1068259766,-72.933000,7.941000,1,3,2,NONE,,
AAA_BASE,base,380,37.2890463317,127.1068243055,-73.081000,7.718000,1,3,2,NONE,,
AAA_BASE,base,381,37.2890443374,127.1068228038,-73.214000,7.496000,1,3,2,NONE,,
AAA_BASE,base,382,37.2890423342,127.1068213021,-73.347000,7.273000,1,3,2,NONE,,
AAA_BASE,base,383,37.2890401692,127.1068199697,-73.465000,7.032000,1,3,2,NONE,,
AAA_BASE,base,384,37.2890383367,127.1068184680,-73.598000,6.828000,1,3,2,NONE,,
AAA_BASE,base,385,37.2890363335,127.1068169776,-73.730000,6.605000,1,3,2,NONE,,
AAA_BASE,base,386,37.2890343302,127.1068153065,-73.878000,6.382000,1,3,2,NONE,,
AAA_BASE,base,387,37.2890323360,127.1068139741,-73.996000,6.160000,1,3,2,NONE,,
AAA_BASE,base,388,37.2890303327,127.1068129692,-74.085000,5.937000,1,3,2,NONE,,
AAA_BASE,base,389,37.2890281678,127.1068118062,-74.188000,5.696000,1,3,2,NONE,,
AAA_BASE,base,390,37.2890261646,127.1068108013,-74.277000,5.473000,1,3,2,NONE,,
AAA_BASE,base,391,37.2890239996,127.1068096384,-74.380000,5.232000,1,3,2,NONE,,
AAA_BASE,base,392,37.2890218347,127.1068088028,-74.454000,4.991000,1,3,2,NONE,,
AAA_BASE,base,393,37.2890198315,127.1068081366,-74.513000,4.768000,1,3,2,NONE,,
AAA_BASE,base,394,37.2890174959,127.1068076398,-74.557000,4.508000,1,3,2,NONE,,
AAA_BASE,base,395,37.2890155016,127.1068071430,-74.601000,4.286000,1,3,2,NONE,,
AAA_BASE,base,396,37.2890133367,127.1068064768,-74.660000,4.045000,1,3,2,NONE,,
AAA_BASE,base,397,37.2890111628,127.1068058107,-74.719000,3.803000,1,3,2,NONE,,
AAA_BASE,base,398,37.2890091685,127.1068054719,-74.749000,3.581000,1,3,2,NONE,,
AAA_BASE,base,399,37.2890070036,127.1068051445,-74.778000,3.340000,1,3,2,NONE,,
AAA_BASE,base,400,37.2890048297,127.1068049751,-74.793000,3.098000,1,3,2,NONE,,
AAA_BASE,base,401,37.2890026648,127.1068048057,-74.808000,2.857000,1,3,2,NONE,,
AAA_BASE,base,402,37.2890004998,127.1068046364,-74.823000,2.616000,1,3,2,NONE,,
AAA_BASE,base,403,37.2889983349,127.1068046364,-74.823000,2.375000,1,3,2,NONE,,
AAA_BASE,base,404,37.2889961700,127.1068049751,-74.793000,2.134000,1,3,2,NONE,,
AAA_BASE,base,405,37.2889939960,127.1068053026,-74.764000,1.892000,1,3,2,NONE,,
AAA_BASE,base,406,37.2889918311,127.1068059687,-74.705000,1.651000,1,3,2,NONE,,
AAA_BASE,base,407,37.2889896662,127.1068063075,-74.675000,1.410000,1,3,2,NONE,,
AAA_BASE,base,408,37.2889875013,127.1068069736,-74.616000,1.169000,1,3,2,NONE,,
AAA_BASE,base,409,37.2889853363,127.1068076398,-74.557000,0.928000,1,3,2,NONE,,
AAA_BASE,base,410,37.2889833331,127.1068084754,-74.483000,0.705000,1,3,2,NONE,,
AAA_BASE,base,411,37.2889813299,127.1068096384,-74.380000,0.482000,1,3,2,NONE,,
AAA_BASE,base,412,37.2889793356,127.1068106433,-74.291000,0.260000,1,3,2,NONE,,
AAA_BASE,base,413,37.2889773324,127.1068114675,-74.218000,0.037000,1,3,2,NONE,,
AAA_BASE,base,414,37.2889752696,127.1068125718,-74.120196,-0.192628,1,3,2,NONE,,
AAA_BASE,base,415,37.2889734966,127.1068138048,-74.011000,-0.390000,1,3,2,NONE,,
AAA_BASE,base,416,37.2889715023,127.1068151371,-73.893000,-0.612000,1,3,2,NONE,,
AAA_BASE,base,417,37.2889696698,127.1068166389,-73.760000,-0.816000,1,3,2,NONE,,
AAA_BASE,base,418,37.2889678372,127.1068179712,-73.642000,-1.020000,1,3,2,NONE,,
AAA_BASE,base,419,37.2889658340,127.1068193036,-73.524000,-1.243000,1,3,2,NONE,,
AAA_BASE,base,420,37.2889640014,127.1068208053,-73.391000,-1.447000,1,3,2,NONE,,
AAA_BASE,base,421,37.2889623306,127.1068223070,-73.258000,-1.633000,1,3,2,NONE,,
AAA_BASE,base,422,37.2889606687,127.1068239781,-73.110000,-1.818000,1,3,2,NONE,,
AAA_BASE,base,423,37.2889589978,127.1068256379,-72.963000,-2.004000,1,3,2,NONE,,
AAA_BASE,base,424,37.2889571653,127.1068273090,-72.815000,-2.208000,1,3,2,NONE,,
AAA_BASE,base,425,37.2889552373,127.1068290004,-72.665196,-2.422628,1,3,2,NONE,,
AAA_BASE,base,426,37.2889536709,127.1068306399,-72.520000,-2.597000,1,3,2,NONE,,
AAA_BASE,base,427,37.2889521707,127.1068324690,-72.358000,-2.764000,1,3,2,NONE,,
AAA_BASE,base,428,37.2889506705,127.1068346369,-72.166000,-2.931000,1,3,2,NONE,,
AAA_BASE,base,429,37.2889491703,127.1068366354,-71.989000,-3.098000,1,3,2,NONE,,
AAA_BASE,base,430,37.2889474995,127.1068386340,-71.812000,-3.284000,1,3,2,NONE,,
AAA_BASE,base,431,37.2889459993,127.1068408019,-71.620000,-3.451000,1,3,2,NONE,,
AAA_BASE,base,432,37.2889446698,127.1068429698,-71.428000,-3.599000,1,3,2,NONE,,
AAA_BASE,base,433,37.2889438344,127.1068443021,-71.310000,-3.692000,1,3,2,NONE,,
AAA_BASE,base,434,37.2889423016,127.1068465581,-71.110196,-3.862628,1,3,2,NONE,,
AAA_BASE,base,435,37.2889409957,127.1068488073,-70.911000,-4.008000,1,3,2,NONE,,
AAA_BASE,base,436,37.2889394955,127.1068509752,-70.719000,-4.175000,1,3,2,NONE,,
AAA_BASE,base,437,37.2889380043,127.1068533012,-70.513000,-4.341000,1,3,2,NONE,,
AAA_BASE,base,438,37.2889366658,127.1068556384,-70.306000,-4.490000,1,3,2,NONE,,
AAA_BASE,base,439,37.2889353363,127.1068581338,-70.085000,-4.638000,1,3,2,NONE,,
AAA_BASE,base,440,37.2889341685,127.1068606404,-69.863000,-4.768000,1,3,2,NONE,,
AAA_BASE,base,441,37.2889328300,127.1068629777,-69.656000,-4.917000,1,3,2,NONE,,
AAA_BASE,base,442,37.2889315005,127.1068654730,-69.435000,-5.065000,1,3,2,NONE,,
AAA_BASE,base,443,37.2889303327,127.1068679683,-69.214000,-5.195000,1,3,2,NONE,,
AAA_BASE,base,444,37.2889291649,127.1068703056,-69.007000,-5.325000,1,3,2,NONE,,
AAA_BASE,base,445,37.2889279586,127.1068728477,-68.781863,-5.459294,1,3,2,NONE,,
AAA_BASE,base,446,37.2889267608,127.1068752000,-68.573529,-5.592628,1,3,2,NONE,,
AAA_BASE,base,447,37.2889254998,127.1068774755,-68.372000,-5.733000,1,3,2,NONE,,
AAA_BASE,base,448,37.2889243320,127.1068798014,-68.166000,-5.863000,1,3,2,NONE,,
AAA_BASE,base,449,37.2889233349,127.1068823081,-67.944000,-5.974000,1,3,2,NONE,,
AAA_BASE,base,450,37.2889223378,127.1068848034,-67.723000,-6.085000,1,3,2,NONE,,
AAA_BASE,base,451,37.2889215023,127.1068871407,-67.516000,-6.178000,1,3,2,NONE,,
AAA_BASE,base,452,37.2889203345,127.1068896360,-67.295000,-6.308000,1,3,2,NONE,,
AAA_BASE,base,453,37.2889191667,127.1068921426,-67.073000,-6.438000,1,3,2,NONE,,
AAA_BASE,base,454,37.2889181696,127.1068944686,-66.867000,-6.549000,1,3,2,NONE,,
AAA_BASE,base,455,37.2889172387,127.1068968413,-66.656863,-6.652628,1,3,2,NONE,,
AAA_BASE,base,456,37.2889163254,127.1068994195,-66.428529,-6.754294,1,3,2,NONE,,
AAA_BASE,base,457,37.2889154421,127.1069019035,-66.208529,-6.852628,1,3,2,NONE,,
AAA_BASE,base,458,37.2889144955,127.1069044726,-65.981000,-6.958000,1,3,2,NONE,,
AAA_BASE,base,459,37.2889134984,127.1069069679,-65.760000,-7.069000,1,3,2,NONE,,
AAA_BASE,base,460,37.2889126630,127.1069096439,-65.523000,-7.162000,1,3,2,NONE,,
AAA_BASE,base,461,37.2889118365,127.1069123086,-65.287000,-7.254000,1,3,2,NONE,,
AAA_BASE,base,462,37.2889111628,127.1069149733,-65.051000,-7.329000,1,3,2,NONE,,
AAA_BASE,base,463,37.2889103363,127.1069174687,-64.830000,-7.421000,1,3,2,NONE,,
AAA_BASE,base,464,37.2889095009,127.1069201447,-64.593000,-7.514000,1,3,2,NONE,,
AAA_BASE,base,465,37.2889088361,127.1069228094,-64.357000,-7.588000,1,3,2,NONE,,
AAA_BASE,base,466,37.2889081624,127.1069254741,-64.121000,-7.663000,1,3,2,NONE,,
AAA_BASE,base,467,37.2889074977,127.1069281388,-63.885000,-7.737000,1,3,2,NONE,,
AAA_BASE,base,468,37.2889068333,127.1069306959,-63.658529,-7.810961,1,3,2,NONE,,
AAA_BASE,base,469,37.2889061682,127.1069334682,-63.413000,-7.885000,1,3,2,NONE,,
AAA_BASE,base,470,37.2889053327,127.1069361442,-63.176000,-7.978000,1,3,2,NONE,,
AAA_BASE,base,471,37.2889044973,127.1069386395,-62.955000,-8.071000,1,3,2,NONE,,
AAA_BASE,base,472,37.2889038326,127.1069413042,-62.719000,-8.145000,1,3,2,NONE,,
AAA_BASE,base,473,37.2889031502,127.1069436807,-62.508529,-8.220961,1,3,2,NONE,,
AAA_BASE,base,474,37.2889025031,127.1069464756,-62.261000,-8.293000,1,3,2,NONE,,
AAA_BASE,base,475,37.2889016676,127.1069491403,-62.025000,-8.386000,1,3,2,NONE,,
AAA_BASE,base,476,37.2889010029,127.1069514775,-61.818000,-8.460000,1,3,2,NONE,,
AAA_BASE,base,477,37.2889003291,127.1069538035,-61.612000,-8.535000,1,3,2,NONE,,
AAA_BASE,base,478,37.2888996644,127.1069564682,-61.376000,-8.609000,1,3,2,NONE,,
AAA_BASE,base,479,37.2888989996,127.1069589749,-61.154000,-8.683000,1,3,2,NONE,,
AAA_BASE,base,480,37.2888983349,127.1069613008,-60.948000,-8.757000,1,3,2,NONE,,
AAA_BASE,base,481,37.2888976701,127.1069638075,-60.726000,-8.831000,1,3,2,NONE,,
AAA_BASE,base,482,37.2888971671,127.1069663028,-60.505000,-8.887000,1,3,2,NONE,,
AAA_BASE,base,483,37.2888968347,127.1069688094,-60.283000,-8.924000,1,3,2,NONE,,
AAA_BASE,base,484,37.2888966640,127.1069713048,-60.062000,-8.943000,1,3,2,NONE,,
AAA_BASE,base,485,37.2888965023,127.1069739695,-59.826000,-8.961000,1,3,2,NONE,,
AAA_BASE,base,486,37.2888965023,127.1069764761,-59.604000,-8.961000,1,3,2,NONE,,
AAA_BASE,base,487,37.2888965023,127.1069789714,-59.383000,-8.961000,1,3,2,NONE,,
AAA_BASE,base,488,37.2888965023,127.1069814781,-59.161000,-8.961000,1,3,2,NONE,,
AAA_BASE,base,489,37.2888966640,127.1069839734,-58.940000,-8.943000,1,3,2,NONE,,
AAA_BASE,base,490,37.2888968620,127.1069864929,-58.716863,-8.920961,1,3,2,NONE,,
AAA_BASE,base,491,37.2888970566,127.1069887888,-58.513529,-8.899294,1,3,2,NONE,,
AAA_BASE,base,492,37.2888972363,127.1069914234,-58.280196,-8.879294,1,3,2,NONE,,
AAA_BASE,base,493,37.2888973711,127.1069938509,-58.065196,-8.864294,1,3,2,NONE,,
AAA_BASE,base,494,37.2888976701,127.1069961340,-57.863000,-8.831000,1,3,2,NONE,,
AAA_BASE,base,495,37.2888981196,127.1069984991,-57.653529,-8.780961,1,3,2,NONE,,
AAA_BASE,base,496,37.2888986673,127.1070008085,-57.449000,-8.720000,1,3,2,NONE,,
AAA_BASE,base,497,37.2888991703,127.1070029764,-57.257000,-8.664000,1,3,2,NONE,,
AAA_BASE,base,498,37.2888996644,127.1070053024,-57.051000,-8.609000,1,3,2,NONE,,
AAA_BASE,base,499,37.2889003291,127.1070076396,-56.844000,-8.535000,1,3,2,NONE,,
AAA_BASE,base,500,37.2889011290,127.1070099032,-56.643529,-8.445961,1,3,2,NONE,,
AAA_BASE,base,501,37.2889020000,127.1070118061,-56.475000,-8.349000,1,3,2,NONE,,
AAA_BASE,base,502,37.2889031678,127.1070138046,-56.298000,-8.219000,1,3,2,NONE,,
AAA_BASE,base,503,37.2889043356,127.1070156338,-56.136000,-8.089000,1,3,2,NONE,,
AAA_BASE,base,504,37.2889056651,127.1070174742,-55.973000,-7.941000,1,3,2,NONE,,
AAA_BASE,base,505,37.2889070036,127.1070193034,-55.811000,-7.792000,1,3,2,NONE,,
AAA_BASE,base,506,37.2889085038,127.1070209745,-55.663000,-7.625000,1,3,2,NONE,,
AAA_BASE,base,507,37.2889100040,127.1070226343,-55.516000,-7.458000,1,3,2,NONE,,
AAA_BASE,base,508,37.2889116658,127.1070241360,-55.383000,-7.273000,1,3,2,NONE,,
AAA_BASE,base,509,37.2889131660,127.1070256377,-55.250000,-7.106000,1,3,2,NONE,,
AAA_BASE,base,510,37.2889146662,127.1070271394,-55.117000,-6.939000,1,3,2,NONE,,
AAA_BASE,base,511,37.2889163370,127.1070286411,-54.984000,-6.753000,1,3,2,NONE,,
AAA_BASE,base,512,37.2889179989,127.1070299735,-54.866000,-6.568000,1,3,2,NONE,,
AAA_BASE,base,513,37.2889198315,127.1070313058,-54.748000,-6.364000,1,3,2,NONE,,
AAA_BASE,base,514,37.2889216640,127.1070324688,-54.645000,-6.160000,1,3,2,NONE,,
AAA_BASE,base,515,37.2889233349,127.1070338012,-54.527000,-5.974000,1,3,2,NONE,,
AAA_BASE,base,516,37.2889251674,127.1070353029,-54.394000,-5.770000,1,3,2,NONE,,
AAA_BASE,base,517,37.2889270000,127.1070368046,-54.261000,-5.566000,1,3,2,NONE,,
AAA_BASE,base,518,37.2889286709,127.1070379676,-54.158000,-5.380000,1,3,2,NONE,,
AAA_BASE,base,519,37.2889306651,127.1070391419,-54.054000,-5.158000,1,3,2,NONE,,
AAA_BASE,base,520,37.2889325000,127.1070402554,-53.955381,-4.953739,1,3,2,NONE,,
AAA_BASE,base,521,37.2889343302,127.1070414679,-53.848000,-4.750000,1,3,2,NONE,,
AAA_BASE,base,522,37.2889361628,127.1070428115,-53.729000,-4.546000,1,3,2,NONE,,
AAA_BASE,base,523,37.2889380043,127.1070441439,-53.611000,-4.341000,1,3,2,NONE,,
AAA_BASE,base,524,37.2889396662,127.1070451375,-53.523000,-4.156000,1,3,2,NONE,,
AAA_BASE,base,525,37.2889414987,127.1070463005,-53.420000,-3.952000,1,3,2,NONE,,
AAA_BASE,base,526,37.2889432298,127.1070476783,-53.297974,-3.759294,1,3,2,NONE,,
AAA_BASE,base,527,37.2889450022,127.1070488071,-53.198000,-3.562000,1,3,2,NONE,,
AAA_BASE,base,528,37.2889468347,127.1070501394,-53.080000,-3.358000,1,3,2,NONE,,
AAA_BASE,base,529,37.2889486673,127.1070514718,-52.962000,-3.154000,1,3,2,NONE,,
AAA_BASE,base,530,37.2889504998,127.1070528042,-52.844000,-2.950000,1,3,2,NONE,,
AAA_BASE,base,531,37.2889523324,127.1070539671,-52.741000,-2.746000,1,3,2,NONE,,
AAA_BASE,base,532,37.2889540032,127.1070551414,-52.637000,-2.560000,1,3,2,NONE,,
AAA_BASE,base,533,37.2889558358,127.1070564738,-52.519000,-2.356000,1,3,2,NONE,,
AAA_BASE,base,534,37.2889576683,127.1070578061,-52.401000,-2.152000,1,3,2,NONE,,
AAA_BASE,base,535,37.2889595009,127.1070588110,-52.312000,-1.948000,1,3,2,NONE,,
AAA_BASE,base,536,37.2889612127,127.1070596594,-52.236863,-1.757443,1,3,2,NONE,,
AAA_BASE,base,537,37.2889631660,127.1070606402,-52.150000,-1.540000,1,3,2,NONE,,
AAA_BASE,base,538,37.2889648369,127.1070616338,-52.062000,-1.354000,1,3,2,NONE,,
AAA_BASE,base,539,37.2889664987,127.1070628081,-51.958000,-1.169000,1,3,2,NONE,,
AAA_BASE,base,540,37.2889683313,127.1070641405,-51.840000,-0.965000,1,3,2,NONE,,
AAA_BASE,base,541,37.2889698315,127.1070653034,-51.737000,-0.798000,1,3,2,NONE,,
AAA_BASE,base,542,37.2889713769,127.1070665596,-51.625752,-0.625961,1,3,2,NONE,,
AAA_BASE,base,543,37.2889729739,127.1070678559,-51.510937,-0.448183,1,3,2,NONE,,
AAA_BASE,base,544,37.2889745027,127.1070693005,-51.383000,-0.278000,1,3,2,NONE,,
AAA_BASE,base,545,37.2889760029,127.1070709716,-51.235000,-0.111000,1,3,2,NONE,,
AAA_BASE,base,546,37.2889773324,127.1070728007,-51.073000,0.037000,1,3,2,NONE,,
AAA_BASE,base,547,37.2889786709,127.1070746412,-50.910000,0.186000,1,3,2,NONE,,
AAA_BASE,base,548,37.2889801710,127.1070766397,-50.733000,0.353000,1,3,2,NONE,,
AAA_BASE,base,549,37.2889813582,127.1070784571,-50.572048,0.485150,1,3,2,NONE,,
AAA_BASE,base,550,37.2889824977,127.1070806368,-50.379000,0.612000,1,3,2,NONE,,
AAA_BASE,base,551,37.2889835038,127.1070829741,-50.172000,0.724000,1,3,2,NONE,,
AAA_BASE,base,552,37.2889843302,127.1070853113,-49.965000,0.816000,1,3,2,NONE,,
AAA_BASE,base,553,37.2889850040,127.1070876373,-49.759000,0.891000,1,3,2,NONE,,
AAA_BASE,base,554,37.2889856687,127.1070899746,-49.552000,0.965000,1,3,2,NONE,,
AAA_BASE,base,555,37.2889861991,127.1070923619,-49.340566,1.024039,1,3,2,NONE,,
AAA_BASE,base,556,37.2889866658,127.1070946378,-49.139000,1.076000,1,3,2,NONE,,
AAA_BASE,base,557,37.2889869982,127.1070971444,-48.917000,1.113000,1,3,2,NONE,,
AAA_BASE,base,558,37.2889871689,127.1070994704,-48.711000,1.132000,1,3,2,NONE,,
AAA_BASE,base,559,37.2889875013,127.1071018077,-48.504000,1.169000,1,3,2,NONE,,
AAA_BASE,base,560,37.2889877461,127.1071040085,-48.309085,1.196261,1,3,2,NONE,,
AAA_BASE,base,561,37.2889879790,127.1071063085,-48.105381,1.222187,1,3,2,NONE,,
AAA_BASE,base,562,37.2889881660,127.1071086388,-47.899000,1.243000,1,3,2,NONE,,
AAA_BASE,base,563,37.2889881660,127.1071109761,-47.692000,1.243000,1,3,2,NONE,,
AAA_BASE,base,564,37.2889880043,127.1071133020,-47.486000,1.225000,1,3,2,NONE,,
AAA_BASE,base,565,37.2889880043,127.1071158087,-47.264000,1.225000,1,3,2,NONE,,
AAA_BASE,base,566,37.2889880043,127.1071181346,-47.058000,1.225000,1,3,2,NONE,,
AAA_BASE,base,567,37.2889878336,127.1071204719,-46.851000,1.206000,1,3,2,NONE,,
AAA_BASE,base,568,37.2889876297,127.1071229943,-46.627603,1.183298,1,3,2,NONE,,
AAA_BASE,base,569,37.2889874134,127.1071253153,-46.422048,1.159224,1,3,2,NONE,,
AAA_BASE,base,570,37.2889871972,127.1071278662,-46.196122,1.135150,1,3,2,NONE,,
AAA_BASE,base,571,37.2889869982,127.1071301371,-45.995000,1.113000,1,3,2,NONE,,
AAA_BASE,base,572,37.2889868365,127.1071326437,-45.773000,1.095000,1,3,2,NONE,,
AAA_BASE,base,573,37.2889865041,127.1071351391,-45.552000,1.058000,1,3,2,NONE,,
AAA_BASE,base,574,37.2889860011,127.1071374763,-45.345000,1.002000,1,3,2,NONE,,
AAA_BASE,base,575,37.2889854338,127.1071399101,-45.129455,0.938854,1,3,2,NONE,,
AAA_BASE,base,576,37.2889848333,127.1071423090,-44.917000,0.872000,1,3,2,NONE,,
AAA_BASE,base,577,37.2889843302,127.1071446349,-44.711000,0.816000,1,3,2,NONE,,
AAA_BASE,base,578,37.2889838036,127.1071470193,-44.499826,0.757372,1,3,2,NONE,,
AAA_BASE,base,579,37.2889831624,127.1071496369,-44.268000,0.686000,1,3,2,NONE,,
AAA_BASE,base,580,37.2889824727,127.1071520376,-44.055381,0.609224,1,3,2,NONE,,
AAA_BASE,base,581,37.2889816622,127.1071546389,-43.825000,0.519000,1,3,2,NONE,,
AAA_BASE,base,582,37.2889808358,127.1071571342,-43.604000,0.427000,1,3,2,NONE,,
AAA_BASE,base,583,37.2889801710,127.1071598102,-43.367000,0.353000,1,3,2,NONE,,
AAA_BASE,base,584,37.2889794973,127.1071623055,-43.146000,0.278000,1,3,2,NONE,,
AAA_BASE,base,585,37.2889785002,127.1071651396,-42.895000,0.167000,1,3,2,NONE,,
AAA_BASE,base,586,37.2889776648,127.1071676350,-42.674000,0.074000,1,3,2,NONE,,
AAA_BASE,base,587,37.2889770000,127.1071703110,-42.437000,0.000000,1,3,2,NONE,,
AAA_BASE,base,588,37.2889763509,127.1071728635,-42.210937,-0.072257,1,3,2,NONE,,
AAA_BASE,base,589,37.2889756356,127.1071754144,-41.985011,-0.151887,1,3,2,NONE,,
AAA_BASE,base,590,37.2889748351,127.1071779776,-41.758000,-0.241000,1,3,2,NONE,,
AAA_BASE,base,591,37.2889738290,127.1071806423,-41.522000,-0.353000,1,3,2,NONE,,
AAA_BASE,base,592,37.2889729406,127.1071832137,-41.294270,-0.451887,1,3,2,NONE,,
AAA_BASE,base,593,37.2889719964,127.1071858024,-41.065000,-0.557000,1,3,2,NONE,,
AAA_BASE,base,594,37.2889711700,127.1071886365,-40.814000,-0.649000,1,3,2,NONE,,
AAA_BASE,base,595,37.2889703788,127.1071910966,-40.596122,-0.737072,1,3,2,NONE,,
AAA_BASE,base,596,37.2889694991,127.1071938078,-40.356000,-0.835000,1,3,2,NONE,,
AAA_BASE,base,597,37.2889686637,127.1071964725,-40.120000,-0.928000,1,3,2,NONE,,
AAA_BASE,base,598,37.2889679989,127.1071991372,-39.884000,-1.002000,1,3,2,NONE,,
AAA_BASE,base,599,37.2889671635,127.1072019713,-39.633000,-1.095000,1,3,2,NONE,,
AAA_BASE,base,600,37.2889663863,127.1072044368,-39.414640,-1.181517,1,3,2,NONE,,
AAA_BASE,base,601,37.2889655016,127.1072071426,-39.175000,-1.280000,1,3,2,NONE,,
AAA_BASE,base,602,37.2889646662,127.1072094686,-38.969000,-1.373000,1,3,2,NONE,,
AAA_BASE,base,603,37.2889638308,127.1072119752,-38.747000,-1.466000,1,3,2,NONE,,
AAA_BASE,base,604,37.2889628430,127.1072146407,-38.510937,-1.575961,1,3,2,NONE,,
AAA_BASE,base,605,37.2889619982,127.1072171353,-38.290000,-1.670000,1,3,2,NONE,,
AAA_BASE,base,606,37.2889611628,127.1072193032,-38.098000,-1.763000,1,3,2,NONE,,
AAA_BASE,base,607,37.2889600040,127.1072216404,-37.891000,-1.892000,1,3,2,NONE,,
AAA_BASE,base,608,37.2889588361,127.1072238083,-37.699000,-2.022000,1,3,2,NONE,,
AAA_BASE,base,609,37.2889576683,127.1072259762,-37.507000,-2.152000,1,3,2,NONE,,
AAA_BASE,base,610,37.2889565005,127.1072281441,-37.315000,-2.282000,1,3,2,NONE,,
AAA_BASE,base,611,37.2889554402,127.1072302182,-37.131307,-2.400035,1,3,2,NONE,,
AAA_BASE,base,612,37.2889541649,127.1072323106,-36.946000,-2.542000,1,3,2,NONE,,
AAA_BASE,base,613,37.2889528354,127.1072341397,-36.784000,-2.690000,1,3,2,NONE,,
AAA_BASE,base,614,37.2889513352,127.1072358108,-36.636000,-2.857000,1,3,2,NONE,,
AAA_BASE,base,615,37.2889498351,127.1072376400,-36.474000,-3.024000,1,3,2,NONE,,
AAA_BASE,base,616,37.2889483349,127.1072394691,-36.312000,-3.191000,1,3,2,NONE,,
AAA_BASE,base,617,37.2889468347,127.1072409709,-36.179000,-3.358000,1,3,2,NONE,,
AAA_BASE,base,618,37.2889451639,127.1072424726,-36.046000,-3.544000,1,3,2,NONE,,
AAA_BASE,base,619,37.2889435020,127.1072438049,-35.928000,-3.729000,1,3,2,NONE,,
AAA_BASE,base,620,37.2889418311,127.1072451373,-35.810000,-3.915000,1,3,2,NONE,,
AAA_BASE,base,621,37.2889403309,127.1072466390,-35.677000,-4.082000,1,3,2,NONE,,
AAA_BASE,base,622,37.2889386691,127.1072483101,-35.529000,-4.267000,1,3,2,NONE,,
AAA_BASE,base,623,37.2889369982,127.1072496424,-35.411000,-4.453000,1,3,2,NONE,,
AAA_BASE,base,624,37.2889352948,127.1072508141,-35.307233,-4.642628,1,3,2,NONE,,
AAA_BASE,base,625,37.2889334981,127.1072520896,-35.194270,-4.842628,1,3,2,NONE,,
AAA_BASE,base,626,37.2889319178,127.1072534069,-35.077603,-5.018554,1,3,2,NONE,,
AAA_BASE,base,627,37.2889301710,127.1072549719,-34.939000,-5.213000,1,3,2,NONE,,
AAA_BASE,base,628,37.2889286709,127.1072564736,-34.806000,-5.380000,1,3,2,NONE,,
AAA_BASE,base,629,37.2889270935,127.1072577351,-34.694270,-5.555591,1,3,2,NONE,,
AAA_BASE,base,630,37.2889254998,127.1072588108,-34.599000,-5.733000,1,3,2,NONE,,
AAA_BASE,base,631,37.2889239996,127.1072598045,-34.511000,-5.900000,1,3,2,NONE,,
AAA_BASE,base,632,37.2889224995,127.1072606400,-34.437000,-6.067000,1,3,2,NONE,,
AAA_BASE,base,633,37.2889208719,127.1072614779,-34.362789,-6.248183,1,3,2,NONE,,
AAA_BASE,base,634,37.2889194911,127.1072620634,-34.310937,-6.401887,1,3,2,NONE,,
AAA_BASE,base,635,37.2889179773,127.1072625861,-34.264640,-6.570405,1,3,2,NONE,,
AAA_BASE,base,636,37.2889164469,127.1072629207,-34.235011,-6.740776,1,3,2,NONE,,
AAA_BASE,base,637,37.2889151692,127.1072631354,-34.216000,-6.883000,1,3,2,NONE,,
AAA_BASE,base,638,37.2889133859,127.1072634016,-34.192418,-7.081517,1,3,2,NONE,,
AAA_BASE,base,639,37.2889116392,127.1072635480,-34.179455,-7.275961,1,3,2,NONE,,
AAA_BASE,base,640,37.2889102751,127.1072636944,-34.166492,-7.427813,1,3,2,NONE,,
AAA_BASE,base,641,37.2889091273,127.1072637571,-34.160937,-7.555591,1,3,2,NONE,,
AAA_BASE,base,642,37.2889080007,127.1072638015,-34.157000,-7.681000,1,4,2,NONE,,
AAA_BASE,base,643,37.2889067152,127.1072637780,-34.159085,-7.824109,1,4,2,NONE,,
AAA_BASE,base,644,37.2889048686,127.1072635271,-34.181307,-8.029665,1,4,2,NONE,,
AAA_BASE,base,645,37.2889034713,127.1072632343,-34.207233,-8.185220,1,4,2,NONE,,
AAA_BASE,base,646,37.2889022236,127.1072629207,-34.235011,-8.324109,1,4,2,NONE,,
AAA_BASE,base,647,37.2889004998,127.1072624692,-34.275000,-8.516000,1,4,2,NONE,,
AAA_BASE,base,648,37.2888989132,127.1072619170,-34.323900,-8.692628,1,4,2,NONE,,
AAA_BASE,base,649,37.2888975990,127.1072614152,-34.368344,-8.838924,1,4,2,NONE,,
AAA_BASE,base,650,37.2888958376,127.1072606400,-34.437000,-9.035000,1,4,2,NONE,,
AAA_BASE,base,651,37.2888941667,127.1072599738,-34.496000,-9.221000,1,4,2,NONE,,
AAA_BASE,base,652,37.2888925085,127.1072594288,-34.544270,-9.405591,1,4,2,NONE,,
AAA_BASE,base,653,37.2888908340,127.1072588108,-34.599000,-9.592000,1,4,2,NONE,,
AAA_BASE,base,654,37.2888890014,127.1072583027,-34.644000,-9.796000,1,4,2,NONE,,
AAA_BASE,base,655,37.2888871689,127.1072576366,-34.703000,-10.000000,1,4,2,NONE,,
AAA_BASE,base,656,37.2888851890,127.1072568988,-34.768344,-10.220405,1,4,2,NONE,,
AAA_BASE,base,657,37.2888833331,127.1072559768,-34.850000,-10.427000,1,4,2,NONE,,
AAA_BASE,base,658,37.2888814294,127.1072552887,-34.910937,-10.638924,1,4,2,NONE,,
AAA_BASE,base,659,37.2888794973,127.1072546444,-34.968000,-10.854000,1,4,2,NONE,,
AAA_BASE,base,660,37.2888776698,127.1072539087,-35.033159,-11.057443,1,4,2,NONE,,
AAA_BASE,base,661,37.2888758322,127.1072529733,-35.116000,-11.262000,1,4,2,NONE,,
AAA_BASE,base,662,37.2888739767,127.1072520268,-35.199826,-11.468554,1,4,2,NONE,,
AAA_BASE,base,663,37.2888721671,127.1072513022,-35.264000,-11.670000,1,4,2,NONE,,
AAA_BASE,base,664,37.2888703345,127.1072506361,-35.323000,-11.874000,1,4,2,NONE,,
AAA_BASE,base,665,37.2888685020,127.1072501393,-35.367000,-12.078000,1,4,2,NONE,,
AAA_BASE,base,666,37.2888667070,127.1072494550,-35.427603,-12.277813,1,4,2,NONE,,
AAA_BASE,base,667,37.2888648369,127.1072488069,-35.485000,-12.486000,1,4,2,NONE,,
AAA_BASE,base,668,37.2888630043,127.1072481407,-35.544000,-12.690000,1,4,2,NONE,,
AAA_BASE,base,669,37.2888611628,127.1072474746,-35.603000,-12.895000,1,4,2,NONE,,
AAA_BASE,base,670,37.2888591685,127.1072469777,-35.647000,-13.117000,1,4,2,NONE,,
AAA_BASE,base,671,37.2888573360,127.1072464696,-35.692000,-13.321000,1,4,2,NONE,,
AAA_BASE,base,672,37.2888555034,127.1072458035,-35.751000,-13.525000,1,4,2,NONE,,
AAA_BASE,base,673,37.2888535002,127.1072448098,-35.839000,-13.748000,1,4,2,NONE,,
AAA_BASE,base,674,37.2888514969,127.1072441437,-35.898000,-13.971000,1,4,2,NONE,,
AAA_BASE,base,675,37.2888496724,127.1072437885,-35.929455,-14.174109,1,4,2,NONE,,
AAA_BASE,base,676,37.2888474599,127.1072433076,-35.972048,-14.420405,1,4,2,NONE,,
AAA_BASE,base,677,37.2888454636,127.1072427639,-36.020196,-14.642628,1,4,2,NONE,,
AAA_BASE,base,678,37.2888435020,127.1072421338,-36.076000,-14.861000,1,4,2,NONE,,
AAA_BASE,base,679,37.2888414987,127.1072414677,-36.135000,-15.084000,1,4,2,NONE,,
AAA_BASE,base,680,37.2888394250,127.1072407566,-36.197974,-15.314850,1,4,2,NONE,,
AAA_BASE,base,681,37.2888375013,127.1072399772,-36.267000,-15.529000,1,4,2,NONE,,
AAA_BASE,base,682,37.2888356687,127.1072391417,-36.341000,-15.733000,1,4,2,NONE,,
AAA_BASE,base,683,37.2888316558,127.1072370084,-36.529939,-16.179711,1,4,2,NONE,,
AAA_BASE,base,684,37.2888282762,127.1072359464,-36.623996,-16.555936,1,4,2,NONE,,
AAA_BASE,base,685,37.2888256358,127.1072349507,-36.712173,-16.849861,1,4,2,NONE,,
AAA_BASE,base,686,37.2888196686,127.1072319639,-36.976706,-17.514132,1,4,2,NONE,,
AAA_BASE,base,687,37.2888144501,127.1072290508,-37.234704,-18.095053,1,4,2,NONE,,
AAA_BASE,base,688,37.2888067766,127.1072247593,-37.614776,-18.949273,1,4,2,NONE,,
AAA_BASE,base,689,37.2888051878,127.1072238246,-37.697563,-19.126138,1,4,2,NONE,,
AAA_BASE,base,690,37.2888025510,127.1072221675,-37.844324,-19.419659,1,4,2,NONE,,
AAA_BASE,base,691,37.2887997115,127.1072204254,-37.998610,-19.735758,1,4,2,NONE,,
AAA_BASE,base,692,37.2887975142,127.1072190657,-38.119029,-19.980359,1,4,2,NONE,,
AAA_BASE,base,693,37.2887941338,127.1072170687,-38.295894,-20.356667,1,4,2,NONE,,
AAA_BASE,base,694,37.2887902463,127.1072148593,-38.491574,-20.789422,1,4,2,NONE,,
AAA_BASE,base,695,37.2887873391,127.1072133722,-38.623282,-21.113047,1,4,2,NONE,,
AAA_BASE,base,696,37.2887849728,127.1072120550,-38.739938,-21.376463,1,4,2,NONE,,
AAA_BASE,base,697,37.2887832826,127.1072111627,-38.818963,-21.564617,1,4,2,NONE,,
AAA_BASE,base,698,37.2887818642,127.1072103609,-38.889977,-21.722512,1,4,2,NONE,,
AAA_BASE,base,699,37.2887805034,127.1072096380,-38.954000,-21.874000,1,4,2,NONE,,
AAA_BASE,base,700,37.2887788549,127.1072089471,-39.015187,-22.057512,1,4,2,NONE,,
AAA_BASE,base,701,37.2887773128,127.1072081755,-39.083520,-22.229179,1,4,2,NONE,,
AAA_BASE,base,702,37.2887756060,127.1072072534,-39.165187,-22.419179,1,4,2,NONE,,
AAA_BASE,base,703,37.2887741703,127.1072063071,-39.249000,-22.579000,1,4,2,NONE,,
AAA_BASE,base,704,37.2887722673,127.1072053151,-39.336854,-22.790846,1,4,2,NONE,,
AAA_BASE,base,705,37.2887708376,127.1072046360,-39.397000,-22.950000,1,4,2,NONE,,
AAA_BASE,base,706,37.2887694077,127.1072039225,-39.460187,-23.109179,1,4,2,NONE,,
AAA_BASE,base,707,37.2887677608,127.1072029816,-39.543520,-23.292512,1,4,2,NONE,,
AAA_BASE,base,708,37.2887661664,127.1072021407,-39.618000,-23.470000,1,4,2,NONE,,
AAA_BASE,base,709,37.2887648369,127.1072013051,-39.692000,-23.618000,1,4,2,NONE,,
AAA_BASE,base,710,37.2887628336,127.1072003115,-39.780000,-23.841000,1,4,2,NONE,,
AAA_BASE,base,711,37.2887614106,127.1071996198,-39.841258,-23.999413,1,4,2,NONE,,
AAA_BASE,base,712,37.2887596834,127.1071985815,-39.933214,-24.191685,1,4,2,NONE,,
AAA_BASE,base,713,37.2887581439,127.1071975432,-40.025171,-24.363059,1,4,2,NONE,,
AAA_BASE,base,714,37.2887568485,127.1071967173,-40.098318,-24.507263,1,4,2,NONE,,
AAA_BASE,base,715,37.2887553278,127.1071958442,-40.175645,-24.676547,1,4,2,NONE,,
AAA_BASE,base,716,37.2887540032,127.1071951402,-40.238000,-24.824000,1,4,2,NONE,,
AAA_BASE,base,717,37.2887523716,127.1071942439,-40.317379,-25.005635,1,4,2,NONE,,
AAA_BASE,base,718,37.2887507963,127.1071932664,-40.403952,-25.181001,1,4,2,NONE,,
AAA_BASE,base,719,37.2887493320,127.1071923061,-40.489000,-25.344000,1,4,2,NONE,,
AAA_BASE,base,720,37.2887478318,127.1071911431,-40.592000,-25.511000,1,4,2,NONE,,
AAA_BASE,base,721,37.2887461700,127.1071899688,-40.696000,-25.696000,1,4,2,NONE,,
AAA_BASE,base,722,37.2887445547,127.1071890054,-40.781323,-25.875806,1,4,2,NONE,,
AAA_BASE,base,723,37.2887428372,127.1071881397,-40.858000,-26.067000,1,4,2,NONE,,
AAA_BASE,base,724,37.2887411664,127.1071874735,-40.917000,-26.253000,1,4,2,NONE,,
AAA_BASE,base,725,37.2887394955,127.1071866379,-40.991000,-26.439000,1,4,2,NONE,,
AAA_BASE,base,726,37.2887378336,127.1071858024,-41.065000,-26.624000,1,4,2,NONE,,
AAA_BASE,base,727,37.2887360011,127.1071849781,-41.138000,-26.828000,1,4,2,NONE,,
AAA_BASE,base,728,37.2887343302,127.1071844700,-41.183000,-27.014000,1,4,2,NONE,,
AAA_BASE,base,729,37.2887323360,127.1071839732,-41.227000,-27.236000,1,4,2,NONE,,
AAA_BASE,base,730,37.2887305034,127.1071833071,-41.286000,-27.440000,1,4,2,NONE,,
AAA_BASE,base,731,37.2887286709,127.1071826409,-41.345000,-27.644000,1,4,2,NONE,,
AAA_BASE,base,732,37.2887268293,127.1071818053,-41.419000,-27.849000,1,4,2,NONE,,
AAA_BASE,base,733,37.2887249968,127.1071809698,-41.493000,-28.053000,1,4,2,NONE,,
AAA_BASE,base,734,37.2887231642,127.1071801342,-41.567000,-28.257000,1,4,2,NONE,,
AAA_BASE,base,735,37.2887211700,127.1071794681,-41.626000,-28.479000,1,4,2,NONE,,
AAA_BASE,base,736,37.2887194991,127.1071786438,-41.699000,-28.665000,1,4,2,NONE,,
AAA_BASE,base,737,37.2887174959,127.1071774695,-41.803000,-28.888000,1,4,2,NONE,,
AAA_BASE,base,738,37.2887158340,127.1071763066,-41.906000,-29.073000,1,4,2,NONE,,
AAA_BASE,base,739,37.2887140014,127.1071751436,-42.009000,-29.277000,1,4,2,NONE,,
AAA_BASE,base,740,37.2887119982,127.1071741387,-42.098000,-29.500000,1,4,2,NONE,,
AAA_BASE,base,741,37.2887101656,127.1071733031,-42.172000,-29.704000,1,4,2,NONE,,
AAA_BASE,base,742,37.2887081624,127.1071724676,-42.246000,-29.927000,1,4,2,NONE,,
AAA_BASE,base,743,37.2887061682,127.1071713046,-42.349000,-30.149000,1,4,2,NONE,,
AAA_BASE,base,744,37.2887041649,127.1071703110,-42.437000,-30.372000,1,4,2,NONE,,
AAA_BASE,base,745,37.2887023324,127.1071694754,-42.511000,-30.576000,1,4,2,NONE,,
AAA_BASE,base,746,37.2887003291,127.1071686399,-42.585000,-30.799000,1,4,2,NONE,,
AAA_BASE,base,747,37.2886983349,127.1071678043,-42.659000,-31.021000,1,4,2,NONE,,
AAA_BASE,base,748,37.2886963317,127.1071666413,-42.762000,-31.244000,1,4,2,NONE,,
AAA_BASE,base,749,37.2886943374,127.1071654671,-42.866000,-31.466000,1,4,2,NONE,,
AAA_BASE,base,750,37.2886924959,127.1071644734,-42.954000,-31.671000,1,4,2,NONE,,
AAA_BASE,base,751,37.2886905016,127.1071636379,-43.028000,-31.893000,1,4,2,NONE,,
AAA_BASE,base,752,37.2886884984,127.1071628024,-43.102000,-32.116000,1,4,2,NONE,,
AAA_BASE,base,753,37.2886866658,127.1071619781,-43.175000,-32.320000,1,4,2,NONE,,
AAA_BASE,base,754,37.2886846626,127.1071611426,-43.249000,-32.543000,1,4,2,NONE,,
AAA_BASE,base,755,37.2886827803,127.1071601448,-43.337370,-32.752540,1,4,2,NONE,,
AAA_BASE,base,756,37.2886809282,127.1071592834,-43.413655,-32.958716,1,4,2,NONE,,
AAA_BASE,base,757,37.2886791687,127.1071584686,-43.485817,-33.154584,1,4,2,NONE,,
AAA_BASE,base,758,37.2886771499,127.1071576538,-43.557979,-33.379316,1,4,2,NONE,,
AAA_BASE,base,759,37.2886753904,127.1071568623,-43.628079,-33.575184,1,4,2,NONE,,
AAA_BASE,base,760,37.2886734966,127.1071559712,-43.707000,-33.786000,1,4,2,NONE,,
AAA_BASE,base,761,37.2886716640,127.1071549776,-43.795000,-33.990000,1,4,2,NONE,,
AAA_BASE,base,762,37.2886698315,127.1071541421,-43.869000,-34.194000,1,4,2,NONE,,
AAA_BASE,base,763,37.2886679989,127.1071533065,-43.943000,-34.398000,1,4,2,NONE,,
AAA_BASE,base,764,37.2886663224,127.1071524445,-44.019341,-34.584634,1,4,2,NONE,,
AAA_BASE,base,765,37.2886644496,127.1071514815,-44.104629,-34.793116,1,4,2,NONE,,
AAA_BASE,base,766,37.2886628336,127.1071506418,-44.179000,-34.973000,1,4,2,NONE,,
AAA_BASE,base,767,37.2886610011,127.1071494675,-44.283000,-35.177000,1,4,2,NONE,,
AAA_BASE,base,768,37.2886593302,127.1071486433,-44.356000,-35.363000,1,4,2,NONE,,
AAA_BASE,base,769,37.2886574977,127.1071478077,-44.430000,-35.567000,1,4,2,NONE,,
AAA_BASE,base,770,37.2886556651,127.1071469722,-44.504000,-35.771000,1,4,2,NONE,,
AAA_BASE,base,771,37.2886538326,127.1071459673,-44.593000,-35.975000,1,4,2,NONE,,
AAA_BASE,base,772,37.2886521707,127.1071448043,-44.696000,-36.160000,1,4,2,NONE,,
AAA_BASE,base,773,37.2886504998,127.1071438107,-44.784000,-36.346000,1,4,2,NONE,,
AAA_BASE,base,774,37.2886486157,127.1071429929,-44.856428,-36.555737,1,4,2,NONE,,
AAA_BASE,base,775,37.2886469964,127.1071421396,-44.932000,-36.736000,1,4,2,NONE,,
AAA_BASE,base,776,37.2886453345,127.1071411347,-45.021000,-36.921000,1,4,2,NONE,,
AAA_BASE,base,777,37.2886436637,127.1071401411,-45.109000,-37.107000,1,4,2,NONE,,
AAA_BASE,base,778,37.2886420018,127.1071391361,-45.198000,-37.292000,1,4,2,NONE,,
AAA_BASE,base,779,37.2886401313,127.1071381066,-45.289186,-37.500224,1,4,2,NONE,,
AAA_BASE,base,780,37.2886383367,127.1071371376,-45.375000,-37.700000,1,4,2,NONE,,
AAA_BASE,base,781,37.2886365041,127.1071363021,-45.449000,-37.904000,1,4,2,NONE,,
AAA_BASE,base,782,37.2886346626,127.1071353085,-45.537000,-38.109000,1,4,2,NONE,,
AAA_BASE,base,783,37.2886328300,127.1071341342,-45.641000,-38.313000,1,4,2,NONE,,
AAA_BASE,base,784,37.2886309975,127.1071331406,-45.729000,-38.517000,1,4,2,NONE,,
AAA_BASE,base,785,37.2886291649,127.1071321356,-45.818000,-38.721000,1,4,2,NONE,,
AAA_BASE,base,786,37.2886273324,127.1071313114,-45.891000,-38.925000,1,4,2,NONE,,
AAA_BASE,base,787,37.2886254998,127.1071304758,-45.965000,-39.129000,1,4,2,NONE,,
AAA_BASE,base,788,37.2886234966,127.1071293016,-46.069000,-39.352000,1,4,2,NONE,,
AAA_BASE,base,789,37.2886216640,127.1071281386,-46.172000,-39.556000,1,4,2,NONE,,
AAA_BASE,base,790,37.2886198315,127.1071271450,-46.260000,-39.760000,1,4,2,NONE,,
AAA_BASE,base,791,37.2886179989,127.1071263094,-46.334000,-39.964000,1,4,2,NONE,,
AAA_BASE,base,792,37.2886159957,127.1071256432,-46.393000,-40.187000,1,4,2,NONE,,
AAA_BASE,base,793,37.2886141631,127.1071248077,-46.467000,-40.391000,1,4,2,NONE,,
AAA_BASE,base,794,37.2886121689,127.1071238028,-46.556000,-40.613000,1,4,2,NONE,,
AAA_BASE,base,795,37.2886103363,127.1071228092,-46.644000,-40.817000,1,4,2,NONE,,
AAA_BASE,base,796,37.2886085488,127.1071219496,-46.720131,-41.015988,1,4,2,NONE,,
AAA_BASE,base,797,37.2886066622,127.1071211381,-46.792000,-41.226000,1,4,2,NONE,,
AAA_BASE,base,798,37.2886048297,127.1071203025,-46.866000,-41.430000,1,4,2,NONE,,
AAA_BASE,base,799,37.2886031678,127.1071194783,-46.939000,-41.615000,1,4,2,NONE,,
AAA_BASE,base,800,37.2886013352,127.1071184734,-47.028000,-41.819000,1,4,2,NONE,,
AAA_BASE,base,801,37.2885995027,127.1071174685,-47.117000,-42.023000,1,4,2,NONE,,
AAA_BASE,base,802,37.2885976701,127.1071166442,-47.190000,-42.227000,1,4,2,NONE,,
AAA_BASE,base,803,37.2885958376,127.1071159780,-47.249000,-42.431000,1,4,2,NONE,,
AAA_BASE,base,804,37.2885939960,127.1071151425,-47.323000,-42.636000,1,4,2,NONE,,
AAA_BASE,base,805,37.2885921635,127.1071143069,-47.397000,-42.840000,1,4,2,NONE,,
AAA_BASE,base,806,37.2885903309,127.1071133020,-47.486000,-43.044000,1,4,2,NONE,,
AAA_BASE,base,807,37.2885884984,127.1071123084,-47.574000,-43.248000,1,4,2,NONE,,
AAA_BASE,base,808,37.2885866658,127.1071114729,-47.648000,-43.452000,1,4,2,NONE,,
AAA_BASE,base,809,37.2885848333,127.1071106373,-47.722000,-43.656000,1,4,2,NONE,,
AAA_BASE,base,810,37.2885830007,127.1071098018,-47.796000,-43.860000,1,4,2,NONE,,
AAA_BASE,base,811,37.2885809975,127.1071086388,-47.899000,-44.083000,1,4,2,NONE,,
AAA_BASE,base,812,37.2885791649,127.1071074758,-48.002000,-44.287000,1,4,2,NONE,,
AAA_BASE,base,813,37.2885773324,127.1071064709,-48.091000,-44.491000,1,4,2,NONE,,
AAA_BASE,base,814,37.2885754998,127.1071056354,-48.165000,-44.695000,1,4,2,NONE,,
AAA_BASE,base,815,37.2885735177,127.1071047013,-48.247728,-44.915647,1,4,2,NONE,,
AAA_BASE,base,816,37.2885716640,127.1071036368,-48.342000,-45.122000,1,4,2,NONE,,
AAA_BASE,base,817,37.2885698315,127.1071024738,-48.445000,-45.326000,1,4,2,NONE,,
AAA_BASE,base,818,37.2885679989,127.1071013109,-48.548000,-45.530000,1,4,2,NONE,,
AAA_BASE,base,819,37.2885663370,127.1071003059,-48.637000,-45.715000,1,4,2,NONE,,
AAA_BASE,base,820,37.2885643338,127.1070993010,-48.726000,-45.938000,1,4,2,NONE,,
AAA_BASE,base,821,37.2885625013,127.1070984768,-48.799000,-46.142000,1,4,2,NONE,,
AAA_BASE,base,822,37.2885608304,127.1070974719,-48.888000,-46.328000,1,4,2,NONE,,
AAA_BASE,base,823,37.2885589978,127.1070961395,-49.006000,-46.532000,1,4,2,NONE,,
AAA_BASE,base,824,37.2885573360,127.1070951346,-49.095000,-46.717000,1,4,2,NONE,,
AAA_BASE,base,825,37.2885557408,127.1070943439,-49.165027,-46.894575,1,4,2,NONE,,
AAA_BASE,base,826,37.2885541649,127.1070934748,-49.242000,-47.070000,1,4,2,NONE,,
AAA_BASE,base,827,37.2885526648,127.1070926393,-49.316000,-47.237000,1,4,2,NONE,,
AAA_BASE,base,828,37.2885511646,127.1070916344,-49.405000,-47.404000,1,4,2,NONE,,
AAA_BASE,base,829,37.2885496644,127.1070904714,-49.508000,-47.571000,1,4,2,NONE,,
AAA_BASE,base,830,37.2885481642,127.1070894778,-49.596000,-47.738000,1,4,2,NONE,,
AAA_BASE,base,831,37.2885465498,127.1070886220,-49.671786,-47.917716,1,4,2,NONE,,
AAA_BASE,base,832,37.2885449940,127.1070878253,-49.742348,-48.090913,1,4,2,NONE,,
AAA_BASE,base,833,37.2885432364,127.1070868475,-49.828946,-48.286560,1,4,2,NONE,,
AAA_BASE,base,834,37.2885413370,127.1070858081,-49.921000,-48.498000,1,4,2,NONE,,
AAA_BASE,base,835,37.2885396662,127.1070848032,-50.010000,-48.684000,1,4,2,NONE,,
AAA_BASE,base,836,37.2885381660,127.1070838096,-50.098000,-48.851000,1,4,2,NONE,,
AAA_BASE,base,837,37.2885365041,127.1070829741,-50.172000,-49.036000,1,4,2,NONE,,
AAA_BASE,base,838,37.2885352751,127.1070824943,-50.214487,-49.172820,1,4,2,NONE,,
AAA_BASE,base,839,37.2885338827,127.1070818169,-50.274487,-49.327820,1,4,2,NONE,,
AAA_BASE,base,840,37.2885326849,127.1070812147,-50.327820,-49.461154,1,4,2,NONE,,
AAA_BASE,base,841,37.2885312776,127.1070803678,-50.402820,-49.617820,1,4,2,NONE,,
AAA_BASE,base,842,37.2885302445,127.1070796151,-50.469487,-49.732820,1,4,2,NONE,,
AAA_BASE,base,843,37.2885291649,127.1070788076,-50.541000,-49.853000,1,5,2,NONE,,
AAA_BASE,base,844,37.2885279838,127.1070777709,-50.632820,-49.984487,1,5,2,NONE,,
AAA_BASE,base,845,37.2885264969,127.1070763010,-50.763000,-50.150000,1,5,2,NONE,,
AAA_BASE,base,846,37.2885248247,127.1070744212,-50.929487,-50.336154,1,5,2,NONE,,
AAA_BASE,base,847,37.2885237018,127.1070731980,-51.037820,-50.461154,1,5,2,NONE,,
AAA_BASE,base,848,37.2885223378,127.1070716378,-51.176000,-50.613000,1,5,2,NONE,,
AAA_BASE,base,849,37.2885211700,127.1070703054,-51.294000,-50.743000,1,5,2,NONE,,
AAA_BASE,base,850,37.2885199139,127.1070685874,-51.446154,-50.882820,1,5,2,NONE,,
AAA_BASE,base,851,37.2885186637,127.1070666358,-51.619000,-51.022000,1,5,2,NONE,,
AAA_BASE,base,852,37.2885174959,127.1070648066,-51.781000,-51.152000,1,5,2,NONE,,
AAA_BASE,base,853,37.2885163370,127.1070629775,-51.943000,-51.281000,1,5,2,NONE,,
AAA_BASE,base,854,37.2885151379,127.1070611165,-52.107820,-51.414487,1,5,2,NONE,,
AAA_BASE,base,855,37.2885141631,127.1070593078,-52.268000,-51.523000,1,5,2,NONE,,
AAA_BASE,base,856,37.2885131766,127.1070570140,-52.471154,-51.632820,1,5,2,NONE,,
AAA_BASE,base,857,37.2885125013,127.1070549721,-52.652000,-51.708000,1,5,2,NONE,,
AAA_BASE,base,858,37.2885118365,127.1070528042,-52.844000,-51.782000,1,5,2,NONE,,
AAA_BASE,base,859,37.2885111628,127.1070508056,-53.021000,-51.857000,1,5,2,NONE,,
AAA_BASE,base,860,37.2885104980,127.1070484684,-53.228000,-51.931000,1,5,2,NONE,,
AAA_BASE,base,861,37.2885100040,127.1070463005,-53.420000,-51.986000,1,5,2,NONE,,
AAA_BASE,base,862,37.2885095534,127.1070438975,-53.632820,-52.036154,1,5,2,NONE,,
AAA_BASE,base,863,37.2885093302,127.1070414679,-53.848000,-52.061000,1,5,2,NONE,,
AAA_BASE,base,864,37.2885091685,127.1070393113,-54.039000,-52.079000,1,5,2,NONE,,
AAA_BASE,base,865,37.2885089978,127.1070371434,-54.231000,-52.098000,1,5,2,NONE,,
AAA_BASE,base,866,37.2885088361,127.1070346367,-54.453000,-52.116000,1,5,2,NONE,,
AAA_BASE,base,867,37.2885088361,127.1070324688,-54.645000,-52.116000,1,5,2,NONE,,
AAA_BASE,base,868,37.2885089978,127.1070301429,-54.851000,-52.098000,1,5,2,NONE,,
AAA_BASE,base,869,37.2885091685,127.1070279750,-55.043000,-52.079000,1,5,2,NONE,,
AAA_BASE,base,870,37.2885095009,127.1070256377,-55.250000,-52.042000,1,5,2,NONE,,
AAA_BASE,base,871,37.2885096626,127.1070234698,-55.442000,-52.024000,1,5,2,NONE,,
AAA_BASE,base,872,37.2885098978,127.1070211270,-55.649487,-51.997820,1,5,2,NONE,,
AAA_BASE,base,873,37.2885101373,127.1070191699,-55.822820,-51.971154,1,5,2,NONE,,
AAA_BASE,base,874,37.2885104980,127.1070169774,-56.017000,-51.931000,1,5,2,NONE,,
AAA_BASE,base,875,37.2885110011,127.1070146401,-56.224000,-51.875000,1,5,2,NONE,,
AAA_BASE,base,876,37.2885115041,127.1070126416,-56.401000,-51.819000,1,5,2,NONE,,
AAA_BASE,base,877,37.2885119982,127.1070103043,-56.608000,-51.764000,1,5,2,NONE,,
AAA_BASE,base,878,37.2885125013,127.1070079671,-56.815000,-51.708000,1,5,2,NONE,,
AAA_BASE,base,879,37.2885131660,127.1070058105,-57.006000,-51.634000,1,5,2,NONE,,
AAA_BASE,base,880,37.2885140014,127.1070036426,-57.198000,-51.541000,1,5,2,NONE,,
AAA_BASE,base,881,37.2885149986,127.1070013053,-57.405000,-51.430000,1,5,2,NONE,,
AAA_BASE,base,882,37.2885158340,127.1069993068,-57.582000,-51.337000,1,5,2,NONE,,
AAA_BASE,base,883,37.2885168311,127.1069971389,-57.774000,-51.226000,1,5,2,NONE,,
AAA_BASE,base,884,37.2885176831,127.1069951010,-57.954487,-51.131154,1,5,2,NONE,,
AAA_BASE,base,885,37.2885187312,127.1069930498,-58.136154,-51.014487,1,5,2,NONE,,
AAA_BASE,base,886,37.2885200022,127.1069909739,-58.320000,-50.873000,1,5,2,NONE,,
AAA_BASE,base,887,37.2885213317,127.1069891448,-58.482000,-50.725000,1,5,2,NONE,,
AAA_BASE,base,888,37.2885225939,127.1069872913,-58.646154,-50.584487,1,5,2,NONE,,
AAA_BASE,base,889,37.2885238290,127.1069856445,-58.792000,-50.447000,1,5,2,NONE,,
AAA_BASE,base,890,37.2885251674,127.1069839734,-58.940000,-50.298000,1,5,2,NONE,,
AAA_BASE,base,891,37.2885265914,127.1069824925,-59.071154,-50.139487,1,5,2,NONE,,
AAA_BASE,base,892,37.2885279971,127.1069811393,-59.191000,-49.983000,1,5,2,NONE,,
AAA_BASE,base,893,37.2885296680,127.1069798070,-59.309000,-49.797000,1,5,2,NONE,,
AAA_BASE,base,894,37.2885309975,127.1069786440,-59.412000,-49.649000,1,5,2,NONE,,
AAA_BASE,base,895,37.2885326683,127.1069773117,-59.530000,-49.463000,1,5,2,NONE,,
AAA_BASE,base,896,37.2885341671,127.1069762072,-59.627820,-49.296154,1,5,2,NONE,,
AAA_BASE,base,897,37.2885358304,127.1069751438,-59.722000,-49.111000,1,5,2,NONE,,
AAA_BASE,base,898,37.2885375013,127.1069741388,-59.811000,-48.925000,1,5,2,NONE,,
AAA_BASE,base,899,37.2885393773,127.1069731397,-59.899487,-48.716154,1,5,2,NONE,,
AAA_BASE,base,900,37.2885409957,127.1069723097,-59.973000,-48.536000,1,5,2,NONE,,
AAA_BASE,base,901,37.2885429107,127.1069714461,-60.049487,-48.322820,1,5,2,NONE,,
AAA_BASE,base,902,37.2885446698,127.1069708080,-60.106000,-48.127000,1,5,2,NONE,,
AAA_BASE,base,903,37.2885466640,127.1069703112,-60.150000,-47.905000,1,5,2,NONE,,
AAA_BASE,base,904,37.2885487148,127.1069698611,-60.189857,-47.676709,1,5,2,NONE,,
AAA_BASE,base,905,37.2885506112,127.1069695057,-60.221339,-47.465598,1,5,2,NONE,,
AAA_BASE,base,906,37.2885525031,127.1069691369,-60.254000,-47.255000,1,5,2,NONE,,
AAA_BASE,base,907,37.2885543356,127.1069688094,-60.283000,-47.051000,1,5,2,NONE,,
AAA_BASE,base,908,37.2885563299,127.1069686401,-60.298000,-46.829000,1,5,2,NONE,,
AAA_BASE,base,909,37.2885585038,127.1069686401,-60.298000,-46.587000,1,5,2,NONE,,
AAA_BASE,base,910,37.2885604927,127.1069686065,-60.300969,-46.365598,1,5,2,NONE,,
AAA_BASE,base,911,37.2885625013,127.1069686401,-60.298000,-46.142000,1,5,2,NONE,,
AAA_BASE,base,912,37.2885644955,127.1069686401,-60.298000,-45.920000,1,5,2,NONE,,
AAA_BASE,base,913,37.2885666694,127.1069688094,-60.283000,-45.678000,1,5,2,NONE,,
AAA_BASE,base,914,37.2885686637,127.1069691369,-60.254000,-45.456000,1,5,2,NONE,,
AAA_BASE,base,915,37.2885706669,127.1069694756,-60.224000,-45.233000,1,5,2,NONE,,
AAA_BASE,base,916,37.2885727030,127.1069696520,-60.208376,-45.006339,1,5,2,NONE,,
AAA_BASE,base,917,37.2885746644,127.1069698030,-60.195000,-44.788000,1,5,2,NONE,,
AAA_BASE,base,918,37.2885765957,127.1069697566,-60.199117,-44.573006,1,5,2,NONE,,
AAA_BASE,base,919,37.2885785002,127.1069698030,-60.195000,-44.361000,1,5,2,NONE,,
AAA_BASE,base,920,37.2885805034,127.1069698030,-60.195000,-44.138000,1,5,2,NONE,,
AAA_BASE,base,921,37.2885824977,127.1069699724,-60.180000,-43.916000,1,5,2,NONE,,
AAA_BASE,base,922,37.2885843302,127.1069701418,-60.165000,-43.712000,1,5,2,NONE,,
AAA_BASE,base,923,37.2885861628,127.1069701418,-60.165000,-43.508000,1,5,2,NONE,,
AAA_BASE,base,924,37.2885883569,127.1069701120,-60.167635,-43.263746,1,5,2,NONE,,
AAA_BASE,base,925,37.2885901692,127.1069701418,-60.165000,-43.062000,1,5,2,NONE,,
AAA_BASE,base,926,37.2885921635,127.1069704692,-60.136000,-42.840000,1,5,2,NONE,,
AAA_BASE,base,927,37.2885941667,127.1069708080,-60.106000,-42.617000,1,5,2,NONE,,
AAA_BASE,base,928,37.2885961700,127.1069709773,-60.091000,-42.394000,1,5,2,NONE,,
AAA_BASE,base,929,37.2885981642,127.1069711354,-60.077000,-42.172000,1,5,2,NONE,,
AAA_BASE,base,930,37.2886003511,127.1069713248,-60.060228,-41.928561,1,5,2,NONE,,
AAA_BASE,base,931,37.2886021707,127.1069714741,-60.047000,-41.726000,1,5,2,NONE,,
AAA_BASE,base,932,37.2886043103,127.1069717639,-60.021339,-41.487820,1,5,2,NONE,,
AAA_BASE,base,933,37.2886063398,127.1069718684,-60.012080,-41.261894,1,5,2,NONE,,
AAA_BASE,base,934,37.2886083360,127.1069720357,-59.997265,-41.039672,1,5,2,NONE,,
AAA_BASE,base,935,37.2886101826,127.1069720148,-59.999117,-40.834117,1,5,2,NONE,,
AAA_BASE,base,936,37.2886123306,127.1069721403,-59.988000,-40.595000,1,5,2,NONE,,
AAA_BASE,base,937,37.2886141631,127.1069721403,-59.988000,-40.391000,1,5,2,NONE,,
AAA_BASE,base,938,37.2886161664,127.1069723097,-59.973000,-40.168000,1,5,2,NONE,,
AAA_BASE,base,939,37.2886179989,127.1069724678,-59.959000,-39.964000,1,5,2,NONE,,
AAA_BASE,base,940,37.2886200022,127.1069724678,-59.959000,-39.741000,1,5,2,NONE,,
AAA_BASE,base,941,37.2886218347,127.1069723097,-59.973000,-39.537000,1,5,2,NONE,,
AAA_BASE,base,942,37.2886236739,127.1069721612,-59.986154,-39.332265,1,5,2,NONE,,
AAA_BASE,base,943,37.2886254998,127.1069719709,-60.003000,-39.129000,1,5,2,NONE,,
AAA_BASE,base,944,37.2886275031,127.1069718016,-60.018000,-38.906000,1,5,2,NONE,,
AAA_BASE,base,945,37.2886293356,127.1069714741,-60.047000,-38.702000,1,5,2,NONE,,
AAA_BASE,base,946,37.2886311682,127.1069709773,-60.091000,-38.498000,1,5,2,NONE,,
AAA_BASE,base,947,37.2886331624,127.1069703112,-60.150000,-38.276000,1,5,2,NONE,,
AAA_BASE,base,948,37.2886350040,127.1069698030,-60.195000,-38.071000,1,5,2,NONE,,
AAA_BASE,base,949,37.2886369982,127.1069691369,-60.254000,-37.849000,1,5,2,NONE,,
AAA_BASE,base,950,37.2886390014,127.1069683013,-60.328000,-37.626000,1,5,2,NONE,,
AAA_BASE,base,951,37.2886407584,127.1069672683,-60.419487,-37.430413,1,5,2,NONE,,
AAA_BASE,base,952,37.2886424959,127.1069663028,-60.505000,-37.237000,1,5,2,NONE,,
AAA_BASE,base,953,37.2886443374,127.1069651398,-60.608000,-37.032000,1,5,2,NONE,,
AAA_BASE,base,954,37.2886461700,127.1069643043,-60.682000,-36.828000,1,5,2,NONE,,
AAA_BASE,base,955,37.2886480025,127.1069633106,-60.770000,-36.624000,1,5,2,NONE,,
AAA_BASE,base,956,37.2886498351,127.1069623057,-60.859000,-36.420000,1,5,2,NONE,,
AAA_BASE,base,957,37.2886514969,127.1069613008,-60.948000,-36.235000,1,5,2,NONE,,
AAA_BASE,base,958,37.2886533680,127.1069599291,-61.069487,-36.026709,1,5,2,NONE,,
AAA_BASE,base,959,37.2886549817,127.1069585700,-61.189857,-35.847080,1,5,2,NONE,,
AAA_BASE,base,960,37.2886565005,127.1069574731,-61.287000,-35.678000,1,5,2,NONE,,
AAA_BASE,base,961,37.2886583331,127.1069563101,-61.390000,-35.474000,1,5,2,NONE,,
AAA_BASE,base,962,37.2886600040,127.1069549778,-61.508000,-35.288000,1,5,2,NONE,,
AAA_BASE,base,963,37.2886615041,127.1069534761,-61.641000,-35.121000,1,5,2,NONE,,
AAA_BASE,base,964,37.2886630043,127.1069516356,-61.804000,-34.954000,1,5,2,NONE,,
AAA_BASE,base,965,37.2886643338,127.1069501339,-61.937000,-34.806000,1,5,2,NONE,,
AAA_BASE,base,966,37.2886656633,127.1069484741,-62.084000,-34.658000,1,5,2,NONE,,
AAA_BASE,base,967,37.2886672919,127.1069467352,-62.238006,-34.476709,1,5,2,NONE,,
AAA_BASE,base,968,37.2886686393,127.1069450834,-62.384302,-34.326709,1,5,2,NONE,,
AAA_BASE,base,969,37.2886698315,127.1069433028,-62.542000,-34.194000,1,5,2,NONE,,
AAA_BASE,base,970,37.2886709993,127.1069413042,-62.719000,-34.064000,1,5,2,NONE,,
AAA_BASE,base,971,37.2886721671,127.1069394751,-62.881000,-33.934000,1,5,2,NONE,,
AAA_BASE,base,972,37.2886733349,127.1069374765,-63.058000,-33.804000,1,5,2,NONE,,
AAA_BASE,base,973,37.2886745027,127.1069354780,-63.235000,-33.674000,1,5,2,NONE,,
AAA_BASE,base,974,37.2886754998,127.1069336376,-63.398000,-33.563000,1,5,2,NONE,,
AAA_BASE,base,975,37.2886764247,127.1069316595,-63.573191,-33.460043,1,5,2,NONE,,
AAA_BASE,base,976,37.2886774395,127.1069294012,-63.773191,-33.347080,1,5,2,NONE,,
AAA_BASE,base,977,37.2886782712,127.1069275821,-63.934302,-33.254487,1,5,2,NONE,,
AAA_BASE,base,978,37.2886791649,127.1069254741,-64.121000,-33.155000,1,5,2,NONE,,
AAA_BASE,base,979,37.2886799514,127.1069231702,-64.325043,-33.067450,1,5,2,NONE,,
AAA_BASE,base,980,37.2886806651,127.1069211383,-64.505000,-32.988000,1,5,2,NONE,,
AAA_BASE,base,981,37.2886813299,127.1069188010,-64.712000,-32.914000,1,5,2,NONE,,
AAA_BASE,base,982,37.2886818329,127.1069163057,-64.933000,-32.858000,1,5,2,NONE,,
AAA_BASE,base,983,37.2886824977,127.1069141378,-65.125000,-32.784000,1,5,2,NONE,,
AAA_BASE,base,984,37.2886831624,127.1069118005,-65.332000,-32.710000,1,5,2,NONE,,
AAA_BASE,base,985,37.2886836655,127.1069093052,-65.553000,-32.654000,1,5,2,NONE,,
AAA_BASE,base,986,37.2886839978,127.1069069679,-65.760000,-32.617000,1,5,2,NONE,,
AAA_BASE,base,987,37.2886843302,127.1069044726,-65.981000,-32.580000,1,5,2,NONE,,
AAA_BASE,base,988,37.2886845009,127.1069021353,-66.188000,-32.561000,1,5,2,NONE,,
AAA_BASE,base,989,37.2886848333,127.1068998093,-66.394000,-32.524000,1,5,2,NONE,,
AAA_BASE,base,990,37.2886851656,127.1068973027,-66.616000,-32.487000,1,5,2,NONE,,
AAA_BASE,base,991,37.2886854411,127.1068947124,-66.845413,-32.456339,1,5,2,NONE,,
AAA_BASE,base,992,37.2886855742,127.1068923287,-67.056524,-32.441524,1,5,2,NONE,,
AAA_BASE,base,993,37.2886856687,127.1068896360,-67.295000,-32.431000,1,5,2,NONE,,
AAA_BASE,base,994,37.2886858304,127.1068871407,-67.516000,-32.413000,1,5,2,NONE,,
AAA_BASE,base,995,37.2886860011,127.1068844760,-67.752000,-32.394000,1,5,2,NONE,,
AAA_BASE,base,996,37.2886862396,127.1068817067,-67.997265,-32.367450,1,5,2,NONE,,
AAA_BASE,base,997,37.2886863061,127.1068791975,-68.219487,-32.360043,1,5,2,NONE,,
AAA_BASE,base,998,37.2886862729,127.1068765420,-68.454672,-32.363746,1,5,2,NONE,,
AAA_BASE,base,999,37.2886861628,127.1068739752,-68.682000,-32.376000,1,5,2,NONE,,
AAA_BASE,base,1000,37.2886861628,127.1068714686,-68.904000,-32.376000,1,5,2,NONE,,
AAA_BASE,base,1001,37.2886861628,127.1068688039,-69.140000,-32.376000,1,5,2,NONE,,
AAA_BASE,base,1002,37.2886862396,127.1068660454,-69.384302,-32.367450,1,5,2,NONE,,
AAA_BASE,base,1003,37.2886861628,127.1068636438,-69.597000,-32.376000,1,5,2,NONE,,
AAA_BASE,base,1004,37.2886860011,127.1068609678,-69.834000,-32.394000,1,5,2,NONE,,
AAA_BASE,base,1005,37.2886857405,127.1068582671,-70.073191,-32.423006,1,5,2,NONE,,
AAA_BASE,base,1006,37.2886856687,127.1068556384,-70.306000,-32.431000,1,5,2,NONE,,
AAA_BASE,base,1007,37.2886856687,127.1068529737,-70.542000,-32.431000,1,5,2,NONE,,
AAA_BASE,base,1008,37.2886856687,127.1068503090,-70.778000,-32.431000,1,5,2,NONE,,
AAA_BASE,base,1009,37.2886855575,127.1068474987,-71.026894,-32.443376,1,5,2,NONE,,
AAA_BASE,base,1010,37.2886854980,127.1068446409,-71.280000,-32.450000,1,5,2,NONE,,
AAA_BASE,base,1011,37.2886854980,127.1068419762,-71.516000,-32.450000,1,5,2,NONE,,
AAA_BASE,base,1012,37.2886856687,127.1068393114,-71.752000,-32.431000,1,5,2,NONE,,
AAA_BASE,base,1013,37.2886858237,127.1068364167,-72.008376,-32.413746,1,5,2,NONE,,
AAA_BASE,base,1014,37.2886860011,127.1068338014,-72.240000,-32.394000,1,5,2,NONE,,
AAA_BASE,base,1015,37.2886861628,127.1068311367,-72.476000,-32.376000,1,5,2,NONE,,
AAA_BASE,base,1016,37.2886861628,127.1068284720,-72.712000,-32.376000,1,5,2,NONE,,
AAA_BASE,base,1017,37.2886863335,127.1068259766,-72.933000,-32.357000,1,5,2,NONE,,
AAA_BASE,base,1018,37.2886865041,127.1068233006,-73.170000,-32.338000,1,5,2,NONE,,
AAA_BASE,base,1019,37.2886868365,127.1068206359,-73.406000,-32.301000,1,5,2,NONE,,
AAA_BASE,base,1020,37.2886869982,127.1068181406,-73.627000,-32.283000,1,5,2,NONE,,
AAA_BASE,base,1021,37.2886871689,127.1068154759,-73.863000,-32.264000,1,5,2,NONE,,
AAA_BASE,base,1022,37.2886875013,127.1068129692,-74.085000,-32.227000,1,5,2,NONE,,
AAA_BASE,base,1023,37.2886878336,127.1068106433,-74.291000,-32.190000,1,5,2,NONE,,
AAA_BASE,base,1024,37.2886883367,127.1068083060,-74.498000,-32.134000,1,5,2,NONE,,
AAA_BASE,base,1025,37.2886888308,127.1068059687,-74.705000,-32.079000,1,5,2,NONE,,
AAA_BASE,base,1026,37.2886891631,127.1068036428,-74.911000,-32.042000,1,5,2,NONE,,
AAA_BASE,base,1027,37.2886894955,127.1068013055,-75.118000,-32.005000,1,5,2,NONE,,
AAA_BASE,base,1028,37.2886899986,127.1067989682,-75.325000,-31.949000,1,5,2,NONE,,
AAA_BASE,base,1029,37.2886906633,127.1067968116,-75.516000,-31.875000,1,5,2,NONE,,
AAA_BASE,base,1030,37.2886914987,127.1067944744,-75.723000,-31.782000,1,5,2,NONE,,
AAA_BASE,base,1031,37.2886923342,127.1067923065,-75.915000,-31.689000,1,5,2,NONE,,
AAA_BASE,base,1032,37.2886929989,127.1067903079,-76.092000,-31.615000,1,5,2,NONE,,
AAA_BASE,base,1033,37.2886939085,127.1067879484,-76.300969,-31.513746,1,5,2,NONE,,
AAA_BASE,base,1034,37.2886949233,127.1067859202,-76.480598,-31.400783,1,5,2,NONE,,
AAA_BASE,base,1035,37.2886959993,127.1067841430,-76.638000,-31.281000,1,5,2,NONE,,
AAA_BASE,base,1036,37.2886973378,127.1067821444,-76.815000,-31.132000,1,5,2,NONE,,
AAA_BASE,base,1037,37.2886984966,127.1067803040,-76.978000,-31.003000,1,5,2,NONE,,
AAA_BASE,base,1038,37.2886996644,127.1067781361,-77.170000,-30.873000,1,5,2,NONE,,
AAA_BASE,base,1039,37.2887008322,127.1067761376,-77.347000,-30.743000,1,5,2,NONE,,
AAA_BASE,base,1040,37.2887021707,127.1067743084,-77.509000,-30.594000,1,5,2,NONE,,
AAA_BASE,base,1041,37.2887035002,127.1067724679,-77.672000,-30.446000,1,5,2,NONE,,
AAA_BASE,base,1042,37.2887048297,127.1067706388,-77.834000,-30.298000,1,5,2,NONE,,
AAA_BASE,base,1043,37.2887061682,127.1067686403,-78.011000,-30.149000,1,5,2,NONE,,
AAA_BASE,base,1044,37.2887076161,127.1067666208,-78.189857,-29.987820,1,5,2,NONE,,
AAA_BASE,base,1045,37.2887088304,127.1067648434,-78.347265,-29.852635,1,5,2,NONE,,
AAA_BASE,base,1046,37.2887103609,127.1067628570,-78.523191,-29.682265,1,5,2,NONE,,
AAA_BASE,base,1047,37.2887119982,127.1067611429,-78.675000,-29.500000,1,5,2,NONE,,
AAA_BASE,base,1048,37.2887134984,127.1067596412,-78.808000,-29.333000,1,5,2,NONE,,
AAA_BASE,base,1049,37.2887150188,127.1067579642,-78.956524,-29.163746,1,5,2,NONE,,
AAA_BASE,base,1050,37.2887167655,127.1067563333,-79.100969,-28.969302,1,5,2,NONE,,
AAA_BASE,base,1051,37.2887183958,127.1067550578,-79.213932,-28.787820,1,5,2,NONE,,
AAA_BASE,base,1052,37.2887203345,127.1067538037,-79.325000,-28.572000,1,5,2,NONE,,
AAA_BASE,base,1053,37.2887223378,127.1067528101,-79.413000,-28.349000,1,5,2,NONE,,
AAA_BASE,base,1054,37.2887243320,127.1067516358,-79.517000,-28.127000,1,5,2,NONE,,
AAA_BASE,base,1055,37.2887264140,127.1067505204,-79.615783,-27.895228,1,5,2,NONE,,
AAA_BASE,base,1056,37.2887283295,127.1067494679,-79.709000,-27.682000,1,5,2,NONE,,
AAA_BASE,base,1057,37.2887303327,127.1067486437,-79.782000,-27.459000,1,5,2,NONE,,
AAA_BASE,base,1058,37.2887324977,127.1067478081,-79.856000,-27.218000,1,5,2,NONE,,
AAA_BASE,base,1059,37.2887345009,127.1067471419,-79.915000,-26.995000,1,5,2,NONE,,
AAA_BASE,base,1060,37.2887365041,127.1067463064,-79.989000,-26.772000,1,5,2,NONE,,
AAA_BASE,base,1061,37.2887386691,127.1067454709,-80.063000,-26.531000,1,5,2,NONE,,
AAA_BASE,base,1062,37.2887406633,127.1067449740,-80.107000,-26.309000,1,5,2,NONE,,
AAA_BASE,base,1063,37.2887428372,127.1067444772,-80.151000,-26.067000,1,5,2,NONE,,
AAA_BASE,base,1064,37.2887448315,127.1067441385,-80.181000,-25.845000,1,5,2,NONE,,
AAA_BASE,base,1065,37.2887468347,127.1067434723,-80.240000,-25.622000,1,5,2,NONE,,
AAA_BASE,base,1066,37.2887489996,127.1067428061,-80.299000,-25.381000,1,5,2,NONE,,
AAA_BASE,base,1067,37.2887510843,127.1067424285,-80.332450,-25.148932,1,5,2,NONE,,
AAA_BASE,base,1068,37.2887529971,127.1067421400,-80.358000,-24.936000,1,5,2,NONE,,
AAA_BASE,base,1069,37.2887551710,127.1067421400,-80.358000,-24.694000,1,5,2,NONE,,
AAA_BASE,base,1070,37.2887571653,127.1067423093,-80.343000,-24.472000,1,5,2,NONE,,
AAA_BASE,base,1071,37.2887591685,127.1067423093,-80.343000,-24.249000,1,5,2,NONE,,
AAA_BASE,base,1072,37.2887612652,127.1067424075,-80.334302,-24.015598,1,5,2,NONE,,
AAA_BASE,base,1073,37.2887633367,127.1067426368,-80.314000,-23.785000,1,5,2,NONE,,
AAA_BASE,base,1074,37.2887655016,127.1067431449,-80.269000,-23.544000,1,5,2,NONE,,
AAA_BASE,base,1075,37.2887676665,127.1067436417,-80.225000,-23.303000,1,5,2,NONE,,
AAA_BASE,base,1076,37.2887696698,127.1067439691,-80.196000,-23.080000,1,5,2,NONE,,
AAA_BASE,base,1077,37.2887718347,127.1067443079,-80.166000,-22.839000,1,5,2,NONE,,
AAA_BASE,base,1078,37.2887738290,127.1067446353,-80.137000,-22.617000,1,5,2,NONE,,
AAA_BASE,base,1079,37.2887760029,127.1067453015,-80.078000,-22.375000,1,5,2,NONE,,
AAA_BASE,base,1080,37.2887781678,127.1067459677,-80.019000,-22.134000,1,5,2,NONE,,
AAA_BASE,base,1081,37.2887803327,127.1067466338,-79.960000,-21.893000,1,5,2,NONE,,
AAA_BASE,base,1082,37.2887823360,127.1067471419,-79.915000,-21.670000,1,5,2,NONE,,
AAA_BASE,base,1083,37.2887845009,127.1067476387,-79.871000,-21.429000,1,5,2,NONE,,
AAA_BASE,base,1084,37.2887866658,127.1067484743,-79.797000,-21.188000,1,5,2,NONE,,
AAA_BASE,base,1085,37.2887886691,127.1067493098,-79.723000,-20.965000,1,5,2,NONE,,
AAA_BASE,base,1086,37.2887908340,127.1067503035,-79.635000,-20.724000,1,5,2,NONE,,
AAA_BASE,base,1087,37.2887929989,127.1067511390,-79.561000,-20.483000,1,5,2,NONE,,
AAA_BASE,base,1088,37.2887950022,127.1067518052,-79.502000,-20.260000,1,5,2,NONE,,
AAA_BASE,base,1089,37.2887971671,127.1067526407,-79.428000,-20.019000,1,5,2,NONE,,
AAA_BASE,base,1090,37.2887989996,127.1067536343,-79.340000,-19.815000,1,5,2,NONE,,
AAA_BASE,base,1091,37.2888006705,127.1067546393,-79.251000,-19.629000,1,5,2,NONE,,
AAA_BASE,base,1092,37.2888022410,127.1067555448,-79.170796,-19.454175,1,5,2,NONE,,
AAA_BASE,base,1093,37.2888035931,127.1067564155,-79.093690,-19.303654,1,5,2,NONE,,
AAA_BASE,base,1094,37.2888052411,127.1067576207,-78.986952,-19.120197,1,5,2,NONE,,
AAA_BASE,base,1095,37.2888066398,127.1067588925,-78.874315,-18.964496,1,5,2,NONE,,
AAA_BASE,base,1096,37.2888076561,127.1067599242,-78.782937,-18.851362,1,6,2,NONE,,
AAA_BASE,base,1097,37.2888088257,127.1067612952,-78.661516,-18.721166,1,6,2,NONE,,
AAA_BASE,base,1098,37.2888095900,127.1067623199,-78.570761,-18.636083,1,6,2,NONE,,
AAA_BASE,base,1099,37.2888104732,127.1067636222,-78.455427,-18.537765,1,6,2,NONE,,
AAA_BASE,base,1100,37.2888112715,127.1067649671,-78.336312,-18.448902,1,6,2,NONE,,
AAA_BASE,base,1101,37.2888119339,127.1067662694,-78.220978,-18.375163,1,6,2,NONE,,
AAA_BASE,base,1102,37.2888124774,127.1067675289,-78.109425,-18.314660,1,6,2,NONE,,
AAA_BASE,base,1103,37.2888130548,127.1067691301,-77.967621,-18.250376,1,6,2,NONE,,
AAA_BASE,base,1104,37.2888135304,127.1067707098,-77.827707,-18.197435,1,6,2,NONE,,
AAA_BASE,base,1105,37.2888139720,127.1067725671,-77.663215,-18.148277,1,6,2,NONE,,
AAA_BASE,base,1106,37.2888143626,127.1067753638,-77.415530,-18.104790,1,6,2,NONE,,
AAA_BASE,base,1107,37.2888145665,127.1067780323,-77.179190,-18.082101,1,6,2,NONE,,
AAA_BASE,base,1108,37.2888147193,127.1067804874,-76.961757,-18.065085,1,6,2,NONE,,
AAA_BASE,base,1109,37.2888148212,127.1067831132,-76.729198,-18.053741,1,6,2,NONE,,
AAA_BASE,base,1110,37.2888150081,127.1067858031,-76.490967,-18.032943,1,6,2,NONE,,
AAA_BASE,base,1111,37.2888152458,127.1067881515,-76.282987,-18.006473,1,6,2,NONE,,
AAA_BASE,base,1112,37.2888156633,127.1067906354,-76.063000,-17.960000,1,6,2,NONE,,
AAA_BASE,base,1113,37.2888159957,127.1067931420,-75.841000,-17.923000,1,6,2,NONE,,
AAA_BASE,base,1114,37.2888164340,127.1067957888,-75.606591,-17.874203,1,6,2,NONE,,
AAA_BASE,base,1115,37.2888166694,127.1067983021,-75.384000,-17.848000,1,6,2,NONE,,
AAA_BASE,base,1116,37.2888167216,127.1068009774,-75.147058,-17.842196,1,6,2,NONE,,
AAA_BASE,base,1117,37.2888166694,127.1068034734,-74.926000,-17.848000,1,6,2,NONE,,
AAA_BASE,base,1118,37.2888166694,127.1068059687,-74.705000,-17.848000,1,6,2,NONE,,
AAA_BASE,base,1119,37.2888166694,127.1068084754,-74.483000,-17.848000,1,6,2,NONE,,
AAA_BASE,base,1120,37.2888166805,127.1068109417,-74.264570,-17.846768,1,6,2,NONE,,
AAA_BASE,base,1121,37.2888165573,127.1068135747,-74.031374,-17.860486,1,6,2,NONE,,
AAA_BASE,base,1122,37.2888163370,127.1068161420,-73.804000,-17.885000,1,6,2,NONE,,
AAA_BASE,base,1123,37.2888159957,127.1068186374,-73.583000,-17.923000,1,6,2,NONE,,
AAA_BASE,base,1124,37.2888156633,127.1068213021,-73.347000,-17.960000,1,6,2,NONE,,
AAA_BASE,base,1125,37.2888155016,127.1068238087,-73.125000,-17.978000,1,6,2,NONE,,
AAA_BASE,base,1126,37.2888153309,127.1068263041,-72.904000,-17.997000,1,6,2,NONE,,
AAA_BASE,base,1127,37.2888149986,127.1068286413,-72.697000,-18.034000,1,6,2,NONE,,
AAA_BASE,base,1128,37.2888146662,127.1068313060,-72.461000,-18.071000,1,6,2,NONE,,
AAA_BASE,base,1129,37.2888143338,127.1068338014,-72.240000,-18.108000,1,6,2,NONE,,
AAA_BASE,base,1130,37.2888140014,127.1068364774,-72.003000,-18.145000,1,6,2,NONE,,
AAA_BASE,base,1131,37.2888138308,127.1068391421,-71.767000,-18.164000,1,6,2,NONE,,
AAA_BASE,base,1132,37.2888135588,127.1068418155,-71.530231,-18.194276,1,6,2,NONE,,
AAA_BASE,base,1133,37.2888131660,127.1068443021,-71.310000,-18.238000,1,6,2,NONE,,
AAA_BASE,base,1134,37.2888126630,127.1068469781,-71.073000,-18.294000,1,6,2,NONE,,
AAA_BASE,base,1135,37.2888122444,127.1068496114,-70.839787,-18.340596,1,6,2,NONE,,
AAA_BASE,base,1136,37.2888116658,127.1068523075,-70.601000,-18.405000,1,6,2,NONE,,
AAA_BASE,base,1137,37.2888113202,127.1068552905,-70.336815,-18.443476,1,6,2,NONE,,
AAA_BASE,base,1138,37.2888108304,127.1068578063,-70.114000,-18.498000,1,6,2,NONE,,
AAA_BASE,base,1139,37.2888101656,127.1068606404,-69.863000,-18.572000,1,6,2,NONE,,
AAA_BASE,base,1140,37.2888093302,127.1068631357,-69.642000,-18.665000,1,6,2,NONE,,
AAA_BASE,base,1141,37.2888086655,127.1068656424,-69.420000,-18.739000,1,6,2,NONE,,
AAA_BASE,base,1142,37.2888081624,127.1068683071,-69.184000,-18.795000,1,6,2,NONE,,
AAA_BASE,base,1143,37.2888076683,127.1068708024,-68.963000,-18.850000,1,6,2,NONE,,
AAA_BASE,base,1144,37.2888070036,127.1068733090,-68.741000,-18.924000,1,6,2,NONE,,
AAA_BASE,base,1145,37.2888061682,127.1068758044,-68.520000,-19.017000,1,6,2,NONE,,
AAA_BASE,base,1146,37.2888053095,127.1068780816,-68.318322,-19.112582,1,6,2,NONE,,
AAA_BASE,base,1147,37.2888044973,127.1068808064,-68.077000,-19.203000,1,6,2,NONE,,
AAA_BASE,base,1148,37.2888040032,127.1068834711,-67.841000,-19.258000,1,6,2,NONE,,
AAA_BASE,base,1149,37.2888033295,127.1068859777,-67.619000,-19.333000,1,6,2,NONE,,
AAA_BASE,base,1150,37.2888026648,127.1068884730,-67.398000,-19.407000,1,6,2,NONE,,
AAA_BASE,base,1151,37.2888018293,127.1068911377,-67.162000,-19.500000,1,6,2,NONE,,
AAA_BASE,base,1152,37.2888012249,127.1068934267,-66.959281,-19.567289,1,6,2,NONE,,
AAA_BASE,base,1153,37.2888004998,127.1068964672,-66.690000,-19.648000,1,6,2,NONE,,
AAA_BASE,base,1154,37.2887999968,127.1068993012,-66.439000,-19.704000,1,6,2,NONE,,
AAA_BASE,base,1155,37.2887993320,127.1069018079,-66.217000,-19.778000,1,6,2,NONE,,
AAA_BASE,base,1156,37.2887984966,127.1069044726,-65.981000,-19.871000,1,6,2,NONE,,
AAA_BASE,base,1157,37.2887976701,127.1069069679,-65.760000,-19.963000,1,6,2,NONE,,
AAA_BASE,base,1158,37.2887969964,127.1069096439,-65.523000,-20.038000,1,6,2,NONE,,
AAA_BASE,base,1159,37.2887965023,127.1069123086,-65.287000,-20.093000,1,6,2,NONE,,
AAA_BASE,base,1160,37.2887958376,127.1069149733,-65.051000,-20.167000,1,6,2,NONE,,
AAA_BASE,base,1161,37.2887950022,127.1069176380,-64.815000,-20.260000,1,6,2,NONE,,
AAA_BASE,base,1162,37.2887943374,127.1069203027,-64.579000,-20.334000,1,6,2,NONE,,
AAA_BASE,base,1163,37.2887935020,127.1069229674,-64.343000,-20.427000,1,6,2,NONE,,
AAA_BASE,base,1164,37.2887928372,127.1069256434,-64.106000,-20.501000,1,6,2,NONE,,
AAA_BASE,base,1165,37.2887923709,127.1069283332,-63.867781,-20.552911,1,6,2,NONE,,
AAA_BASE,base,1166,37.2887918311,127.1069309728,-63.634000,-20.613000,1,6,2,NONE,,
AAA_BASE,base,1167,37.2887909957,127.1069336376,-63.398000,-20.706000,1,6,2,NONE,,
AAA_BASE,base,1168,37.2887901692,127.1069361442,-63.176000,-20.798000,1,6,2,NONE,,
AAA_BASE,base,1169,37.2887893338,127.1069386395,-62.955000,-20.891000,1,6,2,NONE,,
AAA_BASE,base,1170,37.2887887198,127.1069413550,-62.714502,-20.959353,1,6,2,NONE,,
AAA_BASE,base,1171,37.2887880043,127.1069441383,-62.468000,-21.039000,1,6,2,NONE,,
AAA_BASE,base,1172,37.2887871689,127.1069466449,-62.246000,-21.132000,1,6,2,NONE,,
AAA_BASE,base,1173,37.2887863335,127.1069493096,-62.010000,-21.225000,1,6,2,NONE,,
AAA_BASE,base,1174,37.2887854980,127.1069519744,-61.774000,-21.318000,1,6,2,NONE,,
AAA_BASE,base,1175,37.2887848333,127.1069548084,-61.523000,-21.392000,1,6,2,NONE,,
AAA_BASE,base,1176,37.2887841685,127.1069574731,-61.287000,-21.466000,1,6,2,NONE,,
AAA_BASE,base,1177,37.2887833331,127.1069601378,-61.051000,-21.559000,1,6,2,NONE,,
AAA_BASE,base,1178,37.2887824977,127.1069629719,-60.800000,-21.652000,1,6,2,NONE,,
AAA_BASE,base,1179,37.2887815005,127.1069656366,-60.564000,-21.763000,1,6,2,NONE,,
AAA_BASE,base,1180,37.2887808358,127.1069683013,-60.328000,-21.837000,1,6,2,NONE,,
AAA_BASE,base,1181,37.2887801710,127.1069711354,-60.077000,-21.911000,1,6,2,NONE,,
AAA_BASE,base,1182,37.2887794973,127.1069736420,-59.855000,-21.986000,1,6,2,NONE,,
AAA_BASE,base,1183,37.2887785002,127.1069764761,-59.604000,-22.097000,1,6,2,NONE,,
AAA_BASE,base,1184,37.2887776648,127.1069789714,-59.383000,-22.190000,1,6,2,NONE,,
AAA_BASE,base,1185,37.2887770000,127.1069816362,-59.147000,-22.264000,1,6,2,NONE,,
AAA_BASE,base,1186,37.2887761646,127.1069843009,-58.911000,-22.357000,1,6,2,NONE,,
AAA_BASE,base,1187,37.2887753291,127.1069869769,-58.674000,-22.450000,1,6,2,NONE,,
AAA_BASE,base,1188,37.2887743320,127.1069896416,-58.438000,-22.561000,1,6,2,NONE,,
AAA_BASE,base,1189,37.2887733349,127.1069923063,-58.202000,-22.672000,1,6,2,NONE,,
AAA_BASE,base,1190,37.2887723378,127.1069948016,-57.981000,-22.783000,1,6,2,NONE,,
AAA_BASE,base,1191,37.2887715023,127.1069974776,-57.744000,-22.876000,1,6,2,NONE,,
AAA_BASE,base,1192,37.2887708376,127.1070001423,-57.508000,-22.950000,1,6,2,NONE,,
AAA_BASE,base,1193,37.2887700022,127.1070024683,-57.302000,-23.043000,1,6,2,NONE,,
AAA_BASE,base,1194,37.2887689960,127.1070051443,-57.065000,-23.155000,1,6,2,NONE,,
AAA_BASE,base,1195,37.2887681696,127.1070078090,-56.829000,-23.247000,1,6,2,NONE,,
AAA_BASE,base,1196,37.2887671635,127.1070103043,-56.608000,-23.359000,1,6,2,NONE,,
AAA_BASE,base,1197,37.2887663370,127.1070129690,-56.372000,-23.451000,1,6,2,NONE,,
AAA_BASE,base,1198,37.2887655016,127.1070156338,-56.136000,-23.544000,1,6,2,NONE,,
AAA_BASE,base,1199,37.2887644955,127.1070181404,-55.914000,-23.656000,1,6,2,NONE,,
AAA_BASE,base,1200,37.2887634984,127.1070206357,-55.693000,-23.767000,1,6,2,NONE,,
AAA_BASE,base,1201,37.2887625013,127.1070233004,-55.457000,-23.878000,1,6,2,NONE,,
AAA_BASE,base,1202,37.2887616658,127.1070258071,-55.235000,-23.971000,1,6,2,NONE,,
AAA_BASE,base,1203,37.2887608800,127.1070284349,-55.002263,-24.058474,1,6,2,NONE,,
AAA_BASE,base,1204,37.2887600040,127.1070309671,-54.778000,-24.156000,1,6,2,NONE,,
AAA_BASE,base,1205,37.2887589978,127.1070334737,-54.556000,-24.268000,1,6,2,NONE,,
AAA_BASE,base,1206,37.2887580007,127.1070359691,-54.335000,-24.379000,1,6,2,NONE,,
AAA_BASE,base,1207,37.2887571653,127.1070383063,-54.128000,-24.472000,1,6,2,NONE,,
AAA_BASE,base,1208,37.2887563299,127.1070408017,-53.907000,-24.565000,1,6,2,NONE,,
AAA_BASE,base,1209,37.2887555034,127.1070433083,-53.685000,-24.657000,1,6,2,NONE,,
AAA_BASE,base,1210,37.2887544973,127.1070456343,-53.479000,-24.769000,1,6,2,NONE,,
AAA_BASE,base,1211,37.2887535002,127.1070479716,-53.272000,-24.880000,1,6,2,NONE,,
AAA_BASE,base,1212,37.2887525031,127.1070504782,-53.050000,-24.991000,1,6,2,NONE,,
AAA_BASE,base,1213,37.2887516676,127.1070528042,-52.844000,-25.084000,1,6,2,NONE,,
AAA_BASE,base,1214,37.2887510029,127.1070553108,-52.622000,-25.158000,1,6,2,NONE,,
AAA_BASE,base,1215,37.2887503291,127.1070574674,-52.431000,-25.233000,1,6,2,NONE,,
AAA_BASE,base,1216,37.2887494434,127.1070597154,-52.231904,-25.331598,1,6,2,NONE,,
AAA_BASE,base,1217,37.2887486673,127.1070619726,-52.032000,-25.418000,1,6,2,NONE,,
AAA_BASE,base,1218,37.2887480025,127.1070639711,-51.855000,-25.492000,1,6,2,NONE,,
AAA_BASE,base,1219,37.2887474971,127.1070656433,-51.706904,-25.548264,1,6,2,NONE,,
AAA_BASE,base,1220,37.2887469431,127.1070672805,-51.561904,-25.609931,1,6,2,NONE,,
AAA_BASE,base,1221,37.2887463443,127.1070689930,-51.410238,-25.676598,1,6,2,NONE,,
AAA_BASE,base,1222,37.2887455957,127.1070707243,-51.256904,-25.759931,1,6,2,NONE,,
AAA_BASE,base,1223,37.2887448315,127.1070724733,-51.102000,-25.845000,1,6,2,NONE,,
AAA_BASE,base,1224,37.2887440536,127.1070741116,-50.956904,-25.931598,1,6,2,NONE,,
AAA_BASE,base,1225,37.2887431696,127.1070761429,-50.777000,-26.030000,1,6,2,NONE,,
AAA_BASE,base,1226,37.2887423917,127.1070778565,-50.625238,-26.116598,1,6,2,NONE,,
AAA_BASE,base,1227,37.2887414185,127.1070797195,-50.460238,-26.224931,1,6,2,NONE,,
AAA_BASE,base,1228,37.2887405759,127.1070815073,-50.301900,-26.318730,1,6,2,NONE,,
AAA_BASE,base,1229,37.2887395358,127.1070834182,-50.132669,-26.434520,1,6,2,NONE,,
AAA_BASE,base,1230,37.2887386556,127.1070850608,-49.987189,-26.532496,1,6,2,NONE,,
AAA_BASE,base,1231,37.2887378288,127.1070866364,-49.847648,-26.624534,1,6,2,NONE,,
AAA_BASE,base,1232,37.2887370821,127.1070880108,-49.725920,-26.707665,1,6,2,NONE,,
AAA_BASE,base,1233,37.2887362553,127.1070894523,-49.598254,-26.799704,1,6,2,NONE,,
AAA_BASE,base,1234,37.2887354818,127.1070907932,-49.479495,-26.885804,1,6,2,NONE,,
AAA_BASE,base,1235,37.2887343692,127.1070929615,-49.287460,-27.009663,1,6,2,NONE,,
AAA_BASE,base,1236,37.2887337455,127.1070943622,-49.163408,-27.079089,1,6,2,NONE,,
AAA_BASE,base,1237,37.2887331323,127.1070959518,-49.022626,-27.147348,1,6,2,NONE,,
AAA_BASE,base,1238,37.2887326533,127.1070972524,-48.907440,-27.200674,1,6,2,NONE,,
AAA_BASE,base,1239,37.2887318868,127.1070992032,-48.734661,-27.285997,1,6,2,NONE,,
AAA_BASE,base,1240,37.2887312737,127.1071009855,-48.576814,-27.354256,1,6,2,NONE,,
AAA_BASE,base,1241,37.2887307755,127.1071027196,-48.423233,-27.409715,1,6,2,NONE,,
AAA_BASE,base,1242,37.2887303539,127.1071042610,-48.286716,-27.456643,1,6,2,NONE,,
AAA_BASE,base,1243,37.2887299515,127.1071058747,-48.143800,-27.501437,1,6,2,NONE,,
AAA_BASE,base,1244,37.2887294601,127.1071077629,-47.976578,-27.556142,1,6,2,STOP_LINE,,
AAA_BASE,base,1245,37.2887289660,127.1071094189,-47.829911,-27.611142,1,6,2,NONE,,
AAA_BASE,base,1246,37.2887283295,127.1071114729,-47.648000,-27.682000,1,6,2,NONE,,
AAA_BASE,base,1247,37.2887278354,127.1071131440,-47.500000,-27.737000,1,6,2,NONE,,
AAA_BASE,base,1248,37.2887271707,127.1071149731,-47.338000,-27.811000,1,6,2,NONE,,
AAA_BASE,base,1249,37.2887263352,127.1071169717,-47.161000,-27.904000,1,6,2,NONE,,
AAA_BASE,base,1250,37.2887254998,127.1071191396,-46.969000,-27.997000,1,6,2,NONE,,
AAA_BASE,base,1251,37.2887248351,127.1071211381,-46.792000,-28.071000,1,6,2,NONE,,
AAA_BASE,base,1252,37.2887241072,127.1071239383,-46.543997,-28.152024,1,6,2,NONE,,
AAA_BASE,base,1253,37.2887235324,127.1071261060,-46.352020,-28.216016,1,6,2,NONE,,
AAA_BASE,base,1254,37.2887228318,127.1071284773,-46.142000,-28.294000,1,6,2,NONE,,
AAA_BASE,base,1255,37.2887219036,127.1071308266,-45.933938,-28.397327,1,6,2,NONE,,
AAA_BASE,base,1256,37.2887211700,127.1071329712,-45.744000,-28.479000,1,6,2,NONE,,
AAA_BASE,base,1257,37.2887204962,127.1071353085,-45.537000,-28.554000,1,6,2,NONE,,
AAA_BASE,base,1258,37.2887197959,127.1071377389,-45.321747,-28.631965,1,6,2,NONE,,
AAA_BASE,base,1259,37.2887193374,127.1071399717,-45.124000,-28.683000,1,6,2,NONE,,
AAA_BASE,base,1260,37.2887186637,127.1071423090,-44.917000,-28.758000,1,6,2,NONE,,
AAA_BASE,base,1261,37.2887180521,127.1071447235,-44.703156,-28.826075,1,6,2,NONE,,
AAA_BASE,base,1262,37.2887173342,127.1071469722,-44.504000,-28.906000,1,6,2,NONE,,
AAA_BASE,base,1263,37.2887168311,127.1071493095,-44.297000,-28.962000,1,6,2,NONE,,
AAA_BASE,base,1264,37.2887163370,127.1071516354,-44.091000,-29.017000,1,6,2,NONE,,
AAA_BASE,base,1265,37.2887156633,127.1071538033,-43.899000,-29.092000,1,6,2,NONE,,
AAA_BASE,base,1266,37.2887148369,127.1071561406,-43.692000,-29.184000,1,6,2,NONE,,
AAA_BASE,base,1267,37.2887140014,127.1071584779,-43.485000,-29.277000,1,6,2,NONE,,
AAA_BASE,base,1268,37.2887133367,127.1071606345,-43.294000,-29.351000,1,6,2,NONE,,
AAA_BASE,base,1269,37.2887128336,127.1071629717,-43.087000,-29.407000,1,6,2,NONE,,
AAA_BASE,base,1270,37.2887122653,127.1071653160,-42.879380,-29.470262,1,6,2,NONE,,
AAA_BASE,base,1271,37.2887115041,127.1071678043,-42.659000,-29.555000,1,6,2,NONE,,
AAA_BASE,base,1272,37.2887108304,127.1071701416,-42.452000,-29.630000,1,6,2,NONE,,
AAA_BASE,base,1273,37.2887100234,127.1071725896,-42.235193,-29.719832,1,6,2,NONE,,
AAA_BASE,base,1274,37.2887095009,127.1071746355,-42.054000,-29.778000,1,6,2,NONE,,
AAA_BASE,base,1275,37.2887089312,127.1071769489,-41.849107,-29.841417,1,6,2,NONE,,
AAA_BASE,base,1276,37.2887083331,127.1071793100,-41.640000,-29.908000,1,6,2,NONE,,
AAA_BASE,base,1277,37.2887074977,127.1071816360,-41.434000,-30.001000,1,6,2,NONE,,
AAA_BASE,base,1278,37.2887065005,127.1071838039,-41.242000,-30.112000,1,6,2,NONE,,
AAA_BASE,base,1279,37.2887056651,127.1071861411,-41.035000,-30.205000,1,6,2,NONE,,
AAA_BASE,base,1280,37.2887048297,127.1071884671,-40.829000,-30.298000,1,6,2,NONE,,
AAA_BASE,base,1281,37.2887039875,127.1071906291,-40.637522,-30.391749,1,6,2,NONE,,
AAA_BASE,base,1282,37.2887031678,127.1071929723,-40.430000,-30.483000,1,6,2,NONE,,
AAA_BASE,base,1283,37.2887021707,127.1071953095,-40.223000,-30.594000,1,6,2,NONE,,
AAA_BASE,base,1284,37.2887011646,127.1071976355,-40.017000,-30.706000,1,6,2,NONE,,
AAA_BASE,base,1285,37.2887003291,127.1071998034,-39.825000,-30.799000,1,6,2,NONE,,
AAA_BASE,base,1286,37.2886993320,127.1072024681,-39.589000,-30.910000,1,6,2,NONE,,
AAA_BASE,base,1287,37.2886984966,127.1072048054,-39.382000,-31.003000,1,6,2,NONE,,
AAA_BASE,base,1288,37.2886974995,127.1072071426,-39.175000,-31.114000,1,6,2,NONE,,
AAA_BASE,base,1289,37.2886965023,127.1072094686,-38.969000,-31.225000,1,6,2,NONE,,
AAA_BASE,base,1290,37.2886954962,127.1072118059,-38.762000,-31.337000,1,6,2,NONE,,
AAA_BASE,base,1291,37.2886946698,127.1072143012,-38.541000,-31.429000,1,6,2,NONE,,
AAA_BASE,base,1292,37.2886938344,127.1072168078,-38.319000,-31.522000,1,6,2,NONE,,
AAA_BASE,base,1293,37.2886928372,127.1072191338,-38.113000,-31.633000,1,6,2,NONE,,
AAA_BASE,base,1294,37.2886918311,127.1072213017,-37.921000,-31.745000,1,6,2,NONE,,
AAA_BASE,base,1295,37.2886908340,127.1072234696,-37.729000,-31.856000,1,6,2,NONE,,
AAA_BASE,base,1296,37.2886899986,127.1072256375,-37.537000,-31.949000,1,6,2,NONE,,
AAA_BASE,base,1297,37.2886891631,127.1072281441,-37.315000,-32.042000,1,6,2,NONE,,
AAA_BASE,base,1298,37.2886883367,127.1072303007,-37.124000,-32.134000,1,6,2,NONE,,
AAA_BASE,base,1299,37.2886873306,127.1072324686,-36.932000,-32.246000,1,6,2,NONE,,
AAA_BASE,base,1300,37.2886863335,127.1072346365,-36.740000,-32.357000,1,6,2,NONE,,
AAA_BASE,base,1301,37.2886854980,127.1072368044,-36.548000,-32.450000,1,6,2,NONE,,
AAA_BASE,base,1302,37.2886846626,127.1072389723,-36.356000,-32.543000,1,6,2,NONE,,
AAA_BASE,base,1303,37.2886837997,127.1072414212,-36.139112,-32.639058,1,6,2,NONE,,
AAA_BASE,base,1304,37.2886831624,127.1072436356,-35.943000,-32.710000,1,6,2,NONE,,
AAA_BASE,base,1305,37.2886823360,127.1072458035,-35.751000,-32.802000,1,6,2,NONE,,
AAA_BASE,base,1306,37.2886815005,127.1072479714,-35.559000,-32.895000,1,6,2,NONE,,
AAA_BASE,base,1307,37.2886806651,127.1072501393,-35.367000,-32.988000,1,6,2,NONE,,
AAA_BASE,base,1308,37.2886799248,127.1072522059,-35.183970,-33.070413,1,6,2,NONE,,
AAA_BASE,base,1309,37.2886790519,127.1072544538,-34.984883,-33.167586,1,6,2,NONE,,
AAA_BASE,base,1310,37.2886781678,127.1072564736,-34.806000,-33.266000,1,6,2,NONE,,
AAA_BASE,base,1311,37.2886772422,127.1072584679,-34.629371,-33.369043,1,6,2,NONE,,
AAA_BASE,base,1312,37.2886760712,127.1072606891,-34.432655,-33.499397,1,6,2,NONE,,
AAA_BASE,base,1313,37.2886751674,127.1072624692,-34.275000,-33.600000,1,6,2,NONE,,
AAA_BASE,base,1314,37.2886742615,127.1072642750,-34.115064,-33.700854,1,6,2,NONE,,
AAA_BASE,base,1315,37.2886730905,127.1072663356,-33.932568,-33.831208,1,6,2,NONE,,
AAA_BASE,base,1316,37.2886719834,127.1072679948,-33.785623,-33.954452,1,6,2,NONE,,
AAA_BASE,base,1317,37.2886704962,127.1072698084,-33.625000,-34.120000,1,6,2,NONE,,
AAA_BASE,base,1318,37.2886693374,127.1072713101,-33.492000,-34.249000,1,6,2,NONE,,
AAA_BASE,base,1319,37.2886678372,127.1072729699,-33.345000,-34.416000,1,6,2,NONE,,
AAA_BASE,base,1320,37.2886662349,127.1072744977,-33.209694,-34.594374,1,6,2,NONE,,
AAA_BASE,base,1321,37.2886649361,127.1072755949,-33.112520,-34.738948,1,6,2,NONE,,
AAA_BASE,base,1322,37.2886634032,127.1072766653,-33.017717,-34.909594,1,6,2,NONE,,
AAA_BASE,base,1323,37.2886616658,127.1072776445,-32.931000,-35.103000,1,6,2,NONE,,
AAA_BASE,base,1324,37.2886601656,127.1072784687,-32.858000,-35.270000,1,6,2,NONE,,
AAA_BASE,base,1325,37.2886583331,127.1072796430,-32.754000,-35.474000,1,6,2,NONE,,
AAA_BASE,base,1326,37.2886566622,127.1072804672,-32.681000,-35.660000,1,6,2,NONE,,
AAA_BASE,base,1327,37.2886550004,127.1072811447,-32.621000,-35.845000,1,6,2,NONE,,
AAA_BASE,base,1328,37.2886531678,127.1072816415,-32.577000,-36.049000,1,6,2,NONE,,
AAA_BASE,base,1329,37.2886513352,127.1072821383,-32.533000,-36.253000,1,6,2,NONE,,
AAA_BASE,base,1330,37.2886496644,127.1072826351,-32.489000,-36.439000,1,6,2,NONE,,
AAA_BASE,base,1331,37.2886481165,127.1072831682,-32.441788,-36.611311,1,6,2,NONE,,
AAA_BASE,base,1332,37.2886462855,127.1072836231,-32.401497,-36.815138,1,6,2,NONE,,
AAA_BASE,base,1333,37.2886446035,127.1072838908,-32.377796,-37.002374,1,6,2,NONE,,
AAA_BASE,base,1334,37.2886428372,127.1072839675,-32.371000,-37.199000,1,6,2,NONE,,
AAA_BASE,base,1335,37.2886409957,127.1072839675,-32.371000,-37.404000,1,6,2,NONE,,
AAA_BASE,base,1336,37.2886393338,127.1072838094,-32.385000,-37.589000,1,6,2,NONE,,
AAA_BASE,base,1337,37.2886375776,127.1072837302,-32.392016,-37.784500,1,6,2,NONE,,
AAA_BASE,base,1338,37.2886358318,127.1072836231,-32.401497,-37.978847,1,6,2,NONE,,
AAA_BASE,base,1339,37.2886340434,127.1072833288,-32.427568,-38.177934,1,6,2,NONE,,
AAA_BASE,base,1340,37.2886321698,127.1072829006,-32.465489,-38.386500,1,6,2,NONE,,
AAA_BASE,base,1341,37.2886306651,127.1072824771,-32.503000,-38.554000,1,6,2,NONE,,
AAA_BASE,base,1342,37.2886288326,127.1072821383,-32.533000,-38.758000,1,6,2,NONE,,
AAA_BASE,base,1343,37.2886272516,127.1072816964,-32.572142,-38.933989,1,6,2,NONE,,
AAA_BASE,base,1344,37.2886256761,127.1072811076,-32.624284,-39.109375,1,6,2,NONE,,
AAA_BASE,base,1345,37.2886242496,127.1072805724,-32.671686,-39.268170,1,6,2,NONE,,
AAA_BASE,base,1346,37.2886228318,127.1072799704,-32.725000,-39.426000,1,6,2,NONE,,
AAA_BASE,base,1347,37.2886211316,127.1072791106,-32.801150,-39.615269,1,6,2,NONE,,
AAA_BASE,base,1348,37.2886198590,127.1072784708,-32.857817,-39.756936,1,6,2,NONE,,
AAA_BASE,base,1349,37.2886188259,127.1072779062,-32.907817,-39.871936,1,6,2,NONE,,
AAA_BASE,base,1350,37.2886177929,127.1072773981,-32.952817,-39.986936,1,7,2,NONE,,
AAA_BASE,base,1351,37.2886162807,127.1072765701,-33.026150,-40.155269,1,7,2,NONE,,
AAA_BASE,base,1352,37.2886146937,127.1072757421,-33.099483,-40.331936,1,7,2,NONE,,
AAA_BASE,base,1353,37.2886134984,127.1072751378,-33.153000,-40.465000,1,7,2,NONE,,
AAA_BASE,base,1354,37.2886121485,127.1072744248,-33.216150,-40.615269,1,7,2,NONE,,
AAA_BASE,base,1355,37.2886104980,127.1072736361,-33.286000,-40.799000,1,7,2,NONE,,
AAA_BASE,base,1356,37.2886088361,127.1072726425,-33.374000,-40.984000,1,7,2,NONE,,
AAA_BASE,base,1357,37.2886071653,127.1072718069,-33.448000,-41.170000,1,7,2,NONE,,
AAA_BASE,base,1358,37.2886053327,127.1072709714,-33.522000,-41.374000,1,7,2,NONE,,
AAA_BASE,base,1359,37.2886035002,127.1072699778,-33.610000,-41.578000,1,7,2,NONE,,
AAA_BASE,base,1360,37.2886014969,127.1072689729,-33.699000,-41.801000,1,7,2,NONE,,
AAA_BASE,base,1361,37.2885995027,127.1072679680,-33.788000,-42.023000,1,7,2,NONE,,
AAA_BASE,base,1362,37.2885976701,127.1072668050,-33.891000,-42.227000,1,7,2,NONE,,
AAA_BASE,base,1363,37.2885957992,127.1072659188,-33.969483,-42.435269,1,7,2,NONE,,
AAA_BASE,base,1364,37.2885939277,127.1072649591,-34.054483,-42.643603,1,7,2,NONE,,
AAA_BASE,base,1365,37.2885920018,127.1072641403,-34.127000,-42.858000,1,7,2,NONE,,
AAA_BASE,base,1366,37.2885901692,127.1072633047,-34.201000,-43.062000,1,7,2,NONE,,
AAA_BASE,base,1367,37.2885881660,127.1072621417,-34.304000,-43.285000,1,7,2,NONE,,
AAA_BASE,base,1368,37.2885863335,127.1072611368,-34.393000,-43.489000,1,7,2,NONE,,
AAA_BASE,base,1369,37.2885843302,127.1072603013,-34.467000,-43.712000,1,7,2,NONE,,
AAA_BASE,base,1370,37.2885823360,127.1072596351,-34.526000,-43.934000,1,7,2,NONE,,
AAA_BASE,base,1371,37.2885801710,127.1072586415,-34.614000,-44.175000,1,7,2,NONE,,
AAA_BASE,base,1372,37.2885781678,127.1072578059,-34.688000,-44.398000,1,7,2,NONE,,
AAA_BASE,base,1373,37.2885760029,127.1072568010,-34.777000,-44.639000,1,7,2,NONE,,
AAA_BASE,base,1374,37.2885741703,127.1072559768,-34.850000,-44.843000,1,7,2,NONE,,
AAA_BASE,base,1375,37.2885721671,127.1072551412,-34.924000,-45.066000,1,7,2,NONE,,
AAA_BASE,base,1376,37.2885701639,127.1072544751,-34.983000,-45.289000,1,7,2,NONE,,
AAA_BASE,base,1377,37.2885681696,127.1072534701,-35.072000,-45.511000,1,7,2,NONE,,
AAA_BASE,base,1378,37.2885661664,127.1072523072,-35.175000,-45.734000,1,7,2,NONE,,
AAA_BASE,base,1379,37.2885643338,127.1072513022,-35.264000,-45.938000,1,7,2,NONE,,
AAA_BASE,base,1380,37.2885623306,127.1072503086,-35.352000,-46.161000,1,7,2,NONE,,
AAA_BASE,base,1381,37.2885603363,127.1072496424,-35.411000,-46.383000,1,7,2,NONE,,
AAA_BASE,base,1382,37.2885585038,127.1072488069,-35.485000,-46.587000,1,7,2,NONE,,
AAA_BASE,base,1383,37.2885565005,127.1072476439,-35.588000,-46.810000,1,7,2,NONE,,
AAA_BASE,base,1384,37.2885546680,127.1072464696,-35.692000,-47.014000,1,7,2,NONE,,
AAA_BASE,base,1385,37.2885528354,127.1072454760,-35.780000,-47.218000,1,7,2,NONE,,
AAA_BASE,base,1386,37.2885508322,127.1072444711,-35.869000,-47.441000,1,7,2,NONE,,
AAA_BASE,base,1387,37.2885488924,127.1072436376,-35.942817,-47.656936,1,7,2,NONE,,
AAA_BASE,base,1388,37.2885471671,127.1072428113,-36.016000,-47.849000,1,7,2,NONE,,
AAA_BASE,base,1389,37.2885453345,127.1072416370,-36.120000,-48.053000,1,7,2,NONE,,
AAA_BASE,base,1390,37.2885435020,127.1072404740,-36.223000,-48.257000,1,7,2,NONE,,
AAA_BASE,base,1391,37.2885416694,127.1072394691,-36.312000,-48.461000,1,7,2,NONE,,
AAA_BASE,base,1392,37.2885398369,127.1072384755,-36.400000,-48.665000,1,7,2,NONE,,
AAA_BASE,base,1393,37.2885380043,127.1072376400,-36.474000,-48.869000,1,7,2,NONE,,
AAA_BASE,base,1394,37.2885361628,127.1072366351,-36.563000,-49.074000,1,7,2,NONE,,
AAA_BASE,base,1395,37.2885343302,127.1072356414,-36.651000,-49.278000,1,7,2,NONE,,
AAA_BASE,base,1396,37.2885324977,127.1072344672,-36.755000,-49.482000,1,7,2,NONE,,
AAA_BASE,base,1397,37.2885308358,127.1072336429,-36.828000,-49.667000,1,7,2,NONE,,
AAA_BASE,base,1398,37.2885291649,127.1072329767,-36.887000,-49.853000,1,7,2,NONE,,
AAA_BASE,base,1399,37.2885273324,127.1072321412,-36.961000,-50.057000,1,7,2,NONE,,
AAA_BASE,base,1400,37.2885258322,127.1072313057,-37.035000,-50.224000,1,7,2,NONE,,
AAA_BASE,base,1401,37.2885241703,127.1072303007,-37.124000,-50.409000,1,7,2,NONE,,
AAA_BASE,base,1402,37.2885224995,127.1072293071,-37.212000,-50.595000,1,7,2,NONE,,
AAA_BASE,base,1403,37.2885208376,127.1072284716,-37.286000,-50.780000,1,7,2,NONE,,
AAA_BASE,base,1404,37.2885189960,127.1072274780,-37.374000,-50.985000,1,7,2,NONE,,
AAA_BASE,base,1405,37.2885172396,127.1072266793,-37.444732,-51.180526,1,7,2,NONE,,
AAA_BASE,base,1406,37.2885155016,127.1072258069,-37.522000,-51.374000,1,7,2,NONE,,
AAA_BASE,base,1407,37.2885136691,127.1072246439,-37.625000,-51.578000,1,7,2,NONE,,
AAA_BASE,base,1408,37.2885119982,127.1072236390,-37.714000,-51.764000,1,7,2,NONE,,
AAA_BASE,base,1409,37.2885101656,127.1072226341,-37.803000,-51.968000,1,7,2,NONE,,
AAA_BASE,base,1410,37.2885083331,127.1072218098,-37.876000,-52.172000,1,7,2,NONE,,
AAA_BASE,base,1411,37.2885065005,127.1072211436,-37.935000,-52.376000,1,7,2,NONE,,
AAA_BASE,base,1412,37.2885048297,127.1072203081,-38.009000,-52.562000,1,7,2,NONE,,
AAA_BASE,base,1413,37.2885028354,127.1072191338,-38.113000,-52.784000,1,7,2,NONE,,
AAA_BASE,base,1414,37.2885011646,127.1072183096,-38.186000,-52.970000,1,7,2,NONE,,
AAA_BASE,base,1415,37.2884993320,127.1072174740,-38.260000,-53.174000,1,7,2,NONE,,
AAA_BASE,base,1416,37.2884973378,127.1072168078,-38.319000,-53.396000,1,7,2,NONE,,
AAA_BASE,base,1417,37.2884954962,127.1072161417,-38.378000,-53.601000,1,7,2,NONE,,
AAA_BASE,base,1418,37.2884938344,127.1072153061,-38.452000,-53.786000,1,7,2,NONE,,
AAA_BASE,base,1419,37.2884920018,127.1072143012,-38.541000,-53.990000,1,7,2,NONE,,
AAA_BASE,base,1420,37.2884903309,127.1072134770,-38.614000,-54.176000,1,7,2,NONE,,
AAA_BASE,base,1421,37.2884886896,127.1072127712,-38.676508,-54.358719,1,7,2,NONE,,
AAA_BASE,base,1422,37.2884867133,127.1072119996,-38.744841,-54.578719,1,7,2,NONE,,
AAA_BASE,base,1423,37.2884850040,127.1072113091,-38.806000,-54.769000,1,7,2,NONE,,
AAA_BASE,base,1424,37.2884833331,127.1072104735,-38.880000,-54.955000,1,7,2,NONE,,
AAA_BASE,base,1425,37.2884815005,127.1072093105,-38.983000,-55.159000,1,7,2,NONE,,
AAA_BASE,base,1426,37.2884799460,127.1072085370,-39.051508,-55.332052,1,7,2,NONE,,
AAA_BASE,base,1427,37.2884783295,127.1072078088,-39.116000,-55.512000,1,7,2,NONE,,
AAA_BASE,base,1428,37.2884767869,127.1072071821,-39.171508,-55.683719,1,7,2,NONE,,
AAA_BASE,base,1429,37.2884752299,127.1072064670,-39.234841,-55.857052,1,7,2,NONE,,
AAA_BASE,base,1430,37.2884736673,127.1072056409,-39.308000,-56.031000,1,7,2,NONE,,
AAA_BASE,base,1431,37.2884726547,127.1072051308,-39.353174,-56.143719,1,7,2,NONE,,
AAA_BASE,base,1432,37.2884720109,127.1072048109,-39.381508,-56.215385,1,7,2,NONE,,
AAA_BASE,base,1433,37.2884712623,127.1072044346,-39.414841,-56.298719,-1,7,2,NONE,,
AAA_BASE,base,1434,37.2884730140,127.1072053567,-39.333174,-56.103719,-1,7,2,NONE,,
AAA_BASE,base,1435,37.2884744214,127.1072062223,-39.256508,-55.947052,-1,7,2,NONE,,
AAA_BASE,base,1436,37.2884758587,127.1072069751,-39.189841,-55.787052,-1,7,2,NONE,,
AAA_BASE,base,1437,37.2884771762,127.1072076902,-39.126508,-55.640385,-1,7,2,NONE,,
AAA_BASE,base,1438,37.2884788530,127.1072086123,-39.044841,-55.453719,-1,7,2,NONE,,
AAA_BASE,base,1439,37.2884803053,127.1072094591,-38.969841,-55.292052,-1,7,2,NONE,,
AAA_BASE,base,1440,37.2884820036,127.1072103041,-38.895000,-55.103000,-1,7,2,NONE,,
AAA_BASE,base,1441,37.2884836890,127.1072111340,-38.821508,-54.915385,-1,7,2,NONE,,
AAA_BASE,base,1442,37.2884852011,127.1072119808,-38.746508,-54.747052,-1,7,2,NONE,,
AAA_BASE,base,1443,37.2884863335,127.1072126414,-38.688000,-54.621000,-1,7,2,NONE,,
AAA_BASE,base,1444,37.2884876630,127.1072133076,-38.629000,-54.473000,-1,7,2,NONE,,
AAA_BASE,base,1445,37.2884893333,127.1072141073,-38.558174,-54.287052,-1,7,2,NONE,,
AAA_BASE,base,1446,37.2884910102,127.1072150482,-38.474841,-54.100385,-1,7,2,NONE,,
AAA_BASE,base,1447,37.2884931209,127.1072162569,-38.367797,-53.865419,-1,7,2,NONE,,
AAA_BASE,base,1448,37.2884945582,127.1072170096,-38.301130,-53.705419,-1,7,2,NONE,,
AAA_BASE,base,1449,37.2884957560,127.1072177059,-38.239464,-53.572086,-1,7,2,NONE,,
AAA_BASE,base,1450,37.2884973430,127.1072184398,-38.174464,-53.395419,-1,7,2,NONE,,
AAA_BASE,base,1451,37.2884989450,127.1072191361,-38.112797,-53.217086,-1,7,2,NONE,,
AAA_BASE,base,1452,37.2885004122,127.1072199077,-38.044464,-53.053752,-1,7,2,NONE,,
AAA_BASE,base,1453,37.2885016848,127.1072204722,-37.994464,-52.912086,-1,7,2,NONE,,
AAA_BASE,base,1454,37.2885032119,127.1072212626,-37.924464,-52.742086,-1,7,2,NONE,,
AAA_BASE,base,1455,37.2885045444,127.1072219965,-37.859464,-52.593752,-1,7,2,NONE,,
AAA_BASE,base,1456,37.2885064608,127.1072231633,-37.756130,-52.380419,-1,7,2,NONE,,
AAA_BASE,base,1457,37.2885076286,127.1072238031,-37.699464,-52.250419,-1,7,2,NONE,,
AAA_BASE,base,1458,37.2885092456,127.1072247440,-37.616130,-52.070419,-1,7,2,NONE,,
AAA_BASE,base,1459,37.2885108177,127.1072257602,-37.526130,-51.895419,-1,7,2,NONE,,
AAA_BASE,base,1460,37.2885125564,127.1072268603,-37.428706,-51.701867,-1,7,2,NONE,,
AAA_BASE,base,1461,37.2885144578,127.1072280835,-37.320373,-51.490200,-1,7,2,NONE,,
AAA_BASE,base,1462,37.2885161197,127.1072290808,-37.232040,-51.305200,-1,7,2,NONE,,
AAA_BASE,base,1463,37.2885177516,127.1072302100,-37.132040,-51.123533,-1,7,2,NONE,,
AAA_BASE,base,1464,37.2885195332,127.1072315273,-37.015373,-50.925200,-1,7,2,NONE,,
AAA_BASE,base,1465,37.2885214197,127.1072328822,-36.895373,-50.715200,-1,7,2,NONE,,
AAA_BASE,base,1466,37.2885229468,127.1072340866,-36.788706,-50.545200,-1,7,2,NONE,,
AAA_BASE,base,1467,37.2885243093,127.1072352722,-36.683706,-50.393533,-1,7,2,NONE,,
AAA_BASE,base,1468,37.2885255519,127.1072365518,-36.570373,-50.255200,-1,7,2,NONE,,
AAA_BASE,base,1469,37.2885266898,127.1072378503,-36.455373,-50.128533,-1,7,2,NONE,,
AAA_BASE,base,1470,37.2885277228,127.1072391676,-36.338706,-50.013533,-1,7,2,NONE,,
AAA_BASE,base,1471,37.2885292949,127.1072408048,-36.193706,-49.838533,-1,7,2,NONE,,
AAA_BASE,base,1472,37.2885306424,127.1072422350,-36.067040,-49.688533,-1,7,2,NONE,,
AAA_BASE,base,1473,37.2885320946,127.1072437405,-35.933706,-49.526867,-1,7,2,NONE,,
AAA_BASE,base,1474,37.2885335020,127.1072451519,-35.808706,-49.370200,-1,7,2,NONE,,
AAA_BASE,base,1475,37.2885347297,127.1072463939,-35.698706,-49.233533,-1,7,2,NONE,,
AAA_BASE,base,1476,37.2885360622,127.1072476736,-35.585373,-49.085200,-1,7,2,NONE,,
AAA_BASE,base,1477,37.2885373348,127.1072491226,-35.457040,-48.943533,-1,7,2,NONE,,
AAA_BASE,base,1478,37.2885384427,127.1072506281,-35.323706,-48.820200,-1,7,2,NONE,,
AAA_BASE,base,1479,37.2885395955,127.1072520771,-35.195373,-48.691867,-1,7,2,NONE,,
AAA_BASE,base,1480,37.2885408831,127.1072538837,-35.035373,-48.548533,-1,7,2,NONE,,
AAA_BASE,base,1481,37.2885420060,127.1072557844,-34.867040,-48.423533,-1,7,2,NONE,,
AAA_BASE,base,1482,37.2885429193,127.1072577415,-34.693706,-48.321867,-1,7,2,NONE,,
AAA_BASE,base,1483,37.2885436379,127.1072593975,-34.547040,-48.241867,-1,7,2,NONE,,
AAA_BASE,base,1484,37.2885443374,127.1072613062,-34.378000,-48.164000,-1,7,2,NONE,,
AAA_BASE,base,1485,37.2885448656,127.1072632177,-34.208706,-48.105200,-1,7,2,NONE,,
AAA_BASE,base,1486,37.2885453345,127.1072653032,-34.024000,-48.053000,-1,7,2,NONE,,
AAA_BASE,base,1487,37.2885457939,127.1072674142,-33.837040,-48.001867,-1,7,2,NONE,,
AAA_BASE,base,1488,37.2885461700,127.1072693116,-33.669000,-47.960000,-1,7,2,NONE,,
AAA_BASE,base,1489,37.2885464377,127.1072716108,-33.465373,-47.930200,-1,7,2,NONE,,
AAA_BASE,base,1490,37.2885465275,127.1072736055,-33.288706,-47.920200,-1,7,2,NONE,,
AAA_BASE,base,1491,37.2885464826,127.1072753933,-33.130373,-47.925200,-1,7,2,NONE,,
AAA_BASE,base,1492,37.2885463329,127.1072777268,-32.923706,-47.941867,-1,7,2,NONE,,
AAA_BASE,base,1493,37.2885461700,127.1072803092,-32.695000,-47.960000,-1,7,2,NONE,,
AAA_BASE,base,1494,37.2885457639,127.1072828831,-32.467040,-48.005200,-1,7,2,NONE,,
AAA_BASE,base,1495,37.2885451639,127.1072853111,-32.252000,-48.072000,-1,7,2,NONE,,
AAA_BASE,base,1496,37.2885446410,127.1072874560,-32.062040,-48.130200,-1,7,2,NONE,,
AAA_BASE,base,1497,37.2885440871,127.1072899777,-31.838706,-48.191867,-1,7,2,NONE,,
AAA_BASE,base,1498,37.2885434882,127.1072924053,-31.623706,-48.258533,-1,7,2,NONE,,
AAA_BASE,base,1499,37.2885428372,127.1072943102,-31.455000,-48.331000,-1,7,2,NONE,,
AAA_BASE,base,1500,37.2885421707,127.1072961314,-31.293706,-48.405200,-1,7,2,NONE,,
AAA_BASE,base,1501,37.2885414371,127.1072978438,-31.142040,-48.486867,-1,7,2,NONE,,
AAA_BASE,base,1502,37.2885407633,127.1072993870,-31.005373,-48.561867,-1,7,2,NONE,,
AAA_BASE,base,1503,37.2885399848,127.1073008924,-30.872040,-48.648533,-1,7,2,NONE,,
AAA_BASE,base,1504,37.2885391631,127.1073023043,-30.747000,-48.740000,-1,7,2,NONE,,
AAA_BASE,base,1505,37.2885403890,127.1073001773,-30.935373,-48.603533,-1,7,2,NONE,,
AAA_BASE,base,1506,37.2885411376,127.1072985401,-31.080373,-48.520200,1,7,2,NONE,,
AAA_BASE,base,1507,37.2885417365,127.1072969405,-31.222040,-48.453533,1,7,2,NONE,,
AAA_BASE,base,1508,37.2885424001,127.1072953513,-31.362790,-48.379662,1,7,2,NONE,,
AAA_BASE,base,1509,37.2885429819,127.1072936057,-31.517392,-48.314896,1,7,2,NONE,,
AAA_BASE,base,1510,37.2885433572,127.1072922611,-31.636478,-48.273112,1,7,2,NONE,,
AAA_BASE,base,1511,37.2885437514,127.1072905390,-31.788991,-48.229238,1,7,2,NONE,,
AAA_BASE,base,1512,37.2885440704,127.1072890057,-31.924790,-48.193721,1,7,2,NONE,,
AAA_BASE,base,1513,37.2885444957,127.1072874132,-32.065833,-48.146383,1,7,2,NONE,,
AAA_BASE,base,1514,37.2885451421,127.1072851611,-32.265292,-48.074426,1,7,2,NONE,,
AAA_BASE,base,1515,37.2885456176,127.1072838106,-32.384896,-48.021486,1,7,2,NONE,,
AAA_BASE,base,1516,37.2885459523,127.1072828808,-32.467246,-47.984233,1,7,2,NONE,,
AAA_BASE,base,1517,37.2885463248,127.1072819520,-32.549499,-47.942763,1,7,2,NONE,,
AAA_BASE,base,1518,37.2885468788,127.1072807476,-32.656166,-47.881097,1,7,2,NONE,,
AAA_BASE,base,1519,37.2885474177,127.1072796938,-32.749499,-47.821097,1,7,2,NONE,,
AAA_BASE,base,1520,37.2885478370,127.1072789222,-32.817832,-47.774430,1,7,2,NONE,,
AAA_BASE,base,1521,37.2885482262,127.1072782636,-32.876166,-47.731097,1,7,2,NONE,,
AAA_BASE,base,1522,37.2885486604,127.1072775861,-32.936166,-47.682763,1,7,2,NONE,,
AAA_BASE,base,1523,37.2885491844,127.1072767769,-33.007832,-47.624430,1,7,2,NONE,,
AAA_BASE,base,1524,37.2885496036,127.1072761371,-33.064499,-47.577763,1,7,2,NONE,,
AAA_BASE,base,1525,37.2885501426,127.1072753844,-33.131166,-47.517763,1,7,2,NONE,,
AAA_BASE,base,1526,37.2885512313,127.1072740284,-33.251259,-47.396572,1,7,2,NONE,,
AAA_BASE,base,1527,37.2885530185,127.1072721831,-33.414685,-47.197619,1,7,2,NONE,,
AAA_BASE,base,1528,37.2885542738,127.1072710599,-33.514161,-47.057878,1,7,2,NONE,,
AAA_BASE,base,1529,37.2885552100,127.1072702844,-33.582847,-46.953665,1,7,2,NONE,,
AAA_BASE,base,1530,37.2885562951,127.1072694821,-33.653902,-46.832872,1,7,2,NONE,,
AAA_BASE,base,1531,37.2885577419,127.1072685728,-33.734430,-46.671815,1,7,2,NONE,,
AAA_BASE,base,1532,37.2885591036,127.1072679042,-33.793643,-46.520232,1,7,2,NONE,,
AAA_BASE,base,1533,37.2885607206,127.1072672892,-33.848118,-46.340227,1,7,2,NONE,,
AAA_BASE,base,1534,37.2885622950,127.1072668613,-33.886014,-46.164959,1,7,2,NONE,,
AAA_BASE,base,1535,37.2885639546,127.1072666206,-33.907330,-45.980217,1,7,2,NONE,,
AAA_BASE,base,1536,37.2885661026,127.1072665739,-33.911466,-45.741100,1,7,2,NONE,,
AAA_BASE,base,1537,37.2885682325,127.1072668210,-33.889581,-45.504003,1,7,2,NONE,,
AAA_BASE,base,1538,37.2885697070,127.1072671505,-33.860399,-45.339860,1,7,2,NONE,,
AAA_BASE,base,1539,37.2885713453,127.1072676859,-33.812980,-45.157478,1,7,2,NONE,,
AAA_BASE,base,1540,37.2885730820,127.1072684684,-33.743675,-44.964153,1,7,2,NONE,,
AAA_BASE,base,1541,37.2885745565,127.1072693333,-33.667075,-44.800009,1,7,2,NONE,,
AAA_BASE,base,1542,37.2885764242,127.1072706513,-33.550350,-44.592094,1,7,2,NONE,,
AAA_BASE,base,1543,37.2885780626,127.1072721752,-33.415388,-44.409712,1,7,2,NONE,,
AAA_BASE,base,1544,37.2885804218,127.1072739873,-33.254892,-44.147082,1,7,2,NONE,,
AAA_BASE,base,1545,37.2885817981,127.1072750170,-33.163701,-43.993881,1,7,2,NONE,,
AAA_BASE,base,1546,37.2885839934,127.1072763761,-33.043329,-43.749490,1,7,2,NONE,,
AAA_BASE,base,1547,37.2885854680,127.1072771175,-32.977671,-43.585346,1,7,2,NONE,,
AAA_BASE,base,1548,37.2885872046,127.1072778588,-32.912014,-43.392021,1,7,2,NONE,,
AAA_BASE,base,1549,37.2885890068,127.1072786825,-32.839061,-43.191401,1,7,2,NONE,,
AAA_BASE,base,1550,37.2885906779,127.1072795475,-32.762460,-43.005371,1,7,2,NONE,,
AAA_BASE,base,1551,37.2885921197,127.1072802476,-32.700451,-42.844875,1,7,2,NONE,,
AAA_BASE,base,1552,37.2885938236,127.1072810302,-32.631145,-42.655198,1,7,2,NONE,,
AAA_BASE,base,1553,37.2885955930,127.1072818539,-32.558193,-42.458226,1,7,2,NONE,,
AAA_BASE,base,1554,37.2885973624,127.1072827188,-32.481592,-42.261253,1,7,2,NONE,,
AAA_BASE,base,1555,37.2885991974,127.1072835837,-32.404992,-42.056986,1,7,2,NONE,,
AAA_BASE,base,1556,37.2886006064,127.1072843250,-32.339334,-41.900137,1,7,2,NONE,,
AAA_BASE,base,1557,37.2886021137,127.1072850252,-32.277325,-41.732346,1,7,2,NONE,,
AAA_BASE,base,1558,37.2886039159,127.1072858901,-32.200724,-41.531726,1,7,2,NONE,,
AAA_BASE,base,1559,37.2886054887,127.1072865903,-32.138714,-41.356639,1,7,2,NONE,,
AAA_BASE,base,1560,37.2886072909,127.1072873316,-32.073057,-41.156019,1,7,2,NONE,,
AAA_BASE,base,1561,37.2886092812,127.1072881578,-31.999883,-40.934454,1,7,2,NONE,,
AAA_BASE,base,1562,37.2886107680,127.1072887466,-31.947738,-40.768949,1,7,2,NONE,,
AAA_BASE,base,1563,37.2886124176,127.1072892842,-31.900127,-40.585308,1,7,2,NONE,,
AAA_BASE,base,1564,37.2886143338,127.1072901437,-31.824000,-40.372000,1,7,2,NONE,,
AAA_BASE,base,1565,37.2886158392,127.1072907433,-31.770898,-40.204422,1,7,2,NONE,,
AAA_BASE,base,1566,37.2886171426,127.1072911529,-31.734623,-40.059322,1,7,2,NONE,,
AAA_BASE,base,1567,37.2886185886,127.1072916649,-31.689279,-39.898352,1,7,2,NONE,,
AAA_BASE,base,1568,37.2886204012,127.1072921513,-31.646203,-39.696573,1,7,2,NONE,,
AAA_BASE,base,1569,37.2886222953,127.1072925864,-31.607661,-39.485725,1,7,2,NONE,,
AAA_BASE,base,1570,37.2886238228,127.1072929704,-31.573653,-39.315687,1,7,2,NONE,,
AAA_BASE,base,1571,37.2886252484,127.1072934312,-31.532844,-39.156984,1,7,2,NONE,,
AAA_BASE,base,1572,37.2886268293,127.1072939714,-31.485000,-38.981000,1,7,2,NONE,,
AAA_BASE,base,1573,37.2886268293,127.1072939714,-31.485000,-38.981000,1,8,2,NONE,,
AAA_BASE,base,1574,37.2886282219,127.1072945320,-31.435355,-38.825976,1,8,2,NONE,,
AAA_BASE,base,1575,37.2886298297,127.1072953038,-31.367000,-38.647000,1,8,2,NONE,,
AAA_BASE,base,1576,37.2886311547,127.1072961191,-31.294790,-38.499502,1,8,2,NONE,,
AAA_BASE,base,1577,37.2886329265,127.1072970919,-31.208637,-38.302257,1,8,2,NONE,,
AAA_BASE,base,1578,37.2886343318,127.1072980134,-31.127019,-38.145822,1,8,2,NONE,,
AAA_BASE,base,1579,37.2886361628,127.1072991428,-31.027000,-37.942000,1,8,2,NONE,,
AAA_BASE,base,1580,37.2886376630,127.1073003058,-30.924000,-37.775000,1,8,2,NONE,,
AAA_BASE,base,1581,37.2886390364,127.1073015205,-30.816415,-37.622103,1,8,2,NONE,,
AAA_BASE,base,1582,37.2886408340,127.1073029705,-30.688000,-37.422000,1,8,2,NONE,,
AAA_BASE,base,1583,37.2886424959,127.1073039754,-30.599000,-37.237000,1,8,2,NONE,,
AAA_BASE,base,1584,37.2886442910,127.1073051556,-30.494475,-37.037171,1,8,2,NONE,,
AAA_BASE,base,1585,37.2886459203,127.1073064867,-30.376582,-36.855796,1,8,2,NONE,,
AAA_BASE,base,1586,37.2886473378,127.1073078031,-30.260000,-36.698000,1,8,2,NONE,,
AAA_BASE,base,1587,37.2886488290,127.1073094742,-30.112000,-36.532000,1,8,2,NONE,,
AAA_BASE,base,1588,37.2886501674,127.1073111339,-29.965000,-36.383000,1,8,2,NONE,,
AAA_BASE,base,1589,37.2886516676,127.1073126357,-29.832000,-36.216000,1,8,2,NONE,,
AAA_BASE,base,1590,37.2886531707,127.1073144992,-29.666954,-36.048680,1,8,2,NONE,,
AAA_BASE,base,1591,37.2886542908,127.1073162400,-29.512786,-35.923985,1,8,2,NONE,,
AAA_BASE,base,1592,37.2886555034,127.1073183038,-29.330000,-35.789000,1,8,2,NONE,,
AAA_BASE,base,1593,37.2886565005,127.1073204717,-29.138000,-35.678000,1,8,2,NONE,,
AAA_BASE,base,1594,37.2886574069,127.1073222301,-28.982266,-35.577106,1,8,2,NONE,,
AAA_BASE,base,1595,37.2886583641,127.1073245084,-28.780487,-35.470549,1,8,2,NONE,,
AAA_BASE,base,1596,37.2886590158,127.1073264796,-28.605914,-35.397999,1,8,2,NONE,,
AAA_BASE,base,1597,37.2886595250,127.1073286555,-28.413204,-35.341320,1,8,2,NONE,,
AAA_BASE,base,1598,37.2886598712,127.1073307802,-28.225028,-35.302777,1,8,2,NONE,,
AAA_BASE,base,1599,37.2886601656,127.1073331404,-28.016000,-35.270000,1,8,2,NONE,,
AAA_BASE,base,1600,37.2886604980,127.1073353083,-27.824000,-35.233000,1,8,2,NONE,,
AAA_BASE,base,1601,37.2886606687,127.1073378036,-27.603000,-35.214000,1,8,2,NONE,,
AAA_BASE,base,1602,37.2886606687,127.1073398021,-27.426000,-35.214000,1,8,2,NONE,,
AAA_BASE,base,1603,37.2886604980,127.1073421394,-27.219000,-35.233000,1,8,2,NONE,,
AAA_BASE,base,1604,37.2886601656,127.1073443073,-27.027000,-35.270000,1,8,2,NONE,,
AAA_BASE,base,1605,37.2886598333,127.1073464752,-26.835000,-35.307000,1,8,2,NONE,,
AAA_BASE,base,1606,37.2886596626,127.1073484737,-26.658000,-35.326000,1,8,2,NONE,,
AAA_BASE,base,1607,37.2886593824,127.1073507730,-26.454360,-35.357190,1,8,2,NONE,,
AAA_BASE,base,1608,37.2886590565,127.1073530770,-26.250313,-35.393465,1,8,2,NONE,,
AAA_BASE,base,1609,37.2886586655,127.1073549774,-26.082000,-35.437000,1,8,2,NONE,,
AAA_BASE,base,1610,37.2886580007,127.1073573034,-25.876000,-35.511000,1,8,2,NONE,,
AAA_BASE,base,1611,37.2886573360,127.1073596406,-25.669000,-35.585000,1,8,2,NONE,,
AAA_BASE,base,1612,37.2886566622,127.1073618085,-25.477000,-35.660000,1,8,2,NONE,,
AAA_BASE,base,1613,37.2886559812,127.1073642381,-25.261823,-35.735809,1,8,2,NONE,,
AAA_BASE,base,1614,37.2886555034,127.1073666412,-25.049000,-35.789000,1,8,2,NONE,,
AAA_BASE,base,1615,37.2886548297,127.1073689671,-24.843000,-35.864000,1,8,2,NONE,,
AAA_BASE,base,1616,37.2886538326,127.1073714738,-24.621000,-35.975000,1,8,2,NONE,,
AAA_BASE,base,1617,37.2886529971,127.1073739691,-24.400000,-36.068000,1,8,2,NONE,,
AAA_BASE,base,1618,37.2886521707,127.1073764757,-24.178000,-36.160000,1,8,2,NONE,,
AAA_BASE,base,1619,37.2886512766,127.1073789832,-23.955927,-36.259528,1,8,2,NONE,,
AAA_BASE,base,1620,37.2886503291,127.1073813083,-23.750000,-36.365000,1,8,2,NONE,,
AAA_BASE,base,1621,37.2886491703,127.1073836343,-23.544000,-36.494000,1,8,2,NONE,,
AAA_BASE,base,1622,37.2886478318,127.1073859716,-23.337000,-36.643000,1,8,2,NONE,,
AAA_BASE,base,1623,37.2886468347,127.1073881395,-23.145000,-36.754000,1,8,2,NONE,,
AAA_BASE,base,1624,37.2886456669,127.1073906348,-22.924000,-36.884000,1,8,2,NONE,,
AAA_BASE,base,1625,37.2886444991,127.1073929721,-22.717000,-37.014000,1,8,2,NONE,,
AAA_BASE,base,1626,37.2886433313,127.1073951400,-22.525000,-37.144000,1,8,2,NONE,,
AAA_BASE,base,1627,37.2886421635,127.1073973079,-22.333000,-37.274000,1,8,2,NONE,,
AAA_BASE,base,1628,37.2886411664,127.1073996338,-22.127000,-37.385000,1,8,2,NONE,,
AAA_BASE,base,1629,37.2886403309,127.1074018017,-21.935000,-37.478000,1,8,2,NONE,,
AAA_BASE,base,1630,37.2886393338,127.1074044777,-21.698000,-37.589000,1,8,2,NONE,,
AAA_BASE,base,1631,37.2886383367,127.1074064763,-21.521000,-37.700000,1,8,2,NONE,,
AAA_BASE,base,1632,37.2886369982,127.1074086442,-21.329000,-37.849000,1,8,2,NONE,,
AAA_BASE,base,1633,37.2886356964,127.1074108540,-21.133287,-37.993921,1,8,2,NONE,,
AAA_BASE,base,1634,37.2886346626,127.1074129687,-20.946000,-38.109000,1,8,2,NONE,,
AAA_BASE,base,1635,37.2886335038,127.1074153059,-20.739000,-38.238000,1,8,2,NONE,,
AAA_BASE,base,1636,37.2886322748,127.1074172793,-20.564225,-38.374807,1,8,2,NONE,,
AAA_BASE,base,1637,37.2886309975,127.1074193030,-20.385000,-38.517000,1,8,2,NONE,,
AAA_BASE,base,1638,37.2886294973,127.1074211434,-20.222000,-38.684000,1,8,2,NONE,,
AAA_BASE,base,1639,37.2886279971,127.1074229726,-20.060000,-38.851000,1,8,2,NONE,,
AAA_BASE,base,1640,37.2886264969,127.1074248018,-19.898000,-39.018000,1,8,2,NONE,,
AAA_BASE,base,1641,37.2886250244,127.1074266230,-19.736704,-39.181923,1,8,2,NONE,,
AAA_BASE,base,1642,37.2886233349,127.1074284714,-19.573000,-39.370000,1,8,2,NONE,,
AAA_BASE,base,1643,37.2886216640,127.1074299731,-19.440000,-39.556000,1,8,2,NONE,,
AAA_BASE,base,1644,37.2886196698,127.1074313055,-19.322000,-39.778000,1,8,2,NONE,,
AAA_BASE,base,1645,37.2886178372,127.1074328072,-19.189000,-39.982000,1,8,2,NONE,,
AAA_BASE,base,1646,37.2886161664,127.1074339702,-19.086000,-40.168000,1,8,2,NONE,,
AAA_BASE,base,1647,37.2886143338,127.1074354719,-18.953000,-40.372000,1,8,2,NONE,,
AAA_BASE,base,1648,37.2886126630,127.1074366349,-18.850000,-40.558000,1,8,2,NONE,,
AAA_BASE,base,1649,37.2886106687,127.1074376398,-18.761000,-40.780000,1,8,2,NONE,,
AAA_BASE,base,1650,37.2886088361,127.1074384753,-18.687000,-40.984000,1,8,2,NONE,,
AAA_BASE,base,1651,37.2886068329,127.1074394689,-18.599000,-41.207000,1,8,2,NONE,,
AAA_BASE,base,1652,37.2886048297,127.1074404739,-18.510000,-41.430000,1,8,2,NONE,,
AAA_BASE,base,1653,37.2886030491,127.1074411888,-18.446679,-41.628211,1,8,2,NONE,,
AAA_BASE,base,1654,37.2886010029,127.1074418062,-18.392000,-41.856000,1,8,2,NONE,,
AAA_BASE,base,1655,37.2885989996,127.1074421449,-18.362000,-42.079000,1,8,2,NONE,,
AAA_BASE,base,1656,37.2885968347,127.1074424724,-18.333000,-42.320000,1,8,2,NONE,,
AAA_BASE,base,1657,37.2885946698,127.1074428111,-18.303000,-42.561000,1,8,2,NONE,,
AAA_BASE,base,1658,37.2885926665,127.1074431386,-18.274000,-42.784000,1,8,2,NONE,,
AAA_BASE,base,1659,37.2885905016,127.1074433079,-18.259000,-43.025000,1,8,2,NONE,,
AAA_BASE,base,1660,37.2885883367,127.1074433079,-18.259000,-43.266000,1,8,2,NONE,,
AAA_BASE,base,1661,37.2885860011,127.1074429692,-18.289000,-43.526000,1,8,2,NONE,,
AAA_BASE,base,1662,37.2885839978,127.1074428111,-18.303000,-43.749000,1,8,2,NONE,,
AAA_BASE,base,1663,37.2885816622,127.1074426418,-18.318000,-44.009000,1,8,2,NONE,,
AAA_BASE,base,1664,37.2885794973,127.1074424724,-18.333000,-44.250000,1,8,2,NONE,,
AAA_BASE,base,1665,37.2885773324,127.1074419756,-18.377000,-44.491000,1,8,2,NONE,,
AAA_BASE,base,1666,37.2885751674,127.1074413094,-18.436000,-44.732000,1,8,2,NONE,,
AAA_BASE,base,1667,37.2885728318,127.1074406432,-18.495000,-44.992000,1,8,2,NONE,,
AAA_BASE,base,1668,37.2885708376,127.1074399770,-18.554000,-45.214000,1,8,2,NONE,,
AAA_BASE,base,1669,37.2885685282,127.1074392689,-18.616717,-45.471082,1,8,2,NONE,,
AAA_BASE,base,1670,37.2885664987,127.1074386447,-18.672000,-45.697000,1,8,2,NONE,,
AAA_BASE,base,1671,37.2885643338,127.1074376398,-18.761000,-45.938000,1,8,2,NONE,,
AAA_BASE,base,1672,37.2885621689,127.1074366349,-18.850000,-46.179000,1,8,2,NONE,,
AAA_BASE,base,1673,37.2885601656,127.1074358106,-18.923000,-46.402000,1,8,2,NONE,,
AAA_BASE,base,1674,37.2885578300,127.1074351444,-18.982000,-46.662000,1,8,2,NONE,,
AAA_BASE,base,1675,37.2885558358,127.1074343089,-19.056000,-46.884000,1,8,2,NONE,,
AAA_BASE,base,1676,37.2885538326,127.1074333040,-19.145000,-47.107000,1,8,2,NONE,,
AAA_BASE,base,1677,37.2885514969,127.1074321410,-19.248000,-47.367000,1,8,2,NONE,,
AAA_BASE,base,1678,37.2885493320,127.1074313055,-19.322000,-47.608000,1,8,2,NONE,,
AAA_BASE,base,1679,37.2885473378,127.1074303005,-19.411000,-47.830000,1,8,2,NONE,,
AAA_BASE,base,1680,37.2885450022,127.1074294763,-19.484000,-48.090000,1,8,2,NONE,,
AAA_BASE,base,1681,37.2885428372,127.1074284714,-19.573000,-48.331000,1,8,2,NONE,,
AAA_BASE,base,1682,37.2885406633,127.1074274778,-19.661000,-48.573000,1,8,2,NONE,,
AAA_BASE,base,1683,37.2885384984,127.1074263035,-19.765000,-48.814000,1,8,2,NONE,,
AAA_BASE,base,1684,37.2885364308,127.1074254966,-19.836460,-49.044158,1,8,2,NONE,,
AAA_BASE,base,1685,37.2885343302,127.1074246437,-19.912000,-49.278000,1,8,2,NONE,,
AAA_BASE,base,1686,37.2885322965,127.1074238839,-19.979293,-49.504395,1,8,2,NONE,,
AAA_BASE,base,1687,37.2885300004,127.1074228032,-20.075000,-49.760000,1,8,2,NONE,,
AAA_BASE,base,1688,37.2885276648,127.1074214709,-20.193000,-50.020000,1,8,2,NONE,,
AAA_BASE,base,1689,37.2885254998,127.1074203079,-20.296000,-50.261000,1,8,2,NONE,,
AAA_BASE,base,1690,37.2885233349,127.1074193030,-20.385000,-50.502000,1,8,2,NONE,,
AAA_BASE,base,1691,37.2885211700,127.1074183094,-20.473000,-50.743000,1,8,2,NONE,,
AAA_BASE,base,1692,37.2885191667,127.1074173045,-20.562000,-50.966000,1,8,2,NONE,,
AAA_BASE,base,1693,37.2885170018,127.1074161415,-20.665000,-51.207000,1,8,2,NONE,,
AAA_BASE,base,1694,37.2885149986,127.1074149672,-20.769000,-51.430000,1,8,2,NONE,,
AAA_BASE,base,1695,37.2885128245,127.1074138632,-20.866776,-51.672015,1,8,2,NONE,,
AAA_BASE,base,1696,37.2885111249,127.1074130012,-20.943122,-51.861220,1,8,2,NONE,,
AAA_BASE,base,1697,37.2885089978,127.1074121444,-21.019000,-52.098000,1,8,2,NONE,,
AAA_BASE,base,1698,37.2885070036,127.1074109701,-21.123000,-52.320000,1,8,2,NONE,,
AAA_BASE,base,1699,37.2885050004,127.1074098071,-21.226000,-52.543000,1,8,2,NONE,,
AAA_BASE,base,1700,37.2885029971,127.1074086442,-21.329000,-52.766000,1,8,2,NONE,,
AAA_BASE,base,1701,37.2885008322,127.1074073005,-21.448000,-53.007000,1,8,2,NONE,,
AAA_BASE,base,1702,37.2884986673,127.1074063069,-21.536000,-53.248000,1,8,2,NONE,,
AAA_BASE,base,1703,37.2884966640,127.1074051439,-21.639000,-53.471000,1,8,2,NONE,,
AAA_BASE,base,1704,37.2884946698,127.1074039696,-21.743000,-53.693000,1,8,2,NONE,,
AAA_BASE,base,1705,37.2884924586,127.1074028442,-21.842674,-53.939151,1,8,2,NONE,,
AAA_BASE,base,1706,37.2884902818,127.1074017573,-21.938936,-54.181466,1,8,2,NONE,,
AAA_BASE,base,1707,37.2884881660,127.1074008081,-22.023000,-54.417000,1,8,2,NONE,,
AAA_BASE,base,1708,37.2884860011,127.1073999726,-22.097000,-54.658000,1,8,2,NONE,,
AAA_BASE,base,1709,37.2884828300,127.1073984709,-22.230000,-55.011000,1,8,2,NONE,,
AAA_BASE,base,1710,37.2884806651,127.1073976353,-22.304000,-55.252000,1,8,2,NONE,,
AAA_BASE,base,1711,37.2884784440,127.1073967725,-22.380413,-55.499259,1,8,2,NONE,,
AAA_BASE,base,1712,37.2884763352,127.1073958061,-22.466000,-55.734000,1,8,2,NONE,,
AAA_BASE,base,1713,37.2884742694,127.1073947861,-22.556340,-55.963972,1,8,2,NONE,,
AAA_BASE,base,1714,37.2884721671,127.1073939770,-22.628000,-56.198000,1,8,2,NONE,,
AAA_BASE,base,1715,37.2884700022,127.1073928027,-22.732000,-56.439000,1,8,2,NONE,,
AAA_BASE,base,1716,37.2884678372,127.1073916397,-22.835000,-56.680000,1,8,2,NONE,,
AAA_BASE,base,1717,37.2884658340,127.1073906348,-22.924000,-56.903000,1,8,2,NONE,,
AAA_BASE,base,1718,37.2884634984,127.1073896412,-23.012000,-57.163000,1,8,2,NONE,,
AAA_BASE,base,1719,37.2884615041,127.1073886363,-23.101000,-57.385000,1,8,2,NONE,,
AAA_BASE,base,1720,37.2884593302,127.1073871346,-23.234000,-57.627000,1,8,2,NONE,,
AAA_BASE,base,1721,37.2884571653,127.1073856441,-23.366000,-57.868000,1,8,2,NONE,,
AAA_BASE,base,1722,37.2884551710,127.1073844698,-23.470000,-58.090000,1,8,2,NONE,,
AAA_BASE,base,1723,37.2884528354,127.1073833069,-23.573000,-58.350000,1,8,2,NONE,,
AAA_BASE,base,1724,37.2884508322,127.1073819745,-23.691000,-58.573000,1,8,2,NONE,,
AAA_BASE,base,1725,37.2884488290,127.1073806422,-23.809000,-58.796000,1,8,2,NONE,,
AAA_BASE,base,1726,37.2884465023,127.1073791404,-23.942000,-59.055000,1,8,2,NONE,,
AAA_BASE,base,1727,37.2884443374,127.1073778081,-24.060000,-59.296000,1,8,2,NONE,,
AAA_BASE,base,1728,37.2884421635,127.1073766338,-24.164000,-59.538000,1,8,2,NONE,,
AAA_BASE,base,1729,37.2884399986,127.1073756402,-24.252000,-59.779000,1,8,2,NONE,,
AAA_BASE,base,1730,37.2884380043,127.1073744772,-24.355000,-60.001000,1,8,2,NONE,,
AAA_BASE,base,1731,37.2884360011,127.1073731448,-24.473000,-60.224000,1,8,2,NONE,,
AAA_BASE,base,1732,37.2884338361,127.1073718012,-24.592000,-60.465000,1,8,2,NONE,,
AAA_BASE,base,1733,37.2884316622,127.1073704688,-24.710000,-60.707000,1,8,2,NONE,,
AAA_BASE,base,1734,37.2884296680,127.1073693059,-24.813000,-60.929000,1,8,2,NONE,,
AAA_BASE,base,1735,37.2884276648,127.1073679735,-24.931000,-61.152000,1,8,2,NONE,,
AAA_BASE,base,1736,37.2884254998,127.1073664718,-25.064000,-61.393000,1,8,2,NONE,,
AAA_BASE,base,1737,37.2884237474,127.1073650610,-25.188943,-61.588082,1,8,2,NONE,,
AAA_BASE,base,1738,37.2884215023,127.1073636377,-25.315000,-61.838000,1,8,2,NONE,,
AAA_BASE,base,1739,37.2884191667,127.1073623054,-25.433000,-62.098000,1,8,2,NONE,,
AAA_BASE,base,1740,37.2884170018,127.1073608036,-25.566000,-62.339000,1,8,2,NONE,,
AAA_BASE,base,1741,37.2884149986,127.1073591438,-25.713000,-62.562000,1,8,2,NONE,,
AAA_BASE,base,1742,37.2884130043,127.1073573034,-25.876000,-62.784000,1,8,2,NONE,,
AAA_BASE,base,1743,37.2884110011,127.1073554742,-26.038000,-63.007000,1,8,2,NONE,,
AAA_BASE,base,1744,37.2884091685,127.1073536338,-26.201000,-63.211000,1,8,2,NONE,,
AAA_BASE,base,1745,37.2884073360,127.1073519740,-26.348000,-63.415000,1,8,2,NONE,,
AAA_BASE,base,1746,37.2884055034,127.1073499754,-26.525000,-63.619000,1,8,2,NONE,,
AAA_BASE,base,1747,37.2884038326,127.1073478075,-26.717000,-63.805000,1,8,2,NONE,,
AAA_BASE,base,1748,37.2884027396,127.1073463556,-26.845595,-63.926667,1,8,2,NONE,,
AAA_BASE,base,1749,37.2884013352,127.1073444767,-27.012000,-64.083000,1,8,2,NONE,,
AAA_BASE,base,1750,37.2883996644,127.1073421394,-27.219000,-64.269000,1,8,2,NONE,,
AAA_BASE,base,1751,37.2883979787,127.1073397438,-27.431168,-64.456647,1,8,2,NONE,,
AAA_BASE,base,1752,37.2883965023,127.1073376342,-27.618000,-64.621000,1,8,2,NONE,,
AAA_BASE,base,1753,37.2883951639,127.1073351389,-27.839000,-64.770000,1,8,2,NONE,,
AAA_BASE,base,1754,37.2883938344,127.1073324742,-28.075000,-64.918000,1,8,2,NONE,,
AAA_BASE,base,1755,37.2883925853,127.1073300019,-28.293961,-65.057044,1,8,2,NONE,,
AAA_BASE,base,1756,37.2883913370,127.1073271448,-28.547000,-65.196000,1,8,2,NONE,,
AAA_BASE,base,1757,37.2883900983,127.1073244655,-28.784286,-65.333894,1,8,2,NONE,,
AAA_BASE,base,1758,37.2883891631,127.1073221428,-28.990000,-65.438000,1,8,2,NONE,,
AAA_BASE,base,1759,37.2883883367,127.1073191394,-29.256000,-65.530000,1,8,2,NONE,,
AAA_BASE,base,1760,37.2883873306,127.1073164747,-29.492000,-65.642000,1,8,2,NONE,,
AAA_BASE,base,1761,37.2883866658,127.1073138099,-29.728000,-65.716000,1,8,2,NONE,,
AAA_BASE,base,1762,37.2883859634,127.1073109449,-29.981745,-65.794199,1,8,2,NONE,,
AAA_BASE,base,1763,37.2883854980,127.1073084692,-30.201000,-65.846000,1,8,2,NONE,,
AAA_BASE,base,1764,37.2883851656,127.1073054771,-30.466000,-65.883000,1,8,2,NONE,,
AAA_BASE,base,1765,37.2883848333,127.1073024737,-30.732000,-65.920000,1,8,2,NONE,,
AAA_BASE,base,1766,37.2883845009,127.1072996396,-30.983000,-65.957000,1,8,2,NONE,,
AAA_BASE,base,1767,37.2883842554,127.1072969346,-31.222566,-65.984325,1,8,2,NONE,,
AAA_BASE,base,1768,37.2883841356,127.1072941099,-31.472732,-65.997667,1,8,2,NONE,,
AAA_BASE,base,1769,37.2883841685,127.1072916342,-31.692000,-65.994000,1,8,2,NONE,,
AAA_BASE,base,1770,37.2883841685,127.1072886420,-31.957000,-65.994000,1,8,2,NONE,,
AAA_BASE,base,1771,37.2883843302,127.1072858079,-32.208000,-65.976000,1,8,2,NONE,,
AAA_BASE,base,1772,37.2883843302,127.1072831432,-32.444000,-65.976000,1,8,2,NONE,,
AAA_BASE,base,1773,37.2883843302,127.1072803092,-32.695000,-65.976000,1,8,2,NONE,,
AAA_BASE,base,1774,37.2883845850,127.1072777646,-32.920356,-65.947634,1,8,2,NONE,,
AAA_BASE,base,1775,37.2883850040,127.1072748104,-33.182000,-65.901000,1,8,2,NONE,,
AAA_BASE,base,1776,37.2883853363,127.1072718069,-33.448000,-65.864000,1,8,2,NONE,,
AAA_BASE,base,1777,37.2883856687,127.1072691422,-33.684000,-65.827000,1,8,2,NONE,,
AAA_BASE,base,1778,37.2883858304,127.1072663082,-33.935000,-65.809000,1,8,2,NONE,,
AAA_BASE,base,1779,37.2883861628,127.1072636435,-34.171000,-65.772000,1,8,2,NONE,,
AAA_BASE,base,1780,37.2883865902,127.1072609406,-34.410376,-65.724419,1,8,2,NONE,,
AAA_BASE,base,1781,37.2883871689,127.1072584721,-34.629000,-65.660000,1,8,2,NONE,,
AAA_BASE,base,1782,37.2883876630,127.1072558074,-34.865000,-65.605000,1,8,2,NONE,,
AAA_BASE,base,1783,37.2883883367,127.1072533008,-35.087000,-65.530000,1,8,2,NONE,,
AAA_BASE,base,1784,37.2883888308,127.1072504780,-35.337000,-65.475000,1,8,2,NONE,,
AAA_BASE,base,1785,37.2883893338,127.1072479714,-35.559000,-65.419000,1,8,2,NONE,,
AAA_BASE,base,1786,37.2883899986,127.1072453067,-35.795000,-65.345000,1,8,2,NONE,,
AAA_BASE,base,1787,37.2883908340,127.1072426419,-36.031000,-65.252000,1,8,2,NONE,,
AAA_BASE,base,1788,37.2883914987,127.1072403047,-36.238000,-65.178000,1,8,2,NONE,,
AAA_BASE,base,1789,37.2883921635,127.1072379674,-36.445000,-65.104000,1,8,2,NONE,,
AAA_BASE,base,1790,37.2883929989,127.1072356414,-36.651000,-65.011000,1,8,2,NONE,,
AAA_BASE,base,1791,37.2883938702,127.1072336520,-36.827199,-64.914013,1,8,2,NONE,,
AAA_BASE,base,1792,37.2883949504,127.1072316436,-37.005068,-64.793764,1,8,2,NONE,,
AAA_BASE,base,1793,37.2883957605,127.1072299181,-37.157885,-64.703577,1,8,2,NONE,,
AAA_BASE,base,1794,37.2883966157,127.1072281078,-37.318218,-64.608379,1,8,2,NONE,,
AAA_BASE,base,1795,37.2883973584,127.1072262975,-37.478551,-64.525708,1,8,2,NONE,,
AAA_BASE,base,1796,37.2883978535,127.1072249397,-37.598800,-64.470593,1,8,2,NONE,,
AAA_BASE,base,1797,37.2883982360,127.1072236668,-37.711534,-64.428005,1,8,2,NONE,,
AAA_BASE,base,1798,37.2883986411,127.1072223374,-37.829278,-64.382911,1,8,2,NONE,,
AAA_BASE,base,1799,37.2883989562,127.1072211210,-37.937002,-64.347838,1,8,2,NONE,,
AAA_BASE,base,1800,37.2883993838,127.1072194238,-38.087314,-64.300240,1,8,2,NONE,,
AAA_BASE,base,1801,37.2883998564,127.1072177832,-38.232616,-64.247630,1,8,2,NONE,,
AAA_BASE,base,1802,37.2884003290,127.1072156617,-38.420505,-64.195021,1,8,2,NONE,,
AAA_BASE,base,1803,37.2884007115,127.1072130594,-38.650984,-64.152433,1,8,2,NONE,,
AAA_BASE,base,1804,37.2884011391,127.1072108813,-38.843884,-64.104834,1,8,2,NONE,,
AAA_BASE,base,1805,37.2884015892,127.1072089012,-39.019248,-64.054730,1,8,2,NONE,,
AAA_BASE,base,1806,37.2884020168,127.1072067798,-39.207138,-64.007131,1,8,2,NONE,,
AAA_BASE,base,1807,37.2884025344,127.1072046017,-39.400038,-63.949512,1,8,2,NONE,,
AAA_BASE,base,1808,37.2884030070,127.1072028762,-39.552856,-63.896903,1,8,2,NONE,,
AAA_BASE,base,1809,37.2884036371,127.1072010093,-39.718199,-63.826757,1,8,2,NONE,,
AAA_BASE,base,1810,37.2884042222,127.1071988030,-39.913604,-63.761622,1,8,2,NONE,,
AAA_BASE,base,1811,37.2884047848,127.1071969078,-40.081453,-63.698992,1,8,2,NONE,,
AAA_BASE,base,1812,37.2884053214,127.1071948096,-40.267279,-63.639258,1,8,2,NONE,,
AAA_BASE,base,1813,37.2884058358,127.1071926448,-40.459000,-63.582000,1,8,2,NONE,,
AAA_BASE,base,1814,37.2884065005,127.1071904769,-40.651000,-63.508000,1,8,2,NONE,,
AAA_BASE,base,1815,37.2884070036,127.1071883090,-40.843000,-63.452000,1,8,2,NONE,,
AAA_BASE,base,1816,37.2884074977,127.1071859718,-41.050000,-63.397000,1,8,2,NONE,,
AAA_BASE,base,1817,37.2884079864,127.1071836690,-41.253945,-63.342592,1,8,2,NONE,,
AAA_BASE,base,1818,37.2884085038,127.1071814779,-41.448000,-63.285000,1,8,2,NONE,,
AAA_BASE,base,1819,37.2884091685,127.1071791406,-41.655000,-63.211000,1,8,2,NONE,,
AAA_BASE,base,1820,37.2884099028,127.1071768943,-41.853945,-63.129258,1,8,2,NONE,,
AAA_BASE,base,1821,37.2884105167,127.1071747678,-42.042279,-63.060925,1,8,2,NONE,,
AAA_BASE,base,1822,37.2884111628,127.1071726369,-42.231000,-62.989000,1,8,2,NONE,,
AAA_BASE,base,1823,37.2884118365,127.1071704690,-42.423000,-62.914000,1,8,2,NONE,,
AAA_BASE,base,1824,37.2884125828,127.1071682566,-42.618945,-62.830925,1,8,2,NONE,,
AAA_BASE,base,1825,37.2884134984,127.1071659752,-42.821000,-62.729000,1,8,2,NONE,,
AAA_BASE,base,1826,37.2884143338,127.1071636379,-43.028000,-62.636000,1,8,2,NONE,,
AAA_BASE,base,1827,37.2884151692,127.1071613006,-43.235000,-62.543000,1,8,2,NONE,,
AAA_BASE,base,1828,37.2884158340,127.1071588053,-43.456000,-62.469000,1,8,2,NONE,,
AAA_BASE,base,1829,37.2884166694,127.1071563100,-43.677000,-62.376000,1,8,2,NONE,,
AAA_BASE,base,1830,37.2884173342,127.1071541421,-43.869000,-62.302000,1,8,2,NONE,,
AAA_BASE,base,1831,37.2884183313,127.1071516354,-44.091000,-62.191000,1,8,2,NONE,,
AAA_BASE,base,1832,37.2884191667,127.1071491401,-44.312000,-62.098000,1,8,2,NONE,,
AAA_BASE,base,1833,37.2884200022,127.1071468028,-44.519000,-62.005000,1,8,2,NONE,,
AAA_BASE,base,1834,37.2884206669,127.1071443075,-44.740000,-61.931000,1,8,2,NONE,,
AAA_BASE,base,1835,37.2884215023,127.1071419702,-44.947000,-61.838000,1,8,2,NONE,,
AAA_BASE,base,1836,37.2884224995,127.1071396442,-45.153000,-61.727000,1,8,2,NONE,,
AAA_BASE,base,1837,37.2884233349,127.1071374763,-45.345000,-61.634000,1,8,2,NONE,,
AAA_BASE,base,1838,37.2884243320,127.1071351391,-45.552000,-61.523000,1,8,2,NONE,,
AAA_BASE,base,1839,37.2884252939,127.1071329342,-45.747279,-61.415925,1,8,2,NONE,,
AAA_BASE,base,1840,37.2884263352,127.1071308033,-45.936000,-61.300000,1,8,2,NONE,,
AAA_BASE,base,1841,37.2884275031,127.1071288048,-46.113000,-61.170000,1,8,2,NONE,,
AAA_BASE,base,1842,37.2884286709,127.1071268062,-46.290000,-61.040000,1,8,2,NONE,,
AAA_BASE,base,1843,37.2884298453,127.1071247669,-46.470612,-60.909258,1,8,2,NONE,,
AAA_BASE,base,1844,37.2884309975,127.1071226398,-46.659000,-60.781000,1,8,2,NONE,,
AAA_BASE,base,1845,37.2884320036,127.1071203025,-46.866000,-60.669000,1,8,2,NONE,,
AAA_BASE,base,1846,37.2884330007,127.1071181346,-47.058000,-60.558000,1,8,2,NONE,,
AAA_BASE,base,1847,37.2884341685,127.1071161361,-47.235000,-60.428000,1,8,2,NONE,,
AAA_BASE,base,1848,37.2884354980,127.1071141376,-47.412000,-60.280000,1,8,2,NONE,,
AAA_BASE,base,1849,37.2884368072,127.1071122902,-47.575612,-60.134258,1,8,2,NONE,,
AAA_BASE,base,1850,37.2884380948,127.1071103519,-47.747279,-59.990925,1,8,2,NONE,,
AAA_BASE,base,1851,37.2884396369,127.1071085453,-47.907279,-59.819258,1,8,2,NONE,,
AAA_BASE,base,1852,37.2884411664,127.1071071371,-48.032000,-59.649000,1,8,2,NONE,,
AAA_BASE,base,1853,37.2884429989,127.1071058047,-48.150000,-59.445000,1,8,2,NONE,,
AAA_BASE,base,1854,37.2884448315,127.1071046417,-48.253000,-59.241000,1,8,2,NONE,,
AAA_BASE,base,1855,37.2884465023,127.1071034675,-48.357000,-59.055000,1,8,2,NONE,,
AAA_BASE,base,1856,37.2884484966,127.1071023045,-48.460000,-58.833000,1,8,2,NONE,,
AAA_BASE,base,1857,37.2884502669,127.1071015448,-48.527279,-58.635925,1,8,2,NONE,,
AAA_BASE,base,1858,37.2884521707,127.1071009721,-48.578000,-58.424000,1,8,2,NONE,,
AAA_BASE,base,1859,37.2884543356,127.1071006447,-48.607000,-58.183000,1,8,2,NONE,,
AAA_BASE,base,1860,37.2884561682,127.1071003059,-48.637000,-57.979000,1,8,2,NONE,,
AAA_BASE,base,1861,37.2884580007,127.1071001366,-48.652000,-57.775000,1,8,2,NONE,,
AAA_BASE,base,1862,37.2884600040,127.1070999672,-48.667000,-57.552000,1,8,2,NONE,,
AAA_BASE,base,1863,37.2884620198,127.1071000770,-48.657279,-57.327592,1,8,2,NONE,,
AAA_BASE,base,1864,37.2884640014,127.1071001366,-48.652000,-57.107000,1,8,2,NONE,,
AAA_BASE,base,1865,37.2884659957,127.1071004753,-48.622000,-56.885000,1,8,2,NONE,,
AAA_BASE,base,1866,37.2884679989,127.1071009721,-48.578000,-56.662000,1,8,2,NONE,,
AAA_BASE,base,1867,37.2884698315,127.1071013109,-48.548000,-56.458000,1,8,2,NONE,,
AAA_BASE,base,1868,37.2884720440,127.1071015338,-48.528255,-56.211707,1,8,2,NONE,,
AAA_BASE,base,1869,37.2884739996,127.1071019770,-48.489000,-55.994000,1,8,2,NONE,,
AAA_BASE,base,1870,37.2884758322,127.1071024738,-48.445000,-55.790000,1,8,2,NONE,,
AAA_BASE,base,1871,37.2884778354,127.1071029707,-48.401000,-55.567000,1,8,2,NONE,,
AAA_BASE,base,1872,37.2884796680,127.1071034675,-48.357000,-55.363000,1,8,2,NONE,,
AAA_BASE,base,1873,37.2884816622,127.1071038062,-48.327000,-55.141000,1,8,2,NONE,,
AAA_BASE,base,1874,37.2884836655,127.1071041449,-48.297000,-54.918000,1,8,2,NONE,,
AAA_BASE,base,1875,37.2884854980,127.1071046417,-48.253000,-54.714000,1,8,2,NONE,,
AAA_BASE,base,1876,37.2884873306,127.1071053079,-48.194000,-54.510000,1,8,2,NONE,,
AAA_BASE,base,1877,37.2884891631,127.1071061435,-48.120000,-54.306000,1,8,2,NONE,,
AAA_BASE,base,1878,37.2884909957,127.1071068096,-48.061000,-54.102000,1,8,2,NONE,,
AAA_BASE,base,1879,37.2884926665,127.1071074758,-48.002000,-53.916000,1,8,2,NONE,,
AAA_BASE,base,1880,37.2884944991,127.1071079726,-47.958000,-53.712000,1,8,2,NONE,,
AAA_BASE,base,1881,37.2884965023,127.1071088082,-47.884000,-53.489000,1,8,2,NONE,,
AAA_BASE,base,1882,37.2884983349,127.1071096437,-47.810000,-53.285000,1,8,2,NONE,,
AAA_BASE,base,1883,37.2885003291,127.1071106373,-47.722000,-53.063000,1,8,2,NONE,,
AAA_BASE,base,1884,37.2885020000,127.1071114729,-47.648000,-52.877000,1,8,2,NONE,,
AAA_BASE,base,1885,37.2885040032,127.1071123084,-47.574000,-52.654000,1,8,2,NONE,,
AAA_BASE,base,1886,37.2885059906,127.1071133019,-47.486008,-52.432769,1,8,2,NONE,,
AAA_BASE,base,1887,37.2885080007,127.1071141376,-47.412000,-52.209000,1,8,2,NONE,,
AAA_BASE,base,1888,37.2885101656,127.1071151425,-47.323000,-51.968000,1,8,2,NONE,,
AAA_BASE,base,1889,37.2885123306,127.1071164748,-47.205000,-51.727000,1,8,2,NONE,,
AAA_BASE,base,1890,37.2885143338,127.1071176378,-47.102000,-51.504000,1,8,2,NONE,,
AAA_BASE,base,1891,37.2885164987,127.1071186427,-47.013000,-51.263000,1,8,2,NONE,,
AAA_BASE,base,1892,37.2885186637,127.1071198057,-46.910000,-51.022000,1,8,2,NONE,,
AAA_BASE,base,1893,37.2885206669,127.1071209687,-46.807000,-50.799000,1,8,2,NONE,,
AAA_BASE,base,1894,37.2885228318,127.1071223011,-46.689000,-50.558000,1,8,2,NONE,,
AAA_BASE,base,1895,37.2885249968,127.1071234753,-46.585000,-50.317000,1,8,2,NONE,,
AAA_BASE,base,1896,37.2885270000,127.1071243109,-46.511000,-50.094000,1,8,2,NONE,,
AAA_BASE,base,1897,37.2885291542,127.1071250992,-46.441185,-49.854196,1,8,2,NONE,,
AAA_BASE,base,1898,37.2885313299,127.1071259707,-46.364000,-49.612000,1,8,2,NONE,,
AAA_BASE,base,1899,37.2885331624,127.1071269756,-46.275000,-49.408000,1,8,2,NONE,,
AAA_BASE,base,1900,37.2885351656,127.1071281386,-46.172000,-49.185000,1,8,2,NONE,,
AAA_BASE,base,1901,37.2885371689,127.1071289741,-46.098000,-48.962000,1,8,2,NONE,,
AAA_BASE,base,1902,37.2885391631,127.1071298097,-46.024000,-48.740000,1,8,2,NONE,,
AAA_BASE,base,1903,37.2885410867,127.1071307636,-45.939519,-48.525863,1,8,2,NONE,,
AAA_BASE,base,1904,37.2885428372,127.1071314695,-45.877000,-48.331000,1,8,2,NONE,,
AAA_BASE,base,1905,37.2885446698,127.1071324744,-45.788000,-48.127000,1,8,2,NONE,,
AAA_BASE,base,1906,37.2885465023,127.1071336374,-45.685000,-47.923000,1,8,2,NONE,,
AAA_BASE,base,1907,37.2885481642,127.1071344729,-45.611000,-47.738000,1,8,2,NONE,,
AAA_BASE,base,1908,37.2885501760,127.1071354546,-45.524058,-47.514047,1,8,2,NONE,,
AAA_BASE,base,1909,37.2885516676,127.1071363021,-45.449000,-47.348000,1,8,2,NONE,,
AAA_BASE,base,1910,37.2885533295,127.1071374763,-45.345000,-47.163000,1,8,2,NONE,,
AAA_BASE,base,1911,37.2885550004,127.1071388087,-45.227000,-46.977000,1,8,2,NONE,,
AAA_BASE,base,1912,37.2885566914,127.1071399012,-45.130239,-46.788753,1,8,2,NONE,,
AAA_BASE,base,1913,37.2885583331,127.1071408072,-45.050000,-46.606000,1,8,2,NONE,,
AAA_BASE,base,1914,37.2885603363,127.1071416428,-44.976000,-46.383000,1,8,2,NONE,,
AAA_BASE,base,1915,37.2885621689,127.1071424783,-44.902000,-46.179000,1,8,2,NONE,,
AAA_BASE,base,1916,37.2885640014,127.1071434719,-44.814000,-45.975000,1,8,2,NONE,,
AAA_BASE,base,1917,37.2885658340,127.1071444769,-44.725000,-45.771000,1,8,2,NONE,,
AAA_BASE,base,1918,37.2885674959,127.1071451430,-44.666000,-45.586000,1,8,2,NONE,,
AAA_BASE,base,1919,37.2885692620,127.1071458598,-44.602515,-45.389398,1,8,2,NONE,,
AAA_BASE,base,1920,37.2885711471,127.1071468790,-44.512255,-45.179546,1,8,2,NONE,,
AAA_BASE,base,1921,37.2885722863,127.1071475912,-44.449181,-45.052731,1,8,2,NONE,,
AAA_BASE,base,1922,37.2885738284,127.1071485133,-44.367515,-44.881065,1,8,2,NONE,,
AAA_BASE,base,1923,37.2885751674,127.1071494675,-44.283000,-44.732000,1,8,2,NONE,,
AAA_BASE,base,1924,37.2885764323,127.1071504756,-44.193721,-44.591193,1,8,2,NONE,,
AAA_BASE,base,1925,37.2885777284,127.1071513289,-44.118144,-44.446909,1,8,2,NONE,,
AAA_BASE,base,1926,37.2885793023,127.1071522211,-44.039131,-44.271707,1,8,2,NONE,,
AAA_BASE,base,1927,37.2885806293,127.1071529581,-43.973860,-44.123988,1,8,2,NONE,,
AAA_BASE,base,1928,37.2885820488,127.1071537339,-43.905153,-43.965963,1,8,2,NONE,,
AAA_BASE,base,1929,37.2885837461,127.1071547424,-43.815834,-43.777020,1,8,2,NONE,,
AAA_BASE,base,1930,37.2885854434,127.1071555569,-43.743692,-43.588076,1,8,2,NONE,,
AAA_BASE,base,1931,37.2885869247,127.1071563715,-43.671551,-43.423180,1,8,2,NONE,,
AAA_BASE,base,1932,37.2885886529,127.1071574964,-43.571926,-43.230802,1,8,2,NONE,,
AAA_BASE,base,1933,37.2885901342,127.1071585437,-43.479172,-43.065906,1,8,2,NONE,,
AAA_BASE,base,1934,37.2885922944,127.1071599788,-43.352065,-42.825432,1,8,2,NONE,,
AAA_BASE,base,1935,37.2885935288,127.1071607934,-43.279923,-42.688019,1,8,2,NONE,,
AAA_BASE,base,1936,37.2885951335,127.1071616468,-43.204345,-42.509382,1,8,2,NONE,,
AAA_BASE,base,1937,37.2885967382,127.1071624225,-43.135639,-42.330744,1,8,2,NONE,,
AAA_BASE,base,1938,37.2885985281,127.1071632371,-43.063497,-42.131495,1,8,2,NONE,,
AAA_BASE,base,1939,37.2885998859,127.1071640129,-42.994790,-41.980341,1,8,2,NONE,,
AAA_BASE,base,1940,37.2886013363,127.1071646723,-42.936389,-41.818880,1,8,2,NONE,,
AAA_BASE,base,1941,37.2886025707,127.1071653317,-42.877989,-41.681467,1,8,2,NONE,,
AAA_BASE,base,1942,37.2886042372,127.1071661851,-42.802411,-41.495959,1,8,2,NONE,,
AAA_BASE,base,1943,37.2886057802,127.1071668445,-42.744011,-41.324192,1,8,2,NONE,,
AAA_BASE,base,1944,37.2886071071,127.1071674263,-42.692481,-41.176473,1,8,2,NONE,,
AAA_BASE,base,1945,37.2886086193,127.1071682797,-42.616903,-41.008141,1,8,2,NONE,,
AAA_BASE,base,1946,37.2886101931,127.1071691718,-42.537891,-40.832939,1,8,2,NONE,,
AAA_BASE,base,1947,37.2886116658,127.1071699722,-42.467000,-40.669000,1,8,2,NONE,,
AAA_BASE,base,1948,37.2886133367,127.1071708078,-42.393000,-40.483000,1,8,2,NONE,,
AAA_BASE,base,1949,37.2886149986,127.1071716433,-42.319000,-40.298000,1,8,2,NONE,,
AAA_BASE,base,1950,37.2886165350,127.1071723815,-42.253626,-40.126965,1,8,2,NONE,,
AAA_BASE,base,1951,37.2886181519,127.1071730025,-42.198626,-39.946965,1,8,2,NONE,,
AAA_BASE,base,1952,37.2886200022,127.1071736418,-42.142000,-39.741000,1,8,2,NONE,,
AAA_BASE,base,1953,37.2886216640,127.1071743080,-42.083000,-39.556000,1,8,2,NONE,,
AAA_BASE,base,1954,37.2886233349,127.1071751436,-42.009000,-39.370000,1,8,2,NONE,,
AAA_BASE,base,1955,37.2886251674,127.1071759678,-41.936000,-39.166000,1,8,2,NONE,,
AAA_BASE,base,1956,37.2886267365,127.1071766816,-41.872786,-38.991333,1,8,2,NONE,,
AAA_BASE,base,1957,37.2886282936,127.1071772085,-41.826120,-38.818000,1,8,2,NONE,,
AAA_BASE,base,1958,37.2886303327,127.1071778083,-41.773000,-38.591000,1,8,2,NONE,,
AAA_BASE,base,1959,37.2886318329,127.1071783051,-41.729000,-38.424000,1,8,2,NONE,,
AAA_BASE,base,1960,37.2886334738,127.1071789774,-41.669453,-38.241333,1,8,2,NONE,,
AAA_BASE,base,1961,37.2886349860,127.1071796361,-41.611120,-38.073000,1,8,2,NONE,,
AAA_BASE,base,1962,37.2886369982,127.1071804730,-41.537000,-37.849000,1,8,2,NONE,,
AAA_BASE,base,1963,37.2886387140,127.1071810851,-41.482786,-37.658000,1,8,2,NONE,,
AAA_BASE,base,1964,37.2886400914,127.1071816120,-41.436120,-37.504666,1,8,2,NONE,,
AAA_BASE,base,1965,37.2886413939,127.1071820637,-41.396120,-37.359666,1,8,2,NONE,,
AAA_BASE,base,1966,37.2886425178,127.1071824154,-41.364965,-37.234562,1,8,2,NONE,,
AAA_BASE,base,1967,37.2886440999,127.1071828386,-41.327492,-37.058435,1,8,2,NONE,,
AAA_BASE,base,1968,37.2886457158,127.1071833040,-41.286271,-36.878562,1,8,2,NONE,,
AAA_BASE,base,1969,37.2886476009,127.1071838541,-41.237555,-36.668709,1,8,2,NONE,,
AAA_BASE,base,1970,37.2886493320,127.1071844700,-41.183000,-36.476000,1,8,2,NONE,,
AAA_BASE,base,1971,37.2886510029,127.1071849781,-41.138000,-36.290000,1,8,2,NONE,,
AAA_BASE,base,1972,37.2886528354,127.1071856443,-41.079000,-36.086000,1,8,2,NONE,,
AAA_BASE,base,1973,37.2886548297,127.1071864686,-41.006000,-35.864000,1,8,2,NONE,,
AAA_BASE,base,1974,37.2886568329,127.1071874735,-40.917000,-35.641000,1,8,2,NONE,,
AAA_BASE,base,1975,37.2886588361,127.1071881397,-40.858000,-35.418000,1,8,2,NONE,,
AAA_BASE,base,1976,37.2886611628,127.1071888058,-40.799000,-35.159000,1,8,2,NONE,,
AAA_BASE,base,1977,37.2886631660,127.1071896414,-40.725000,-34.936000,1,8,2,NONE,,
AAA_BASE,base,1978,37.2886651692,127.1071908044,-40.622000,-34.713000,1,8,2,NONE,,
AAA_BASE,base,1979,37.2886674959,127.1071919673,-40.519000,-34.454000,1,8,2,NONE,,
AAA_BASE,base,1980,37.2886694991,127.1071928029,-40.445000,-34.231000,1,8,2,NONE,,
AAA_BASE,base,1981,37.2886718347,127.1071936384,-40.371000,-33.971000,1,8,2,NONE,,
AAA_BASE,base,1982,37.2886741703,127.1071941352,-40.327000,-33.711000,1,8,2,NONE,,
AAA_BASE,base,1983,37.2886763352,127.1071949708,-40.253000,-33.470000,1,8,2,NONE,,
AAA_BASE,base,1984,37.2886776648,127.1071954676,-40.209000,-33.322000,1,8,2,NONE,,
AAA_BASE,base,1985,37.2886801710,127.1071961338,-40.150000,-33.043000,1,8,2,NONE,,
AAA_BASE,base,1986,37.2886823360,127.1071968112,-40.090000,-32.802000,1,8,2,NONE,,
AAA_BASE,base,1987,37.2886846626,127.1071971387,-40.061000,-32.543000,1,8,2,NONE,,
AAA_BASE,base,1988,37.2886869982,127.1071973081,-40.046000,-32.283000,1,8,2,NONE,,
AAA_BASE,base,1989,37.2886891631,127.1071978049,-40.002000,-32.042000,1,8,2,NONE,,
AAA_BASE,base,1990,37.2886916694,127.1071983017,-39.958000,-31.763000,1,8,2,NONE,,
AAA_BASE,base,1991,37.2886941667,127.1071984710,-39.943000,-31.485000,1,8,2,NONE,,
AAA_BASE,base,1992,37.2886965023,127.1071984710,-39.943000,-31.225000,1,8,2,NONE,,
AAA_BASE,base,1993,37.2886989996,127.1071983017,-39.958000,-30.947000,1,8,2,NONE,,
AAA_BASE,base,1994,37.2887011646,127.1071983017,-39.958000,-30.706000,1,8,2,NONE,,
AAA_BASE,base,1995,37.2887036709,127.1071984710,-39.943000,-30.427000,1,8,2,NONE,,
AAA_BASE,base,1996,37.2887059975,127.1071983017,-39.958000,-30.168000,1,8,2,NONE,,
AAA_BASE,base,1997,37.2887083331,127.1071981436,-39.972000,-29.908000,1,8,2,NONE,,
AAA_BASE,base,1998,37.2887108304,127.1071978049,-40.002000,-29.630000,1,8,2,NONE,,
AAA_BASE,base,1999,37.2887130043,127.1071973081,-40.046000,-29.388000,1,8,2,NONE,,
AAA_BASE,base,2000,37.2887153309,127.1071969693,-40.076000,-29.129000,1,8,2,NONE,,
AAA_BASE,base,2001,37.2887176665,127.1071966419,-40.105000,-28.869000,1,8,2,NONE,,
AAA_BASE,base,2002,37.2887200022,127.1071961338,-40.150000,-28.609000,1,8,2,NONE,,
AAA_BASE,base,2003,37.2887221671,127.1071953095,-40.223000,-28.368000,1,8,2,NONE,,
AAA_BASE,base,2004,37.2887245027,127.1071944740,-40.297000,-28.108000,1,8,2,NONE,,
AAA_BASE,base,2005,37.2887264969,127.1071934691,-40.386000,-27.886000,1,8,2,NONE,,
AAA_BASE,base,2006,37.2887286709,127.1071924755,-40.474000,-27.644000,1,8,2,NONE,,
AAA_BASE,base,2007,37.2887308232,127.1071911954,-40.587370,-27.404398,1,8,2,NONE,,
AAA_BASE,base,2008,37.2887328300,127.1071896414,-40.725000,-27.181000,1,8,2,NONE,,
AAA_BASE,base,2009,37.2887348333,127.1071881397,-40.858000,-26.958000,1,8,2,NONE,,
AAA_BASE,base,2010,37.2887366658,127.1071863105,-41.020000,-26.754000,1,8,2,NONE,,
AAA_BASE,base,2011,37.2887384984,127.1071848088,-41.153000,-26.550000,1,8,2,NONE,,
AAA_BASE,base,2012,37.2887405016,127.1071829683,-41.316000,-26.327000,1,8,2,NONE,,
AAA_BASE,base,2013,37.2887420018,127.1071811392,-41.478000,-26.160000,1,8,2,NONE,,
AAA_BASE,base,2014,37.2887435020,127.1071788019,-41.685000,-25.993000,1,8,2,NONE,,
AAA_BASE,base,2015,37.2887450022,127.1071764759,-41.891000,-25.826000,1,8,2,NONE,,
AAA_BASE,base,2016,37.2887463317,127.1071744774,-42.068000,-25.678000,1,8,2,NONE,,
AAA_BASE,base,2017,37.2887478318,127.1071723095,-42.260000,-25.511000,1,8,2,NONE,,
AAA_BASE,base,2018,37.2887489996,127.1071701416,-42.452000,-25.381000,1,8,2,NONE,,
AAA_BASE,base,2019,37.2887499968,127.1071679737,-42.644000,-25.270000,1,8,2,NONE,,
AAA_BASE,base,2020,37.2887510029,127.1071654671,-42.866000,-25.158000,1,8,2,NONE,,
AAA_BASE,base,2021,37.2887520000,127.1071633105,-43.057000,-25.047000,1,8,2,NONE,,
AAA_BASE,base,2022,37.2887529971,127.1071611426,-43.249000,-24.936000,1,8,2,NONE,,
AAA_BASE,base,2023,37.2887540032,127.1071588053,-43.456000,-24.824000,1,8,2,NONE,,
AAA_BASE,base,2024,37.2887548297,127.1071564680,-43.663000,-24.732000,1,8,2,NONE,,
AAA_BASE,base,2025,37.2887556651,127.1071541421,-43.869000,-24.639000,1,8,2,NONE,,
AAA_BASE,base,2026,37.2887564108,127.1071514406,-44.108254,-24.555985,1,8,2,NONE,,
AAA_BASE,base,2027,37.2887571653,127.1071493095,-44.297000,-24.472000,1,8,2,NONE,,
AAA_BASE,base,2028,37.2887581624,127.1071469722,-44.504000,-24.361000,1,8,2,NONE,,
AAA_BASE,base,2029,37.2887591685,127.1071444769,-44.725000,-24.249000,1,8,2,NONE,,
AAA_BASE,base,2030,37.2887598333,127.1071423090,-44.917000,-24.175000,1,8,2,NONE,,
AAA_BASE,base,2031,37.2887603363,127.1071399717,-45.124000,-24.119000,1,8,2,NONE,,
AAA_BASE,base,2032,37.2887610001,127.1071374499,-45.347340,-24.045112,1,8,2,NONE,,
AAA_BASE,base,2033,37.2887617443,127.1071352673,-45.540643,-23.962267,1,8,2,NONE,,
AAA_BASE,base,2034,37.2887623306,127.1071329712,-45.744000,-23.897000,1,8,2,NONE,,
AAA_BASE,base,2035,37.2887630466,127.1071304604,-45.966371,-23.817290,1,8,2,NONE,,
AAA_BASE,base,2036,37.2887636691,127.1071281386,-46.172000,-23.748000,1,8,2,NONE,,
AAA_BASE,base,2037,37.2887641631,127.1071256432,-46.393000,-23.693000,1,8,2,NONE,,
AAA_BASE,base,2038,37.2887646662,127.1071231366,-46.615000,-23.637000,1,8,2,NONE,,
AAA_BASE,base,2039,37.2887653309,127.1071208106,-46.821000,-23.563000,1,8,2,NONE,,
AAA_BASE,base,2040,37.2887660854,127.1071182481,-47.047950,-23.479009,1,8,2,NONE,,
AAA_BASE,base,2041,37.2887666694,127.1071159780,-47.249000,-23.414000,1,8,2,NONE,,
AAA_BASE,base,2042,37.2887671635,127.1071136408,-47.456000,-23.359000,1,8,2,NONE,,
AAA_BASE,base,2043,37.2887676665,127.1071111341,-47.678000,-23.303000,1,8,2,NONE,,
AAA_BASE,base,2044,37.2887683313,127.1071088082,-47.884000,-23.229000,1,8,2,NONE,,
AAA_BASE,base,2045,37.2887690829,127.1071067374,-48.067395,-23.145330,1,8,2,NONE,,
AAA_BASE,base,2046,37.2887700022,127.1071043030,-48.283000,-23.043000,1,8,2,NONE,,
AAA_BASE,base,2047,37.2887706669,127.1071019770,-48.489000,-22.969000,1,8,2,NONE,,
AAA_BASE,base,2048,37.2887711700,127.1070994704,-48.711000,-22.913000,1,8,2,NONE,,
AAA_BASE,base,2049,37.2887718737,127.1070969416,-48.934960,-22.834664,1,8,2,NONE,,
AAA_BASE,base,2050,37.2887724995,127.1070948072,-49.124000,-22.765000,1,8,2,NONE,,
AAA_BASE,base,2051,37.2887733349,127.1070923005,-49.346000,-22.672000,1,8,2,NONE,,
AAA_BASE,base,2052,37.2887740236,127.1070901340,-49.537882,-22.595336,1,8,2,NONE,,
AAA_BASE,base,2053,37.2887746644,127.1070876373,-49.759000,-22.524000,1,8,2,NONE,,
AAA_BASE,base,2054,37.2887753259,127.1070850412,-49.988924,-22.450358,1,8,2,NONE,,
AAA_BASE,base,2055,37.2887758322,127.1070828047,-50.187000,-22.394000,1,8,2,NONE,,
AAA_BASE,base,2056,37.2887764969,127.1070806368,-50.379000,-22.320000,1,8,2,NONE,,
AAA_BASE,base,2057,37.2887774138,127.1070782855,-50.587244,-22.217934,1,8,2,NONE,,
AAA_BASE,base,2058,37.2887781678,127.1070761429,-50.777000,-22.134000,1,8,2,NONE,,
AAA_BASE,base,2059,37.2887788326,127.1070738057,-50.984000,-22.060000,1,8,2,NONE,,
AAA_BASE,base,2060,37.2887793356,127.1070711410,-51.220000,-22.004000,1,8,2,NONE,,
AAA_BASE,base,2061,37.2887800004,127.1070688037,-51.427000,-21.930000,1,8,2,NONE,,
AAA_BASE,base,2062,37.2887808661,127.1070664630,-51.634304,-21.833628,1,8,2,NONE,,
AAA_BASE,base,2063,37.2887816309,127.1070641245,-51.841415,-21.748483,1,8,2,NONE,,
AAA_BASE,base,2064,37.2887823958,127.1070617340,-52.053128,-21.663337,1,8,2,NONE,,
AAA_BASE,base,2065,37.2887831624,127.1070593078,-52.268000,-21.578000,1,8,2,NONE,,
AAA_BASE,base,2066,37.2887838361,127.1070569706,-52.475000,-21.503000,1,8,2,NONE,,
AAA_BASE,base,2067,37.2887845009,127.1070546446,-52.681000,-21.429000,1,8,2,NONE,,
AAA_BASE,base,2068,37.2887853363,127.1070521380,-52.903000,-21.336000,1,8,2,NONE,,
AAA_BASE,base,2069,37.2887860011,127.1070499701,-53.095000,-21.262000,1,8,2,NONE,,
AAA_BASE,base,2070,37.2887865041,127.1070474747,-53.316000,-21.206000,1,8,2,NONE,,
AAA_BASE,base,2071,37.2887871689,127.1070448100,-53.552000,-21.132000,1,8,2,NONE,,
AAA_BASE,base,2072,37.2887877706,127.1070426881,-53.739931,-21.065017,1,8,2,NONE,,
AAA_BASE,base,2073,37.2887884114,127.1070402456,-53.956247,-20.993679,1,8,2,NONE,,
AAA_BASE,base,2074,37.2887893338,127.1070378095,-54.172000,-20.891000,1,8,2,NONE,,
AAA_BASE,base,2075,37.2887899986,127.1070354723,-54.379000,-20.817000,1,8,2,NONE,,
AAA_BASE,base,2076,37.2887906234,127.1070330742,-54.591387,-20.747447,1,8,2,NONE,,
AAA_BASE,base,2077,37.2887913370,127.1070304703,-54.822000,-20.668000,1,8,2,NONE,,
AAA_BASE,base,2078,37.2887920018,127.1070281443,-55.028000,-20.594000,1,8,2,NONE,,
AAA_BASE,base,2079,37.2887928372,127.1070258071,-55.235000,-20.501000,1,8,2,NONE,,
AAA_BASE,base,2080,37.2887938344,127.1070234698,-55.442000,-20.390000,1,8,2,NONE,,
AAA_BASE,base,2081,37.2887946698,127.1070209745,-55.663000,-20.297000,1,8,2,NONE,,
AAA_BASE,base,2082,37.2887953345,127.1070183097,-55.899000,-20.223000,1,8,2,NONE,,
AAA_BASE,base,2083,37.2887959993,127.1070156338,-56.136000,-20.149000,1,8,2,NONE,,
AAA_BASE,base,2084,37.2887968347,127.1070133078,-56.342000,-20.056000,1,8,2,NONE,,
AAA_BASE,base,2085,37.2887978318,127.1070108011,-56.564000,-19.945000,1,8,2,NONE,,
AAA_BASE,base,2086,37.2887986673,127.1070083058,-56.785000,-19.852000,1,8,2,NONE,,
AAA_BASE,base,2087,37.2887993320,127.1070056411,-57.021000,-19.778000,1,8,2,NONE,,
AAA_BASE,base,2088,37.2887999968,127.1070028070,-57.272000,-19.704000,1,8,2,NONE,,
AAA_BASE,base,2089,37.2888008322,127.1070003004,-57.494000,-19.611000,1,8,2,NONE,,
AAA_BASE,base,2090,37.2888016676,127.1069978051,-57.715000,-19.518000,1,8,2,NONE,,
AAA_BASE,base,2091,37.2888026648,127.1069951403,-57.951000,-19.407000,1,8,2,NONE,,
AAA_BASE,base,2092,37.2888033295,127.1069928031,-58.158000,-19.333000,1,8,2,NONE,,
AAA_BASE,base,2093,37.2888040032,127.1069901384,-58.394000,-19.258000,1,8,2,NONE,,
AAA_BASE,base,2094,37.2888046680,127.1069874737,-58.630000,-19.184000,1,8,2,NONE,,
AAA_BASE,base,2095,37.2888055034,127.1069849783,-58.851000,-19.091000,1,8,2,NONE,,
AAA_BASE,base,2096,37.2888063299,127.1069824717,-59.073000,-18.999000,1,8,2,NONE,,
AAA_BASE,base,2097,37.2888073360,127.1069798070,-59.309000,-18.887000,1,8,2,NONE,,
AAA_BASE,base,2098,37.2888080007,127.1069771423,-59.545000,-18.813000,1,8,2,NONE,,
AAA_BASE,base,2099,37.2888086655,127.1069743082,-59.796000,-18.739000,1,8,2,NONE,,
AAA_BASE,base,2100,37.2888095009,127.1069716435,-60.032000,-18.646000,1,8,2,NONE,,
AAA_BASE,base,2101,37.2888103363,127.1069691369,-60.254000,-18.553000,1,8,2,NONE,,
AAA_BASE,base,2102,37.2888113335,127.1069663028,-60.505000,-18.442000,1,8,2,NONE,,
AAA_BASE,base,2103,37.2888121689,127.1069636381,-60.741000,-18.349000,1,8,2,NONE,,
AAA_BASE,base,2104,37.2888130043,127.1069609734,-60.977000,-18.256000,1,8,2,NONE,,
AAA_BASE,base,2105,37.2888138308,127.1069583087,-61.213000,-18.164000,1,8,2,NONE,,
AAA_BASE,base,2106,37.2888148369,127.1069558020,-61.435000,-18.052000,1,8,2,NONE,,
AAA_BASE,base,2107,37.2888159957,127.1069533067,-61.656000,-17.923000,1,8,2,NONE,,
AAA_BASE,base,2108,37.2888170018,127.1069508114,-61.877000,-17.811000,1,8,2,NONE,,
AAA_BASE,base,2109,37.2888179989,127.1069483047,-62.099000,-17.700000,1,8,2,NONE,,
AAA_BASE,base,2110,37.2888189960,127.1069456400,-62.335000,-17.589000,1,8,2,NONE,,
AAA_BASE,base,2111,37.2888200022,127.1069429753,-62.571000,-17.477000,1,8,2,NONE,,
AAA_BASE,base,2112,37.2888211700,127.1069403106,-62.807000,-17.347000,1,8,2,NONE,,
AAA_BASE,base,2113,37.2888224995,127.1069374765,-63.058000,-17.199000,1,8,2,NONE,,
AAA_BASE,base,2114,37.2888233349,127.1069349699,-63.280000,-17.106000,1,8,2,NONE,,
AAA_BASE,base,2115,37.2888241703,127.1069321358,-63.531000,-17.013000,1,8,2,NONE,,
AAA_BASE,base,2116,37.2888249917,127.1069295702,-63.758230,-16.921563,1,8,2,NONE,,
AAA_BASE,base,2117,37.2888256705,127.1069269758,-63.988000,-16.846000,1,8,2,NONE,,
AAA_BASE,base,2118,37.2888266676,127.1069243111,-64.224000,-16.735000,1,8,2,NONE,,
AAA_BASE,base,2119,37.2888276648,127.1069214770,-64.475000,-16.624000,1,8,2,NONE,,
AAA_BASE,base,2120,37.2888286709,127.1069188010,-64.712000,-16.512000,1,8,2,NONE,,
AAA_BASE,base,2121,37.2888293356,127.1069161363,-64.948000,-16.438000,1,8,2,NONE,,
AAA_BASE,base,2122,37.2888301710,127.1069134716,-65.184000,-16.345000,1,8,2,NONE,,
AAA_BASE,base,2123,37.2888311682,127.1069109763,-65.405000,-16.234000,1,8,2,NONE,,
AAA_BASE,base,2124,37.2888321653,127.1069081422,-65.656000,-16.123000,1,8,2,NONE,,
AAA_BASE,base,2125,37.2888330007,127.1069054775,-65.892000,-16.030000,1,8,2,NONE,,
AAA_BASE,base,2126,37.2888336655,127.1069026434,-66.143000,-15.956000,1,8,2,NONE,,
AAA_BASE,base,2127,37.2888345009,127.1068999674,-66.380000,-15.863000,1,8,2,NONE,,
AAA_BASE,base,2128,37.2888354980,127.1068974721,-66.601000,-15.752000,1,8,2,NONE,,
AAA_BASE,base,2129,37.2888365041,127.1068948074,-66.837000,-15.640000,1,8,2,NONE,,
AAA_BASE,base,2130,37.2888376630,127.1068919733,-67.088000,-15.511000,1,8,2,NONE,,
AAA_BASE,base,2131,37.2888386691,127.1068894779,-67.309000,-15.399000,1,8,2,NONE,,
AAA_BASE,base,2132,37.2888394955,127.1068866439,-67.560000,-15.307000,1,8,2,NONE,,
AAA_BASE,base,2133,37.2888405016,127.1068839679,-67.797000,-15.195000,1,8,2,NONE,,
AAA_BASE,base,2134,37.2888416694,127.1068813032,-68.033000,-15.065000,1,8,2,NONE,,
AAA_BASE,base,2135,37.2888426742,127.1068786766,-68.265625,-14.953144,1,8,2,NONE,,
AAA_BASE,base,2136,37.2888435895,127.1068761917,-68.485697,-14.851259,1,8,2,NONE,,
AAA_BASE,base,2137,37.2888444991,127.1068733090,-68.741000,-14.750000,1,8,2,NONE,,
AAA_BASE,base,2138,37.2888453345,127.1068708024,-68.963000,-14.657000,1,8,2,NONE,,
AAA_BASE,base,2139,37.2888463317,127.1068681377,-69.199000,-14.546000,1,8,2,NONE,,
AAA_BASE,base,2140,37.2888473378,127.1068654730,-69.435000,-14.434000,1,8,2,NONE,,
AAA_BASE,base,2141,37.2888481642,127.1068628083,-69.671000,-14.342000,1,8,2,NONE,,
AAA_BASE,base,2142,37.2888488290,127.1068601436,-69.907000,-14.268000,1,8,2,NONE,,
AAA_BASE,base,2143,37.2888495027,127.1068574676,-70.144000,-14.193000,1,8,2,NONE,,
AAA_BASE,base,2144,37.2888503291,127.1068549722,-70.365000,-14.101000,1,8,2,NONE,,
AAA_BASE,base,2145,37.2888511646,127.1068523075,-70.601000,-14.008000,1,8,2,NONE,,
AAA_BASE,base,2146,37.2888521707,127.1068496428,-70.837000,-13.896000,1,8,2,NONE,,
AAA_BASE,base,2147,37.2888529971,127.1068471362,-71.059000,-13.804000,1,8,2,NONE,,
AAA_BASE,base,2148,37.2888536709,127.1068444715,-71.295000,-13.729000,1,8,2,NONE,,
AAA_BASE,base,2149,37.2888544973,127.1068418068,-71.531000,-13.637000,1,8,2,NONE,,
AAA_BASE,base,2150,37.2888553327,127.1068391421,-71.767000,-13.544000,1,8,2,NONE,,
AAA_BASE,base,2151,37.2888563299,127.1068364774,-72.003000,-13.433000,1,8,2,NONE,,
AAA_BASE,base,2152,37.2888571653,127.1068338014,-72.240000,-13.340000,1,8,2,NONE,,
AAA_BASE,base,2153,37.2888580007,127.1068313060,-72.461000,-13.247000,1,8,2,NONE,,
AAA_BASE,base,2154,37.2888586655,127.1068286413,-72.697000,-13.173000,1,8,2,NONE,,
AAA_BASE,base,2155,37.2888593302,127.1068261347,-72.919000,-13.099000,1,8,2,NONE,,
AAA_BASE,base,2156,37.2888603363,127.1068234700,-73.155000,-12.987000,1,8,2,NONE,,
AAA_BASE,base,2157,37.2888613335,127.1068209746,-73.376000,-12.876000,1,8,2,NONE,,
AAA_BASE,base,2158,37.2888621689,127.1068183099,-73.612000,-12.783000,1,8,2,NONE,,
AAA_BASE,base,2159,37.2888628336,127.1068156339,-73.849000,-12.709000,1,8,2,NONE,,
AAA_BASE,base,2160,37.2888634984,127.1068129692,-74.085000,-12.635000,1,8,2,NONE,,
AAA_BASE,base,2161,37.2888643338,127.1068103045,-74.321000,-12.542000,1,8,2,NONE,,
AAA_BASE,base,2162,37.2888653309,127.1068076398,-74.557000,-12.431000,1,8,2,NONE,,
AAA_BASE,base,2163,37.2888659957,127.1068051445,-74.778000,-12.357000,1,8,2,NONE,,
AAA_BASE,base,2164,37.2888666694,127.1068024685,-75.015000,-12.282000,1,8,2,NONE,,
AAA_BASE,base,2165,37.2888673342,127.1067999731,-75.236000,-12.208000,1,8,2,NONE,,
AAA_BASE,base,2166,37.2888679989,127.1067973084,-75.472000,-12.134000,1,8,2,NONE,,
AAA_BASE,base,2167,37.2888688344,127.1067946437,-75.708000,-12.041000,1,8,2,NONE,,
AAA_BASE,base,2168,37.2888696698,127.1067919677,-75.945000,-11.948000,1,8,2,NONE,,
AAA_BASE,base,2169,37.2888702732,127.1067892955,-76.181670,-11.880827,1,8,2,NONE,,
AAA_BASE,base,2170,37.2888706669,127.1067866383,-76.417000,-11.837000,1,8,2,NONE,,
AAA_BASE,base,2171,37.2888713317,127.1067839736,-76.653000,-11.763000,1,8,2,NONE,,
AAA_BASE,base,2172,37.2888721671,127.1067813089,-76.889000,-11.670000,1,8,2,NONE,,
AAA_BASE,base,2173,37.2888729232,127.1067786065,-77.128336,-11.585827,1,8,2,NONE,,
AAA_BASE,base,2174,37.2888734966,127.1067761376,-77.347000,-11.522000,1,8,2,NONE,,
AAA_BASE,base,2175,37.2888741703,127.1067733035,-77.598000,-11.447000,1,8,2,NONE,,
AAA_BASE,base,2176,37.2888746644,127.1067706388,-77.834000,-11.392000,1,8,2,NONE,,
AAA_BASE,base,2177,37.2888753291,127.1067679741,-78.070000,-11.318000,1,8,2,NONE,,
AAA_BASE,base,2178,37.2888761646,127.1067651400,-78.321000,-11.225000,1,8,2,NONE,,
AAA_BASE,base,2179,37.2888766676,127.1067623059,-78.572000,-11.169000,1,8,2,NONE,,
AAA_BASE,base,2180,37.2888769956,127.1067595433,-78.816670,-11.132493,1,8,2,NONE,,
AAA_BASE,base,2181,37.2888773324,127.1067568071,-79.059000,-11.095000,1,8,2,NONE,,
AAA_BASE,base,2182,37.2888775031,127.1067541424,-79.295000,-11.076000,1,8,2,NONE,,
AAA_BASE,base,2183,37.2888778354,127.1067513084,-79.546000,-11.039000,1,8,2,NONE,,
AAA_BASE,base,2184,37.2888779971,127.1067484743,-79.797000,-11.021000,1,8,2,NONE,,
AAA_BASE,base,2185,37.2888779971,127.1067458096,-80.033000,-11.021000,1,8,2,NONE,,
AAA_BASE,base,2186,37.2888778354,127.1067429755,-80.284000,-11.039000,1,8,2,NONE,,
AAA_BASE,base,2187,37.2888775031,127.1067403108,-80.520000,-11.076000,1,8,2,NONE,,
AAA_BASE,base,2188,37.2888773324,127.1067378042,-80.742000,-11.095000,1,8,2,NONE,,
AAA_BASE,base,2189,37.2888770704,127.1067348910,-81.000003,-11.124160,1,8,2,NONE,,
AAA_BASE,base,2190,37.2888766676,127.1067321360,-81.244000,-11.169000,1,8,2,NONE,,
AAA_BASE,base,2191,37.2888760074,127.1067292455,-81.500003,-11.242493,1,8,2,NONE,,
AAA_BASE,base,2192,37.2888753291,127.1067266372,-81.731000,-11.318000,1,8,2,NONE,,
AAA_BASE,base,2193,37.2888746644,127.1067241419,-81.952000,-11.392000,1,8,2,NONE,,
AAA_BASE,base,2194,37.2888739996,127.1067214772,-82.188000,-11.466000,1,8,2,NONE,,
AAA_BASE,base,2195,37.2888733349,127.1067188012,-82.425000,-11.540000,1,8,2,NONE,,
AAA_BASE,base,2196,37.2888724995,127.1067163059,-82.646000,-11.633000,1,8,2,NONE,,
AAA_BASE,base,2197,37.2888715023,127.1067136412,-82.882000,-11.744000,1,8,2,NONE,,
AAA_BASE,base,2198,37.2888704962,127.1067113039,-83.089000,-11.856000,1,8,2,NONE,,
AAA_BASE,base,2199,37.2888694991,127.1067088085,-83.310000,-11.967000,1,8,2,NONE,,
AAA_BASE,base,2200,37.2888685020,127.1067063019,-83.532000,-12.078000,1,8,2,NONE,,
AAA_BASE,base,2201,37.2888671635,127.1067038066,-83.753000,-12.227000,1,8,2,NONE,,
AAA_BASE,base,2202,37.2888658340,127.1067016387,-83.945000,-12.375000,1,8,2,NONE,,
AAA_BASE,base,2203,37.2888644955,127.1066994708,-84.137000,-12.524000,1,8,2,NONE,,
AAA_BASE,base,2204,37.2888631660,127.1066974723,-84.314000,-12.672000,1,8,2,NONE,,
AAA_BASE,base,2205,37.2888618365,127.1066954737,-84.491000,-12.820000,1,8,2,NONE,,
AAA_BASE,base,2206,37.2888604980,127.1066933058,-84.683000,-12.969000,1,8,2,NONE,,
AAA_BASE,base,2207,37.2888591685,127.1066913073,-84.860000,-13.117000,1,8,2,NONE,,
AAA_BASE,base,2208,37.2888576683,127.1066894781,-85.022000,-13.284000,1,8,2,NONE,,
AAA_BASE,base,2209,37.2888561682,127.1066876377,-85.185000,-13.451000,1,8,2,NONE,,
AAA_BASE,base,2210,37.2888548297,127.1066858085,-85.347000,-13.600000,1,8,2,NONE,,
AAA_BASE,base,2211,37.2888533295,127.1066838100,-85.524000,-13.767000,1,8,2,NONE,,
AAA_BASE,base,2212,37.2888518293,127.1066821389,-85.672000,-13.934000,1,8,2,NONE,,
AAA_BASE,base,2213,37.2888501674,127.1066803097,-85.834000,-14.119000,1,8,2,NONE,,
AAA_BASE,base,2214,37.2888484892,127.1066786424,-85.981670,-14.305827,1,8,2,NONE,,
AAA_BASE,base,2215,37.2888469964,127.1066769676,-86.130000,-14.472000,1,8,2,NONE,,
AAA_BASE,base,2216,37.2888456669,127.1066751384,-86.292000,-14.620000,1,8,2,NONE,,
AAA_BASE,base,2217,37.2888439960,127.1066733092,-86.454000,-14.806000,1,8,2,NONE,,
AAA_BASE,base,2218,37.2888424959,127.1066716381,-86.602000,-14.973000,1,8,2,NONE,,
AAA_BASE,base,2219,37.2888409957,127.1066701364,-86.735000,-15.140000,1,8,2,NONE,,
AAA_BASE,base,2220,37.2888391631,127.1066684766,-86.882000,-15.344000,1,8,2,NONE,,
AAA_BASE,base,2221,37.2888375013,127.1066669749,-87.015000,-15.529000,1,8,2,NONE,,
AAA_BASE,base,2222,37.2888358304,127.1066651345,-87.178000,-15.715000,1,8,2,NONE,,
AAA_BASE,base,2223,37.2888343302,127.1066634747,-87.325000,-15.882000,1,8,2,NONE,,
AAA_BASE,base,2224,37.2888326683,127.1066619729,-87.458000,-16.067000,1,8,2,NONE,,
AAA_BASE,base,2225,37.2888308358,127.1066604712,-87.591000,-16.271000,1,8,2,NONE,,
AAA_BASE,base,2226,37.2888290032,127.1066591389,-87.709000,-16.475000,1,8,2,NONE,,
AAA_BASE,base,2227,37.2888273324,127.1066576371,-87.842000,-16.661000,1,8,2,NONE,,
AAA_BASE,base,2228,37.2888254998,127.1066559773,-87.989000,-16.865000,1,8,2,NONE,,
AAA_BASE,base,2229,37.2888236673,127.1066544756,-88.122000,-17.069000,1,8,2,NONE,,
AAA_BASE,base,2230,37.2888219964,127.1066531433,-88.240000,-17.255000,1,8,2,NONE,,
AAA_BASE,base,2231,37.2888201639,127.1066518109,-88.358000,-17.459000,1,8,2,NONE,,
AAA_BASE,base,2232,37.2888183313,127.1066504673,-88.477000,-17.663000,1,8,2,NONE,,
AAA_BASE,base,2233,37.2888166694,127.1066489768,-88.609000,-17.848000,1,8,2,NONE,,
AAA_BASE,base,2234,37.2888149986,127.1066474751,-88.742000,-18.034000,1,8,2,NONE,,
AAA_BASE,base,2235,37.2888133367,127.1066459734,-88.875000,-18.219000,1,8,2,NONE,,
AAA_BASE,base,2236,37.2888116658,127.1066446410,-88.993000,-18.405000,1,8,2,NONE,,
AAA_BASE,base,2237,37.2888088361,127.1066429700,-89.141000,-18.720000,1,8,2,NONE,,
AAA_BASE,base,2238,37.2888071653,127.1066416376,-89.259000,-18.906000,1,8,2,NONE,,
AAA_BASE,base,2239,37.2888051710,127.1066403053,-89.377000,-19.128000,1,8,2,NONE,,
AAA_BASE,base,2240,37.2888035002,127.1066391423,-89.480000,-19.314000,1,8,2,NONE,,
AAA_BASE,base,2241,37.2888015657,127.1066380884,-89.573336,-19.529345,1,8,2,NONE,,
AAA_BASE,base,2242,37.2887996644,127.1066371437,-89.657000,-19.741000,1,8,2,NONE,,
AAA_BASE,base,2243,37.2887980025,127.1066361388,-89.746000,-19.926000,1,8,2,NONE,,
AAA_BASE,base,2244,37.2887959993,127.1066349758,-89.849000,-20.149000,1,8,2,NONE,,
AAA_BASE,base,2245,37.2887941667,127.1066338016,-89.953000,-20.353000,1,8,2,NONE,,
AAA_BASE,base,2246,37.2887923342,127.1066328079,-90.041000,-20.557000,1,8,2,NONE,,
AAA_BASE,base,2247,37.2887903309,127.1066318030,-90.130000,-20.780000,1,8,2,NONE,,
AAA_BASE,base,2248,37.2887881660,127.1066309675,-90.204000,-21.021000,1,8,2,NONE,,
AAA_BASE,base,2249,37.2887862279,127.1066300382,-90.286299,-21.236753,1,8,2,NONE,,
AAA_BASE,base,2250,37.2887841685,127.1066288109,-90.395000,-21.466000,1,8,2,NONE,,
AAA_BASE,base,2251,37.2887821653,127.1066276366,-90.499000,-21.689000,1,8,2,NONE,,
AAA_BASE,base,2252,37.2887803327,127.1066264736,-90.602000,-21.893000,1,8,2,NONE,,
AAA_BASE,base,2253,37.2887781678,127.1066253106,-90.705000,-22.134000,1,8,2,NONE,,
AAA_BASE,base,2254,37.2887761646,127.1066243057,-90.794000,-22.357000,1,8,2,NONE,,
AAA_BASE,base,2255,37.2887741703,127.1066229734,-90.912000,-22.579000,1,8,2,NONE,,
AAA_BASE,base,2256,37.2887721671,127.1066218104,-91.015000,-22.802000,1,8,2,NONE,,
AAA_BASE,base,2257,37.2887701639,127.1066208055,-91.104000,-23.025000,1,8,2,NONE,,
AAA_BASE,base,2258,37.2887680454,127.1066199180,-91.182596,-23.260827,1,8,2,NONE,,
AAA_BASE,base,2259,37.2887659957,127.1066191344,-91.252000,-23.489000,1,8,2,NONE,,
AAA_BASE,base,2260,37.2887641631,127.1066184682,-91.311000,-23.693000,1,8,2,NONE,,
AAA_BASE,base,2261,37.2887621689,127.1066174746,-91.399000,-23.915000,1,8,2,NONE,,
AAA_BASE,base,2262,37.2887603363,127.1066166390,-91.473000,-24.119000,1,8,2,NONE,,
AAA_BASE,base,2263,37.2887583331,127.1066158035,-91.547000,-24.342000,1,8,2,NONE,,
AAA_BASE,base,2264,37.2887565005,127.1066151373,-91.606000,-24.546000,1,8,2,NONE,,
AAA_BASE,base,2265,37.2887547870,127.1066142934,-91.680744,-24.736753,1,8,2,NONE,,
AAA_BASE,base,2266,37.2887531678,127.1066134775,-91.753000,-24.917000,1,8,2,NONE,,
AAA_BASE,base,2267,37.2887514969,127.1066124726,-91.842000,-25.103000,1,8,2,NONE,,
AAA_BASE,base,2268,37.2887501674,127.1066118064,-91.901000,-25.251000,1,8,2,NONE,,
AAA_BASE,base,2269,37.2887487650,127.1066111779,-91.956670,-25.407123,1,8,2,NONE,,
AAA_BASE,base,2270,37.2887474995,127.1066106435,-92.004000,-25.548000,1,8,2,NONE,,
AAA_BASE,base,2271,37.2887461700,127.1066101354,-92.049000,-25.696000,1,8,2,NONE,,
AAA_BASE,base,2272,37.2887451385,127.1066097769,-92.080744,-25.810827,1,8,2,NONE,,
AAA_BASE,base,2273,37.2887440239,127.1066093169,-92.121484,-25.934901,1,8,2,NONE,,
AAA_BASE,base,2274,37.2887420276,127.1066083969,-92.202966,-26.157123,1,8,2,NONE,,
AAA_BASE,base,2275,37.2887406136,127.1066077278,-92.262225,-26.314530,1,8,2,NONE,,
AAA_BASE,base,2276,37.2887389501,127.1066071005,-92.317781,-26.499716,1,8,2,NONE,,
AAA_BASE,base,2277,37.2887376359,127.1066065150,-92.369633,-26.646012,1,8,2,NONE,,
AAA_BASE,base,2278,37.2887362219,127.1066057414,-92.438151,-26.803419,1,8,2,NONE,,
AAA_BASE,base,2279,37.2887346626,127.1066048059,-92.521000,-26.977000,1,8,2,NONE,,
AAA_BASE,base,2280,37.2887334271,127.1066041941,-92.575188,-27.114530,1,8,2,NONE,,
AAA_BASE,base,2281,37.2887322460,127.1066036714,-92.621484,-27.246012,1,8,2,NONE,,
AAA_BASE,base,2282,37.2887316472,127.1066034413,-92.641855,-27.312679,1,9,2,NONE,,
AAA_BASE,base,2283,37.2887303995,127.1066030022,-92.680744,-27.451567,1,9,2,NONE,,
AAA_BASE,base,2284,37.2887292018,127.1066025004,-92.725188,-27.584901,1,9,2,NONE,,
AAA_BASE,base,2285,37.2887273885,127.1066015386,-92.810373,-27.786753,1,9,2,NONE,,
AAA_BASE,base,2286,37.2887260029,127.1066008089,-92.875000,-27.941000,1,9,2,NONE,,
AAA_BASE,base,2287,37.2887245027,127.1066001427,-92.934000,-28.108000,1,9,2,NONE,,
AAA_BASE,base,2288,37.2887225809,127.1065992804,-93.010373,-28.321938,1,9,2,NONE,,
AAA_BASE,base,2289,37.2887208376,127.1065984716,-93.082000,-28.516000,1,9,2,NONE,,
AAA_BASE,base,2290,37.2887189960,127.1065973086,-93.185000,-28.721000,1,9,2,NONE,,
AAA_BASE,base,2291,37.2887173342,127.1065963037,-93.274000,-28.906000,1,9,2,NONE,,
AAA_BASE,base,2292,37.2887155016,127.1065953101,-93.362000,-29.110000,1,9,2,NONE,,
AAA_BASE,base,2293,37.2887140014,127.1065946439,-93.421000,-29.277000,1,9,2,NONE,,
AAA_BASE,base,2294,37.2887118365,127.1065938084,-93.495000,-29.518000,1,9,2,NONE,,
AAA_BASE,base,2295,37.2887098333,127.1065929728,-93.569000,-29.741000,1,9,2,NONE,,
AAA_BASE,base,2296,37.2887080007,127.1065921373,-93.643000,-29.945000,1,9,2,NONE,,
AAA_BASE,base,2297,37.2887059975,127.1065911437,-93.731000,-30.168000,1,9,2,NONE,,
AAA_BASE,base,2298,37.2887041649,127.1065904775,-93.790000,-30.372000,1,9,2,NONE,,
AAA_BASE,base,2299,37.2887025031,127.1065896419,-93.864000,-30.557000,1,9,2,NONE,,
AAA_BASE,base,2300,37.2887006705,127.1065888064,-93.938000,-30.761000,1,9,2,NONE,,
AAA_BASE,base,2301,37.2886986673,127.1065878015,-94.027000,-30.984000,1,9,2,NONE,,
AAA_BASE,base,2302,37.2886968347,127.1065866385,-94.130000,-31.188000,1,9,2,NONE,,
AAA_BASE,base,2303,37.2886946698,127.1065854755,-94.233000,-31.429000,1,9,2,NONE,,
AAA_BASE,base,2304,37.2886930381,127.1065843840,-94.329668,-31.610642,1,9,2,NONE,,
AAA_BASE,base,2305,37.2886913370,127.1065834770,-94.410000,-31.800000,1,9,2,NONE,,
AAA_BASE,base,2306,37.2886893338,127.1065826414,-94.484000,-32.023000,1,9,2,NONE,,
AAA_BASE,base,2307,37.2886875883,127.1065817871,-94.559668,-32.217308,1,9,2,NONE,,
AAA_BASE,base,2308,37.2886858304,127.1065808010,-94.647000,-32.413000,1,9,2,NONE,,
AAA_BASE,base,2309,37.2886838361,127.1065798074,-94.735000,-32.635000,1,9,2,NONE,,
AAA_BASE,base,2310,37.2886818329,127.1065788025,-94.824000,-32.858000,1,9,2,NONE,,
AAA_BASE,base,2311,37.2886798297,127.1065778088,-94.912000,-33.081000,1,9,2,NONE,,
AAA_BASE,base,2312,37.2886778354,127.1065769733,-94.986000,-33.303000,1,9,2,NONE,,
AAA_BASE,base,2313,37.2886760029,127.1065759684,-95.075000,-33.507000,1,9,2,NONE,,
AAA_BASE,base,2314,37.2886739996,127.1065748054,-95.178000,-33.730000,1,9,2,NONE,,
AAA_BASE,base,2315,37.2886721671,127.1065734730,-95.296000,-33.934000,1,9,2,NONE,,
AAA_BASE,base,2316,37.2886703345,127.1065724681,-95.385000,-34.138000,1,9,2,NONE,,
AAA_BASE,base,2317,37.2886683313,127.1065716439,-95.458000,-34.361000,1,9,2,NONE,,
AAA_BASE,base,2318,37.2886663370,127.1065709777,-95.517000,-34.583000,1,9,2,NONE,,
AAA_BASE,base,2319,37.2886645045,127.1065701422,-95.591000,-34.787000,1,9,2,NONE,,
AAA_BASE,base,2320,37.2886626630,127.1065691373,-95.680000,-34.992000,1,9,2,NONE,,
AAA_BASE,base,2321,37.2886606687,127.1065678049,-95.798000,-35.214000,1,9,2,NONE,,
AAA_BASE,base,2322,37.2886586655,127.1065668113,-95.886000,-35.437000,1,9,2,NONE,,
AAA_BASE,base,2323,37.2886566622,127.1065661338,-95.946000,-35.660000,1,9,2,NONE,,
AAA_BASE,base,2324,37.2886546680,127.1065653096,-96.019000,-35.882000,1,9,2,NONE,,
AAA_BASE,base,2325,37.2886528354,127.1065644740,-96.093000,-36.086000,1,9,2,NONE,,
AAA_BASE,base,2326,37.2886508322,127.1065634691,-96.182000,-36.309000,1,9,2,NONE,,
AAA_BASE,base,2327,37.2886488290,127.1065624755,-96.270000,-36.532000,1,9,2,NONE,,
AAA_BASE,base,2328,37.2886468347,127.1065616399,-96.344000,-36.754000,1,9,2,NONE,,
AAA_BASE,base,2329,37.2886448603,127.1065609027,-96.409298,-36.973790,1,9,2,NONE,,
AAA_BASE,base,2330,37.2886430138,127.1065601290,-96.477816,-37.179346,1,9,2,NONE,,
AAA_BASE,base,2331,37.2886413370,127.1065593027,-96.551000,-37.366000,1,9,2,NONE,,
AAA_BASE,base,2332,37.2886393338,127.1065581397,-96.654000,-37.589000,1,9,2,NONE,,
AAA_BASE,base,2333,37.2886376572,127.1065574108,-96.718557,-37.775642,1,9,2,NONE,,
AAA_BASE,base,2334,37.2886356687,127.1065564686,-96.802000,-37.997000,1,9,2,NONE,,
AAA_BASE,base,2335,37.2886338361,127.1065558024,-96.861000,-38.201000,1,9,2,NONE,,
AAA_BASE,base,2336,37.2886318329,127.1065551363,-96.920000,-38.424000,1,9,2,NONE,,
AAA_BASE,base,2337,37.2886298297,127.1065543007,-96.994000,-38.647000,1,9,2,NONE,,
AAA_BASE,base,2338,37.2886277591,127.1065536471,-97.051890,-38.877494,1,9,2,NONE,,
AAA_BASE,base,2339,37.2886258322,127.1065531377,-97.097000,-39.092000,1,9,2,NONE,,
AAA_BASE,base,2340,37.2886238290,127.1065528103,-97.126000,-39.315000,1,9,2,NONE,,
AAA_BASE,base,2341,37.2886218347,127.1065524715,-97.156000,-39.537000,1,9,2,NONE,,
AAA_BASE,base,2342,37.2886200022,127.1065521441,-97.185000,-39.741000,1,9,2,NONE,,
AAA_BASE,base,2343,37.2886180441,127.1065518907,-97.207446,-39.958975,1,9,2,NONE,,
AAA_BASE,base,2344,37.2886160145,127.1065517443,-97.220409,-40.184901,1,9,2,NONE,,
AAA_BASE,base,2345,37.2886141514,127.1065516188,-97.231520,-40.392308,1,9,2,NONE,,
AAA_BASE,base,2346,37.2886121551,127.1065517443,-97.220409,-40.614531,1,9,2,NONE,,
AAA_BASE,base,2347,37.2886103363,127.1065518054,-97.215000,-40.817000,1,9,2,NONE,,
AAA_BASE,base,2348,37.2886081624,127.1065518054,-97.215000,-41.059000,1,9,2,NONE,,
AAA_BASE,base,2349,37.2886063299,127.1065518054,-97.215000,-41.263000,1,9,2,NONE,,
AAA_BASE,base,2350,37.2886044529,127.1065520579,-97.192631,-41.471938,1,9,2,NONE,,
AAA_BASE,base,2351,37.2886026896,127.1065524970,-97.153742,-41.668234,1,9,2,NONE,,
AAA_BASE,base,2352,37.2886008322,127.1065531377,-97.097000,-41.875000,1,9,2,NONE,,
AAA_BASE,base,2353,37.2885989996,127.1065538039,-97.038000,-42.079000,1,9,2,NONE,,
AAA_BASE,base,2354,37.2885971671,127.1065546394,-96.964000,-42.283000,1,9,2,NONE,,
AAA_BASE,base,2355,37.2885955031,127.1065556544,-96.874113,-42.468234,1,9,2,NONE,,
AAA_BASE,base,2356,37.2885936566,127.1065570762,-96.748187,-42.673790,1,9,2,NONE,,
AAA_BASE,base,2357,37.2885923342,127.1065581397,-96.654000,-42.821000,1,9,2,NONE,,
AAA_BASE,base,2358,37.2885909957,127.1065594720,-96.536000,-42.970000,1,9,2,NONE,,
AAA_BASE,base,2359,37.2885894955,127.1065608044,-96.418000,-43.137000,1,9,2,NONE,,
AAA_BASE,base,2360,37.2885880043,127.1065619674,-96.315000,-43.303000,1,9,2,NONE,,
AAA_BASE,base,2361,37.2885865041,127.1065633110,-96.196000,-43.470000,1,9,2,NONE,,
AAA_BASE,base,2362,37.2885852890,127.1065645618,-96.085224,-43.605271,1,9,2,NONE,,
AAA_BASE,base,2363,37.2885840247,127.1065660673,-95.951890,-43.746012,1,9,2,NONE,,
AAA_BASE,base,2364,37.2885827105,127.1065677610,-95.801890,-43.892308,1,9,2,NONE,,
AAA_BASE,base,2365,37.2885815127,127.1065691201,-95.681520,-44.025642,1,9,2,NONE,,
AAA_BASE,base,2366,37.2885803327,127.1065703115,-95.576000,-44.157000,1,9,2,NONE,,
AAA_BASE,base,2367,37.2885793356,127.1065714745,-95.473000,-44.268000,1,9,2,NONE,,
AAA_BASE,base,2368,37.2885779971,127.1065729762,-95.340000,-44.417000,1,9,2,NONE,,
AAA_BASE,base,2369,37.2885769713,127.1065743056,-95.222261,-44.531197,1,9,2,NONE,,
AAA_BASE,base,2370,37.2885760029,127.1065758103,-95.089000,-44.639000,1,9,2,NONE,,
AAA_BASE,base,2371,37.2885751674,127.1065771427,-94.971000,-44.732000,1,9,2,NONE,,
AAA_BASE,base,2372,37.2885743320,127.1065784750,-94.853000,-44.825000,1,9,2,NONE,,
AAA_BASE,base,2373,37.2885732450,127.1065803067,-94.690779,-44.946012,1,9,2,NONE,,
AAA_BASE,base,2374,37.2885722136,127.1065822303,-94.520409,-45.060827,1,9,2,NONE,,
AAA_BASE,base,2375,37.2885712986,127.1065841331,-94.351890,-45.162679,1,9,2,NONE,,
AAA_BASE,base,2376,37.2885704962,127.1065861417,-94.174000,-45.252000,1,9,2,NONE,,
AAA_BASE,base,2377,37.2885694991,127.1065881402,-93.997000,-45.363000,1,9,2,NONE,,
AAA_BASE,base,2378,37.2885686637,127.1065901388,-93.820000,-45.456000,1,9,2,NONE,,
AAA_BASE,base,2379,37.2885676665,127.1065921373,-93.643000,-45.567000,1,9,2,NONE,,
AAA_BASE,base,2380,37.2885666656,127.1065941986,-93.460443,-45.678420,1,9,2,NONE,,
AAA_BASE,base,2381,37.2885657374,127.1065962874,-93.275443,-45.781753,1,9,2,NONE,,
AAA_BASE,base,2382,37.2885649986,127.1065983022,-93.097000,-45.864000,1,9,2,NONE,,
AAA_BASE,base,2383,37.2885641631,127.1066004701,-92.905000,-45.957000,1,9,2,NONE,,
AAA_BASE,base,2384,37.2885631660,127.1066024687,-92.728000,-46.068000,1,9,2,NONE,,
AAA_BASE,base,2385,37.2885621689,127.1066044672,-92.551000,-46.179000,1,9,2,NONE,,
AAA_BASE,base,2386,37.2885612159,127.1066066565,-92.357109,-46.285086,1,9,2,NONE,,
AAA_BASE,base,2387,37.2885604673,127.1066084630,-92.197109,-46.368420,1,9,2,NONE,,
AAA_BASE,base,2388,37.2885597936,127.1066104013,-92.025443,-46.443420,1,9,2,NONE,,
AAA_BASE,base,2389,37.2885589978,127.1066124726,-91.842000,-46.532000,1,9,2,NONE,,
AAA_BASE,base,2390,37.2885581624,127.1066144711,-91.665000,-46.625000,1,9,2,NONE,,
AAA_BASE,base,2391,37.2885573360,127.1066163116,-91.502000,-46.717000,1,9,2,NONE,,
AAA_BASE,base,2392,37.2885566944,127.1066180981,-91.343776,-46.788420,1,9,2,NONE,,
AAA_BASE,base,2393,37.2885560806,127.1066201494,-91.162109,-46.856753,1,9,2,NONE,,
AAA_BASE,base,2394,37.2885555034,127.1066219685,-91.001000,-46.921000,1,9,2,NONE,,
AAA_BASE,base,2395,37.2885548297,127.1066238089,-90.838000,-46.996000,1,9,2,NONE,,
AAA_BASE,base,2396,37.2885541649,127.1066254687,-90.691000,-47.070000,1,9,2,NONE,,
AAA_BASE,base,2397,37.2885533856,127.1066274509,-90.515443,-47.156753,1,9,2,NONE,,
AAA_BASE,base,2398,37.2885526819,127.1066295963,-90.325443,-47.235086,1,9,2,NONE,,
AAA_BASE,base,2399,37.2885522178,127.1066315910,-90.148776,-47.286753,1,9,2,NONE,,
AAA_BASE,base,2400,37.2885518293,127.1066336435,-89.967000,-47.330000,1,9,2,NONE,,
AAA_BASE,base,2401,37.2885513644,127.1066355806,-89.795443,-47.381753,1,9,2,NONE,,
AAA_BASE,base,2402,37.2885507057,127.1066376694,-89.610443,-47.455086,1,9,2,NONE,,
AAA_BASE,base,2403,37.2885501674,127.1066394697,-89.451000,-47.515000,1,9,2,NONE,,
AAA_BASE,base,2404,37.2885494031,127.1066415460,-89.267109,-47.600086,1,9,2,NONE,,
AAA_BASE,base,2405,37.2885484966,127.1066438055,-89.067000,-47.701000,1,9,2,NONE,,
AAA_BASE,base,2406,37.2885476701,127.1066461428,-88.860000,-47.793000,1,9,2,NONE,,
AAA_BASE,base,2407,37.2885468429,127.1066483207,-88.667109,-47.885086,1,9,2,NONE,,
AAA_BASE,base,2408,37.2885458376,127.1066504673,-88.477000,-47.997000,1,9,2,NONE,,
AAA_BASE,base,2409,37.2885446698,127.1066526352,-88.285000,-48.127000,1,9,2,NONE,,
AAA_BASE,base,2410,37.2885436637,127.1066548031,-88.093000,-48.239000,1,9,2,NONE,,
AAA_BASE,base,2411,37.2885428155,127.1066571843,-87.882109,-48.333420,1,9,2,NONE,,
AAA_BASE,base,2412,37.2885420519,127.1066594613,-87.680443,-48.418420,1,9,2,NONE,,
AAA_BASE,base,2413,37.2885411664,127.1066618036,-87.473000,-48.517000,1,9,2,NONE,,
AAA_BASE,base,2414,37.2885403309,127.1066643102,-87.251000,-48.610000,1,9,2,NONE,,
AAA_BASE,base,2415,37.2885395516,127.1066667441,-87.035443,-48.696753,1,9,2,NONE,,
AAA_BASE,base,2416,37.2885388308,127.1066691428,-86.823000,-48.777000,1,9,2,NONE,,
AAA_BASE,base,2417,37.2885381660,127.1066718075,-86.587000,-48.851000,1,9,2,NONE,,
AAA_BASE,base,2418,37.2885376630,127.1066743029,-86.366000,-48.907000,1,9,2,NONE,,
AAA_BASE,base,2419,37.2885369982,127.1066769676,-86.130000,-48.981000,1,9,2,NONE,,
AAA_BASE,base,2420,37.2885363335,127.1066793048,-85.923000,-49.055000,1,9,2,NONE,,
AAA_BASE,base,2421,37.2885358304,127.1066814727,-85.731000,-49.111000,1,9,2,NONE,,
AAA_BASE,base,2422,37.2885351656,127.1066841374,-85.495000,-49.185000,1,9,2,NONE,,
AAA_BASE,base,2423,37.2885346626,127.1066866441,-85.273000,-49.241000,1,9,2,NONE,,
AAA_BASE,base,2424,37.2885339671,127.1066890441,-85.060443,-49.318420,1,9,2,NONE,,
AAA_BASE,base,2425,37.2885332335,127.1066913964,-84.852109,-49.400086,1,9,2,NONE,,
AAA_BASE,base,2426,37.2885323360,127.1066938026,-84.639000,-49.500000,1,9,2,NONE,,
AAA_BASE,base,2427,37.2885313299,127.1066961399,-84.432000,-49.612000,1,9,2,NONE,,
AAA_BASE,base,2428,37.2885305034,127.1066986352,-84.211000,-49.704000,1,9,2,NONE,,
AAA_BASE,base,2429,37.2885298297,127.1067011419,-83.989000,-49.779000,1,9,2,NONE,,
AAA_BASE,base,2430,37.2885290032,127.1067034678,-83.783000,-49.871000,1,9,2,NONE,,
AAA_BASE,base,2431,37.2885281678,127.1067059745,-83.561000,-49.964000,1,9,2,NONE,,
AAA_BASE,base,2432,37.2885272448,127.1067084272,-83.343776,-50.066753,1,9,2,NONE,,
AAA_BASE,base,2433,37.2885264969,127.1067106377,-83.148000,-50.150000,1,9,2,NONE,,
AAA_BASE,base,2434,37.2885256705,127.1067131443,-82.926000,-50.242000,1,9,2,NONE,,
AAA_BASE,base,2435,37.2885250439,127.1067155218,-82.715443,-50.311753,1,9,2,NONE,,
AAA_BASE,base,2436,37.2885243320,127.1067179769,-82.498000,-50.391000,1,9,2,NONE,,
AAA_BASE,base,2437,37.2885233349,127.1067204723,-82.277000,-50.502000,1,9,2,NONE,,
AAA_BASE,base,2438,37.2885226701,127.1067228096,-82.070000,-50.576000,1,9,2,NONE,,
AAA_BASE,base,2439,37.2885218347,127.1067254743,-81.834000,-50.669000,1,9,2,NONE,,
AAA_BASE,base,2440,37.2885212261,127.1067278667,-81.622109,-50.736753,1,9,2,NONE,,
AAA_BASE,base,2441,37.2885204962,127.1067304762,-81.391000,-50.818000,1,9,2,NONE,,
AAA_BASE,base,2442,37.2885194991,127.1067329716,-81.170000,-50.929000,1,9,2,NONE,,
AAA_BASE,base,2443,37.2885186637,127.1067354782,-80.948000,-51.022000,1,9,2,NONE,,
AAA_BASE,base,2444,37.2885178372,127.1067378042,-80.742000,-51.114000,1,9,2,NONE,,
AAA_BASE,base,2445,37.2885170018,127.1067401414,-80.535000,-51.207000,1,9,2,NONE,,
AAA_BASE,base,2446,37.2885159957,127.1067424674,-80.329000,-51.319000,1,9,2,NONE,,
AAA_BASE,base,2447,37.2885151692,127.1067449740,-80.107000,-51.411000,1,9,2,NONE,,
AAA_BASE,base,2448,37.2885141631,127.1067474694,-79.886000,-51.523000,1,9,2,NONE,,
AAA_BASE,base,2449,37.2885133367,127.1067499760,-79.664000,-51.615000,1,9,2,NONE,,
AAA_BASE,base,2450,37.2885125013,127.1067526407,-79.428000,-51.708000,1,9,2,NONE,,
AAA_BASE,base,2451,37.2885113335,127.1067564684,-79.089000,-51.838000,1,9,2,NONE,,
AAA_BASE,base,2452,37.2885104980,127.1067589750,-78.867000,-51.931000,1,9,2,NONE,,
AAA_BASE,base,2453,37.2885095009,127.1067614704,-78.646000,-52.042000,1,9,2,NONE,,
AAA_BASE,base,2454,37.2885086655,127.1067638076,-78.439000,-52.135000,1,9,2,NONE,,
AAA_BASE,base,2455,37.2885080007,127.1067661449,-78.232000,-52.209000,1,9,2,NONE,,
AAA_BASE,base,2456,37.2885071653,127.1067688096,-77.996000,-52.302000,1,9,2,NONE,,
AAA_BASE,base,2457,37.2885063740,127.1067713564,-77.770443,-52.390086,1,9,2,NONE,,
AAA_BASE,base,2458,37.2885055034,127.1067738116,-77.553000,-52.487000,1,9,2,NONE,,
AAA_BASE,base,2459,37.2885044973,127.1067763069,-77.332000,-52.599000,1,9,2,NONE,,
AAA_BASE,base,2460,37.2885036709,127.1067789716,-77.096000,-52.691000,1,9,2,NONE,,
AAA_BASE,base,2461,37.2885028354,127.1067814783,-76.874000,-52.784000,1,9,2,NONE,,
AAA_BASE,base,2462,37.2885021519,127.1067840778,-76.643776,-52.860086,1,9,2,NONE,,
AAA_BASE,base,2463,37.2885014969,127.1067866383,-76.417000,-52.933000,1,9,2,NONE,,
AAA_BASE,base,2464,37.2885006705,127.1067891449,-76.195000,-53.025000,1,9,2,NONE,,
AAA_BASE,base,2465,37.2884997714,127.1067913041,-76.003776,-53.125086,1,9,2,NONE,,
AAA_BASE,base,2466,37.2884988290,127.1067938082,-75.782000,-53.230000,1,9,2,NONE,,
AAA_BASE,base,2467,37.2884980025,127.1067963035,-75.561000,-53.322000,1,9,2,NONE,,
AAA_BASE,base,2468,37.2884973378,127.1067988102,-75.339000,-53.396000,1,9,2,NONE,,
AAA_BASE,base,2469,37.2884965023,127.1068013055,-75.118000,-53.489000,1,9,2,NONE,,
AAA_BASE,base,2470,37.2884954962,127.1068038008,-74.897000,-53.601000,1,9,2,NONE,,
AAA_BASE,base,2471,37.2884944714,127.1068062272,-74.682109,-53.715086,1,9,2,NONE,,
AAA_BASE,base,2472,37.2884936637,127.1068084754,-74.483000,-53.805000,1,9,2,NONE,,
AAA_BASE,base,2473,37.2884928372,127.1068111401,-74.247000,-53.897000,1,9,2,NONE,,
AAA_BASE,base,2474,37.2884920310,127.1068133594,-74.050443,-53.986753,1,9,2,NONE,,
AAA_BASE,base,2475,37.2884909957,127.1068161420,-73.804000,-54.102000,1,9,2,NONE,,
AAA_BASE,base,2476,37.2884899986,127.1068184680,-73.598000,-54.213000,1,9,2,NONE,,
AAA_BASE,base,2477,37.2884891631,127.1068209746,-73.376000,-54.306000,1,9,2,NONE,,
AAA_BASE,base,2478,37.2884883367,127.1068236394,-73.140000,-54.398000,1,9,2,NONE,,
AAA_BASE,base,2479,37.2884877191,127.1068261560,-72.917109,-54.466753,1,9,2,NONE,,
AAA_BASE,base,2480,37.2884869982,127.1068289688,-72.668000,-54.547000,1,9,2,NONE,,
AAA_BASE,base,2481,37.2884861628,127.1068318028,-72.417000,-54.640000,1,9,2,NONE,,
AAA_BASE,base,2482,37.2884853363,127.1068344675,-72.181000,-54.732000,1,9,2,NONE,,
AAA_BASE,base,2483,37.2884845009,127.1068371435,-71.944000,-54.825000,1,9,2,NONE,,
AAA_BASE,base,2484,37.2884838563,127.1068397995,-71.708776,-54.896753,1,9,2,NONE,,
AAA_BASE,base,2485,37.2884831624,127.1068424730,-71.472000,-54.974000,1,9,2,NONE,,
AAA_BASE,base,2486,37.2884823360,127.1068453070,-71.221000,-55.066000,1,9,2,NONE,,
AAA_BASE,base,2487,37.2884815005,127.1068479717,-70.985000,-55.159000,1,9,2,NONE,,
AAA_BASE,base,2488,37.2884806651,127.1068508058,-70.734000,-55.252000,1,9,2,NONE,,
AAA_BASE,base,2489,37.2884798297,127.1068534705,-70.498000,-55.345000,1,9,2,NONE,,
AAA_BASE,base,2490,37.2884791649,127.1068563046,-70.247000,-55.419000,1,9,2,NONE,,
AAA_BASE,base,2491,37.2884783295,127.1068589693,-70.011000,-55.512000,1,9,2,NONE,,
AAA_BASE,base,2492,37.2884773324,127.1068618034,-69.760000,-55.623000,1,9,2,NONE,,
AAA_BASE,base,2493,37.2884761646,127.1068644681,-69.524000,-55.753000,1,9,2,NONE,,
AAA_BASE,base,2494,37.2884753291,127.1068671441,-69.287000,-55.846000,1,9,2,NONE,,
AAA_BASE,base,2495,37.2884745027,127.1068699782,-69.036000,-55.938000,1,9,2,NONE,,
AAA_BASE,base,2496,37.2884734966,127.1068724735,-68.815000,-56.050000,1,9,2,NONE,,
AAA_BASE,base,2497,37.2884723378,127.1068753076,-68.564000,-56.179000,1,9,2,NONE,,
AAA_BASE,base,2498,37.2884713317,127.1068778029,-68.343000,-56.291000,1,9,2,NONE,,
AAA_BASE,base,2499,37.2884701870,127.1068803911,-68.113776,-56.418420,1,9,2,NONE,,
AAA_BASE,base,2500,37.2884693374,127.1068829742,-67.885000,-56.513000,1,9,2,NONE,,
AAA_BASE,base,2501,37.2884683313,127.1068856390,-67.649000,-56.625000,1,9,2,NONE,,
AAA_BASE,base,2502,37.2884673342,127.1068883037,-67.413000,-56.736000,1,9,2,NONE,,
AAA_BASE,base,2503,37.2884663370,127.1068911377,-67.162000,-56.847000,1,9,2,NONE,,
AAA_BASE,base,2504,37.2884653309,127.1068939718,-66.911000,-56.959000,1,9,2,NONE,,
AAA_BASE,base,2505,37.2884643338,127.1068966365,-66.675000,-57.070000,1,9,2,NONE,,
AAA_BASE,base,2506,37.2884633367,127.1068996400,-66.409000,-57.181000,1,9,2,NONE,,
AAA_BASE,base,2507,37.2884623306,127.1069021353,-66.188000,-57.293000,1,9,2,NONE,,
AAA_BASE,base,2508,37.2884613335,127.1069051387,-65.922000,-57.404000,1,9,2,NONE,,
AAA_BASE,base,2509,37.2884604980,127.1069078034,-65.686000,-57.497000,1,9,2,NONE,,
AAA_BASE,base,2510,37.2884596626,127.1069104682,-65.450000,-57.590000,1,9,2,NONE,,
AAA_BASE,base,2511,37.2884588361,127.1069133022,-65.199000,-57.682000,1,9,2,NONE,,
AAA_BASE,base,2512,37.2884580007,127.1069159782,-64.962000,-57.775000,1,9,2,NONE,,
AAA_BASE,base,2513,37.2884571653,127.1069184736,-64.741000,-57.868000,1,9,2,NONE,,
AAA_BASE,base,2514,37.2884561682,127.1069209689,-64.520000,-57.979000,1,9,2,NONE,,
AAA_BASE,base,2515,37.2884553327,127.1069236449,-64.283000,-58.072000,1,9,2,NONE,,
AAA_BASE,base,2516,37.2884544973,127.1069263096,-64.047000,-58.165000,1,9,2,NONE,,
AAA_BASE,base,2517,37.2884538326,127.1069291437,-63.796000,-58.239000,1,9,2,NONE,,
AAA_BASE,base,2518,37.2884529971,127.1069318084,-63.560000,-58.332000,1,9,2,NONE,,
AAA_BASE,base,2519,37.2884521707,127.1069344731,-63.324000,-58.424000,1,9,2,NONE,,
AAA_BASE,base,2520,37.2884512327,127.1069370914,-63.092109,-58.528420,1,9,2,NONE,,
AAA_BASE,base,2521,37.2884503291,127.1069399719,-62.837000,-58.629000,1,9,2,NONE,,
AAA_BASE,base,2522,37.2884495027,127.1069429753,-62.571000,-58.721000,1,9,2,NONE,,
AAA_BASE,base,2523,37.2884486673,127.1069456400,-62.335000,-58.814000,1,9,2,NONE,,
AAA_BASE,base,2524,37.2884476701,127.1069486435,-62.069000,-58.925000,1,9,2,NONE,,
AAA_BASE,base,2525,37.2884466640,127.1069511388,-61.848000,-59.037000,1,9,2,NONE,,
AAA_BASE,base,2526,37.2884458376,127.1069538035,-61.612000,-59.129000,1,9,2,NONE,,
AAA_BASE,base,2527,37.2884450022,127.1069564682,-61.376000,-59.222000,1,9,2,NONE,,
AAA_BASE,base,2528,37.2884439960,127.1069593023,-61.125000,-59.334000,1,9,2,NONE,,
AAA_BASE,base,2529,37.2884428372,127.1069621364,-60.874000,-59.463000,1,9,2,NONE,,
AAA_BASE,base,2530,37.2884418311,127.1069649704,-60.623000,-59.575000,1,9,2,NONE,,
AAA_BASE,base,2531,37.2884406633,127.1069676352,-60.387000,-59.705000,1,9,2,NONE,,
AAA_BASE,base,2532,37.2884398369,127.1069703112,-60.150000,-59.797000,1,9,2,NONE,,
AAA_BASE,base,2533,37.2884390014,127.1069731339,-59.900000,-59.890000,1,9,2,NONE,,
AAA_BASE,base,2534,37.2884380043,127.1069759680,-59.649000,-60.001000,1,9,2,NONE,,
AAA_BASE,base,2535,37.2884373687,127.1069778712,-59.480443,-60.071753,1,9,2,NONE,,
AAA_BASE,base,2536,37.2884365041,127.1069801344,-59.280000,-60.168000,1,9,2,NONE,,
AAA_BASE,base,2537,37.2884356687,127.1069829685,-59.029000,-60.261000,1,9,2,NONE,,
AAA_BASE,base,2538,37.2884348333,127.1069859719,-58.763000,-60.354000,1,9,2,NONE,,
AAA_BASE,base,2539,37.2884339978,127.1069888060,-58.512000,-60.447000,1,9,2,NONE,,
AAA_BASE,base,2540,37.2884331624,127.1069914707,-58.276000,-60.540000,1,9,2,NONE,,
AAA_BASE,base,2541,37.2884321653,127.1069939774,-58.054000,-60.651000,1,9,2,NONE,,
AAA_BASE,base,2542,37.2884311682,127.1069968114,-57.803000,-60.762000,1,9,2,NONE,,
AAA_BASE,base,2543,37.2884303327,127.1069996342,-57.553000,-60.855000,1,9,2,NONE,,
AAA_BASE,base,2544,37.2884295684,127.1070024106,-57.307109,-60.940086,1,9,2,NONE,,
AAA_BASE,base,2545,37.2884286709,127.1070051443,-57.065000,-61.040000,1,9,2,NONE,,
AAA_BASE,base,2546,37.2884276648,127.1070078090,-56.829000,-61.152000,1,9,2,NONE,,
AAA_BASE,base,2547,37.2884264969,127.1070106431,-56.578000,-61.282000,1,9,2,NONE,,
AAA_BASE,base,2548,37.2884256705,127.1070131384,-56.357000,-61.374000,1,9,2,NONE,,
AAA_BASE,base,2549,37.2884246644,127.1070159725,-56.106000,-61.486000,1,9,2,NONE,,
AAA_BASE,base,2550,37.2884238290,127.1070188066,-55.855000,-61.579000,1,9,2,NONE,,
AAA_BASE,base,2551,37.2884230025,127.1070213019,-55.634000,-61.671000,1,9,2,NONE,,
AAA_BASE,base,2552,37.2884221671,127.1070239779,-55.397000,-61.764000,1,9,2,NONE,,
AAA_BASE,base,2553,37.2884213317,127.1070266426,-55.161000,-61.857000,1,9,2,NONE,,
AAA_BASE,base,2554,37.2884203345,127.1070294767,-54.910000,-61.968000,1,9,2,NONE,,
AAA_BASE,base,2555,37.2884196698,127.1070324688,-54.645000,-62.042000,1,9,2,NONE,,
AAA_BASE,base,2556,37.2884188344,127.1070351448,-54.408000,-62.135000,1,9,2,NONE,,
AAA_BASE,base,2557,37.2884178372,127.1070381370,-54.143000,-62.246000,1,9,2,NONE,,
AAA_BASE,base,2558,37.2884169322,127.1070408005,-53.907109,-62.346753,1,9,2,NONE,,
AAA_BASE,base,2559,37.2884161664,127.1070436358,-53.656000,-62.432000,1,9,2,NONE,,
AAA_BASE,base,2560,37.2884155016,127.1070464698,-53.405000,-62.506000,1,9,2,NONE,,
AAA_BASE,base,2561,37.2884146662,127.1070493039,-53.154000,-62.599000,1,9,2,NONE,,
AAA_BASE,base,2562,37.2884138308,127.1070521380,-52.903000,-62.692000,1,9,2,NONE,,
AAA_BASE,base,2563,37.2884128336,127.1070548027,-52.667000,-62.803000,1,9,2,NONE,,
AAA_BASE,base,2564,37.2884119982,127.1070576368,-52.416000,-62.896000,1,9,2,NONE,,
AAA_BASE,base,2565,37.2884111628,127.1070604708,-52.165000,-62.989000,1,9,2,NONE,,
AAA_BASE,base,2566,37.2884103363,127.1070631355,-51.929000,-63.081000,1,9,2,NONE,,
AAA_BASE,base,2567,37.2884093302,127.1070658115,-51.692000,-63.193000,1,9,2,NONE,,
AAA_BASE,base,2568,37.2884086655,127.1070673020,-51.560000,-63.267000,1,9,2,NONE,,
AAA_BASE,base,2569,37.2884076683,127.1070698086,-51.338000,-63.378000,1,9,2,NONE,,
AAA_BASE,base,2570,37.2884068329,127.1070724733,-51.102000,-63.471000,1,9,2,NONE,,
AAA_BASE,base,2571,37.2884059975,127.1070753074,-50.851000,-63.564000,1,9,2,NONE,,
AAA_BASE,base,2572,37.2884053327,127.1070779721,-50.615000,-63.638000,1,9,2,NONE,,
AAA_BASE,base,2573,37.2884044973,127.1070806368,-50.379000,-63.731000,1,9,2,NONE,,
AAA_BASE,base,2574,37.2884036709,127.1070834709,-50.128000,-63.823000,1,9,2,NONE,,
AAA_BASE,base,2575,37.2884026648,127.1070863049,-49.877000,-63.935000,1,9,2,NONE,,
AAA_BASE,base,2576,37.2884018293,127.1070889696,-49.641000,-64.028000,1,9,2,NONE,,
AAA_BASE,base,2577,37.2884010029,127.1070918037,-49.390000,-64.120000,1,9,2,NONE,,
AAA_BASE,base,2578,37.2884001674,127.1070946378,-49.139000,-64.213000,1,9,2,NONE,,
AAA_BASE,base,2579,37.2883991703,127.1070973025,-48.903000,-64.324000,1,9,2,NONE,,
AAA_BASE,base,2580,37.2883983349,127.1071001366,-48.652000,-64.417000,1,9,2,NONE,,
AAA_BASE,base,2581,37.2883974995,127.1071028013,-48.416000,-64.510000,1,9,2,NONE,,
AAA_BASE,base,2582,37.2883966640,127.1071056354,-48.165000,-64.603000,1,9,2,NONE,,
AAA_BASE,base,2583,37.2883958376,127.1071083114,-47.928000,-64.695000,1,9,2,NONE,,
AAA_BASE,base,2584,37.2883948315,127.1071109761,-47.692000,-64.807000,1,9,2,NONE,,
AAA_BASE,base,2585,37.2883936637,127.1071134714,-47.471000,-64.937000,1,9,2,NONE,,
AAA_BASE,base,2586,37.2883929922,127.1071151902,-47.318776,-65.011753,1,9,2,NONE,,
AAA_BASE,base,2587,37.2883921635,127.1071176378,-47.102000,-65.104000,1,9,2,NONE,,
AAA_BASE,base,2588,37.2883913370,127.1071206413,-46.836000,-65.196000,1,9,2,NONE,,
AAA_BASE,base,2589,37.2883903309,127.1071233060,-46.600000,-65.308000,1,9,2,NONE,,
AAA_BASE,base,2590,37.2883893338,127.1071259707,-46.364000,-65.419000,1,9,2,NONE,,
AAA_BASE,base,2591,37.2883883367,127.1071286354,-46.128000,-65.530000,1,9,2,NONE,,
AAA_BASE,base,2592,37.2883875013,127.1071316388,-45.862000,-65.623000,1,9,2,NONE,,
AAA_BASE,base,2593,37.2883865041,127.1071344729,-45.611000,-65.734000,1,9,2,NONE,,
AAA_BASE,base,2594,37.2883858304,127.1071373070,-45.360000,-65.809000,1,9,2,NONE,,
AAA_BASE,base,2595,37.2883850040,127.1071398023,-45.139000,-65.901000,1,9,2,NONE,,
AAA_BASE,base,2596,37.2883841685,127.1071424783,-44.902000,-65.994000,1,9,2,NONE,,
AAA_BASE,base,2597,37.2883831624,127.1071451430,-44.666000,-66.106000,1,9,2,NONE,,
AAA_BASE,base,2598,37.2883824977,127.1071478077,-44.430000,-66.180000,1,9,2,NONE,,
AAA_BASE,base,2599,37.2883816622,127.1071504724,-44.194000,-66.273000,1,9,2,NONE,,
AAA_BASE,base,2600,37.2883806651,127.1071531371,-43.958000,-66.384000,1,9,2,NONE,,
AAA_BASE,base,2601,37.2883796073,127.1071558947,-43.713776,-66.501753,1,9,2,NONE,,
AAA_BASE,base,2602,37.2883785144,127.1071582847,-43.502109,-66.623420,1,9,2,NONE,,
AAA_BASE,base,2603,37.2883775031,127.1071611426,-43.249000,-66.736000,1,9,2,NONE,,
AAA_BASE,base,2604,37.2883766676,127.1071638073,-43.013000,-66.829000,1,9,2,NONE,,
AAA_BASE,base,2605,37.2883755949,127.1071666025,-42.765443,-66.948420,1,9,2,NONE,,
AAA_BASE,base,2606,37.2883746644,127.1071689673,-42.556000,-67.052000,1,9,2,NONE,,
AAA_BASE,base,2607,37.2883738290,127.1071713046,-42.349000,-67.145000,1,9,2,NONE,,
AAA_BASE,base,2608,37.2883728318,127.1071741387,-42.098000,-67.256000,1,9,2,NONE,,
AAA_BASE,base,2609,37.2883719964,127.1071768034,-41.862000,-67.349000,1,9,2,NONE,,
AAA_BASE,base,2610,37.2883711700,127.1071796374,-41.611000,-67.441000,1,9,2,NONE,,
AAA_BASE,base,2611,37.2883704962,127.1071823021,-41.375000,-67.516000,1,9,2,NONE,,
AAA_BASE,base,2612,37.2883694991,127.1071849781,-41.138000,-67.627000,1,9,2,NONE,,
AAA_BASE,base,2613,37.2883683313,127.1071876428,-40.902000,-67.757000,1,9,2,NONE,,
AAA_BASE,base,2614,37.2883674959,127.1071904769,-40.651000,-67.850000,1,9,2,NONE,,
AAA_BASE,base,2615,37.2883666694,127.1071931416,-40.415000,-67.942000,1,9,2,NONE,,
AAA_BASE,base,2616,37.2883658182,127.1071957900,-40.180443,-68.036753,1,9,2,NONE,,
AAA_BASE,base,2617,37.2883648369,127.1071983017,-39.958000,-68.146000,1,9,2,NONE,,
AAA_BASE,base,2618,37.2883638308,127.1072011357,-39.707000,-68.258000,1,9,2,NONE,,
AAA_BASE,base,2619,37.2883630043,127.1072038005,-39.471000,-68.350000,1,9,2,NONE,,
AAA_BASE,base,2620,37.2883621689,127.1072066345,-39.220000,-68.443000,1,9,2,NONE,,
AAA_BASE,base,2621,37.2883613335,127.1072093105,-38.983000,-68.536000,1,9,2,NONE,,
AAA_BASE,base,2622,37.2883603363,127.1072119752,-38.747000,-68.647000,1,9,2,NONE,,
AAA_BASE,base,2623,37.2883593302,127.1072146399,-38.511000,-68.759000,1,9,2,NONE,,
AAA_BASE,base,2624,37.2883584521,127.1072171303,-38.290443,-68.856753,1,9,2,NONE,,
AAA_BASE,base,2625,37.2883576683,127.1072196419,-38.068000,-68.944000,1,9,2,NONE,,
AAA_BASE,base,2626,37.2883566622,127.1072224760,-37.817000,-69.056000,1,9,2,NONE,,
AAA_BASE,base,2627,37.2883556651,127.1072251407,-37.581000,-69.167000,1,9,2,NONE,,
AAA_BASE,base,2628,37.2883546680,127.1072278054,-37.345000,-69.278000,1,9,2,NONE,,
AAA_BASE,base,2629,37.2883537060,127.1072301904,-37.133776,-69.385086,1,9,2,NONE,,
AAA_BASE,base,2630,37.2883526648,127.1072329767,-36.887000,-69.501000,1,9,2,NONE,,
AAA_BASE,base,2631,37.2883520000,127.1072356414,-36.651000,-69.575000,1,9,2,NONE,,
AAA_BASE,base,2632,37.2883513352,127.1072383062,-36.415000,-69.649000,1,9,2,NONE,,
AAA_BASE,base,2633,37.2883503291,127.1072409709,-36.179000,-69.761000,1,9,2,NONE,,
AAA_BASE,base,2634,37.2883494989,127.1072437397,-35.933776,-69.853420,1,9,2,NONE,,
AAA_BASE,base,2635,37.2883486673,127.1072464696,-35.692000,-69.946000,1,9,2,NONE,,
AAA_BASE,base,2636,37.2883478318,127.1072491343,-35.456000,-70.039000,1,9,2,NONE,,
AAA_BASE,base,2637,37.2883469964,127.1072519684,-35.205000,-70.132000,1,9,2,NONE,,
AAA_BASE,base,2638,37.2883461700,127.1072544751,-34.983000,-70.224000,1,9,2,NONE,,
AAA_BASE,base,2639,37.2883452319,127.1072567998,-34.777109,-70.328420,1,9,2,NONE,,
AAA_BASE,base,2640,37.2883444684,127.1072592838,-34.557109,-70.413420,1,9,2,NONE,,
AAA_BASE,base,2641,37.2883438344,127.1072618030,-34.334000,-70.484000,1,9,2,NONE,,
AAA_BASE,base,2642,37.2883433313,127.1072641403,-34.127000,-70.540000,1,9,2,NONE,,
AAA_BASE,base,2643,37.2883428372,127.1072663082,-33.935000,-70.595000,1,9,2,NONE,,
AAA_BASE,base,2644,37.2883421635,127.1072686341,-33.729000,-70.670000,1,9,2,NONE,,
AAA_BASE,base,2645,37.2883413370,127.1072711408,-33.507000,-70.762000,1,9,2,NONE,,
AAA_BASE,base,2646,37.2883408340,127.1072733087,-33.315000,-70.818000,1,9,2,NONE,,
AAA_BASE,base,2647,37.2883403309,127.1072756346,-33.109000,-70.874000,1,9,2,NONE,,
AAA_BASE,base,2648,37.2883399169,127.1072778766,-32.910443,-70.920086,1,9,2,NONE,,
AAA_BASE,base,2649,37.2883394955,127.1072799704,-32.725000,-70.967000,1,9,2,NONE,,
AAA_BASE,base,2650,37.2883388308,127.1072823077,-32.518000,-71.041000,1,9,2,NONE,,
AAA_BASE,base,2651,37.2883383367,127.1072843062,-32.341000,-71.096000,1,9,2,NONE,,
AAA_BASE,base,2652,37.2883378336,127.1072863048,-32.164000,-71.152000,1,9,2,NONE,,
AAA_BASE,base,2653,37.2883374316,127.1072882832,-31.988776,-71.196753,1,9,2,NONE,,
AAA_BASE,base,2654,37.2883371689,127.1072901437,-31.824000,-71.226000,1,9,2,NONE,,
AAA_BASE,base,2655,37.2883368365,127.1072921423,-31.647000,-71.263000,1,9,2,NONE,,
AAA_BASE,base,2656,37.2883365181,127.1072938693,-31.494046,-71.298450,1,9,2,NONE,,
AAA_BASE,base,2657,37.2883362935,127.1072952995,-31.367379,-71.323450,1,10,2,NONE,,
AAA_BASE,base,2658,37.2883360839,127.1072967297,-31.240712,-71.346783,1,10,2,NONE,,
AAA_BASE,base,2659,37.2883359042,127.1072985928,-31.075712,-71.366783,1,10,2,NONE,,
AAA_BASE,base,2660,37.2883357994,127.1073004746,-30.909046,-71.378450,1,10,2,NONE,,
AAA_BASE,base,2661,37.2883356796,127.1073026576,-30.715712,-71.391783,1,10,2,NONE,,
AAA_BASE,base,2662,37.2883355149,127.1073049158,-30.515712,-71.410117,1,10,2,NONE,,
AAA_BASE,base,2663,37.2883354850,127.1073070611,-30.325712,-71.413450,1,10,2,NONE,,
AAA_BASE,base,2664,37.2883354980,127.1073089773,-30.156000,-71.412000,1,10,2,NONE,,
AAA_BASE,base,2665,37.2883354980,127.1073109759,-29.979000,-71.412000,1,10,2,NONE,,
AAA_BASE,base,2666,37.2883354980,127.1073131438,-29.787000,-71.412000,1,10,2,NONE,,
AAA_BASE,base,2667,37.2883354401,127.1073149084,-29.630712,-71.418450,1,10,2,NONE,,
AAA_BASE,base,2668,37.2883354101,127.1073170161,-29.444046,-71.421783,1,10,2,NONE,,
AAA_BASE,base,2669,37.2883355449,127.1073192932,-29.242379,-71.406783,1,10,2,NONE,,
AAA_BASE,base,2670,37.2883359342,127.1073218901,-29.012379,-71.363450,1,10,2,NONE,,
AAA_BASE,base,2671,37.2883364282,127.1073239225,-28.832379,-71.308450,1,10,2,NONE,,
AAA_BASE,base,2672,37.2883371689,127.1073263092,-28.621000,-71.226000,1,10,2,NONE,,
AAA_BASE,base,2673,37.2883376630,127.1073286352,-28.415000,-71.171000,1,10,2,NONE,,
AAA_BASE,base,2674,37.2883383297,127.1073310736,-28.199046,-71.096783,1,10,2,NONE,,
AAA_BASE,base,2675,37.2883391631,127.1073334678,-27.987000,-71.004000,1,10,2,NONE,,
AAA_BASE,base,2676,37.2883401692,127.1073358051,-27.780000,-70.892000,1,10,2,NONE,,
AAA_BASE,base,2677,37.2883411664,127.1073379730,-27.588000,-70.781000,1,10,2,NONE,,
AAA_BASE,base,2678,37.2883421635,127.1073401409,-27.396000,-70.670000,1,10,2,NONE,,
AAA_BASE,base,2679,37.2883431696,127.1073423088,-27.204000,-70.558000,1,10,2,NONE,,
AAA_BASE,base,2680,37.2883440938,127.1073445477,-27.005712,-70.455117,1,10,2,NONE,,
AAA_BASE,base,2681,37.2883450969,127.1073464860,-26.834046,-70.343450,1,10,2,NONE,,
AAA_BASE,base,2682,37.2883463317,127.1073486431,-26.643000,-70.206000,1,10,2,NONE,,
AAA_BASE,base,2683,37.2883476701,127.1073504723,-26.481000,-70.057000,1,10,2,NONE,,
AAA_BASE,base,2684,37.2883488290,127.1073524708,-26.304000,-69.928000,1,10,2,NONE,,
AAA_BASE,base,2685,37.2883499968,127.1073546387,-26.112000,-69.798000,1,10,2,NONE,,
AAA_BASE,base,2686,37.2883511646,127.1073568066,-25.920000,-69.668000,1,10,2,NONE,,
AAA_BASE,base,2687,37.2883525031,127.1073588051,-25.743000,-69.519000,1,10,2,NONE,,
AAA_BASE,base,2688,37.2883538326,127.1073606343,-25.581000,-69.371000,1,10,2,NONE,,
AAA_BASE,base,2689,37.2883553327,127.1073626441,-25.403000,-69.204000,1,10,2,NONE,,
AAA_BASE,base,2690,37.2883565005,127.1073646426,-25.226000,-69.074000,1,10,2,NONE,,
AAA_BASE,base,2691,37.2883580007,127.1073666412,-25.049000,-68.907000,1,10,2,NONE,,
AAA_BASE,base,2692,37.2883592902,127.1073685225,-24.882379,-68.763450,1,10,2,NONE,,
AAA_BASE,base,2693,37.2883606687,127.1073701414,-24.739000,-68.610000,1,10,2,NONE,,
AAA_BASE,base,2694,37.2883622696,127.1073718910,-24.584046,-68.431783,1,10,2,NONE,,
AAA_BASE,base,2695,37.2883636691,127.1073736417,-24.429000,-68.276000,1,10,2,NONE,,
AAA_BASE,base,2696,37.2883651692,127.1073753014,-24.282000,-68.109000,1,10,2,NONE,,
AAA_BASE,base,2697,37.2883668311,127.1073769725,-24.134000,-67.924000,1,10,2,NONE,,
AAA_BASE,base,2698,37.2883685129,127.1073783458,-24.012379,-67.736783,1,10,2,NONE,,
AAA_BASE,base,2699,37.2883699203,127.1073792867,-23.929046,-67.580117,1,10,2,NONE,,
AAA_BASE,base,2700,37.2883717319,127.1073805099,-23.820712,-67.378450,1,10,2,NONE,,
AAA_BASE,base,2701,37.2883733349,127.1073818051,-23.706000,-67.200000,1,10,2,NONE,,
AAA_BASE,base,2702,37.2883748351,127.1073833069,-23.573000,-67.033000,1,10,2,NONE,,
AAA_BASE,base,2703,37.2883763352,127.1073846392,-23.455000,-66.866000,1,10,2,NONE,,
AAA_BASE,base,2704,37.2883779971,127.1073861409,-23.322000,-66.681000,1,10,2,NONE,,
AAA_BASE,base,2705,37.2883796680,127.1073873039,-23.219000,-66.495000,1,10,2,NONE,,
AAA_BASE,base,2706,37.2883815005,127.1073884782,-23.115000,-66.291000,1,10,2,NONE,,
AAA_BASE,base,2707,37.2883833331,127.1073898106,-22.997000,-66.087000,1,10,2,NONE,,
AAA_BASE,base,2708,37.2883850040,127.1073911429,-22.879000,-65.901000,1,10,2,NONE,,
AAA_BASE,base,2709,37.2883868365,127.1073926446,-22.746000,-65.697000,1,10,2,NONE,,
AAA_BASE,base,2710,37.2883886691,127.1073939770,-22.628000,-65.493000,1,10,2,NONE,,
AAA_BASE,base,2711,37.2883905016,127.1073949706,-22.540000,-65.289000,1,10,2,NONE,,
AAA_BASE,base,2712,37.2883925278,127.1073959223,-22.455712,-65.063450,1,10,2,NONE,,
AAA_BASE,base,2713,37.2883943374,127.1073969691,-22.363000,-64.862000,1,10,2,NONE,,
AAA_BASE,base,2714,37.2883962108,127.1073978794,-22.282379,-64.653450,1,10,2,NONE,,
AAA_BASE,base,2715,37.2883983518,127.1073986134,-22.217379,-64.415117,1,10,2,NONE,,
AAA_BASE,base,2716,37.2884003291,127.1073991370,-22.171000,-64.195000,1,10,2,NONE,,
AAA_BASE,base,2717,37.2884024541,127.1073996107,-22.129046,-63.958450,1,10,2,NONE,,
AAA_BASE,base,2718,37.2884044973,127.1074003113,-22.067000,-63.731000,1,10,2,NONE,,
AAA_BASE,base,2719,37.2884068329,127.1074011356,-21.994000,-63.471000,1,10,2,NONE,,
AAA_BASE,base,2720,37.2884088361,127.1074018017,-21.935000,-63.248000,1,10,2,NONE,,
AAA_BASE,base,2721,37.2884101656,127.1074021405,-21.905000,-63.100000,1,10,2,NONE,,
AAA_BASE,base,2722,37.2884123306,127.1074026373,-21.861000,-62.859000,1,10,2,NONE,,
AAA_BASE,base,2723,37.2884146662,127.1074029760,-21.831000,-62.599000,1,10,2,NONE,,
AAA_BASE,base,2724,37.2884168311,127.1074034728,-21.787000,-62.358000,1,10,2,NONE,,
AAA_BASE,base,2725,37.2884189960,127.1074043084,-21.713000,-62.117000,1,10,2,NONE,,
AAA_BASE,base,2726,37.2884211700,127.1074053020,-21.625000,-61.875000,1,10,2,NONE,,
AAA_BASE,base,2727,37.2884233349,127.1074061375,-21.551000,-61.634000,1,10,2,NONE,,
AAA_BASE,base,2728,37.2884253291,127.1074069731,-21.477000,-61.412000,1,10,2,NONE,,
AAA_BASE,base,2729,37.2884275031,127.1074078086,-21.403000,-61.170000,1,10,2,NONE,,
AAA_BASE,base,2730,37.2884294973,127.1074086442,-21.329000,-60.948000,1,10,2,NONE,,
AAA_BASE,base,2731,37.2884316622,127.1074094684,-21.256000,-60.707000,1,10,2,NONE,,
AAA_BASE,base,2732,37.2884337303,127.1074103561,-21.177379,-60.476783,1,10,2,NONE,,
AAA_BASE,base,2733,37.2884358304,127.1074111395,-21.108000,-60.243000,1,10,2,NONE,,
AAA_BASE,base,2734,37.2884380272,127.1074117675,-21.052379,-59.998450,1,10,2,NONE,,
AAA_BASE,base,2735,37.2884401692,127.1074126412,-20.975000,-59.760000,1,10,2,NONE,,
AAA_BASE,base,2736,37.2884421635,127.1074138042,-20.872000,-59.538000,1,10,2,NONE,,
AAA_BASE,base,2737,37.2884441807,127.1074150043,-20.765712,-59.313450,1,10,2,NONE,,
AAA_BASE,base,2738,37.2884459993,127.1074159721,-20.680000,-59.111000,1,10,2,NONE,,
AAA_BASE,base,2739,37.2884480025,127.1074171351,-20.577000,-58.888000,1,10,2,NONE,,
AAA_BASE,base,2740,37.2884498351,127.1074181400,-20.488000,-58.684000,1,10,2,NONE,,
AAA_BASE,base,2741,37.2884516676,127.1074194724,-20.370000,-58.480000,1,10,2,NONE,,
AAA_BASE,base,2742,37.2884535002,127.1074206353,-20.267000,-58.276000,1,10,2,NONE,,
AAA_BASE,base,2743,37.2884553327,127.1074218096,-20.163000,-58.072000,1,10,2,NONE,,
AAA_BASE,base,2744,37.2884571653,127.1074229726,-20.060000,-57.868000,1,10,2,NONE,,
AAA_BASE,base,2745,37.2884591685,127.1074241356,-19.957000,-57.645000,1,10,2,NONE,,
AAA_BASE,base,2746,37.2884610011,127.1074251405,-19.868000,-57.441000,1,10,2,NONE,,
AAA_BASE,base,2747,37.2884628336,127.1074263035,-19.765000,-57.237000,1,10,2,NONE,,
AAA_BASE,base,2748,37.2884647670,127.1074275563,-19.654046,-57.021783,1,10,2,NONE,,
AAA_BASE,base,2749,37.2884664987,127.1074284714,-19.573000,-56.829000,1,10,2,NONE,,
AAA_BASE,base,2750,37.2884683313,127.1074291376,-19.514000,-56.625000,1,10,2,NONE,,
AAA_BASE,base,2751,37.2884703345,127.1074299731,-19.440000,-56.402000,1,10,2,NONE,,
AAA_BASE,base,2752,37.2884719964,127.1074308087,-19.366000,-56.217000,1,10,2,NONE,,
AAA_BASE,base,2753,37.2884738290,127.1074318023,-19.278000,-56.013000,1,10,2,NONE,,
AAA_BASE,base,2754,37.2884758761,127.1074328255,-19.187379,-55.785117,1,10,2,NONE,,
AAA_BASE,base,2755,37.2884775230,127.1074335594,-19.122379,-55.601783,1,10,2,NONE,,
AAA_BASE,base,2756,37.2884792747,127.1074343310,-19.054046,-55.406783,1,10,2,NONE,,
AAA_BASE,base,2757,37.2884810413,127.1074350837,-18.987379,-55.210117,1,10,2,NONE,,
AAA_BASE,base,2758,37.2884826683,127.1074359687,-18.909000,-55.029000,1,10,2,NONE,,
AAA_BASE,base,2759,37.2884846626,127.1074371430,-18.805000,-54.807000,1,10,2,NONE,,
AAA_BASE,base,2760,37.2884865041,127.1074379672,-18.732000,-54.602000,1,10,2,NONE,,
AAA_BASE,base,2761,37.2884881660,127.1074388028,-18.658000,-54.417000,1,10,2,NONE,,
AAA_BASE,base,2762,37.2884899986,127.1074394689,-18.599000,-54.213000,1,10,2,NONE,,
AAA_BASE,base,2763,37.2884918311,127.1074403045,-18.525000,-54.009000,1,10,2,NONE,,
AAA_BASE,base,2764,37.2884935020,127.1074413094,-18.436000,-53.823000,1,10,2,NONE,,
AAA_BASE,base,2765,37.2884952946,127.1074422724,-18.350712,-53.623450,1,10,2,NONE,,
AAA_BASE,base,2766,37.2884966570,127.1074429310,-18.292379,-53.471783,1,10,2,NONE,,
AAA_BASE,base,2767,37.2884981642,127.1074436354,-18.230000,-53.304000,1,10,2,NONE,,
AAA_BASE,base,2768,37.2884996214,127.1074442483,-18.175712,-53.141783,1,10,2,NONE,,
AAA_BASE,base,2769,37.2885011486,127.1074449634,-18.112379,-52.971783,1,10,2,NONE,,
AAA_BASE,base,2770,37.2885025409,127.1074457162,-18.045712,-52.816783,1,10,2,NONE,,
AAA_BASE,base,2771,37.2885040032,127.1074466388,-17.964000,-52.654000,1,10,2,NONE,,
AAA_BASE,base,2772,37.2885057000,127.1074478615,-17.855712,-52.465117,1,10,2,NONE,,
AAA_BASE,base,2773,37.2885071373,127.1074486895,-17.782379,-52.305117,1,10,2,NONE,,
AAA_BASE,base,2774,37.2885086655,127.1074496423,-17.698000,-52.135000,1,10,2,NONE,,
AAA_BASE,base,2775,37.2885100867,127.1074505902,-17.614046,-51.976783,1,10,2,NONE,,
AAA_BASE,base,2776,37.2885116658,127.1074516408,-17.521000,-51.801000,1,10,2,NONE,,
AAA_BASE,base,2777,37.2885133367,127.1074528038,-17.418000,-51.615000,1,10,2,NONE,,
AAA_BASE,base,2778,37.2885150873,127.1074537141,-17.337379,-51.420117,1,10,2,NONE,,
AAA_BASE,base,2779,37.2885167043,127.1074545421,-17.264046,-51.240117,1,10,2,NONE,,
AAA_BASE,base,2780,37.2885183313,127.1074551410,-17.211000,-51.059000,1,10,2,NONE,,
AAA_BASE,base,2781,37.2885199831,127.1074558782,-17.145712,-50.875117,1,10,2,NONE,,
AAA_BASE,base,2782,37.2885214204,127.1074565745,-17.084046,-50.715117,1,10,2,NONE,,
AAA_BASE,base,2783,37.2885231642,127.1074573089,-17.019000,-50.521000,1,10,2,NONE,,
AAA_BASE,base,2784,37.2885248640,127.1074580235,-16.955712,-50.331783,1,10,2,NONE,,
AAA_BASE,base,2785,37.2885265408,127.1074586257,-16.902379,-50.145117,1,10,2,NONE,,
AAA_BASE,base,2786,37.2885286709,127.1074591381,-16.857000,-49.908000,1,10,2,NONE,,
AAA_BASE,base,2787,37.2885306651,127.1074596349,-16.813000,-49.686000,1,10,2,NONE,,
AAA_BASE,base,2788,37.2885326683,127.1074601430,-16.768000,-49.463000,1,10,2,NONE,,
AAA_BASE,base,2789,37.2885346626,127.1074609673,-16.695000,-49.241000,1,10,2,NONE,,
AAA_BASE,base,2790,37.2885364821,127.1074615802,-16.640712,-49.038450,1,10,2,NONE,,
AAA_BASE,base,2791,37.2885381889,127.1074621071,-16.594046,-48.848450,1,10,2,NONE,,
AAA_BASE,base,2792,37.2885403309,127.1074626383,-16.547000,-48.610000,1,10,2,NONE,,
AAA_BASE,base,2793,37.2885421864,127.1074633115,-16.487379,-48.403450,1,10,2,NONE,,
AAA_BASE,base,2794,37.2885440279,127.1074641960,-16.409046,-48.198450,1,10,2,NONE,,
AAA_BASE,base,2795,37.2885459993,127.1074651450,-16.325000,-47.979000,1,10,2,NONE,,
AAA_BASE,base,2796,37.2885478318,127.1074659692,-16.252000,-47.775000,1,10,2,NONE,,
AAA_BASE,base,2797,37.2885498351,127.1074666354,-16.193000,-47.552000,1,10,2,NONE,,
AAA_BASE,base,2798,37.2885518283,127.1074676586,-16.102379,-47.330117,1,10,2,NONE,,
AAA_BASE,base,2799,37.2885534752,127.1074687125,-16.009046,-47.146783,1,10,2,NONE,,
AAA_BASE,base,2800,37.2885550004,127.1074699776,-15.897000,-46.977000,1,10,2,NONE,,
AAA_BASE,base,2801,37.2885566622,127.1074714680,-15.765000,-46.792000,1,10,2,NONE,,
AAA_BASE,base,2802,37.2885585038,127.1074729697,-15.632000,-46.587000,1,10,2,NONE,,
AAA_BASE,base,2803,37.2885601656,127.1074743021,-15.514000,-46.402000,1,10,2,NONE,,
AAA_BASE,base,2804,37.2885619982,127.1074758038,-15.381000,-46.198000,1,10,2,NONE,,
AAA_BASE,base,2805,37.2885636691,127.1074774749,-15.233000,-46.012000,1,10,2,NONE,,
AAA_BASE,base,2806,37.2885655016,127.1074793041,-15.071000,-45.808000,1,10,2,NONE,,
AAA_BASE,base,2807,37.2885673342,127.1074809751,-14.923000,-45.604000,1,10,2,NONE,,
AAA_BASE,base,2808,37.2885691667,127.1074823075,-14.805000,-45.400000,1,10,2,NONE,,
AAA_BASE,base,2809,37.2885710821,127.1074838238,-14.670712,-45.186783,1,10,2,NONE,,
AAA_BASE,base,2810,37.2885728488,127.1074851222,-14.555712,-44.990117,1,10,2,NONE,,
AAA_BASE,base,2811,37.2885745406,127.1074865713,-14.427379,-44.801783,1,10,2,NONE,,
AAA_BASE,base,2812,37.2885764969,127.1074883031,-14.274000,-44.584000,1,10,2,NONE,,
AAA_BASE,base,2813,37.2885783295,127.1074896354,-14.156000,-44.380000,1,10,2,NONE,,
AAA_BASE,base,2814,37.2885801710,127.1074908097,-14.052000,-44.175000,1,10,2,NONE,,
AAA_BASE,base,2815,37.2885820564,127.1074921039,-13.937379,-43.965117,1,10,2,NONE,,
AAA_BASE,base,2816,37.2885836655,127.1074933051,-13.831000,-43.786000,1,10,2,NONE,,
AAA_BASE,base,2817,37.2885853363,127.1074946374,-13.713000,-43.600000,1,10,2,NONE,,
AAA_BASE,base,2818,37.2885866658,127.1074956423,-13.624000,-43.452000,1,10,2,NONE,,
AAA_BASE,base,2819,37.2885880043,127.1074966359,-13.536000,-43.303000,1,10,2,NONE,,
AAA_BASE,base,2820,37.2885894525,127.1074977119,-13.440712,-43.141783,1,10,2,NONE,,
AAA_BASE,base,2821,37.2885907551,127.1074985775,-13.364046,-42.996783,1,10,2,NONE,,
AAA_BASE,base,2822,37.2885919678,127.1074995372,-13.279046,-42.861783,1,10,2,NONE,,
AAA_BASE,base,2823,37.2885933602,127.1075006475,-13.180712,-42.706783,1,10,2,NONE,,
AAA_BASE,base,2824,37.2885946698,127.1075018073,-13.078000,-42.561000,1,10,2,NONE,,
AAA_BASE,base,2825,37.2885961899,127.1075031128,-12.962379,-42.391783,1,10,2,NONE,,
AAA_BASE,base,2826,37.2885974995,127.1075041445,-12.871000,-42.246000,1,10,2,NONE,,
AAA_BASE,base,2827,37.2885988249,127.1075050511,-12.790712,-42.098450,1,10,2,NONE,,
AAA_BASE,base,2828,37.2886001674,127.1075059737,-12.709000,-41.949000,1,10,2,NONE,,
AAA_BASE,base,2829,37.2886013701,127.1075069518,-12.622379,-41.815117,1,10,2,NONE,,
AAA_BASE,base,2830,37.2886025829,127.1075078739,-12.540712,-41.680117,1,10,2,NONE,,
AAA_BASE,base,2831,37.2886037806,127.1075086266,-12.474046,-41.546783,1,10,2,NONE,,
AAA_BASE,base,2832,37.2886048436,127.1075092853,-12.415712,-41.428450,1,10,2,NONE,,
AAA_BASE,base,2833,37.2886061611,127.1075101321,-12.340712,-41.281783,1,10,2,NONE,,
AAA_BASE,base,2834,37.2886073360,127.1075108063,-12.281000,-41.151000,1,10,2,NONE,,
AAA_BASE,base,2835,37.2886087363,127.1075115435,-12.215712,-40.995117,1,10,2,NONE,,
AAA_BASE,base,2836,37.2886104880,127.1075125409,-12.127379,-40.800117,1,10,2,NONE,,
AAA_BASE,base,2837,37.2886117606,127.1075132936,-12.060712,-40.658450,1,10,2,NONE,,
AAA_BASE,base,2838,37.2886131660,127.1075143066,-11.971000,-40.502000,1,10,2,NONE,,
AAA_BASE,base,2839,37.2886145004,127.1075151943,-11.892379,-40.353450,1,10,2,NONE,,
AAA_BASE,base,2840,37.2886159677,127.1075160599,-11.815712,-40.190117,1,10,2,NONE,,
AAA_BASE,base,2841,37.2886174219,127.1075168398,-11.746644,-40.028239,1,10,2,NONE,,
AAA_BASE,base,2842,37.2886190601,127.1075175305,-11.685476,-39.845867,1,10,2,NONE,,
AAA_BASE,base,2843,37.2886206148,127.1075180425,-11.640125,-39.672805,1,10,2,NONE,,
AAA_BASE,base,2844,37.2886221212,127.1075183596,-11.612045,-39.505104,1,10,2,NONE,,
AAA_BASE,base,2845,37.2886231693,127.1075185101,-11.598712,-39.388437,1,10,2,NONE,,
AAA_BASE,base,2846,37.2886243670,127.1075185854,-11.592045,-39.255104,1,10,2,NONE,,
AAA_BASE,base,2847,37.2886253552,127.1075185666,-11.593712,-39.145104,1,10,2,NONE,,
AAA_BASE,base,2848,37.2886265572,127.1075184474,-11.604268,-39.011293,1,10,2,NONE,,
AAA_BASE,base,2849,37.2886279945,127.1075182027,-11.625935,-38.851293,1,10,2,NONE,,
AAA_BASE,base,2850,37.2886300307,127.1075176006,-11.679268,-38.624626,1,10,2,NONE,,
AAA_BASE,base,2851,37.2886326807,127.1075163962,-11.785935,-38.329626,1,10,2,NONE,,
AAA_BASE,base,2852,37.2886335341,127.1075158692,-11.832601,-38.234626,1,10,2,NONE,,
AAA_BASE,base,2853,37.2886342827,127.1075153988,-11.874268,-38.151293,1,10,2,NONE,,
AAA_BASE,base,2854,37.2886348965,127.1075149848,-11.910935,-38.082959,1,10,2,NONE,,
AAA_BASE,base,2855,37.2886358697,127.1075142885,-11.972601,-37.974626,1,10,2,NONE,,
AAA_BASE,base,2856,37.2886366333,127.1075136863,-12.025935,-37.889626,1,10,2,NONE,,
AAA_BASE,base,2857,37.2886375615,127.1075128583,-12.099268,-37.786293,1,10,2,NONE,,
AAA_BASE,base,2858,37.2886390437,127.1075112587,-12.240935,-37.621293,1,10,2,NONE,,
AAA_BASE,base,2859,37.2886401516,127.1075098661,-12.364268,-37.497959,1,10,2,NONE,,
AAA_BASE,base,2860,37.2886414542,127.1075079466,-12.534268,-37.352959,1,10,2,NONE,,
AAA_BASE,base,2861,37.2886428438,127.1075062149,-12.687635,-37.198267,1,10,2,NONE,,
AAA_BASE,base,2862,37.2886444757,127.1075042955,-12.857635,-37.016601,1,10,2,NONE,,
AAA_BASE,base,2863,37.2886459022,127.1075025925,-13.008458,-36.857805,1,10,2,NONE,,
AAA_BASE,base,2864,37.2886474892,127.1075011058,-13.140125,-36.681138,1,10,2,NONE,,
AAA_BASE,base,2865,37.2886491062,127.1074993557,-13.295125,-36.501138,1,10,2,NONE,,
AAA_BASE,base,2866,37.2886504998,127.1074974715,-13.462000,-36.346000,1,10,2,NONE,,
AAA_BASE,base,2867,37.2886516676,127.1074959698,-13.595000,-36.216000,1,10,2,NONE,,
AAA_BASE,base,2868,37.2886531037,127.1074942747,-13.745125,-36.056138,1,10,2,NONE,,
AAA_BASE,base,2869,37.2886544973,127.1074923114,-13.919000,-35.901000,1,10,2,NONE,,
AAA_BASE,base,2870,37.2886557387,127.1074904169,-14.086792,-35.762805,1,10,2,NONE,,
AAA_BASE,base,2871,37.2886568329,127.1074884725,-14.259000,-35.641000,1,10,2,NONE,,
AAA_BASE,base,2872,37.2886580007,127.1074863046,-14.451000,-35.511000,1,10,2,NONE,,
AAA_BASE,base,2873,37.2886591685,127.1074844754,-14.613000,-35.381000,1,10,2,NONE,,
AAA_BASE,base,2874,37.2886603363,127.1074824769,-14.790000,-35.251000,1,10,2,NONE,,
AAA_BASE,base,2875,37.2886616658,127.1074803090,-14.982000,-35.103000,1,10,2,NONE,,
AAA_BASE,base,2876,37.2886626630,127.1074783104,-15.159000,-34.992000,1,10,2,NONE,,
AAA_BASE,base,2877,37.2886634984,127.1074761425,-15.351000,-34.899000,1,10,2,NONE,,
AAA_BASE,base,2878,37.2886645045,127.1074739746,-15.543000,-34.787000,1,10,2,NONE,,
AAA_BASE,base,2879,37.2886655016,127.1074719761,-15.720000,-34.676000,1,10,2,NONE,,
AAA_BASE,base,2880,37.2886666694,127.1074698082,-15.912000,-34.546000,1,10,2,NONE,,
AAA_BASE,base,2881,37.2886676665,127.1074676403,-16.104000,-34.435000,1,10,2,NONE,,
AAA_BASE,base,2882,37.2886686637,127.1074653031,-16.311000,-34.324000,1,10,2,NONE,,
AAA_BASE,base,2883,37.2886694991,127.1074631352,-16.503000,-34.231000,1,10,2,NONE,,
AAA_BASE,base,2884,37.2886703345,127.1074608092,-16.709000,-34.138000,1,10,2,NONE,,
AAA_BASE,base,2885,37.2886713317,127.1074586413,-16.901000,-34.027000,1,10,2,NONE,,
AAA_BASE,base,2886,37.2886723378,127.1074561347,-17.123000,-33.915000,1,10,2,NONE,,
AAA_BASE,base,2887,37.2886731642,127.1074538087,-17.329000,-33.823000,1,10,2,NONE,,
AAA_BASE,base,2888,37.2886738696,127.1074515189,-17.531792,-33.744471,1,10,2,NONE,,
AAA_BASE,base,2889,37.2886745134,127.1074492795,-17.730125,-33.672805,1,10,2,NONE,,
AAA_BASE,base,2890,37.2886753291,127.1074469776,-17.934000,-33.582000,1,10,2,NONE,,
AAA_BASE,base,2891,37.2886761646,127.1074449677,-18.112000,-33.489000,1,10,2,NONE,,
AAA_BASE,base,2892,37.2886772233,127.1074428812,-18.296792,-33.371138,1,10,2,NONE,,
AAA_BASE,base,2893,37.2886779971,127.1074409707,-18.466000,-33.285000,1,10,2,NONE,,
AAA_BASE,base,2894,37.2886786709,127.1074388028,-18.658000,-33.210000,1,10,2,NONE,,
AAA_BASE,base,2895,37.2886791846,127.1074366899,-18.845125,-33.152805,1,10,2,NONE,,
AAA_BASE,base,2896,37.2886798297,127.1074346363,-19.027000,-33.081000,1,10,2,NONE,,
AAA_BASE,base,2897,37.2886806651,127.1074326378,-19.204000,-32.988000,1,10,2,NONE,,
AAA_BASE,base,2898,37.2886815005,127.1074304699,-19.396000,-32.895000,1,10,2,NONE,,
AAA_BASE,base,2899,37.2886823360,127.1074284714,-19.573000,-32.802000,1,10,2,NONE,,
AAA_BASE,base,2900,37.2886831624,127.1074263035,-19.765000,-32.710000,1,10,2,NONE,,
AAA_BASE,base,2901,37.2886838361,127.1074239775,-19.971000,-32.635000,1,10,2,NONE,,
AAA_BASE,base,2902,37.2886846626,127.1074218096,-20.163000,-32.543000,1,10,2,NONE,,
AAA_BASE,base,2903,37.2886856687,127.1074196417,-20.355000,-32.431000,1,10,2,NONE,,
AAA_BASE,base,2904,37.2886866658,127.1074174738,-20.547000,-32.320000,1,10,2,NONE,,
AAA_BASE,base,2905,37.2886876630,127.1074151366,-20.754000,-32.209000,1,10,2,NONE,,
AAA_BASE,base,2906,37.2886884984,127.1074128106,-20.960000,-32.116000,1,10,2,NONE,,
AAA_BASE,base,2907,37.2886893338,127.1074104733,-21.167000,-32.023000,1,10,2,NONE,,
AAA_BASE,base,2908,37.2886903309,127.1074081361,-21.374000,-31.912000,1,10,2,NONE,,
AAA_BASE,base,2909,37.2886913370,127.1074056407,-21.595000,-31.800000,1,10,2,NONE,,
AAA_BASE,base,2910,37.2886923342,127.1074031341,-21.817000,-31.689000,1,10,2,NONE,,
AAA_BASE,base,2911,37.2886931696,127.1074006387,-22.038000,-31.596000,1,10,2,NONE,,
AAA_BASE,base,2912,37.2886938344,127.1073979740,-22.274000,-31.522000,1,10,2,NONE,,
AAA_BASE,base,2913,37.2886944991,127.1073954674,-22.496000,-31.448000,1,10,2,NONE,,
AAA_BASE,base,2914,37.2886953345,127.1073931414,-22.702000,-31.355000,1,10,2,NONE,,
AAA_BASE,base,2915,37.2886963317,127.1073904767,-22.938000,-31.244000,1,10,2,NONE,,
AAA_BASE,base,2916,37.2886969964,127.1073879701,-23.160000,-31.170000,1,10,2,NONE,,
AAA_BASE,base,2917,37.2886978318,127.1073854748,-23.381000,-31.077000,1,10,2,NONE,,
AAA_BASE,base,2918,37.2886984966,127.1073828101,-23.617000,-31.003000,1,10,2,NONE,,
AAA_BASE,base,2919,37.2886991703,127.1073804728,-23.824000,-30.928000,1,10,2,NONE,,
AAA_BASE,base,2920,37.2886999968,127.1073779774,-24.045000,-30.836000,1,10,2,NONE,,
AAA_BASE,base,2921,37.2887008489,127.1073753603,-24.276792,-30.741138,1,10,2,NONE,,
AAA_BASE,base,2922,37.2887014969,127.1073733029,-24.459000,-30.669000,1,10,2,NONE,,
AAA_BASE,base,2923,37.2887021707,127.1073709769,-24.665000,-30.594000,1,10,2,NONE,,
AAA_BASE,base,2924,37.2887028354,127.1073686397,-24.872000,-30.520000,1,10,2,NONE,,
AAA_BASE,base,2925,37.2887035002,127.1073664718,-25.064000,-30.446000,1,10,2,NONE,,
AAA_BASE,base,2926,37.2887043356,127.1073641345,-25.271000,-30.353000,1,10,2,NONE,,
AAA_BASE,base,2927,37.2887049662,127.1073619615,-25.463458,-30.282805,1,10,2,NONE,,
AAA_BASE,base,2928,37.2887055034,127.1073598100,-25.654000,-30.223000,1,10,2,NONE,,
AAA_BASE,base,2929,37.2887059975,127.1073573034,-25.876000,-30.168000,1,10,2,NONE,,
AAA_BASE,base,2930,37.2887066622,127.1073539725,-26.171000,-30.094000,1,10,2,NONE,,
AAA_BASE,base,2931,37.2887073360,127.1073518046,-26.363000,-30.019000,1,10,2,NONE,,
AAA_BASE,base,2932,37.2887080007,127.1073494673,-26.570000,-29.945000,1,10,2,NONE,,
AAA_BASE,base,2933,37.2887085038,127.1073473107,-26.761000,-29.889000,1,10,2,NONE,,
AAA_BASE,base,2934,37.2887088361,127.1073449735,-26.968000,-29.852000,1,10,2,NONE,,
AAA_BASE,base,2935,37.2887091685,127.1073426362,-27.175000,-29.815000,1,11,2,NONE,,
AAA_BASE,base,2936,37.2887096626,127.1073404683,-27.367000,-29.760000,1,11,2,NONE,,
AAA_BASE,base,2937,37.2887103363,127.1073383004,-27.559000,-29.685000,1,11,2,NONE,,
AAA_BASE,base,2938,37.2887110011,127.1073359744,-27.765000,-29.611000,1,11,2,NONE,,
AAA_BASE,base,2939,37.2887114191,127.1073338465,-27.953458,-29.564471,1,11,2,NONE,,
AAA_BASE,base,2940,37.2887118365,127.1073318080,-28.134000,-29.518000,1,11,2,NONE,,
AAA_BASE,base,2941,37.2887122575,127.1073298382,-28.308458,-29.471138,1,11,2,NONE,,
AAA_BASE,base,2942,37.2887128114,127.1073278058,-28.488458,-29.409471,1,11,2,NONE,,
AAA_BASE,base,2943,37.2887134984,127.1073258011,-28.666000,-29.333000,1,11,2,NONE,,
AAA_BASE,base,2944,37.2887140990,127.1073242303,-28.805125,-29.266138,1,11,2,NONE,,
AAA_BASE,base,2945,37.2887148027,127.1073219720,-29.005125,-29.187805,1,11,2,NONE,,
AAA_BASE,base,2946,37.2887154764,127.1073198267,-29.195125,-29.112805,1,11,2,NONE,,
AAA_BASE,base,2947,37.2887159957,127.1073179764,-29.359000,-29.055000,1,11,2,NONE,,
AAA_BASE,base,2948,37.2887164646,127.1073162135,-29.515125,-29.002805,1,11,2,NONE,,
AAA_BASE,base,2949,37.2887170335,127.1073142752,-29.686792,-28.939471,1,11,2,NONE,,
AAA_BASE,base,2950,37.2887176024,127.1073119982,-29.888458,-28.876138,1,11,2,NONE,,
AAA_BASE,base,2951,37.2887182163,127.1073100975,-30.056792,-28.807805,1,11,2,NONE,,
AAA_BASE,base,2952,37.2887187103,127.1073085544,-30.193458,-28.752805,1,11,2,NONE,,
AAA_BASE,base,2953,37.2887193691,127.1073065408,-30.371792,-28.679471,1,11,2,NONE,,
AAA_BASE,base,2954,37.2887198315,127.1073051384,-30.496000,-28.628000,1,11,2,STOP_LINE,,
AAA_BASE,base,2955,37.2887204962,127.1073034673,-30.644000,-28.554000,1,11,2,NONE,,
AAA_BASE,base,2956,37.2887211700,127.1073019768,-30.776000,-28.479000,1,11,2,NONE,,
AAA_BASE,base,2957,37.2887219964,127.1072998089,-30.968000,-28.387000,1,11,2,NONE,,
AAA_BASE,base,2958,37.2887226701,127.1072979685,-31.131000,-28.312000,1,11,2,NONE,,
AAA_BASE,base,2959,37.2887234966,127.1072958006,-31.323000,-28.220000,1,11,2,NONE,,
AAA_BASE,base,2960,37.2887244401,127.1072938600,-31.494872,-28.114966,1,11,2,NONE,,
AAA_BASE,base,2961,37.2887254998,127.1072919729,-31.662000,-27.997000,1,11,2,NONE,,
AAA_BASE,base,2962,37.2887268293,127.1072898050,-31.854000,-27.849000,1,11,2,NONE,,
AAA_BASE,base,2963,37.2887279971,127.1072876371,-32.046000,-27.719000,1,11,2,NONE,,
AAA_BASE,base,2964,37.2887291649,127.1072854692,-32.238000,-27.589000,1,11,2,NONE,,
AAA_BASE,base,2965,37.2887303241,127.1072834345,-32.418205,-27.459966,1,11,2,NONE,,
AAA_BASE,base,2966,37.2887317464,127.1072813645,-32.601538,-27.301633,1,11,2,NONE,,
AAA_BASE,base,2967,37.2887333331,127.1072794736,-32.769000,-27.125000,1,11,2,NONE,,
AAA_BASE,base,2968,37.2887348333,127.1072778025,-32.917000,-26.958000,1,11,2,NONE,,
AAA_BASE,base,2969,37.2887365041,127.1072761427,-33.064000,-26.772000,1,11,2,NONE,,
AAA_BASE,base,2970,37.2887381660,127.1072743023,-33.227000,-26.587000,1,11,2,NONE,,
AAA_BASE,base,2971,37.2887398369,127.1072724731,-33.389000,-26.401000,1,11,2,NONE,,
AAA_BASE,base,2972,37.2887413370,127.1072708020,-33.537000,-26.234000,1,11,2,NONE,,
AAA_BASE,base,2973,37.2887429989,127.1072693116,-33.669000,-26.049000,1,11,2,NONE,,
AAA_BASE,base,2974,37.2887448315,127.1072678099,-33.802000,-25.845000,1,11,2,NONE,,
AAA_BASE,base,2975,37.2887465023,127.1072663082,-33.935000,-25.659000,1,11,2,NONE,,
AAA_BASE,base,2976,37.2887483349,127.1072646371,-34.083000,-25.455000,1,11,2,NONE,,
AAA_BASE,base,2977,37.2887499372,127.1072633739,-34.194872,-25.276633,1,11,2,NONE,,
AAA_BASE,base,2978,37.2887516676,127.1072623111,-34.289000,-25.084000,1,11,2,NONE,,
AAA_BASE,base,2979,37.2887535002,127.1072613062,-34.378000,-24.880000,1,11,2,NONE,,
AAA_BASE,base,2980,37.2887554019,127.1072604382,-34.454872,-24.668299,1,11,2,NONE,,
AAA_BASE,base,2981,37.2887571653,127.1072594770,-34.540000,-24.472000,1,11,2,NONE,,
AAA_BASE,base,2982,37.2887591685,127.1072584721,-34.629000,-24.249000,1,11,2,NONE,,
AAA_BASE,base,2983,37.2887609415,127.1072578601,-34.683205,-24.051633,1,11,2,NONE,,
AAA_BASE,base,2984,37.2887630043,127.1072574672,-34.718000,-23.822000,1,11,2,NONE,,
AAA_BASE,base,2985,37.2887651692,127.1072573091,-34.732000,-23.581000,1,11,2,NONE,,
AAA_BASE,base,2986,37.2887671635,127.1072571398,-34.747000,-23.359000,1,11,2,NONE,,
AAA_BASE,base,2987,37.2887700022,127.1072566429,-34.791000,-23.043000,1,11,2,NONE,,
AAA_BASE,base,2988,37.2887719009,127.1072564863,-34.804872,-22.831633,1,11,2,NONE,,
AAA_BASE,base,2989,37.2887739970,127.1072565051,-34.803205,-22.598299,1,11,2,NONE,,
AAA_BASE,base,2990,37.2887761646,127.1072568010,-34.777000,-22.357000,1,11,2,NONE,,
AAA_BASE,base,2991,37.2887779971,127.1072571398,-34.747000,-22.153000,1,11,2,NONE,,
AAA_BASE,base,2992,37.2887801710,127.1072574672,-34.718000,-21.911000,1,11,2,NONE,,
AAA_BASE,base,2993,37.2887820668,127.1072578036,-34.688205,-21.699966,1,11,2,NONE,,
AAA_BASE,base,2994,37.2887839233,127.1072582364,-34.649872,-21.493299,1,11,2,NONE,,
AAA_BASE,base,2995,37.2887858304,127.1072589689,-34.585000,-21.281000,1,11,2,NONE,,
AAA_BASE,base,2996,37.2887878336,127.1072598045,-34.511000,-21.058000,1,11,2,NONE,,
AAA_BASE,base,2997,37.2887896662,127.1072608094,-34.422000,-20.854000,1,11,2,NONE,,
AAA_BASE,base,2998,37.2887914987,127.1072616449,-34.348000,-20.650000,1,11,2,NONE,,
AAA_BASE,base,2999,37.2887936637,127.1072624692,-34.275000,-20.409000,1,11,2,NONE,,
AAA_BASE,base,3000,37.2887954962,127.1072634741,-34.186000,-20.205000,1,11,2,NONE,,
AAA_BASE,base,3001,37.2887971671,127.1072646371,-34.083000,-20.019000,1,11,2,NONE,,
AAA_BASE,base,3002,37.2887991703,127.1072659694,-33.965000,-19.796000,1,11,2,NONE,,
AAA_BASE,base,3003,37.2888010029,127.1072671437,-33.861000,-19.592000,1,11,2,NONE,,
AAA_BASE,base,3004,37.2888028354,127.1072684761,-33.743000,-19.388000,1,11,2,NONE,,
AAA_BASE,base,3005,37.2888046593,127.1072698663,-33.619872,-19.184966,1,11,2,NONE,,
AAA_BASE,base,3006,37.2888063511,127.1072712965,-33.493205,-18.996633,1,11,2,NONE,,
AAA_BASE,base,3007,37.2888081624,127.1072731393,-33.330000,-18.795000,1,11,2,NONE,,
AAA_BASE,base,3008,37.2888098333,127.1072749685,-33.168000,-18.609000,1,11,2,NONE,,
AAA_BASE,base,3009,37.2888115041,127.1072764702,-33.035000,-18.423000,1,11,2,NONE,,
AAA_BASE,base,3010,37.2888131660,127.1072781413,-32.887000,-18.238000,1,11,2,NONE,,
AAA_BASE,base,3011,37.2888148102,127.1072798402,-32.736538,-18.054966,1,11,2,NONE,,
AAA_BASE,base,3012,37.2888161664,127.1072814721,-32.592000,-17.904000,1,11,2,NONE,,
AAA_BASE,base,3013,37.2888176665,127.1072836400,-32.400000,-17.737000,1,11,2,NONE,,
AAA_BASE,base,3014,37.2888189960,127.1072856386,-32.223000,-17.589000,1,11,2,NONE,,
AAA_BASE,base,3015,37.2888203345,127.1072876371,-32.046000,-17.440000,1,11,2,NONE,,
AAA_BASE,base,3016,37.2888216640,127.1072898050,-31.854000,-17.292000,1,11,2,NONE,,
AAA_BASE,base,3017,37.2888226701,127.1072919729,-31.662000,-17.180000,1,11,2,NONE,,
AAA_BASE,base,3018,37.2888236673,127.1072941408,-31.470000,-17.069000,1,11,2,NONE,,
AAA_BASE,base,3019,37.2888245027,127.1072964781,-31.263000,-16.976000,1,11,2,NONE,,
AAA_BASE,base,3020,37.2888254998,127.1072988040,-31.057000,-16.865000,1,11,2,NONE,,
AAA_BASE,base,3021,37.2888264969,127.1073009719,-30.865000,-16.754000,1,11,2,NONE,,
AAA_BASE,base,3022,37.2888275064,127.1073032128,-30.666538,-16.641633,1,11,2,NONE,,
AAA_BASE,base,3023,37.2888283295,127.1073054771,-30.466000,-16.550000,1,11,2,NONE,,
AAA_BASE,base,3024,37.2888290032,127.1073079724,-30.245000,-16.475000,1,11,2,NONE,,
AAA_BASE,base,3025,37.2888294973,127.1073104678,-30.024000,-16.420000,1,11,2,NONE,,
AAA_BASE,base,3026,37.2888300004,127.1073128050,-29.817000,-16.364000,1,11,2,NONE,,
AAA_BASE,base,3027,37.2888303327,127.1073154697,-29.581000,-16.327000,1,11,2,NONE,,
AAA_BASE,base,3028,37.2888305906,127.1073181359,-29.344872,-16.298299,1,11,2,NONE,,
AAA_BASE,base,3029,37.2888306651,127.1073204717,-29.138000,-16.290000,1,11,2,NONE,,
AAA_BASE,base,3030,37.2888305034,127.1073231364,-28.902000,-16.308000,1,11,2,NONE,,
AAA_BASE,base,3031,37.2888305034,127.1073256431,-28.680000,-16.308000,1,11,2,NONE,,
AAA_BASE,base,3032,37.2888305034,127.1073281384,-28.459000,-16.308000,1,11,2,NONE,,
AAA_BASE,base,3033,37.2888303327,127.1073308031,-28.223000,-16.327000,1,11,2,NONE,,
AAA_BASE,base,3034,37.2888302462,127.1073330966,-28.019872,-16.336633,1,11,2,NONE,,
AAA_BASE,base,3035,37.2888300004,127.1073356357,-27.795000,-16.364000,1,11,2,NONE,,
AAA_BASE,base,3036,37.2888294973,127.1073383004,-27.559000,-16.420000,1,11,2,NONE,,
AAA_BASE,base,3037,37.2888290032,127.1073409764,-27.322000,-16.475000,1,11,2,NONE,,
AAA_BASE,base,3038,37.2888286709,127.1073434717,-27.101000,-16.512000,1,11,2,NONE,,
AAA_BASE,base,3039,37.2888283298,127.1073461003,-26.868205,-16.549966,1,11,2,NONE,,
AAA_BASE,base,3040,37.2888278058,127.1073485090,-26.654872,-16.608299,1,11,2,NONE,,
AAA_BASE,base,3041,37.2888271707,127.1073514772,-26.392000,-16.679000,1,11,2,NONE,,
AAA_BASE,base,3042,37.2888264969,127.1073541419,-26.156000,-16.754000,1,11,2,NONE,,
AAA_BASE,base,3043,37.2888260029,127.1073566372,-25.935000,-16.809000,1,11,2,NONE,,
AAA_BASE,base,3044,37.2888254998,127.1073594713,-25.684000,-16.865000,1,11,2,NONE,,
AAA_BASE,base,3045,37.2888249968,127.1073621360,-25.448000,-16.921000,1,11,2,NONE,,
AAA_BASE,base,3046,37.2888243320,127.1073648007,-25.212000,-16.995000,1,11,2,NONE,,
AAA_BASE,base,3047,37.2888234966,127.1073674767,-24.975000,-17.088000,1,11,2,NONE,,
AAA_BASE,base,3048,37.2888226701,127.1073701414,-24.739000,-17.180000,1,11,2,NONE,,
AAA_BASE,base,3049,37.2888221671,127.1073726367,-24.518000,-17.236000,1,11,2,NONE,,
AAA_BASE,base,3050,37.2888215023,127.1073754708,-24.267000,-17.310000,1,11,2,NONE,,
AAA_BASE,base,3051,37.2888208376,127.1073781355,-24.031000,-17.384000,1,11,2,NONE,,
AAA_BASE,base,3052,37.2888200022,127.1073808115,-23.794000,-17.477000,1,11,2,NONE,,
AAA_BASE,base,3053,37.2888191667,127.1073833069,-23.573000,-17.570000,1,11,2,NONE,,
AAA_BASE,base,3054,37.2888185020,127.1073859716,-23.337000,-17.644000,1,11,2,NONE,,
AAA_BASE,base,3055,37.2888178372,127.1073886363,-23.101000,-17.718000,1,11,2,NONE,,
AAA_BASE,base,3056,37.2888172207,127.1073912083,-22.873205,-17.786633,1,11,2,NONE,,
AAA_BASE,base,3057,37.2888164987,127.1073938076,-22.643000,-17.867000,1,11,2,NONE,,
AAA_BASE,base,3058,37.2888156633,127.1073964723,-22.407000,-17.960000,1,11,2,NONE,,
AAA_BASE,base,3059,37.2888149986,127.1073991370,-22.171000,-18.034000,1,11,2,NONE,,
AAA_BASE,base,3060,37.2888142712,127.1074016715,-21.946538,-18.114966,1,11,2,NONE,,
AAA_BASE,base,3061,37.2888136691,127.1074044777,-21.698000,-18.182000,1,11,2,NONE,,
AAA_BASE,base,3062,37.2888131660,127.1074071424,-21.462000,-18.238000,1,11,2,NONE,,
AAA_BASE,base,3063,37.2888125013,127.1074096378,-21.241000,-18.312000,1,11,2,NONE,,
AAA_BASE,base,3064,37.2888116658,127.1074123025,-21.005000,-18.405000,1,11,2,NONE,,
AAA_BASE,base,3065,37.2888108304,127.1074149672,-20.769000,-18.498000,1,11,2,NONE,,
AAA_BASE,base,3066,37.2888101656,127.1074176432,-20.532000,-18.572000,1,11,2,NONE,,
AAA_BASE,base,3067,37.2888094353,127.1074202642,-20.299872,-18.653299,1,11,2,NONE,,
AAA_BASE,base,3068,37.2888088361,127.1074228032,-20.075000,-18.720000,1,11,2,NONE,,
AAA_BASE,base,3069,37.2888080007,127.1074256373,-19.824000,-18.813000,1,11,2,NONE,,
AAA_BASE,base,3070,37.2888070036,127.1074283020,-19.588000,-18.924000,1,11,2,NONE,,
AAA_BASE,base,3071,37.2888063299,127.1074308087,-19.366000,-18.999000,1,11,2,NONE,,
AAA_BASE,base,3072,37.2888055034,127.1074336427,-19.115000,-19.091000,1,11,2,NONE,,
AAA_BASE,base,3073,37.2888047941,127.1074361094,-18.896538,-19.169966,1,11,2,NONE,,
AAA_BASE,base,3074,37.2888039107,127.1074386687,-18.669872,-19.268299,1,11,2,NONE,,
AAA_BASE,base,3075,37.2888031678,127.1074413094,-18.436000,-19.351000,1,11,2,NONE,,
AAA_BASE,base,3076,37.2888025031,127.1074438047,-18.215000,-19.425000,1,11,2,NONE,,
AAA_BASE,base,3077,37.2888018293,127.1074464694,-17.979000,-19.500000,1,11,2,NONE,,
AAA_BASE,base,3078,37.2888013505,127.1074487743,-17.774872,-19.553299,1,11,2,NONE,,
AAA_BASE,base,3079,37.2888008322,127.1074514714,-17.536000,-19.611000,1,11,2,NONE,,
AAA_BASE,base,3080,37.2888001674,127.1074539781,-17.314000,-19.685000,1,11,2,NONE,,
AAA_BASE,base,3081,37.2887993320,127.1074564734,-17.093000,-19.778000,1,11,2,NONE,,
AAA_BASE,base,3082,37.2887984966,127.1074589687,-16.872000,-19.871000,1,11,2,NONE,,
AAA_BASE,base,3083,37.2887978318,127.1074616447,-16.635000,-19.945000,1,11,2,NONE,,
AAA_BASE,base,3084,37.2887973378,127.1074641401,-16.414000,-20.000000,1,11,2,NONE,,
AAA_BASE,base,3085,37.2887966640,127.1074668048,-16.178000,-20.075000,1,11,2,NONE,,
AAA_BASE,base,3086,37.2887959993,127.1074693114,-15.956000,-20.149000,1,11,2,NONE,,
AAA_BASE,base,3087,37.2887951639,127.1074719761,-15.720000,-20.242000,1,11,2,NONE,,
AAA_BASE,base,3088,37.2887944991,127.1074744715,-15.499000,-20.316000,1,11,2,NONE,,
AAA_BASE,base,3089,37.2887939960,127.1074773055,-15.248000,-20.372000,1,11,2,NONE,,
AAA_BASE,base,3090,37.2887934604,127.1074797684,-15.029872,-20.431633,1,11,2,NONE,,
AAA_BASE,base,3091,37.2887926665,127.1074824769,-14.790000,-20.520000,1,11,2,NONE,,
AAA_BASE,base,3092,37.2887920018,127.1074851416,-14.554000,-20.594000,1,11,2,NONE,,
AAA_BASE,base,3093,37.2887911664,127.1074878063,-14.318000,-20.687000,1,11,2,NONE,,
AAA_BASE,base,3094,37.2887905016,127.1074903016,-14.097000,-20.761000,1,11,2,NONE,,
AAA_BASE,base,3095,37.2887899986,127.1074929776,-13.860000,-20.817000,1,11,2,NONE,,
AAA_BASE,base,3096,37.2887893338,127.1074954730,-13.639000,-20.891000,1,11,2,NONE,,
AAA_BASE,base,3097,37.2887884984,127.1074979683,-13.418000,-20.984000,1,11,2,NONE,,
AAA_BASE,base,3098,37.2887876630,127.1075004749,-13.196000,-21.077000,1,11,2,NONE,,
AAA_BASE,base,3099,37.2887869982,127.1075031396,-12.960000,-21.151000,1,11,2,NONE,,
AAA_BASE,base,3100,37.2887865041,127.1075056350,-12.739000,-21.206000,1,11,2,NONE,,
AAA_BASE,base,3101,37.2887858547,127.1075080904,-12.521538,-21.278299,1,11,2,NONE,,
AAA_BASE,base,3102,37.2887854205,127.1075108567,-12.276538,-21.326633,1,11,2,NONE,,
AAA_BASE,base,3103,37.2887848333,127.1075134710,-12.045000,-21.392000,1,11,2,NONE,,
AAA_BASE,base,3104,37.2887839978,127.1075161357,-11.809000,-21.485000,1,11,2,NONE,,
AAA_BASE,base,3105,37.2887833331,127.1075186424,-11.587000,-21.559000,1,11,2,NONE,,
AAA_BASE,base,3106,37.2887828300,127.1075213071,-11.351000,-21.615000,1,11,2,NONE,,
AAA_BASE,base,3107,37.2887823360,127.1075238024,-11.130000,-21.670000,1,11,2,NONE,,
AAA_BASE,base,3108,37.2887816622,127.1075263090,-10.908000,-21.745000,1,11,2,NONE,,
AAA_BASE,base,3109,37.2887809975,127.1075288044,-10.687000,-21.819000,1,11,2,NONE,,
AAA_BASE,base,3110,37.2887803327,127.1075311416,-10.480000,-21.893000,1,11,2,NONE,,
AAA_BASE,base,3111,37.2887796680,127.1075336370,-10.259000,-21.967000,1,11,2,NONE,,
AAA_BASE,base,3112,37.2887789077,127.1075363370,-10.019872,-22.051633,1,11,2,NONE,,
AAA_BASE,base,3113,37.2887783295,127.1075389777,-9.786000,-22.116000,1,11,2,NONE,,
AAA_BASE,base,3114,37.2887775031,127.1075414730,-9.565000,-22.208000,1,11,2,NONE,,
AAA_BASE,base,3115,37.2887766676,127.1075441377,-9.329000,-22.301000,1,11,2,NONE,,
AAA_BASE,base,3116,37.2887760029,127.1075466444,-9.107000,-22.375000,1,11,2,NONE,,
AAA_BASE,base,3117,37.2887753291,127.1075493091,-8.871000,-22.450000,1,11,2,NONE,,
AAA_BASE,base,3118,37.2887746707,127.1075519564,-8.636538,-22.523299,1,11,2,NONE,,
AAA_BASE,base,3119,37.2887739996,127.1075546385,-8.399000,-22.598000,1,11,2,NONE,,
AAA_BASE,base,3120,37.2887731642,127.1075573032,-8.163000,-22.691000,1,11,2,NONE,,
AAA_BASE,base,3121,37.2887724995,127.1075598098,-7.941000,-22.765000,1,11,2,NONE,,
AAA_BASE,base,3122,37.2887718347,127.1075623052,-7.720000,-22.839000,1,11,2,NONE,,
AAA_BASE,base,3123,37.2887711700,127.1075649699,-7.484000,-22.913000,1,11,2,NONE,,
AAA_BASE,base,3124,37.2887705616,127.1075674702,-7.262557,-22.980722,1,11,2,NONE,,
AAA_BASE,base,3125,37.2887698971,127.1075695802,-7.075682,-23.054693,1,11,2,NONE,,
AAA_BASE,base,3126,37.2887691667,127.1075718010,-6.879000,-23.136000,1,11,2,NONE,,
AAA_BASE,base,3127,37.2887683313,127.1075744770,-6.642000,-23.229000,1,11,2,NONE,,
AAA_BASE,base,3128,37.2887678372,127.1075766449,-6.450000,-23.284000,1,11,2,NONE,,
AAA_BASE,base,3129,37.2887672042,127.1075787677,-6.261997,-23.354472,1,11,2,NONE,,
AAA_BASE,base,3130,37.2887664697,127.1075814492,-6.024510,-23.436229,1,11,2,NONE,,
AAA_BASE,base,3131,37.2887656633,127.1075841422,-5.786000,-23.526000,1,11,2,NONE,,
AAA_BASE,base,3132,37.2887648369,127.1075868069,-5.550000,-23.618000,1,11,2,NONE,,
AAA_BASE,base,3133,37.2887640014,127.1075893023,-5.329000,-23.711000,1,11,2,NONE,,
AAA_BASE,base,3134,37.2887633367,127.1075918089,-5.107000,-23.785000,1,11,2,NONE,,
AAA_BASE,base,3135,37.2887625877,127.1075942412,-4.891580,-23.868378,1,11,2,NONE,,
AAA_BASE,base,3136,37.2887619982,127.1075969689,-4.650000,-23.934000,1,11,2,NONE,,
AAA_BASE,base,3137,37.2887611628,127.1075994756,-4.428000,-24.027000,1,11,2,NONE,,
AAA_BASE,base,3138,37.2887603363,127.1076019709,-4.207000,-24.119000,1,11,2,NONE,,
AAA_BASE,base,3139,37.2887596626,127.1076044775,-3.985000,-24.194000,1,11,2,NONE,,
AAA_BASE,base,3140,37.2887591685,127.1076069729,-3.764000,-24.249000,1,11,2,NONE,,
AAA_BASE,base,3141,37.2887586007,127.1076093192,-3.556202,-24.312206,1,11,2,NONE,,
AAA_BASE,base,3142,37.2887578300,127.1076116361,-3.351000,-24.398000,1,11,2,NONE,,
AAA_BASE,base,3143,37.2887571653,127.1076139734,-3.144000,-24.472000,1,11,2,NONE,,
AAA_BASE,base,3144,37.2887565005,127.1076163106,-2.937000,-24.546000,1,11,2,NONE,,
START_A,,0,37.2889724518,127.1076616885,1.081892,-0.506308,1,1,2,NONE,,
START_A,,1,37.2889727335,127.1076606639,0.991148,-0.474949,1,1,2,NONE,,
START_A,,2,37.2889733570,127.1076587682,0.823256,-0.405541,1,1,2,NONE,,
START_A,,3,37.2889738699,127.1076571753,0.682180,-0.348445,1,1,2,NONE,,
START_A,,4,37.2889744130,127.1076553170,0.517600,-0.287987,1,1,2,NONE,,
START_A,,5,37.2889748053,127.1076535345,0.359732,-0.244316,1,1,2,NONE,,
START_A,,6,37.2889752335,127.1076511639,0.149780,-0.196649,1,1,2,NONE,,
START_A,,7,37.2889757335,127.1076493306,-0.012586,-0.140989,1,1,2,NONE,,
START_A,,8,37.2889764002,127.1076469972,-0.219244,-0.066772,1,1,2,NONE,,
START_A,,9,37.2889770668,127.1076448306,-0.411129,0.007434,1,1,2,NONE,,
START_A,,10,37.2889777335,127.1076426639,-0.603023,0.081651,1,1,2,NONE,,
START_A,,11,37.2889782335,127.1076403306,-0.809672,0.137311,1,1,2,NONE,,
START_A,,12,37.2889785668,127.1076378306,-1.031085,0.174414,1,1,2,NONE,,
START_A,,13,37.2889791488,127.1076353785,-1.248255,0.239202,1,1,2,NONE,,
START_A,,14,37.2889799002,127.1076329972,-1.459155,0.322848,1,1,2,NONE,,
START_A,,15,37.2889807335,127.1076304972,-1.680568,0.415611,1,1,2,NONE,,
START_A,,16,37.2889814560,127.1076278615,-1.913999,0.496040,1,1,2,NONE,,
START_A,,17,37.2889820668,127.1076253306,-2.138148,0.564034,1,1,2,NONE,,
START_A,,18,37.2889825668,127.1076226639,-2.374325,0.619694,1,1,2,NONE,,
START_A,,19,37.2889832335,127.1076199972,-2.610501,0.693911,1,1,2,NONE,,
START_A,,20,37.2889840668,127.1076174972,-2.831914,0.786674,1,1,2,NONE,,
START_A,,21,37.2889849002,127.1076148306,-3.068082,0.879448,1,1,2,NONE,,
START_A,,22,37.2889855668,127.1076119972,-3.319022,0.953654,1,1,2,NONE,,
START_A,,23,37.2889860668,127.1076093306,-3.555190,1.009314,1,1,2,NONE,,
START_A,,24,37.2889865668,127.1076068306,-3.776602,1.064974,1,1,2,NONE,,
START_A,,25,37.2889872335,127.1076041639,-4.012779,1.139191,1,1,2,NONE,,
START_A,,26,37.2889879002,127.1076016639,-4.234192,1.213408,1,1,2,NONE,,
START_A,,27,37.2889885808,127.1075989539,-4.474203,1.289173,1,1,2,NONE,,
START_A,,28,37.2889892335,127.1075961639,-4.721300,1.361831,1,1,2,NONE,,
START_A,,29,37.2889899002,127.1075933306,-4.972231,1.436048,1,1,2,NONE,,
START_A,,30,37.2889904002,127.1075908306,-5.193644,1.491708,1,1,2,NONE,,
START_A,,31,37.2889912335,127.1075881639,-5.429820,1.584471,1,1,2,NONE,,
START_A,,32,37.2889920668,127.1075853306,-5.680752,1.677234,1,1,2,NONE,,
START_A,,33,37.2889925668,127.1075824972,-5.931692,1.732894,1,1,2,NONE,,
START_A,,34,37.2889932335,127.1075796639,-6.182623,1.807111,1,1,2,NONE,,
START_A,,35,37.2889939002,127.1075769972,-6.418800,1.881328,1,1,2,NONE,,
START_A,,36,37.2889945668,127.1075741639,-6.669731,1.955534,1,1,2,NONE,,
START_A,,37,37.2889954002,127.1075714972,-6.905908,2.048308,1,1,2,NONE,,
START_A,,38,37.2889962335,127.1075686639,-7.156839,2.141071,1,1,2,NONE,,
START_A,,39,37.2889970668,127.1075659972,-7.393016,2.233834,1,1,2,NONE,,
START_A,,40,37.2889977335,127.1075633306,-7.629184,2.308051,1,1,2,NONE,,
START_A,,41,37.2889985668,127.1075606639,-7.865360,2.400814,1,1,2,NONE,,
START_A,,42,37.2889994002,127.1075578306,-8.116292,2.493588,1,1,2,NONE,,
START_A,,43,37.2890002335,127.1075553306,-8.337704,2.586351,1,1,2,NONE,,
START_A,,44,37.2890010668,127.1075524972,-8.588645,2.679114,1,1,2,NONE,,
START_A,,45,37.2890015668,127.1075498306,-8.824812,2.734774,1,1,2,NONE,,
START_A,,46,37.2890022335,127.1075471639,-9.060989,2.808991,1,1,2,NONE,,
START_A,,47,37.2890027335,127.1075446639,-9.282401,2.864651,1,1,2,NONE,,
START_A,,48,37.2890034002,127.1075418306,-9.533333,2.938868,1,1,2,NONE,,
START_A,,49,37.2890040668,127.1075393306,-9.754746,3.013074,1,1,2,NONE,,
START_A,,50,37.2890045668,127.1075368306,-9.976158,3.068734,1,1,2,NONE,,
START_A,,51,37.2890049875,127.1075345213,-10.180682,3.115566,1,1,2,NONE,,
START_A,,52,37.2890055668,127.1075321639,-10.389465,3.180054,1,1,2,NONE,,
START_A,,53,37.2890062335,127.1075299972,-10.581359,3.254271,1,1,2,NONE,,
START_A,,54,37.2890070237,127.1075277654,-10.779019,3.342236,1,1,2,NONE,,
START_A,,55,37.2890075178,127.1075258271,-10.950684,3.397239,1,1,2,NONE,,
START_A,,56,37.2890078621,127.1075241899,-11.095683,3.435567,1,1,2,NONE,,
START_A,,57,37.2890084011,127.1075221575,-11.275683,3.495568,1,1,2,NONE,,
START_A,,58,37.2890087904,127.1075201439,-11.454017,3.538905,1,1,2,NONE,,
START_A,,59,37.2890091497,127.1075185820,-11.592347,3.578902,1,1,2,NONE,,
START_A,,60,37.2890093593,127.1075175846,-11.680682,3.602235,1,1,2,NONE,,
START_A,,61,37.2890094342,127.1075172271,-11.712344,3.610573,1,1,2,NONE,,
START_A,,62,37.2890097785,127.1075158345,-11.835680,3.648901,1,1,2,NONE,,
START_A,,63,37.2890103924,127.1075139150,-12.005680,3.717240,1,1,2,NONE,,
START_A,,64,37.2890109002,127.1075116639,-12.205049,3.773768,1,1,2,NONE,,
START_A,,65,37.2890113356,127.1075098125,-12.369019,3.822237,1,1,2,NONE,,
START_A,,66,37.2890117848,127.1075079307,-12.535680,3.872242,1,1,2,NONE,,
START_A,,67,37.2890125633,127.1075054278,-12.757350,3.958904,1,1,2,NONE,,
START_A,,68,37.2890132221,127.1075033390,-12.942345,4.032242,1,1,2,NONE,,
START_A,,69,37.2890137335,127.1075013306,-13.120219,4.089171,1,1,2,NONE,,
START_A,,70,37.2890142335,127.1074993306,-13.297349,4.144831,1,1,2,NONE,,
START_A,,71,37.2890149002,127.1074973306,-13.474479,4.219048,1,1,2,NONE,,
START_A,,72,37.2890155668,127.1074949972,-13.681137,4.293254,1,1,2,NONE,,
START_A,,73,37.2890162335,127.1074926639,-13.887786,4.367471,1,1,2,NONE,,
START_A,,74,37.2890169002,127.1074904972,-14.079680,4.441688,1,1,2,NONE,,
START_A,,75,37.2890175668,127.1074878306,-14.315847,4.515894,1,1,2,NONE,,
START_A,,76,37.2890182335,127.1074854972,-14.522505,4.590111,1,1,2,NONE,,
START_A,,77,37.2890189713,127.1074829773,-14.745680,4.672243,1,1,2,NONE,,
START_A,,78,37.2890199002,127.1074803306,-14.980086,4.775648,1,1,2,NONE,,
START_A,,79,37.2890205668,127.1074779972,-15.186743,4.849854,1,1,2,NONE,,
START_A,,80,37.2890214002,127.1074754972,-15.408156,4.942628,1,1,2,NONE,,
START_A,,81,37.2890220668,127.1074729972,-15.629569,5.016834,1,1,2,NONE,,
START_A,,82,37.2890229002,127.1074704972,-15.850981,5.109608,1,1,2,NONE,,
START_A,,83,37.2890239002,127.1074679972,-16.072394,5.220928,1,1,2,NONE,,
START_A,,84,37.2890247335,127.1074654972,-16.293807,5.313691,1,1,2,NONE,,
START_A,,85,37.2890254002,127.1074628306,-16.529975,5.387908,1,1,2,NONE,,
START_A,,86,37.2890260668,127.1074599972,-16.780915,5.462114,1,1,2,NONE,,
START_A,,87,37.2890265668,127.1074574972,-17.002328,5.517774,1,1,2,NONE,,
START_A,,88,37.2890274002,127.1074548306,-17.238495,5.610548,1,1,2,NONE,,
START_A,,89,37.2890282335,127.1074521639,-17.474672,5.703311,1,1,2,NONE,,
START_A,,90,37.2890290668,127.1074496639,-17.696084,5.796074,1,1,2,NONE,,
START_A,,91,37.2890297335,127.1074466639,-17.961780,5.870291,1,1,2,NONE,,
START_A,,92,37.2890304002,127.1074438306,-18.212711,5.944508,1,1,2,NONE,,
START_A,,93,37.2890310668,127.1074413306,-18.434124,6.018714,1,1,2,NONE,,
START_A,,94,37.2890319002,127.1074384972,-18.685064,6.111488,1,1,2,NONE,,
START_A,,95,37.2890327335,127.1074359972,-18.906477,6.204251,1,1,2,NONE,,
START_A,,96,37.2890334232,127.1074332034,-19.153910,6.281029,1,1,2,NONE,,
START_A,,97,37.2890340668,127.1074304972,-19.393585,6.352674,1,1,2,NONE,,
START_A,,98,37.2890349002,127.1074278306,-19.629753,6.445448,1,1,2,NONE,,
START_A,,99,37.2890357077,127.1074252338,-19.859738,6.535339,1,1,2,NONE,,
START_A,,100,37.2890362335,127.1074236639,-19.998777,6.593871,1,1,2,NONE,,
START_A,,101,37.2890370668,127.1074208307,-20.249699,6.686634,1,1,2,NONE,,
START_A,,102,37.2890377335,127.1074179972,-20.500648,6.760851,1,2,2,NONE,,
START_A,,103,37.2890385668,127.1074153307,-20.736807,6.853614,1,2,2,NONE,,
START_A,,104,37.2890394002,127.1074124972,-20.987756,6.946388,1,2,2,NONE,,
START_A,,105,37.2890402335,127.1074096639,-21.238688,7.039151,1,2,2,NONE,,
START_A,,106,37.2890410668,127.1074069972,-21.474864,7.131914,1,2,2,NONE,,
START_A,,107,37.2890419002,127.1074043307,-21.711023,7.224688,1,2,2,NONE,,
START_A,,108,37.2890425668,127.1074014972,-21.961972,7.298894,1,2,2,NONE,,
START_A,,109,37.2890430249,127.1073995565,-22.133851,7.349890,1,2,2,NONE,,
START_A,,110,37.2890437335,127.1073971639,-22.345751,7.428771,1,2,2,NONE,,
START_A,,111,37.2890445668,127.1073943307,-22.596674,7.521534,1,2,2,NONE,,
START_A,,112,37.2890454002,127.1073914973,-22.847614,7.614308,1,2,2,NONE,,
START_A,,113,37.2890462335,127.1073886640,-23.098546,7.707071,1,2,2,NONE,,
START_A,,114,37.2890469002,127.1073858307,-23.349477,7.781288,1,2,2,NONE,,
START_A,,115,37.2890475668,127.1073833307,-23.570890,7.855494,1,2,2,NONE,,
START_A,,116,37.2890482335,127.1073808307,-23.792303,7.929711,1,2,2,NONE,,
START_A,,117,37.2890492335,127.1073781640,-24.028479,8.041031,1,2,2,NONE,,
START_A,,118,37.2890499002,127.1073754973,-24.264656,8.115248,1,2,2,NONE,,
START_A,,119,37.2890505668,127.1073728307,-24.500823,8.189454,1,2,2,NONE,,
START_A,,120,37.2890510668,127.1073701640,-24.737000,8.245114,1,2,2,NONE,,
START_A,,121,37.2890516157,127.1073676739,-24.957536,8.306218,1,2,2,NONE,,
START_A,,122,37.2890524002,127.1073651640,-25.179825,8.393548,1,2,2,NONE,,
START_A,,123,37.2890531325,127.1073627128,-25.396916,8.475068,1,2,2,NONE,,
START_A,,124,37.2890537335,127.1073601640,-25.622651,8.541971,1,2,2,NONE,,
START_A,,125,37.2890545668,127.1073574973,-25.858827,8.634734,1,2,2,NONE,,
START_A,,126,37.2890552335,127.1073551640,-26.065476,8.708951,1,2,2,NONE,,
START_A,,127,37.2890557335,127.1073528307,-26.272125,8.764611,1,2,2,NONE,,
START_A,,128,37.2890565668,127.1073499973,-26.523065,8.857374,1,2,2,NONE,,
START_A,,129,37.2890572335,127.1073474973,-26.744478,8.931591,1,2,2,NONE,,
START_A,,130,37.2890579002,127.1073448307,-26.980646,9.005808,1,2,2,NONE,,
START_A,,131,37.2890585668,127.1073423307,-27.202058,9.080014,1,2,2,NONE,,
START_A,,132,37.2890590668,127.1073399973,-27.408716,9.135674,1,2,2,NONE,,
START_A,,133,37.2890597335,127.1073374973,-27.630129,9.209891,1,2,2,NONE,,
START_A,,134,37.2890604719,127.1073350580,-27.846166,9.292090,1,2,2,NONE,,
START_A,,135,37.2890610668,127.1073324973,-28.072954,9.358314,1,2,2,NONE,,
START_A,,136,37.2890617335,127.1073299973,-28.294367,9.432531,1,2,2,NONE,,
START_A,,137,37.2890622335,127.1073274973,-28.515780,9.488191,1,2,2,NONE,,
START_A,,138,37.2890627335,127.1073251640,-28.722429,9.543851,1,2,2,NONE,,
START_A,,139,37.2890634002,127.1073226640,-28.943841,9.618068,1,2,2,NONE,,
START_A,,140,37.2890640668,127.1073201640,-29.165254,9.692274,1,2,2,NONE,,
START_A,,141,37.2890646146,127.1073174892,-29.402148,9.753255,1,2,2,NONE,,
START_A,,142,37.2890650668,127.1073149973,-29.622843,9.803594,1,2,2,NONE,,
START_A,,143,37.2890655668,127.1073128307,-29.814728,9.859254,1,2,2,NONE,,
START_A,,144,37.2890661804,127.1073106626,-30.006746,9.927560,1,2,2,NONE,,
START_A,,145,37.2890670668,127.1073083307,-30.213271,10.026234,1,2,2,NONE,,
START_A,,146,37.2890677335,127.1073061640,-30.405165,10.100451,1,2,2,NONE,,
START_A,,147,37.2890684002,127.1073039973,-30.597059,10.174668,1,2,2,NONE,,
START_A,,148,37.2890690668,127.1073018307,-30.788944,10.248874,1,2,2,NONE,,
START_A,,149,37.2890696707,127.1072998385,-30.965384,10.316100,1,2,2,NONE,,
START_A,,150,37.2890704002,127.1072979973,-31.128450,10.397308,1,2,2,NONE,,
START_A,,151,37.2890711549,127.1072960254,-31.303091,10.481321,1,2,2,NONE,,
START_A,,152,37.2890716605,127.1072943239,-31.453785,10.537605,1,2,2,STOP_LINE,,
START_A,,153,37.2890721335,127.1072924584,-31.619003,10.590259,1,2,2,NONE,,
START_A,,154,37.2890726228,127.1072905723,-31.786045,10.644728,1,2,2,NONE,,
START_A,,155,37.2890730668,127.1072891640,-31.910772,10.694154,1,2,2,NONE,,
START_A,,156,37.2890736503,127.1072872718,-32.078355,10.759109,1,2,2,NONE,,
START_A,,157,37.2890742211,127.1072854883,-32.236310,10.822651,1,2,2,NONE,,
START_A,,158,37.2890747335,127.1072836640,-32.397880,10.879691,1,2,2,NONE,,
START_A,,159,37.2890754002,127.1072814973,-32.589774,10.953908,1,2,2,NONE,,
START_A,,160,37.2890760668,127.1072794973,-32.766904,11.028114,1,2,2,NONE,,
START_A,,161,37.2890769002,127.1072773307,-32.958789,11.120888,1,2,2,NONE,,
START_A,,162,37.2890774831,127.1072753406,-33.135042,11.185777,1,2,2,NONE,,
START_A,,163,37.2890780668,127.1072729973,-33.342577,11.250754,1,2,2,NONE,,
START_A,,164,37.2890787335,127.1072708307,-33.534462,11.324971,1,2,2,NONE,,
START_A,,165,37.2890792335,127.1072686640,-33.726356,11.380631,1,2,2,NONE,,
START_A,,166,37.2890799002,127.1072661640,-33.947769,11.454848,1,2,2,NONE,,
START_A,,167,37.2890807335,127.1072638307,-34.154418,11.547611,1,2,2,NONE,,
START_A,,168,37.2890814002,127.1072614973,-34.361075,11.621828,1,2,2,NONE,,
START_A,,169,37.2890819002,127.1072589973,-34.582488,11.677488,1,2,2,NONE,,
START_A,,170,37.2890824002,127.1072563307,-34.818656,11.733148,1,2,2,NONE,,
START_A,,171,37.2890829002,127.1072539973,-35.025313,11.788808,1,2,2,NONE,,
START_A,,172,37.2890837335,127.1072513307,-35.261481,11.881571,1,2,2,NONE,,
START_A,,173,37.2890845668,127.1072486640,-35.497658,11.974334,1,2,2,NONE,,
START_A,,174,37.2890852335,127.1072458307,-35.748589,12.048551,1,2,2,NONE,,
START_A,,175,37.2890859002,127.1072429973,-35.999529,12.122768,1,2,2,NONE,,
START_A,,176,37.2890864535,127.1072404286,-36.227026,12.184362,1,2,2,NONE,,
START_A,,177,37.2890872335,127.1072379973,-36.442355,12.271191,1,2,2,NONE,,
START_A,,178,37.2890882335,127.1072353307,-36.678522,12.382511,1,2,2,NONE,,
START_A,,179,37.2890889002,127.1072328307,-36.899935,12.456728,1,2,2,NONE,,
START_A,,180,37.2890894002,127.1072303307,-37.121348,12.512388,1,2,2,NONE,,
START_A,,181,37.2890899002,127.1072276640,-37.357524,12.568048,1,2,2,NONE,,
START_A,,182,37.2890905799,127.1072251559,-37.579654,12.643712,1,2,2,NONE,,
START_A,,183,37.2890914002,127.1072229973,-37.770831,12.735028,1,2,2,NONE,,
START_A,,184,37.2890922335,127.1072206640,-37.977480,12.827791,1,2,2,NONE,,
START_A,,185,37.2890929002,127.1072183307,-38.184129,12.902008,1,2,2,NONE,,
START_A,,186,37.2890934002,127.1072159973,-38.390787,12.957668,1,2,2,NONE,,
START_A,,187,37.2890940668,127.1072136640,-38.597436,13.031874,1,2,2,NONE,,
START_A,,188,37.2890947335,127.1072116640,-38.774566,13.106091,1,2,2,NONE,,
START_A,,189,37.2890957335,127.1072093307,-38.981215,13.217411,1,2,2,NONE,,
START_A,,190,37.2890964188,127.1072072182,-39.168308,13.293699,1,2,2,NONE,,
START_A,,191,37.2890970668,127.1072053307,-39.335475,13.365834,1,2,2,NONE,,
START_A,,192,37.2890977335,127.1072031640,-39.527369,13.440051,1,2,2,NONE,,
START_A,,193,37.2890982781,127.1072011501,-39.705730,13.500676,1,2,2,NONE,,
START_A,,194,37.2890989002,127.1071993307,-39.866865,13.569928,1,2,2,NONE,,
START_A,,195,37.2890995177,127.1071974600,-40.032544,13.638668,1,2,2,NONE,,
START_A,,196,37.2890999743,127.1071955945,-40.197762,13.689497,1,2,2,NONE,,
START_A,,197,37.2891004002,127.1071938307,-40.353973,13.736908,1,2,2,NONE,,
START_A,,198,37.2891007335,127.1071919973,-40.516349,13.774011,1,2,2,NONE,,
START_A,,199,37.2891010668,127.1071903307,-40.663951,13.811114,1,2,2,NONE,,
START_A,,200,37.2891017335,127.1071879973,-40.870609,13.885331,1,2,2,NONE,,
START_A,,201,37.2891022577,127.1071862054,-41.029309,13.943685,1,2,2,NONE,,
START_A,,202,37.2891027335,127.1071843307,-41.195342,13.996651,1,2,2,NONE,,
START_A,,203,37.2891030406,127.1071827818,-41.332520,14.030837,1,2,2,NONE,,
START_A,,204,37.2891033668,127.1071813058,-41.463242,14.067150,1,2,2,NONE,,
START_A,,205,37.2891036441,127.1071801168,-41.568546,14.098019,1,2,2,NONE,,
START_A,,206,37.2891040518,127.1071783333,-41.726502,14.143404,1,2,2,NONE,,
START_A,,207,37.2891044595,127.1071766112,-41.879020,14.188789,1,2,2,NONE,,
START_A,,208,37.2891050668,127.1071741640,-42.095756,14.256394,1,2,2,NONE,,
START_A,,209,37.2891055668,127.1071721640,-42.272887,14.312054,1,2,2,NONE,,
START_A,,210,37.2891062335,127.1071696640,-42.494299,14.386271,1,2,2,NONE,,
START_A,,211,37.2891070668,127.1071671640,-42.715712,14.479034,1,2,2,NONE,,
START_A,,212,37.2891077335,127.1071646640,-42.937125,14.553251,1,2,2,NONE,,
START_A,,213,37.2891087335,127.1071619973,-43.173301,14.664571,1,2,2,NONE,,
START_A,,214,37.2891094002,127.1071593307,-43.409469,14.738788,1,2,2,NONE,,
START_A,,215,37.2891100668,127.1071566640,-43.645645,14.812994,1,2,2,NONE,,
START_A,,216,37.2891109002,127.1071541640,-43.867058,14.905768,1,2,2,NONE,,
START_A,,217,37.2891117335,127.1071514973,-44.103235,14.998531,1,2,2,NONE,,
START_A,,218,37.2891127335,127.1071488307,-44.339402,15.109851,1,2,2,NONE,,
START_A,,219,37.2891135668,127.1071463307,-44.560815,15.202614,1,2,2,NONE,,
START_A,,220,37.2891142335,127.1071436640,-44.796991,15.276831,1,2,2,NONE,,
START_A,,221,37.2891150668,127.1071408307,-45.047923,15.369594,1,2,2,NONE,,
START_A,,222,37.2891157335,127.1071381640,-45.284099,15.443811,1,2,2,NONE,,
START_A,,223,37.2891165668,127.1071354973,-45.520276,15.536574,1,2,2,NONE,,
START_A,,224,37.2891174002,127.1071328307,-45.756444,15.629348,1,2,2,NONE,,
START_A,,225,37.2891180668,127.1071299973,-46.007384,15.703554,1,2,2,NONE,,
START_A,,226,37.2891185668,127.1071269973,-46.273079,15.759214,1,2,2,NONE,,
START_A,,227,37.2891192335,127.1071243307,-46.509247,15.833431,1,2,2,NONE,,
START_A,,228,37.2891199002,127.1071213307,-46.774942,15.907648,1,2,2,NONE,,
START_A,,229,37.2891205668,127.1071186640,-47.011119,15.981854,1,2,2,NONE,,
START_A,,230,37.2891212335,127.1071156640,-47.276814,16.056071,1,2,2,NONE,,
START_A,,231,37.2891218947,127.1071128348,-47.527382,16.129676,1,3,2,NONE,,
START_A,,232,37.2891225668,127.1071101640,-47.763922,16.204494,1,3,2,NONE,,
START_A,,233,37.2891230854,127.1071083248,-47.926811,16.262225,1,3,2,NONE,,
START_A,,234,37.2891239002,127.1071054973,-48.177228,16.352928,1,3,2,NONE,,
START_A,,235,37.2891247335,127.1071024973,-48.442924,16.445691,1,3,2,NONE,,
START_A,,236,37.2891254002,127.1070996640,-48.693855,16.519908,1,3,2,NONE,,
START_A,,237,37.2891260668,127.1070966640,-48.959550,16.594114,1,3,2,NONE,,
START_A,,238,37.2891269002,127.1070938307,-49.210482,16.686888,1,3,2,NONE,,
START_A,,239,37.2891277500,127.1070908995,-49.470084,16.781488,1,3,2,NONE,,
START_A,,240,37.2891282335,127.1070891640,-49.623789,16.835311,1,3,2,NONE,,
START_A,,241,37.2891290668,127.1070861640,-49.889484,16.928074,1,3,2,NONE,,
START_A,,242,37.2891297335,127.1070829973,-50.169943,17.002291,1,3,2,NONE,,
START_A,,243,37.2891305668,127.1070801640,-50.420874,17.095054,1,3,2,NONE,,
START_A,,244,37.2891319002,127.1070756640,-50.819417,17.243488,1,3,2,NONE,,
START_A,,245,37.2891322335,127.1070739973,-50.967029,17.280591,1,3,2,NONE,,
START_A,,246,37.2891330668,127.1070709973,-51.232724,17.373354,1,3,2,NONE,,
START_A,,247,37.2891337335,127.1070679973,-51.498419,17.447571,1,3,2,NONE,,
START_A,,248,37.2891340668,127.1070663307,-51.646022,17.484674,1,3,2,NONE,,
START_A,,249,37.2891349002,127.1070633307,-51.911717,17.577448,1,3,2,NONE,,
START_A,,250,37.2891359002,127.1070601640,-52.192176,17.688768,1,3,2,NONE,,
START_A,,251,37.2891367335,127.1070571640,-52.457871,17.781531,1,3,2,NONE,,
START_A,,252,37.2891370668,127.1070554973,-52.605483,17.818634,1,3,2,NONE,,
START_A,,253,37.2891377335,127.1070524973,-52.871178,17.892851,1,3,2,NONE,,
START_A,,254,37.2891380668,127.1070508307,-53.018781,17.929954,1,3,2,NONE,,
START_A,,255,37.2891388243,127.1070481154,-53.259261,18.014279,1,3,2,NONE,,
START_A,,256,37.2891393626,127.1070462089,-53.428111,18.074203,1,3,2,NONE,,
START_A,,257,37.2891397703,127.1070446099,-53.569726,18.119588,1,3,2,NONE,,
START_A,,258,37.2891405668,127.1070416640,-53.830630,18.208254,1,3,2,NONE,,
START_A,,259,37.2891409002,127.1070399973,-53.978242,18.245368,1,3,2,NONE,,
START_A,,260,37.2891415668,127.1070369973,-54.243937,18.319574,1,3,2,NONE,,
START_A,,261,37.2891419002,127.1070353307,-54.391539,18.356688,1,3,2,NONE,,
START_A,,262,37.2891427335,127.1070324973,-54.642480,18.449451,1,3,2,NONE,,
START_A,,263,37.2891432335,127.1070308307,-54.790082,18.505111,1,3,2,NONE,,
START_A,,264,37.2891437335,127.1070291640,-54.937694,18.560771,1,3,2,NONE,,
START_A,,265,37.2891445668,127.1070261640,-55.203389,18.653534,1,3,2,NONE,,
START_A,,266,37.2891452335,127.1070229973,-55.483848,18.727751,1,3,2,NONE,,
START_A,,267,37.2891460668,127.1070199973,-55.749543,18.820514,1,3,2,NONE,,
START_A,,268,37.2891467335,127.1070169973,-56.015238,18.894731,1,3,2,NONE,,
START_A,,269,37.2891475668,127.1070138307,-56.295689,18.987494,1,3,2,NONE,,
START_A,,270,37.2891479905,127.1070121579,-56.443840,19.034660,1,3,2,NONE,,
START_A,,271,37.2891484002,127.1070104973,-56.590911,19.080268,1,3,2,NONE,,
START_A,,272,37.2891487335,127.1070088307,-56.738514,19.117371,1,3,2,NONE,,
START_A,,273,37.2891490668,127.1070069973,-56.900889,19.154474,1,3,2,NONE,,
START_A,,274,37.2891495668,127.1070038307,-57.181339,19.210134,1,3,2,NONE,,
START_A,,275,37.2891499002,127.1070021640,-57.328951,19.247248,1,3,2,NONE,,
START_A,,276,37.2891504002,127.1069989973,-57.609410,19.302908,1,3,2,NONE,,
START_A,,277,37.2891510668,127.1069958307,-57.889860,19.377114,1,3,2,NONE,,
START_A,,278,37.2891515668,127.1069926640,-58.170319,19.432774,1,3,2,NONE,,
START_A,,279,37.2891517335,127.1069908307,-58.332686,19.451331,1,3,2,NONE,,
START_A,,280,37.2891520668,127.1069878307,-58.598381,19.488434,1,3,2,NONE,,
START_A,,281,37.2891525668,127.1069849973,-58.849321,19.544094,1,3,2,NONE,,
START_A,,282,37.2891530668,127.1069819973,-59.115016,19.599754,1,3,2,NONE,,
START_A,,283,37.2891533727,127.1069790295,-59.377860,19.633807,1,3,2,NONE,,
START_A,,284,37.2891535668,127.1069756640,-59.675926,19.655414,1,3,2,NONE,,
START_A,,285,37.2891535668,127.1069726640,-59.941621,19.655414,1,3,2,NONE,,
START_A,,286,37.2891533890,127.1069698658,-60.189444,19.635621,1,3,2,NONE,,
START_A,,287,37.2891532335,127.1069669973,-60.443493,19.618311,1,3,2,NONE,,
START_A,,288,37.2891529002,127.1069636640,-60.738707,19.581208,1,3,2,NONE,,
START_A,,289,37.2891525668,127.1069606640,-61.004402,19.544094,1,3,2,NONE,,
START_A,,290,37.2891520668,127.1069576640,-61.270097,19.488434,1,3,2,NONE,,
START_A,,291,37.2891512335,127.1069548307,-61.521029,19.395671,1,3,2,NONE,,
START_A,,292,37.2891505668,127.1069518307,-61.786724,19.321454,1,3,2,NONE,,
START_A,,293,37.2891499002,127.1069486640,-62.067183,19.247248,1,3,2,NONE,,
START_A,,294,37.2891490668,127.1069456640,-62.332878,19.154474,1,3,2,NONE,,
START_A,,295,37.2891480668,127.1069426640,-62.598573,19.043154,1,3,2,NONE,,
START_A,,296,37.2891470668,127.1069399973,-62.834750,18.931834,1,3,2,NONE,,
START_A,,297,37.2891462335,127.1069373307,-63.070918,18.839071,1,3,2,NONE,,
START_A,,298,37.2891452335,127.1069343307,-63.336613,18.727751,1,3,2,NONE,,
START_A,,299,37.2891442335,127.1069314973,-63.587553,18.616431,1,3,2,NONE,,
START_A,,300,37.2891432335,127.1069284973,-63.853248,18.505111,1,3,2,NONE,,
START_A,,301,37.2891420668,127.1069258307,-64.089416,18.375234,1,3,2,NONE,,
START_A,,302,37.2891409002,127.1069231640,-64.325593,18.245368,1,3,2,NONE,,
START_A,,303,37.2891399334,127.1069207677,-64.537821,18.137744,1,3,2,NONE,,
START_A,,304,37.2891391832,127.1069191686,-64.679446,18.054232,1,3,2,NONE,,
START_A,,305,37.2891384002,127.1069176640,-64.812701,17.967068,1,3,2,NONE,,
START_A,,306,37.2891370668,127.1069151641,-65.034104,17.818634,1,3,2,NONE,,
START_A,,307,37.2891354002,127.1069126640,-65.255526,17.633108,1,3,2,NONE,,
START_A,,308,37.2891339002,127.1069103307,-65.462175,17.466128,1,3,2,NONE,,
START_A,,309,37.2891330668,127.1069089973,-65.580268,17.373354,1,3,2,NONE,,
START_A,,310,37.2891314002,127.1069064974,-65.801671,17.187828,1,3,2,NONE,,
START_A,,311,37.2891303269,127.1069049414,-65.939479,17.068348,1,3,2,NONE,,
START_A,,312,37.2891287335,127.1069029974,-66.111649,16.890971,1,3,2,NONE,,
START_A,,313,37.2891275869,127.1069017844,-66.219079,16.763332,1,3,2,NONE,,
START_A,,314,37.2891257335,127.1069001640,-66.362590,16.557011,1,3,2,NONE,,
START_A,,315,37.2891240668,127.1068983308,-66.524947,16.371474,1,3,2,NONE,,
START_A,,316,37.2891222335,127.1068963308,-66.702077,16.167391,1,3,2,NONE,,
START_A,,317,37.2891212335,127.1068951641,-66.805406,16.056071,1,3,2,NONE,,
START_A,,318,37.2891202335,127.1068939974,-66.908735,15.944751,1,3,2,NONE,,
START_A,,319,37.2891182335,127.1068919974,-67.085865,15.722111,1,3,2,NONE,,
START_A,,320,37.2891164002,127.1068901640,-67.248240,15.518028,1,3,2,NONE,,
START_A,,321,37.2891152335,127.1068891640,-67.336805,15.388151,1,3,2,NONE,,
START_A,,322,37.2891134002,127.1068873308,-67.499163,15.184068,1,3,2,NONE,,
START_A,,323,37.2891114002,127.1068853308,-67.676293,14.961428,1,3,2,NONE,,
START_A,,324,37.2891102822,127.1068841951,-67.776877,14.836972,1,3,2,NONE,,
START_A,,325,37.2891082335,127.1068823308,-67.941988,14.608911,1,3,2,NONE,,
START_A,,326,37.2891061231,127.1068805666,-68.098235,14.373981,1,3,2,NONE,,
START_A,,327,37.2891040668,127.1068791641,-68.222447,14.145074,1,3,2,NONE,,
START_A,,328,37.2891020668,127.1068774974,-68.370059,13.922434,1,3,2,NONE,,
START_A,,329,37.2890999002,127.1068758308,-68.517661,13.681248,1,3,2,NONE,,
START_A,,330,37.2890987335,127.1068748307,-68.606235,13.551371,1,3,2,NONE,,
START_A,,331,37.2890965668,127.1068733308,-68.739074,13.310174,1,3,2,NONE,,
START_A,,332,37.2890944002,127.1068718308,-68.871922,13.068988,1,3,2,NONE,,
START_A,,333,37.2890920668,127.1068703308,-69.004769,12.809234,1,3,2,NONE,,
START_A,,334,37.2890900668,127.1068686641,-69.152381,12.586594,1,3,2,NONE,,
START_A,,335,37.2890880668,127.1068668308,-69.314747,12.363954,1,3,2,NONE,,
START_A,,336,37.2890869002,127.1068658308,-69.403312,12.234088,1,3,2,NONE,,
START_A,,337,37.2890847335,127.1068639974,-69.565688,11.992891,1,3,2,NONE,,
START_A,,338,37.2890825668,127.1068623308,-69.713290,11.751694,1,3,2,NONE,,
START_A,,339,37.2890805668,127.1068604974,-69.875665,11.529054,1,3,2,NONE,,
START_A,,340,37.2890785668,127.1068586641,-70.038032,11.306414,1,3,2,NONE,,
START_A,,341,37.2890767335,127.1068566641,-70.215162,11.102331,1,3,2,NONE,,
START_A,,342,37.2890747335,127.1068548308,-70.377528,10.879691,1,3,2,NONE,,
START_A,,343,37.2890725668,127.1068533308,-70.510376,10.638494,1,3,2,NONE,,
START_A,,344,37.2890705668,127.1068514974,-70.672751,10.415854,1,3,2,NONE,,
START_A,,345,37.2890685668,127.1068498308,-70.820354,10.193214,1,3,2,NONE,,
START_A,,346,37.2890664002,127.1068478308,-70.997484,9.952028,1,3,2,NONE,,
START_A,,347,37.2890644002,127.1068463308,-71.130331,9.729388,1,3,2,NONE,,
START_A,,348,37.2890622335,127.1068449974,-71.248424,9.488191,1,3,2,NONE,,
START_A,,349,37.2890602335,127.1068434974,-71.381272,9.265551,1,3,2,NONE,,
START_A,,350,37.2890582335,127.1068419974,-71.514119,9.042911,1,3,2,NONE,,
START_A,,351,37.2890560668,127.1068403308,-71.661722,8.801714,1,3,2,NONE,,
START_A,,352,37.2890549002,127.1068393308,-71.750287,8.671848,1,3,2,NONE,,
START_A,,353,37.2890529002,127.1068379974,-71.868380,8.449208,1,3,2,NONE,,
START_A,,354,37.2890507335,127.1068364974,-72.001227,8.208011,1,3,2,NONE,,
START_A,,355,37.2890485668,127.1068349974,-72.134075,7.966814,1,3,2,NONE,,
START_A,,356,37.2890465668,127.1068333308,-72.281678,7.744174,1,3,2,NONE,,
START_A,,357,37.2890444002,127.1068316641,-72.429289,7.502988,1,3,2,NONE,,
START_A,,358,37.2890424006,127.1068300129,-72.575528,7.280393,1,3,2,NONE,,
START_A,,359,37.2890404002,127.1068286641,-72.694984,7.057708,1,3,2,NONE,,
START_A,,360,37.2890382335,127.1068271641,-72.827832,6.816511,1,3,2,NONE,,
START_A,,361,37.2890364002,127.1068256641,-72.960679,6.612428,1,3,2,NONE,,
START_A,,362,37.2890342335,127.1068239974,-73.108291,6.371231,1,3,2,NONE,,
START_A,,363,37.2890322335,127.1068224974,-73.241139,6.148591,1,3,2,NONE,,
START_A,,364,37.2890302335,127.1068211641,-73.359222,5.925951,1,3,2,NONE,,
START_A,,365,37.2890280668,127.1068201641,-73.447787,5.684754,1,3,2,NONE,,
START_A,,366,37.2890260668,127.1068189974,-73.551116,5.462114,1,3,2,NONE,,
START_A,,367,37.2890237335,127.1068178308,-73.654436,5.202371,1,3,2,NONE,,
START_A,,368,37.2890215668,127.1068166641,-73.757765,4.961174,1,3,2,NONE,,
START_A,,369,37.2890194002,127.1068158308,-73.831567,4.719988,1,3,2,NONE,,
START_A,,370,37.2890172335,127.1068149974,-73.905377,4.478791,1,3,2,NONE,,
START_A,,371,37.2890149002,127.1068144974,-73.949659,4.219048,1,3,2,NONE,,
START_A,,372,37.2890129002,127.1068138308,-74.008697,3.996408,1,3,2,NONE,,
START_A,,373,37.2890105668,127.1068133308,-74.052979,3.736654,1,3,2,NONE,,
START_A,,374,37.2890084002,127.1068129974,-74.082507,3.495468,1,3,2,NONE,,
START_A,,375,37.2890062335,127.1068128308,-74.097262,3.254271,1,3,2,NONE,,
START_A,,376,37.2890039002,127.1068126641,-74.112026,2.994528,1,3,2,NONE,,
START_A,,377,37.2890017335,127.1068124974,-74.126789,2.753331,1,3,2,NONE,,
START_A,,378,37.2889995668,127.1068123308,-74.141544,2.512134,1,3,2,NONE,,
START_A,,379,37.2889972335,127.1068121641,-74.156308,2.252391,1,3,2,NONE,,
START_A,,380,37.2889949880,127.1068123006,-74.144219,2.002422,1,3,2,NONE,,
START_A,,381,37.2889927335,127.1068126641,-74.112026,1.751451,1,3,2,NONE,,
START_A,,382,37.2889904002,127.1068131641,-74.067743,1.491708,1,3,2,NONE,,
START_A,,383,37.2889882335,127.1068136641,-74.023460,1.250511,1,3,2,NONE,,
START_A,,384,37.2889860668,127.1068144974,-73.949659,1.009314,1,3,2,NONE,,
START_A,,385,37.2889845968,127.1068149907,-73.905970,0.845674,1,3,2,NONE,,
START_A,,386,37.2889827335,127.1068158308,-73.831567,0.638251,1,3,2,NONE,,
START_A,,387,37.2889805668,127.1068168308,-73.743001,0.397054,1,3,2,NONE,,
START_A,,388,37.2889784916,127.1068181209,-73.628744,0.166043,1,3,2,NONE,,
START_A,,389,37.2889765668,127.1068191641,-73.536353,-0.048226,1,3,2,NONE,,
START_A,,390,37.2889744002,127.1068203308,-73.433024,-0.289412,1,3,2,NONE,,
START_A,,391,37.2889724002,127.1068216641,-73.314940,-0.512052,1,3,2,NONE,,
START_A,,392,37.2889704002,127.1068229974,-73.196856,-0.734692,1,3,2,NONE,,
START_A,,393,37.2889685668,127.1068246641,-73.049245,-0.938786,1,3,2,NONE,,
START_A,,394,37.2889665668,127.1068263308,-72.901633,-1.161426,1,3,2,NONE,,
START_A,,395,37.2889645668,127.1068278308,-72.768785,-1.384066,1,3,2,NONE,,
START_A,,396,37.2889625668,127.1068294974,-72.621183,-1.606706,1,3,2,NONE,,
START_A,,397,37.2889607335,127.1068311641,-72.473571,-1.810789,1,3,2,NONE,,
START_A,,398,37.2889587115,127.1068330195,-72.309248,-2.035878,1,3,2,NONE,,
START_A,,399,37.2889570668,127.1068348308,-72.148830,-2.218966,1,3,2,NONE,,
START_A,,400,37.2889554002,127.1068364974,-72.001227,-2.404492,1,3,2,NONE,,
START_A,,401,37.2889535668,127.1068384974,-71.824097,-2.608586,1,3,2,NONE,,
START_A,,402,37.2889525668,127.1068396641,-71.720768,-2.719906,1,3,2,NONE,,
START_A,,403,37.2889510668,127.1068418308,-71.528874,-2.886886,1,3,2,NONE,,
START_A,,404,37.2889494002,127.1068441641,-71.322225,-3.072412,1,3,2,NONE,,
START_A,,405,37.2889477926,127.1068464966,-71.115647,-3.251370,1,3,2,NONE,,
START_A,,406,37.2889464002,127.1068484974,-70.938446,-3.406372,1,3,2,NONE,,
START_A,,407,37.2889449002,127.1068509974,-70.717034,-3.573352,1,3,2,NONE,,
START_A,,408,37.2889434002,127.1068533308,-70.510376,-3.740332,1,3,2,NONE,,
START_A,,409,37.2889420668,127.1068556641,-70.303727,-3.888766,1,3,2,NONE,,
START_A,,410,37.2889407335,127.1068581641,-70.082314,-4.037189,1,3,2,NONE,,
START_A,,411,37.2889395668,127.1068604974,-69.875665,-4.167066,1,3,2,NONE,,
START_A,,412,37.2889382335,127.1068626641,-69.683771,-4.315489,1,3,2,NONE,,
START_A,,413,37.2889369002,127.1068651641,-69.462359,-4.463912,1,3,2,NONE,,
START_A,,414,37.2889355668,127.1068674974,-69.255710,-4.612346,1,3,2,NONE,,
START_A,,415,37.2889342335,127.1068699974,-69.034297,-4.760769,1,3,2,NONE,,
START_A,,416,37.2889330779,127.1068724054,-68.821032,-4.889410,1,3,2,NONE,,
START_A,,417,37.2889319002,127.1068746641,-68.620990,-5.020512,1,3,2,NONE,,
START_A,,418,37.2889305668,127.1068769974,-68.414341,-5.168946,1,3,2,NONE,,
START_A,,419,37.2889292335,127.1068794974,-68.192929,-5.317369,1,3,2,NONE,,
START_A,,420,37.2889280668,127.1068821641,-67.956752,-5.447246,1,3,2,NONE,,
START_A,,421,37.2889270668,127.1068846641,-67.735339,-5.558566,1,3,2,NONE,,
START_A,,422,37.2889260668,127.1068871640,-67.513936,-5.669886,1,3,2,NONE,,
START_A,,423,37.2889249002,127.1068894973,-67.307287,-5.799752,1,3,2,NONE,,
START_A,,424,37.2889235668,127.1068918308,-67.100620,-5.948186,1,3,2,NONE,,
START_A,,425,37.2889224002,127.1068943308,-66.879207,-6.078052,1,3,2,NONE,,
START_A,,426,37.2889214002,127.1068968307,-66.657804,-6.189372,1,3,2,NONE,,
START_A,,427,37.2889205593,127.1068991083,-66.456088,-6.282981,1,3,2,NONE,,
START_A,,428,37.2889195668,127.1069014973,-66.244506,-6.393466,1,3,2,NONE,,
START_A,,429,37.2889184002,127.1069039974,-66.023084,-6.523332,1,3,2,NONE,,
START_A,,430,37.2889172335,127.1069064974,-65.801671,-6.653209,1,3,2,NONE,,
START_A,,431,37.2889162335,127.1069089973,-65.580268,-6.764529,1,3,2,NONE,,
START_A,,432,37.2889152335,127.1069116640,-65.344091,-6.875849,1,3,2,NONE,,
START_A,,433,37.2889144002,127.1069139973,-65.137442,-6.968612,1,3,2,NONE,,
START_A,,434,37.2889134002,127.1069164973,-64.916029,-7.079932,1,3,2,NONE,,
START_A,,435,37.2889122335,127.1069191640,-64.679853,-7.209809,1,3,2,NONE,,
START_A,,436,37.2889112335,127.1069218307,-64.443676,-7.321129,1,3,2,NONE,,
START_A,,437,37.2889104002,127.1069244973,-64.207509,-7.413892,1,3,2,NONE,,
START_A,,438,37.2889095668,127.1069269973,-63.986096,-7.506666,1,3,2,NONE,,
START_A,,439,37.2889087335,127.1069293307,-63.779438,-7.599429,1,3,2,NONE,,
START_A,,440,37.2889075668,127.1069318307,-63.558026,-7.729306,1,3,2,NONE,,
START_A,,441,37.2889065668,127.1069344973,-63.321858,-7.840626,1,3,2,NONE,,
START_A,,442,37.2889057335,127.1069371640,-63.085681,-7.933389,1,3,2,NONE,,
START_A,,443,37.2889049825,127.1069396389,-62.866492,-8.016990,1,3,2,NONE,,
START_A,,444,37.2889044002,127.1069423307,-62.628092,-8.081812,1,3,2,NONE,,
START_A,,445,37.2889037335,127.1069448307,-62.406679,-8.156029,1,3,2,NONE,,
START_A,,446,37.2889029002,127.1069474973,-62.170512,-8.248792,1,3,2,NONE,,
START_A,,447,37.2889022335,127.1069503307,-61.919572,-8.323009,1,3,2,NONE,,
START_A,,448,37.2889017335,127.1069529973,-61.683404,-8.378669,1,3,2,NONE,,
START_A,,449,37.2889014002,127.1069558307,-61.432464,-8.415772,1,3,2,NONE,,
START_A,,450,37.2889009833,127.1069584152,-61.203567,-8.462181,1,3,2,NONE,,
START_A,,451,37.2889005668,127.1069609973,-60.974883,-8.508546,1,3,2,NONE,,
START_A,,452,37.2889000668,127.1069636640,-60.738707,-8.564206,1,3,2,NONE,,
START_A,,453,37.2888995668,127.1069663307,-60.502530,-8.619866,1,3,2,NONE,,
START_A,,454,37.2888990668,127.1069689973,-60.266362,-8.675526,1,3,2,NONE,,
START_A,,455,37.2888987335,127.1069714973,-60.044950,-8.712629,1,3,2,NONE,,
START_A,,456,37.2888983116,127.1069738545,-59.836184,-8.759595,1,3,2,NONE,,
START_A,,457,37.2888977335,127.1069764973,-59.602124,-8.823949,1,3,2,NONE,,
START_A,,458,37.2888971353,127.1069791347,-59.368543,-8.890541,1,3,2,NONE,,
START_A,,459,37.2888967335,127.1069816640,-59.144535,-8.935269,1,3,2,NONE,,
START_A,,460,37.2888965668,127.1069844973,-58.893604,-8.953826,1,3,2,NONE,,
START_A,,461,37.2888962335,127.1069871640,-58.657427,-8.990929,1,3,2,NONE,,
START_A,,462,37.2888960668,127.1069896640,-58.436014,-9.009486,1,3,2,NONE,,
START_A,,463,37.2888959002,127.1069923307,-58.199838,-9.028032,1,3,2,NONE,,
START_A,,464,37.2888959002,127.1069949973,-57.963670,-9.028032,1,3,2,NONE,,
START_A,,465,37.2888959759,127.1069976575,-57.728069,-9.019605,1,3,2,NONE,,
START_A,,466,37.2888962335,127.1070003307,-57.491317,-8.990929,1,3,2,NONE,,
START_A,,467,37.2888964002,127.1070029973,-57.255150,-8.972372,1,3,2,NONE,,
START_A,,468,37.2888967335,127.1070056640,-57.018973,-8.935269,1,3,2,NONE,,
START_A,,469,37.2888972335,127.1070084973,-56.768042,-8.879609,1,3,2,NONE,,
START_A,,470,37.2888979002,127.1070111640,-56.531865,-8.805392,1,3,2,NONE,,
START_A,,471,37.2888985668,127.1070138307,-56.295689,-8.731186,1,3,2,NONE,,
START_A,,472,37.2888994002,127.1070163307,-56.074276,-8.638412,1,3,2,NONE,,
START_A,,473,37.2889000668,127.1070188307,-55.852863,-8.564206,1,3,2,NONE,,
START_A,,474,37.2889009002,127.1070214973,-55.616696,-8.471432,1,3,2,NONE,,
START_A,,475,37.2889019002,127.1070241640,-55.380519,-8.360112,1,3,2,NONE,,
START_A,,476,37.2889030165,127.1070264873,-55.174756,-8.235845,1,3,2,NONE,,
START_A,,477,37.2889044002,127.1070286640,-54.981976,-8.081812,1,3,2,NONE,,
START_A,,478,37.2889059002,127.1070304973,-54.819610,-7.914832,1,3,2,NONE,,
START_A,,479,37.2889074002,127.1070324973,-54.642480,-7.747852,1,3,2,NONE,,
START_A,,480,37.2889089002,127.1070346640,-54.450586,-7.580872,1,3,2,NONE,,
START_A,,481,37.2889105668,127.1070366640,-54.273455,-7.395346,1,3,2,NONE,,
START_A,,482,37.2889124002,127.1070383307,-54.125844,-7.191252,1,3,2,NONE,,
START_A,,483,37.2889144002,127.1070398307,-53.992996,-6.968612,1,3,2,NONE,,
START_A,,484,37.2889162335,127.1070411640,-53.874913,-6.764529,1,3,2,NONE,,
START_A,,485,37.2889180668,127.1070428307,-53.727301,-6.560446,1,3,2,NONE,,
START_A,,486,37.2889199002,127.1070444973,-53.579699,-6.356352,1,3,2,NONE,,
START_A,,487,37.2889217335,127.1070458307,-53.461606,-6.152269,1,3,2,NONE,,
START_A,,488,37.2889239002,127.1070471640,-53.343522,-5.911072,1,3,2,NONE,,
START_A,,489,37.2889257335,127.1070483307,-53.240193,-5.706989,1,3,2,NONE,,
START_A,,490,37.2889275668,127.1070494973,-53.136873,-5.502906,1,3,2,NONE,,
START_A,,491,37.2889297335,127.1070508307,-53.018781,-5.261709,1,3,2,NONE,,
START_A,,492,37.2889319002,127.1070521640,-52.900697,-5.020512,1,3,2,NONE,,
START_A,,493,37.2889339002,127.1070531640,-52.812132,-4.797872,1,3,2,NONE,,
START_A,,494,37.2889360668,127.1070539973,-52.738330,-4.556686,1,3,2,NONE,,
START_A,,495,37.2889380668,127.1070549973,-52.649765,-4.334046,1,3,2,NONE,,
START_A,,496,37.2889402335,127.1070563307,-52.531673,-4.092849,1,3,2,NONE,,
START_A,,497,37.2889423365,127.1070576192,-52.417556,-3.858743,1,3,2,NONE,,
START_A,,498,37.2889445668,127.1070588307,-52.310260,-3.610466,1,3,2,NONE,,
START_A,,499,37.2889467335,127.1070598307,-52.221695,-3.369269,1,3,2,NONE,,
START_A,,500,37.2889489002,127.1070609973,-52.118375,-3.128072,1,3,2,NONE,,
START_A,,501,37.2889509002,127.1070621640,-52.015046,-2.905432,1,3,2,NONE,,
START_A,,502,37.2889530668,127.1070634973,-51.896962,-2.664246,1,3,2,NONE,,
START_A,,503,37.2889552335,127.1070648307,-51.778869,-2.423049,1,3,2,NONE,,
START_A,,504,37.2889574002,127.1070661640,-51.660786,-2.181852,1,3,2,NONE,,
START_A,,505,37.2889594592,127.1070671658,-51.572061,-1.952644,1,3,2,NONE,,
START_A,,506,37.2889614002,127.1070684973,-51.454137,-1.736572,1,3,2,NONE,,
START_A,,507,37.2889634002,127.1070699973,-51.321289,-1.513932,1,3,2,NONE,,
START_A,,508,37.2889652335,127.1070714973,-51.188441,-1.309849,1,3,2,NONE,,
START_A,,509,37.2889672335,127.1070728307,-51.070349,-1.087209,1,3,2,NONE,,
START_A,,510,37.2889692335,127.1070739973,-50.967029,-0.864569,1,3,2,NONE,,
START_A,,511,37.2889712335,127.1070751640,-50.863700,-0.641929,1,3,2,NONE,,
START_A,,512,37.2889730668,127.1070764973,-50.745616,-0.437846,1,3,2,NONE,,
START_A,,513,37.2889749002,127.1070781640,-50.598004,-0.233752,1,3,2,NONE,,
START_A,,514,37.2889767335,127.1070794973,-50.479921,-0.029669,1,3,2,NONE,,
START_A,,515,37.2889785668,127.1070809973,-50.347073,0.174414,1,3,2,NONE,,
START_A,,516,37.2889804971,127.1070826472,-50.200950,0.389295,1,3,2,NONE,,
START_A,,517,37.2889820668,127.1070841640,-50.066614,0.564034,1,3,2,NONE,,
START_A,,518,37.2889835668,127.1070859973,-49.904248,0.731014,1,3,2,NONE,,
START_A,,519,37.2889850668,127.1070883307,-49.697590,0.897994,1,3,2,NONE,,
START_A,,520,37.2889864002,127.1070903307,-49.520460,1.046428,1,3,2,NONE,,
START_A,,521,37.2889878066,127.1070926373,-49.316175,1.202989,1,3,2,NONE,,
START_A,,522,37.2889889324,127.1070948550,-49.119765,1.328313,1,3,2,NONE,,
START_A,,523,37.2889899002,127.1070971640,-48.915268,1.436048,1,3,2,NONE,,
START_A,,524,37.2889907335,127.1070999973,-48.664336,1.528811,1,3,2,NONE,,
START_A,,525,37.2889912335,127.1071024973,-48.442924,1.584471,1,3,2,NONE,,
START_A,,526,37.2889919002,127.1071051640,-48.206747,1.658688,1,3,2,NONE,,
START_A,,527,37.2889923099,127.1071078231,-47.971244,1.704296,1,3,2,NONE,,
START_A,,528,37.2889925668,127.1071103307,-47.749158,1.732894,1,3,2,NONE,,
START_A,,529,37.2889925668,127.1071131640,-47.498227,1.732894,1,3,2,NONE,,
START_A,,530,37.2889924002,127.1071159973,-47.247295,1.714348,1,3,2,NONE,,
START_A,,531,37.2889922335,127.1071184973,-47.025882,1.695791,1,3,2,NONE,,
START_A,,532,37.2889920668,127.1071214973,-46.760187,1.677234,1,3,2,NONE,,
START_A,,533,37.2889916714,127.1071242761,-46.514082,1.633218,1,3,2,NONE,,
START_A,,534,37.2889910668,127.1071268307,-46.287834,1.565914,1,3,2,NONE,,
START_A,,535,37.2889902335,127.1071296640,-46.036903,1.473151,1,3,2,NONE,,
START_A,,536,37.2889895668,127.1071323307,-45.800726,1.398934,1,3,2,NONE,,
START_A,,537,37.2889890668,127.1071349973,-45.564558,1.343274,1,3,2,NONE,,
START_A,,538,37.2889884002,127.1071378307,-45.313618,1.269068,1,3,2,NONE,,
START_A,,539,37.2889876554,127.1071404546,-45.081232,1.186157,1,3,2,NONE,,
START_A,,540,37.2889867335,127.1071429973,-44.856038,1.083531,1,3,2,NONE,,
START_A,,541,37.2889858574,127.1071456081,-44.624812,0.986004,1,3,2,NONE,,
START_A,,542,37.2889850668,127.1071484973,-44.368930,0.897994,1,3,2,NONE,,
START_A,,543,37.2889844002,127.1071513307,-44.117990,0.823788,1,3,2,NONE,,
START_A,,544,37.2889836226,127.1071541197,-43.870982,0.737226,1,3,2,NONE,,
START_A,,545,37.2889827335,127.1071566640,-43.645645,0.638251,1,3,2,NONE,,
START_A,,546,37.2889817335,127.1071594973,-43.394714,0.526931,1,3,2,NONE,,
START_A,,547,37.2889807335,127.1071623307,-43.143774,0.415611,1,3,2,NONE,,
START_A,,548,37.2889799002,127.1071649973,-42.907606,0.322848,1,3,2,NONE,,
START_A,,549,37.2889790668,127.1071679973,-42.641911,0.230074,1,3,2,NONE,,
START_A,,550,37.2889783127,127.1071702137,-42.445615,0.146128,1,3,2,NONE,,
START_A,,551,37.2889775668,127.1071719973,-42.287650,0.063094,1,3,2,NONE,,
START_A,,552,37.2889765668,127.1071748307,-42.036710,-0.048226,1,3,2,NONE,,
START_A,,553,37.2889757335,127.1071774973,-41.800542,-0.140989,1,3,2,NONE,,
START_A,,554,37.2889749002,127.1071803307,-41.549602,-0.233752,1,3,2,NONE,,
START_A,,555,37.2889741454,127.1071832240,-41.293357,-0.317776,1,3,2,NONE,,
START_A,,556,37.2889732335,127.1071856640,-41.077258,-0.419289,1,3,2,NONE,,
START_A,,557,37.2889720668,127.1071883307,-40.841081,-0.549166,1,3,2,NONE,,
START_A,,558,37.2889710668,127.1071909973,-40.604914,-0.660486,1,3,2,NONE,,
START_A,,559,37.2889700668,127.1071936640,-40.368737,-0.771806,1,3,2,NONE,,
START_A,,560,37.2889692335,127.1071963307,-40.132561,-0.864569,1,3,2,NONE,,
START_A,,561,37.2889682335,127.1071989973,-39.896393,-0.975889,1,3,2,NONE,,
START_A,,562,37.2889672335,127.1072016640,-39.660217,-1.087209,1,3,2,NONE,,
START_A,,563,37.2889660668,127.1072044973,-39.409285,-1.217086,1,3,2,NONE,,
START_A,,564,37.2889650668,127.1072071640,-39.173109,-1.328406,1,3,2,NONE,,
START_A,,565,37.2889640668,127.1072099973,-38.922177,-1.439726,1,3,2,NONE,,
START_A,,566,37.2889632335,127.1072126640,-38.686001,-1.532489,1,3,2,NONE,,
START_A,,567,37.2889622335,127.1072149973,-38.479352,-1.643809,1,3,2,NONE,,
START_A,,568,37.2889609002,127.1072178307,-38.228411,-1.792232,1,3,2,NONE,,
START_A,,569,37.2889600668,127.1072201640,-38.021762,-1.885006,1,3,2,NONE,,
START_A,,570,37.2889590668,127.1072228307,-37.785586,-1.996326,1,3,2,NONE,,
START_A,,571,37.2889581150,127.1072253387,-37.563465,-2.102280,1,3,2,NONE,,
START_A,,572,37.2889570668,127.1072278307,-37.342761,-2.218966,1,3,2,NONE,,
START_A,,573,37.2889557335,127.1072303307,-37.121348,-2.367389,1,3,2,NONE,,
START_A,,574,37.2889545668,127.1072328307,-36.899935,-2.497266,1,3,2,NONE,,
START_A,,575,37.2889534002,127.1072353307,-36.678522,-2.627132,1,3,2,NONE,,
START_A,,576,37.2889522335,127.1072378307,-36.457110,-2.757009,1,3,2,NONE,,
START_A,,577,37.2889509002,127.1072399973,-36.265225,-2.905432,1,3,2,NONE,,
START_A,,578,37.2889494002,127.1072421640,-36.073331,-3.072412,1,3,2,NONE,,
START_A,,579,37.2889479002,127.1072444973,-35.866682,-3.239392,1,3,2,NONE,,
START_A,,580,37.2889465668,127.1072464973,-35.689552,-3.387826,1,3,2,NONE,,
START_A,,581,37.2889452335,127.1072488307,-35.482894,-3.536249,1,3,2,NONE,,
START_A,,582,37.2889438657,127.1072509159,-35.298218,-3.688512,1,3,2,NONE,,
START_A,,583,37.2889422357,127.1072529435,-35.118643,-3.869964,1,3,2,NONE,,
START_A,,584,37.2889404002,127.1072546640,-34.966267,-4.074292,1,3,2,NONE,,
START_A,,585,37.2889387335,127.1072563307,-34.818656,-4.259829,1,3,2,NONE,,
START_A,,586,37.2889370668,127.1072581640,-34.656289,-4.445366,1,3,2,NONE,,
START_A,,587,37.2889351951,127.1072597655,-34.514452,-4.653724,1,3,2,NONE,,
START_A,,588,37.2889334811,127.1072609060,-34.413444,-4.844526,1,3,2,NONE,,
START_A,,589,37.2889315668,127.1072619973,-34.316793,-5.057626,1,3,2,NONE,,
START_A,,590,37.2889295668,127.1072629973,-34.228228,-5.280266,1,3,2,NONE,,
START_A,,591,37.2889277335,127.1072641640,-34.124899,-5.484349,1,3,2,NONE,,
START_A,,592,37.2889259002,127.1072653307,-34.021570,-5.688432,1,3,2,NONE,,
START_A,,593,37.2889239200,127.1072664185,-33.925229,-5.908868,1,3,2,NONE,,
START_A,,594,37.2889220668,127.1072671640,-33.859204,-6.115166,1,3,2,NONE,,
START_A,,595,37.2889200668,127.1072678307,-33.800157,-6.337806,1,3,2,NONE,,
START_A,,596,37.2889179002,127.1072684973,-33.741120,-6.578992,1,3,2,NONE,,
START_A,,597,37.2889159002,127.1072693307,-33.667310,-6.801632,1,3,2,NONE,,
START_A,,598,37.2889137335,127.1072699973,-33.608272,-7.042829,1,3,2,NONE,,
START_A,,599,37.2889118719,127.1072704103,-33.571695,-7.250062,1,3,2,NONE,,
START_A,,600,37.2889097335,127.1072706640,-33.549226,-7.488109,1,3,2,NONE,,
START_A,,601,37.2889074002,127.1072706640,-33.549226,-7.747852,1,4,2,NONE,,
START_A,,602,37.2889054002,127.1072706640,-33.549226,-7.970492,1,4,2,NONE,,
START_A,,603,37.2889032335,127.1072708307,-33.534462,-8.211689,1,4,2,NONE,,
START_A,,604,37.2889010668,127.1072708307,-33.534462,-8.452886,1,4,2,NONE,,
START_A,,605,37.2888991013,127.1072705582,-33.558596,-8.671685,1,4,2,NONE,,
START_A,,606,37.2888967335,127.1072699973,-33.608272,-8.935269,1,4,2,NONE,,
START_A,,607,37.2888945668,127.1072694973,-33.652555,-9.176466,1,4,2,NONE,,
START_A,,608,37.2888924472,127.1072689319,-33.702629,-9.412420,1,4,2,NONE,,
START_A,,609,37.2888902335,127.1072684973,-33.741120,-9.658849,1,4,2,NONE,,
START_A,,610,37.2888882335,127.1072679973,-33.785402,-9.881489,1,4,2,NONE,,
START_A,,611,37.2888860668,127.1072671640,-33.859204,-10.122686,1,4,2,NONE,,
START_A,,612,37.2888837335,127.1072663307,-33.933005,-10.382429,1,4,2,NONE,,
START_A,,613,37.2888815668,127.1072654973,-34.006815,-10.623626,1,4,2,NONE,,
START_A,,614,37.2888794002,127.1072648307,-34.065852,-10.864812,1,4,2,NONE,,
START_A,,615,37.2888770668,127.1072639973,-34.139663,-11.124566,1,4,2,NONE,,
START_A,,616,37.2888748670,127.1072630353,-34.224862,-11.369448,1,4,2,NONE,,
START_A,,617,37.2888727335,127.1072618307,-34.331548,-11.606949,1,4,2,NONE,,
START_A,,618,37.2888705668,127.1072606640,-34.434877,-11.848146,1,4,2,NONE,,
START_A,,619,37.2888684002,127.1072596640,-34.523442,-12.089332,1,4,2,NONE,,
START_A,,620,37.2888662335,127.1072586640,-34.612007,-12.330529,1,4,2,NONE,,
START_A,,621,37.2888639002,127.1072574973,-34.715336,-12.590272,1,4,2,NONE,,
START_A,,622,37.2888617335,127.1072563307,-34.818656,-12.831469,1,4,2,NONE,,
START_A,,623,37.2888595668,127.1072551640,-34.921985,-13.072666,1,4,2,NONE,,
START_A,,624,37.2888575668,127.1072541640,-35.010550,-13.295306,1,4,2,NONE,,
START_A,,625,37.2888554002,127.1072531640,-35.099115,-13.536492,1,4,2,NONE,,
START_A,,626,37.2888532335,127.1072521640,-35.187680,-13.777689,1,4,2,NONE,,
START_A,,627,37.2888512335,127.1072509973,-35.291009,-14.000329,1,4,2,NONE,,
START_A,,628,37.2888490668,127.1072498307,-35.394329,-14.241526,1,4,2,NONE,,
START_A,,629,37.2888470668,127.1072484973,-35.512421,-14.464166,1,4,2,NONE,,
START_A,,630,37.2888449002,127.1072474973,-35.600986,-14.705352,1,4,2,NONE,,
START_A,,631,37.2888425857,127.1072464856,-35.690588,-14.963002,1,4,2,NONE,,
START_A,,632,37.2888405668,127.1072454973,-35.778117,-15.187746,1,4,2,NONE,,
START_A,,633,37.2888384002,127.1072443307,-35.881437,-15.428932,1,4,2,NONE,,
START_A,,634,37.2888362335,127.1072431640,-35.984766,-15.670129,1,4,2,NONE,,
START_A,,635,37.2888340668,127.1072421640,-36.073331,-15.911326,1,4,2,NONE,,
START_A,,636,37.2888319002,127.1072411640,-36.161896,-16.152512,1,4,2,NONE,,
START_A,,637,37.2888297335,127.1072403307,-36.235697,-16.393709,1,4,2,NONE,,
START_A,,638,37.2888275668,127.1072393307,-36.324262,-16.634906,1,4,2,NONE,,
START_A,,639,37.2888254002,127.1072383307,-36.412827,-16.876092,1,4,2,NONE,,
START_A,,640,37.2888232335,127.1072373307,-36.501392,-17.117289,1,4,2,NONE,,
START_A,,641,37.2888210668,127.1072363307,-36.589957,-17.358486,1,4,2,NONE,,
START_A,,642,37.2888189002,127.1072353307,-36.678522,-17.599672,1,4,2,NONE,,
START_A,,643,37.2888170668,127.1072341640,-36.781851,-17.803766,1,4,2,NONE,,
START_A,,644,37.2888153771,127.1072328761,-36.895914,-17.991863,1,4,2,NONE,,
START_A,,645,37.2888126179,127.1072304921,-37.107053,-18.299017,1,4,2,NONE,,
START_A,,646,37.2888110555,127.1072292156,-37.220107,-18.472944,1,4,2,NONE,,
START_A,,647,37.2888091026,127.1072279064,-37.336056,-18.690341,1,4,2,NONE,,
START_A,,648,37.2888081912,127.1072274155,-37.379533,-18.791798,1,4,2,NONE,,
START_A,,649,37.2888074096,127.1072270022,-37.416137,-18.878805,1,4,2,NONE,,
START_A,,650,37.2888065862,127.1072265882,-37.452803,-18.970466,1,4,2,NONE,,
START_A,,651,37.2888054932,127.1072259860,-37.506137,-19.092139,1,4,2,NONE,,
START_A,,652,37.2888037414,127.1072251349,-37.581514,-19.287149,1,4,2,NONE,,
START_B,,0,37.2889460668,127.1076459972,-0.307809,-3.443486,1,1,2,NONE,,
START_B,,1,37.2889467667,127.1076440222,-0.482725,-3.365573,1,1,2,NONE,,
START_B,,2,37.2889472734,127.1076422766,-0.637324,-3.309167,1,1,2,NONE,,
START_B,,3,37.2889477335,127.1076404972,-0.794917,-3.257949,1,1,2,NONE,,
START_B,,4,37.2889482869,127.1076382663,-0.992497,-3.196344,1,1,2,NONE,,
START_B,,5,37.2889488875,127.1076364735,-1.151276,-3.129486,1,1,2,NONE,,
START_B,,6,37.2889493754,127.1076352233,-1.262001,-3.075173,1,1,2,NONE,,
START_B,,7,37.2889500511,127.1076333125,-1.431231,-2.999954,1,1,2,NONE,,
START_B,,8,37.2889504827,127.1076317320,-1.571208,-2.951908,1,1,2,NONE,,
START_B,,9,37.2889510668,127.1076298306,-1.739605,-2.886886,1,1,2,NONE,,
START_B,,10,37.2889515337,127.1076279577,-1.905479,-2.834911,1,1,2,NONE,,
START_B,,11,37.2889520592,127.1076261649,-2.064259,-2.776412,1,1,2,NONE,,
START_B,,12,37.2889527335,127.1076239972,-2.256241,-2.701349,1,1,2,NONE,,
START_B,,13,37.2889533542,127.1076220367,-2.429873,-2.632253,1,1,2,NONE,,
START_B,,14,37.2889539002,127.1076198306,-2.625256,-2.571472,1,1,2,NONE,,
START_B,,15,37.2889542335,127.1076176639,-2.817150,-2.534369,1,1,2,NONE,,
START_B,,16,37.2889547335,127.1076154972,-3.009044,-2.478709,1,1,2,NONE,,
START_B,,17,37.2889552335,127.1076134972,-3.186174,-2.423049,1,1,2,NONE,,
START_B,,18,37.2889559002,127.1076111639,-3.392823,-2.348832,1,1,2,NONE,,
START_B,,19,37.2889565668,127.1076091639,-3.569954,-2.274626,1,1,2,NONE,,
START_B,,20,37.2889571077,127.1076069393,-3.766975,-2.214413,1,1,2,NONE,,
START_B,,21,37.2889575668,127.1076046639,-3.968496,-2.163306,1,1,2,NONE,,
START_B,,22,37.2889580668,127.1076024972,-4.160390,-2.107646,1,1,2,NONE,,
START_B,,23,37.2889585668,127.1076004972,-4.337521,-2.051986,1,1,2,NONE,,
START_B,,24,37.2889592335,127.1075983306,-4.529406,-1.977769,1,1,2,NONE,,
START_B,,25,37.2889599979,127.1075961824,-4.719661,-1.892676,1,1,2,NONE,,
START_B,,26,37.2889607111,127.1075940122,-4.911865,-1.813282,1,1,2,NONE,,
START_B,,27,37.2889614002,127.1075914972,-5.134606,-1.736572,1,1,2,NONE,,
START_B,,28,37.2889620436,127.1075890819,-5.348518,-1.664949,1,1,2,NONE,,
START_B,,29,37.2889627335,127.1075866639,-5.562668,-1.588149,1,1,2,NONE,,
START_B,,30,37.2889634002,127.1075839972,-5.798844,-1.513932,1,1,2,NONE,,
START_B,,31,37.2889640668,127.1075813306,-6.035012,-1.439726,1,1,2,NONE,,
START_B,,32,37.2889647335,127.1075786639,-6.271189,-1.365509,1,1,2,NONE,,
START_B,,33,37.2889652335,127.1075758306,-6.522120,-1.309849,1,1,2,NONE,,
START_B,,34,37.2889659002,127.1075733306,-6.743533,-1.235632,1,1,2,NONE,,
START_B,,35,37.2889665668,127.1075704972,-6.994473,-1.161426,1,1,2,NONE,,
START_B,,36,37.2889674002,127.1075678306,-7.230641,-1.068652,1,1,2,NONE,,
START_B,,37,37.2889680668,127.1075651639,-7.466817,-0.994446,1,1,2,NONE,,
START_B,,38,37.2889685668,127.1075623306,-7.717749,-0.938786,1,1,2,NONE,,
START_B,,39,37.2889691378,127.1075596185,-7.957946,-0.875222,1,1,2,NONE,,
START_B,,40,37.2889699002,127.1075568306,-8.204857,-0.790352,1,1,2,NONE,,
START_B,,41,37.2889707335,127.1075539972,-8.455797,-0.697589,1,1,2,NONE,,
START_B,,42,37.2889714002,127.1075513306,-8.691965,-0.623372,1,1,2,NONE,,
START_B,,43,37.2889720668,127.1075486639,-8.928141,-0.549166,1,1,2,NONE,,
START_B,,44,37.2889727335,127.1075458306,-9.179073,-0.474949,1,1,2,NONE,,
START_B,,45,37.2889734002,127.1075433306,-9.400485,-0.400732,1,1,2,NONE,,
START_B,,46,37.2889742335,127.1075404972,-9.651426,-0.307969,1,1,2,NONE,,
START_B,,47,37.2889750308,127.1075377745,-9.892562,-0.219213,1,1,2,NONE,,
START_B,,48,37.2889755668,127.1075351639,-10.123770,-0.159546,1,1,2,NONE,,
START_B,,49,37.2889762335,127.1075324972,-10.359946,-0.085329,1,1,2,NONE,,
START_B,,50,37.2889767335,127.1075298306,-10.596114,-0.029669,1,1,2,NONE,,
START_B,,51,37.2889774002,127.1075274972,-10.802772,0.044548,1,1,2,NONE,,
START_B,,52,37.2889782335,127.1075248306,-11.038939,0.137311,1,1,2,NONE,,
START_B,,53,37.2889788219,127.1075222525,-11.267269,0.202812,1,1,2,NONE,,
START_B,,54,37.2889792335,127.1075199972,-11.467010,0.248631,1,1,2,NONE,,
START_B,,55,37.2889795668,127.1075176639,-11.673659,0.285734,1,1,2,NONE,,
START_B,,56,37.2889797791,127.1075156474,-11.852250,0.309367,1,1,2,NONE,,
START_B,,57,37.2889802335,127.1075131639,-12.072202,0.359951,1,1,2,NONE,,
START_B,,58,37.2889807335,127.1075113306,-12.234568,0.415611,1,1,2,NONE,,
START_B,,59,37.2889811491,127.1075090659,-12.435141,0.461876,1,1,2,NONE,,
START_B,,60,37.2889815245,127.1075074618,-12.577209,0.503665,1,1,2,NONE,,
START_B,,61,37.2889818623,127.1075061408,-12.694203,0.541269,1,1,2,NONE,,
START_B,,62,37.2889820668,127.1075053306,-12.765958,0.564034,1,1,2,NONE,,
START_B,,63,37.2889820668,127.1075053306,-12.765958,0.564034,1,1,2,NONE,,
START_B,,64,37.2889824066,127.1075038290,-12.898948,0.601861,1,1,2,NONE,,
START_B,,65,37.2889829002,127.1075016639,-13.090700,0.656808,1,1,2,NONE,,
START_B,,66,37.2889832335,127.1074998306,-13.253066,0.693911,1,1,2,NONE,,
START_B,,67,37.2889836640,127.1074979788,-13.417071,0.741834,1,1,2,NONE,,
START_B,,68,37.2889842335,127.1074959972,-13.592572,0.805231,1,1,2,NONE,,
START_B,,69,37.2889848839,127.1074939213,-13.776424,0.877634,1,1,2,NONE,,
START_B,,70,37.2889855668,127.1074914972,-13.991115,0.953654,1,1,2,NONE,,
START_B,,71,37.2889860668,127.1074889972,-14.212527,1.009314,1,1,2,NONE,,
START_B,,72,37.2889867335,127.1074864972,-14.433940,1.083531,1,1,2,NONE,,
START_B,,73,37.2889874002,127.1074838306,-14.670108,1.157748,1,1,2,NONE,,
START_B,,74,37.2889884002,127.1074809972,-14.921048,1.269068,1,1,2,NONE,,
START_B,,75,37.2889893506,127.1074783522,-15.155303,1.374867,1,1,2,NONE,,
START_B,,76,37.2889900668,127.1074754972,-15.408156,1.454594,1,1,2,NONE,,
START_B,,77,37.2889907335,127.1074726639,-15.659088,1.528811,1,1,2,NONE,,
START_B,,78,37.2889914002,127.1074699972,-15.895264,1.603028,1,1,2,NONE,,
START_B,,79,37.2889922335,127.1074671639,-16.146195,1.695791,1,1,2,NONE,,
START_B,,80,37.2889930668,127.1074644972,-16.382372,1.788554,1,1,2,NONE,,
START_B,,81,37.2889937335,127.1074618306,-16.618540,1.862771,1,1,2,NONE,,
START_B,,82,37.2889942335,127.1074589972,-16.869480,1.918431,1,1,2,NONE,,
START_B,,83,37.2889949002,127.1074564972,-17.090893,1.992648,1,1,2,NONE,,
START_B,,84,37.2889955668,127.1074538306,-17.327060,2.066854,1,1,2,NONE,,
START_B,,85,37.2889964002,127.1074511639,-17.563237,2.159628,1,1,2,NONE,,
START_B,,86,37.2889970668,127.1074486639,-17.784650,2.233834,1,1,2,NONE,,
START_B,,87,37.2889977335,127.1074459972,-18.020826,2.308051,1,1,2,NONE,,
START_B,,88,37.2889982335,127.1074431639,-18.271758,2.363711,1,1,2,NONE,,
START_B,,89,37.2889989002,127.1074406639,-18.493170,2.437928,1,1,2,NONE,,
START_B,,90,37.2889999002,127.1074379972,-18.729347,2.549248,1,1,2,NONE,,
START_B,,91,37.2890008176,127.1074353955,-18.959767,2.651373,1,1,2,NONE,,
START_B,,92,37.2890015668,127.1074323306,-19.231210,2.734774,1,1,2,NONE,,
START_B,,93,37.2890022335,127.1074296639,-19.467386,2.808991,1,1,2,NONE,,
START_B,,94,37.2890030668,127.1074269972,-19.703563,2.901754,1,1,2,NONE,,
START_B,,95,37.2890040668,127.1074241639,-19.954494,3.013074,1,1,2,NONE,,
START_B,,96,37.2890050668,127.1074213306,-20.205426,3.124394,1,1,2,NONE,,
START_B,,97,37.2890059002,127.1074184972,-20.456366,3.217168,1,1,2,NONE,,
START_B,,98,37.2890062335,127.1074168306,-20.603968,3.254271,1,1,2,NONE,,
START_B,,99,37.2890070668,127.1074139972,-20.854909,3.347034,1,1,2,NONE,,
START_B,,100,37.2890079002,127.1074111639,-21.105840,3.439808,1,1,2,NONE,,
START_B,,101,37.2890087335,127.1074083306,-21.356772,3.532571,1,1,2,NONE,,
START_B,,102,37.2890099002,127.1074056640,-21.592939,3.662448,1,2,2,NONE,,
START_B,,103,37.2890107335,127.1074028306,-21.843880,3.755211,1,2,2,NONE,,
START_B,,104,37.2890114002,127.1074001640,-22.080047,3.829428,1,2,2,NONE,,
START_B,,105,37.2890122335,127.1073974972,-22.316233,3.922191,1,2,2,NONE,,
START_B,,106,37.2890132335,127.1073946640,-22.567155,4.033511,1,2,2,NONE,,
START_B,,107,37.2890142335,127.1073919973,-22.803332,4.144831,1,2,2,NONE,,
START_B,,108,37.2890150668,127.1073891640,-23.054263,4.237594,1,2,2,NONE,,
START_B,,109,37.2890159002,127.1073866640,-23.275676,4.330368,1,2,2,NONE,,
START_B,,110,37.2890167335,127.1073839972,-23.511861,4.423131,1,2,2,NONE,,
START_B,,111,37.2890175668,127.1073813307,-23.748020,4.515894,1,2,2,NONE,,
START_B,,112,37.2890185668,127.1073784972,-23.998969,4.627214,1,2,2,NONE,,
START_B,,113,37.2890194002,127.1073758307,-24.235128,4.719988,1,2,2,NONE,,
START_B,,114,37.2890200668,127.1073729972,-24.486077,4.794194,1,2,2,NONE,,
START_B,,115,37.2890207335,127.1073703307,-24.722236,4.868411,1,2,2,NONE,,
START_B,,116,37.2890214002,127.1073676640,-24.958413,4.942628,1,2,2,NONE,,
START_B,,117,37.2890222335,127.1073649973,-25.194589,5.035391,1,2,2,NONE,,
START_B,,118,37.2890230668,127.1073623307,-25.430757,5.128154,1,2,2,NONE,,
START_B,,119,37.2890237335,127.1073594973,-25.681697,5.202371,1,2,2,NONE,,
START_B,,120,37.2890242335,127.1073568307,-25.917865,5.258031,1,2,2,NONE,,
START_B,,121,37.2890249002,127.1073541640,-26.154041,5.332248,1,2,2,NONE,,
START_B,,122,37.2890257335,127.1073518307,-26.360690,5.425011,1,2,2,NONE,,
START_B,,123,37.2890265668,127.1073491640,-26.596867,5.517774,1,2,2,NONE,,
START_B,,124,37.2890279002,127.1073453307,-26.936363,5.666208,1,2,2,NONE,,
START_B,,125,37.2890285668,127.1073428307,-27.157776,5.740414,1,2,2,NONE,,
START_B,,126,37.2890291944,127.1073402820,-27.383502,5.810278,1,2,2,NONE,,
START_B,,127,37.2890298513,127.1073378523,-27.598688,5.883405,1,2,2,NONE,,
START_B,,128,37.2890307335,127.1073354973,-27.807259,5.981611,1,2,2,NONE,,
START_B,,129,37.2890315668,127.1073331640,-28.013908,6.074374,1,2,2,NONE,,
START_B,,130,37.2890324002,127.1073306640,-28.235321,6.167148,1,2,2,NONE,,
START_B,,131,37.2890330668,127.1073283307,-28.441970,6.241354,1,2,2,NONE,,
START_B,,132,37.2890337335,127.1073259973,-28.648627,6.315571,1,2,2,NONE,,
START_B,,133,37.2890342335,127.1073236640,-28.855276,6.371231,1,2,2,NONE,,
START_B,,134,37.2890350668,127.1073209973,-29.091453,6.463994,1,2,2,NONE,,
START_B,,135,37.2890357335,127.1073184973,-29.312865,6.538211,1,2,2,NONE,,
START_B,,136,37.2890362335,127.1073159973,-29.534278,6.593871,1,2,2,NONE,,
START_B,,137,37.2890365668,127.1073134973,-29.755691,6.630974,1,2,2,NONE,,
START_B,,138,37.2890370668,127.1073111640,-29.962340,6.686634,1,2,2,NONE,,
START_B,,139,37.2890377335,127.1073084973,-30.198516,6.760851,1,2,2,NONE,,
START_B,,140,37.2890384656,127.1073059827,-30.421222,6.842348,1,2,2,NONE,,
START_B,,141,37.2890390668,127.1073036640,-30.626578,6.909274,1,2,2,NONE,,
START_B,,142,37.2890397335,127.1073011640,-30.847991,6.983491,1,2,2,NONE,,
START_B,,143,37.2890402335,127.1072986640,-31.069403,7.039151,1,2,2,NONE,,
START_B,,144,37.2890409002,127.1072963307,-31.276052,7.113368,1,2,2,NONE,,
START_B,,145,37.2890415668,127.1072938307,-31.497465,7.187574,1,2,2,NONE,,
START_B,,146,37.2890422942,127.1072915694,-31.697737,7.268548,1,2,2,NONE,,
START_B,,147,37.2890428385,127.1072890217,-31.923374,7.329140,1,2,2,NONE,,
START_B,,148,37.2890432335,127.1072868307,-32.117421,7.373111,1,2,2,NONE,,
START_B,,149,37.2890435668,127.1072848307,-32.294551,7.410214,1,2,2,NONE,,
START_B,,150,37.2890439270,127.1072830300,-32.454030,7.450312,1,2,2,NONE,,
START_B,,151,37.2890443399,127.1072811192,-32.623260,7.496276,1,2,2,NONE,,
START_B,,152,37.2890447335,127.1072791640,-32.796423,7.540091,1,2,2,STOP_LINE,,
START_B,,153,37.2890451282,127.1072775100,-32.942909,7.584029,1,2,2,NONE,,
START_B,,154,37.2890455598,127.1072760003,-33.076616,7.632075,1,2,2,NONE,,
START_B,,155,37.2890461041,127.1072742310,-33.233314,7.692666,1,2,2,NONE,,
START_B,,156,37.2890465262,127.1072729270,-33.348803,7.739654,1,2,2,NONE,,
START_B,,157,37.2890470278,127.1072714791,-33.477036,7.795493,1,2,2,NONE,,
START_B,,158,37.2890474923,127.1072699144,-33.615614,7.847201,1,2,2,NONE,,
START_B,,159,37.2890478268,127.1072688401,-33.710760,7.884437,1,2,2,NONE,,
START_B,,160,37.2890479754,127.1072683030,-33.758328,7.900979,1,2,2,NONE,,
START_B,,161,37.2890484585,127.1072666682,-33.903114,7.954758,1,2,2,NONE,,
START_B,,162,37.2890489973,127.1072649400,-34.056172,8.014737,1,2,2,NONE,,
START_B,,163,37.2890494246,127.1072632352,-34.207158,8.062304,1,2,2,NONE,,
START_B,,164,37.2890500378,127.1072610633,-34.399513,8.130566,1,2,2,NONE,,
START_B,,165,37.2890505668,127.1072586640,-34.612007,8.189454,1,2,2,NONE,,
START_B,,166,37.2890510668,127.1072564973,-34.803901,8.245114,1,2,2,NONE,,
START_B,,167,37.2890515668,127.1072548307,-34.951503,8.300774,1,2,2,NONE,,
START_B,,168,37.2890520630,127.1072530296,-35.111018,8.356011,1,2,2,NONE,,
START_B,,169,37.2890527335,127.1072511640,-35.276245,8.430651,1,2,2,NONE,,
START_B,,170,37.2890532335,127.1072494973,-35.423856,8.486311,1,2,2,NONE,,
START_B,,171,37.2890537335,127.1072474973,-35.600986,8.541971,1,2,2,NONE,,
START_B,,172,37.2890541625,127.1072455097,-35.777018,8.589727,1,2,2,NONE,,
START_B,,173,37.2890546828,127.1072436414,-35.942485,8.647647,1,2,2,NONE,,
START_B,,174,37.2890552773,127.1072418432,-36.101742,8.713827,1,2,2,NONE,,
START_B,,175,37.2890560020,127.1072400216,-36.263072,8.794501,1,2,2,NONE,,
START_B,,176,37.2890566151,127.1072382467,-36.420267,8.862751,1,2,2,NONE,,
START_B,,177,37.2890570796,127.1072365419,-36.571252,8.914459,1,2,2,NONE,,
START_B,,178,37.2890576184,127.1072345568,-36.747063,8.974438,1,2,2,NONE,,
START_B,,179,37.2890580643,127.1072325017,-36.929073,9.024076,1,2,2,NONE,,
START_B,,180,37.2890585668,127.1072306640,-37.091829,9.080014,1,2,2,NONE,,
START_B,,181,37.2890592335,127.1072286640,-37.268959,9.154231,1,2,2,NONE,,
START_B,,182,37.2890599002,127.1072266640,-37.446089,9.228448,1,2,2,NONE,,
START_B,,183,37.2890604612,127.1072247949,-37.611626,9.290899,1,2,2,NONE,,
START_B,,184,37.2890609257,127.1072229267,-37.777084,9.342607,1,2,2,NONE,,
START_B,,185,37.2890614002,127.1072209973,-37.947961,9.395428,1,2,2,NONE,,
START_B,,186,37.2890619002,127.1072189973,-38.125091,9.451088,1,2,2,NONE,,
START_B,,187,37.2890624002,127.1072169973,-38.302222,9.506748,1,2,2,NONE,,
START_B,,188,37.2890630668,127.1072148307,-38.494107,9.580954,1,2,2,NONE,,
START_B,,189,37.2890637335,127.1072128307,-38.671237,9.655171,1,2,2,NONE,,
START_B,,190,37.2890642335,127.1072108307,-38.848367,9.710831,1,2,2,NONE,,
START_B,,191,37.2890647335,127.1072084973,-39.055025,9.766491,1,2,2,NONE,,
START_B,,192,37.2890652335,127.1072063307,-39.246910,9.822151,1,2,2,NONE,,
START_B,,193,37.2890659002,127.1072041640,-39.438804,9.896368,1,2,2,NONE,,
START_B,,194,37.2890667335,127.1072019973,-39.630698,9.989131,1,2,2,NONE,,
START_B,,195,37.2890674002,127.1071998307,-39.822583,10.063348,1,2,2,NONE,,
START_B,,196,37.2890679002,127.1071976640,-40.014477,10.119008,1,2,2,NONE,,
START_B,,197,37.2890684002,127.1071953307,-40.221126,10.174668,1,2,2,NONE,,
START_B,,198,37.2890689894,127.1071930806,-40.420406,10.240258,1,2,2,NONE,,
START_B,,199,37.2890696583,127.1071909320,-40.610697,10.314720,1,2,2,NONE,,
START_B,,200,37.2890704002,127.1071884973,-40.826326,10.397308,1,2,2,NONE,,
START_B,,201,37.2890710668,127.1071863307,-41.018212,10.471514,1,2,2,NONE,,
START_B,,202,37.2890715668,127.1071841640,-41.210106,10.527174,1,2,2,NONE,,
START_B,,203,37.2890720668,127.1071818307,-41.416754,10.582834,1,2,2,NONE,,
START_B,,204,37.2890725668,127.1071794973,-41.623412,10.638494,1,2,2,NONE,,
START_B,,205,37.2890732335,127.1071771640,-41.830061,10.712711,1,2,2,NONE,,
START_B,,206,37.2890739002,127.1071748307,-42.036710,10.786928,1,2,2,NONE,,
START_B,,207,37.2890744002,127.1071726640,-42.228604,10.842588,1,2,2,NONE,,
START_B,,208,37.2890750668,127.1071701640,-42.450017,10.916794,1,2,2,NONE,,
START_B,,209,37.2890755668,127.1071678307,-42.656666,10.972454,1,2,2,NONE,,
START_B,,210,37.2890760684,127.1071656866,-42.846558,11.028292,1,2,2,NONE,,
START_B,,211,37.2890769002,127.1071631640,-43.069972,11.120888,1,2,2,NONE,,
START_B,,212,37.2890777335,127.1071608307,-43.276621,11.213651,1,2,2,NONE,,
START_B,,213,37.2890783611,127.1071585287,-43.480498,11.283516,1,2,2,NONE,,
START_B,,214,37.2890789002,127.1071561640,-43.689928,11.343528,1,2,2,NONE,,
START_B,,215,37.2890795668,127.1071539973,-43.881822,11.417734,1,2,2,NONE,,
START_B,,216,37.2890804002,127.1071514973,-44.103235,11.510508,1,2,2,NONE,,
START_B,,217,37.2890812335,127.1071491640,-44.309883,11.603271,1,2,2,NONE,,
START_B,,218,37.2890819002,127.1071468307,-44.516532,11.677488,1,2,2,NONE,,
START_B,,219,37.2890827335,127.1071444973,-44.723190,11.770251,1,2,2,NONE,,
START_B,,220,37.2890834002,127.1071421640,-44.929839,11.844468,1,2,2,NONE,,
START_B,,221,37.2890840668,127.1071399973,-45.121733,11.918674,1,2,2,NONE,,
START_B,,222,37.2890849002,127.1071376640,-45.328382,12.011448,1,2,2,NONE,,
START_B,,223,37.2890855668,127.1071356640,-45.505512,12.085654,1,2,2,NONE,,
START_B,,224,37.2890860365,127.1071337901,-45.671474,12.137941,1,2,2,NONE,,
START_B,,225,37.2890864002,127.1071319973,-45.830254,12.178428,1,2,2,NONE,,
START_B,,226,37.2890867890,127.1071300278,-46.004683,12.221709,1,2,2,NONE,,
START_B,,227,37.2890871904,127.1071278629,-46.196417,12.266393,1,2,2,NONE,,
START_B,,228,37.2890875248,127.1071262025,-46.343471,12.303619,1,2,2,NONE,,
START_B,,229,37.2890877924,127.1071247102,-46.475636,12.333408,1,2,2,NONE,,
START_B,,230,37.2890880265,127.1071232599,-46.604082,12.359468,1,2,2,NONE,,
START_B,,231,37.2890882773,127.1071220408,-46.712052,12.387387,1,2,2,NONE,,
START_B,,232,37.2890886452,127.1071203173,-46.864694,12.428342,1,2,2,NONE,,
START_B,,233,37.2890890967,127.1071184677,-47.028504,12.478603,1,2,2,NONE,,
START_B,,234,37.2890895649,127.1071162608,-47.223958,12.530723,1,2,2,NONE,,
START_B,,235,37.2890900498,127.1071145163,-47.378460,12.584702,1,2,2,NONE,,
START_B,,236,37.2890905668,127.1071129973,-47.512990,12.642254,1,2,2,NONE,,
START_B,,237,37.2890911033,127.1071113004,-47.663276,12.701977,1,2,2,NONE,,
START_B,,238,37.2890915715,127.1071097451,-47.801022,12.754097,1,2,2,NONE,,
START_B,,239,37.2890920668,127.1071079973,-47.955816,12.809234,1,2,2,NONE,,
START_B,,240,37.2890926250,127.1071060879,-48.124922,12.871373,1,2,2,NONE,,
START_B,,241,37.2890932103,127.1071038810,-48.320376,12.936528,1,2,2,NONE,,
START_B,,242,37.2890937287,127.1071016740,-48.515839,12.994237,1,3,2,NONE,,
START_B,,243,37.2890942335,127.1070994973,-48.708619,13.050431,1,3,2,NONE,,
START_B,,244,37.2890947335,127.1070973307,-48.900504,13.106091,1,3,2,NONE,,
START_B,,245,37.2890954002,127.1070951640,-49.092398,13.180308,1,3,2,NONE,,
START_B,,246,37.2890960668,127.1070929973,-49.284292,13.254514,1,3,2,NONE,,
START_B,,247,37.2890965668,127.1070906640,-49.490941,13.310174,1,3,2,NONE,,
START_B,,248,37.2890970554,127.1070884393,-49.687972,13.364565,1,3,2,NONE,,
START_B,,249,37.2890976243,127.1070865010,-49.859637,13.427895,1,3,2,NONE,,
START_B,,250,37.2890982980,127.1070845626,-50.031312,13.502891,1,3,2,NONE,,
START_B,,251,37.2890988370,127.1070826808,-50.197974,13.562893,1,3,2,NONE,,
START_B,,252,37.2890994209,127.1070809495,-50.351306,13.627892,1,3,2,NONE,,
START_B,,253,37.2890998850,127.1070795757,-50.472977,13.679556,1,3,2,NONE,,
START_B,,254,37.2891002444,127.1070785407,-50.564642,13.719564,1,3,2,NONE,,
START_B,,255,37.2891006636,127.1070772987,-50.674640,13.766230,1,3,2,NONE,,
START_B,,256,37.2891011277,127.1070759437,-50.794646,13.817893,1,3,2,NONE,,
START_B,,257,37.2891016517,127.1070743065,-50.939644,13.876225,1,3,2,NONE,,
START_B,,258,37.2891022335,127.1070723307,-51.114631,13.940991,1,3,2,NONE,,
START_B,,259,37.2891030668,127.1070699973,-51.321289,14.033754,1,3,2,NONE,,
START_B,,260,37.2891035586,127.1070683277,-51.469157,14.088501,1,3,2,NONE,,
START_B,,261,37.2891040668,127.1070663307,-51.646022,14.145074,1,3,2,NONE,,
START_B,,262,37.2891045668,127.1070639973,-51.852679,14.200734,1,3,2,NONE,,
START_B,,263,37.2891052335,127.1070618307,-52.044565,14.274951,1,3,2,NONE,,
START_B,,264,37.2891060668,127.1070594973,-52.251222,14.367714,1,3,2,NONE,,
START_B,,265,37.2891069002,127.1070571640,-52.457871,14.460488,1,3,2,NONE,,
START_B,,266,37.2891075668,127.1070548307,-52.664520,14.534694,1,3,2,NONE,,
START_B,,267,37.2891082335,127.1070521640,-52.900697,14.608911,1,3,2,NONE,,
START_B,,268,37.2891089002,127.1070496640,-53.122109,14.683128,1,3,2,NONE,,
START_B,,269,37.2891097335,127.1070473307,-53.328758,14.775891,1,3,2,NONE,,
START_B,,270,37.2891106507,127.1070447772,-53.554909,14.877994,1,3,2,NONE,,
START_B,,271,37.2891114002,127.1070423307,-53.771584,14.961428,1,3,2,NONE,,
START_B,,272,37.2891120668,127.1070398307,-53.992996,15.035634,1,3,2,NONE,,
START_B,,273,37.2891125668,127.1070369973,-54.243937,15.091294,1,3,2,NONE,,
START_B,,274,37.2891132335,127.1070344973,-54.465349,15.165511,1,3,2,NONE,,
START_B,,275,37.2891139002,127.1070314973,-54.731045,15.239728,1,3,2,NONE,,
START_B,,276,37.2891144002,127.1070288307,-54.967212,15.295388,1,3,2,NONE,,
START_B,,277,37.2891149002,127.1070263307,-55.188625,15.351048,1,3,2,NONE,,
START_B,,278,37.2891154002,127.1070234973,-55.439565,15.406708,1,3,2,NONE,,
START_B,,279,37.2891160668,127.1070209973,-55.660978,15.480914,1,3,2,NONE,,
START_B,,280,37.2891167335,127.1070181640,-55.911910,15.555131,1,3,2,NONE,,
START_B,,281,37.2891174002,127.1070153307,-56.162841,15.629348,1,3,2,NONE,,
START_B,,282,37.2891177335,127.1070126640,-56.399018,15.666451,1,3,2,NONE,,
START_B,,283,37.2891180668,127.1070098307,-56.649949,15.703554,1,3,2,NONE,,
START_B,,284,37.2891184002,127.1070069973,-56.900889,15.740668,1,3,2,NONE,,
START_B,,285,37.2891187335,127.1070043307,-57.137057,15.777771,1,3,2,NONE,,
START_B,,286,37.2891192335,127.1070013307,-57.402752,15.833431,1,3,2,NONE,,
START_B,,287,37.2891194002,127.1069983307,-57.668447,15.851988,1,3,2,NONE,,
START_B,,288,37.2891194892,127.1069953965,-57.928315,15.861896,1,3,2,NONE,,
START_B,,289,37.2891194522,127.1069924692,-58.187572,15.857777,1,3,2,NONE,,
START_B,,290,37.2891195668,127.1069896640,-58.436014,15.870534,1,3,2,NONE,,
START_B,,291,37.2891195668,127.1069866640,-58.701710,15.870534,1,3,2,NONE,,
START_B,,292,37.2891195668,127.1069836640,-58.967405,15.870534,1,3,2,NONE,,
START_B,,293,37.2891194002,127.1069806640,-59.233100,15.851988,1,3,2,NONE,,
START_B,,294,37.2891189002,127.1069776640,-59.498795,15.796328,1,3,2,NONE,,
START_B,,295,37.2891185668,127.1069746640,-59.764491,15.759214,1,3,2,NONE,,
START_B,,296,37.2891182335,127.1069718307,-60.015422,15.722111,1,3,2,NONE,,
START_B,,297,37.2891177335,127.1069688307,-60.281117,15.666451,1,3,2,NONE,,
START_B,,298,37.2891171048,127.1069659606,-60.535308,15.596464,1,3,2,NONE,,
START_B,,299,37.2891164002,127.1069633307,-60.768225,15.518028,1,3,2,NONE,,
START_B,,300,37.2891155668,127.1069606640,-61.004402,15.425254,1,3,2,NONE,,
START_B,,301,37.2891149002,127.1069579973,-61.240578,15.351048,1,3,2,NONE,,
START_B,,302,37.2891142335,127.1069551640,-61.491510,15.276831,1,3,2,NONE,,
START_B,,303,37.2891135004,127.1069525785,-61.720495,15.195222,1,3,2,NONE,,
START_B,,304,37.2891125668,127.1069498307,-61.963854,15.091294,1,3,2,NONE,,
START_B,,305,37.2891115412,127.1069472815,-62.189624,14.977124,1,3,2,NONE,,
START_B,,306,37.2891105668,127.1069446640,-62.421443,14.868654,1,3,2,NONE,,
START_B,,307,37.2891095668,127.1069419973,-62.657620,14.757334,1,3,2,NONE,,
START_B,,308,37.2891085668,127.1069394973,-62.879032,14.646014,1,3,2,NONE,,
START_B,,309,37.2891074002,127.1069371640,-63.085681,14.516148,1,3,2,NONE,,
START_B,,310,37.2891059002,127.1069348307,-63.292330,14.349168,1,3,2,NONE,,
START_B,,311,37.2891045668,127.1069326640,-63.484224,14.200734,1,3,2,NONE,,
START_B,,312,37.2891032335,127.1069304973,-63.676118,14.052311,1,3,2,NONE,,
START_B,,313,37.2891024002,127.1069291640,-63.794202,13.959548,1,3,2,NONE,,
START_B,,314,37.2891009869,127.1069271619,-63.971518,13.802220,1,3,2,NONE,,
START_B,,315,37.2890994002,127.1069249973,-64.163226,13.625588,1,3,2,NONE,,
START_B,,316,37.2890975668,127.1069229973,-64.340356,13.421494,1,3,2,NONE,,
START_B,,317,37.2890957335,127.1069211640,-64.502723,13.217411,1,3,2,NONE,,
START_B,,318,37.2890943328,127.1069195183,-64.648474,13.061485,1,3,2,NONE,,
START_B,,319,37.2890925668,127.1069178307,-64.797937,12.864894,1,3,2,NONE,,
START_B,,320,37.2890907335,127.1069161640,-64.945548,12.660811,1,3,2,NONE,,
START_B,,321,37.2890889002,127.1069146640,-65.078396,12.456728,1,3,2,NONE,,
START_B,,322,37.2890869002,127.1069131640,-65.211243,12.234088,1,3,2,NONE,,
START_B,,323,37.2890850668,127.1069114973,-65.358855,12.029994,1,3,2,NONE,,
START_B,,324,37.2890832335,127.1069096641,-65.521212,11.825911,1,3,2,NONE,,
START_B,,325,37.2890812335,127.1069079973,-65.668833,11.603271,1,3,2,NONE,,
START_B,,326,37.2890792335,127.1069064974,-65.801671,11.380631,1,3,2,NONE,,
START_B,,327,37.2890772335,127.1069051641,-65.919755,11.157991,1,3,2,NONE,,
START_B,,328,37.2890752335,127.1069038307,-66.037848,10.935351,1,3,2,NONE,,
START_B,,329,37.2890730668,127.1069024973,-66.155941,10.694154,1,3,2,NONE,,
START_B,,330,37.2890710668,127.1069009974,-66.288779,10.471514,1,3,2,NONE,,
START_B,,331,37.2890690668,127.1068998308,-66.392099,10.248874,1,3,2,NONE,,
START_B,,332,37.2890670668,127.1068988307,-66.480673,10.026234,1,3,2,NONE,,
START_B,,333,37.2890647335,127.1068978307,-66.569238,9.766491,1,3,2,NONE,,
START_B,,334,37.2890625668,127.1068966641,-66.672558,9.525294,1,3,2,NONE,,
START_B,,335,37.2890605668,127.1068954974,-66.775887,9.302654,1,3,2,NONE,,
START_B,,336,37.2890584002,127.1068943308,-66.879207,9.061468,1,3,2,NONE,,
START_B,,337,37.2890564002,127.1068934973,-66.953026,8.838828,1,3,2,NONE,,
START_B,,338,37.2890544002,127.1068924973,-67.041591,8.616188,1,3,2,NONE,,
START_B,,339,37.2890524301,127.1068915460,-67.125843,8.396877,1,3,2,NONE,,
START_B,,340,37.2890504002,127.1068904973,-67.218722,8.170908,1,3,2,NONE,,
START_B,,341,37.2890482335,127.1068894973,-67.307287,7.929711,1,3,2,NONE,,
START_B,,342,37.2890462335,127.1068881640,-67.425371,7.707071,1,3,2,NONE,,
START_B,,343,37.2890440668,127.1068871640,-67.513936,7.465874,1,3,2,NONE,,
START_B,,344,37.2890419002,127.1068861641,-67.602492,7.224688,1,3,2,NONE,,
START_B,,345,37.2890393513,127.1068851201,-67.694953,6.940942,1,3,2,NONE,,
START_B,,346,37.2890373898,127.1068839995,-67.794202,6.722593,1,3,2,NONE,,
START_B,,347,37.2890351744,127.1068829535,-67.886837,6.475976,1,3,2,NONE,,
START_B,,348,37.2890331744,127.1068817869,-67.990157,6.253336,1,3,2,NONE,,
START_B,,349,37.2890310077,127.1068807868,-68.078731,6.012139,1,3,2,NONE,,
START_B,,350,37.2890288410,127.1068797868,-68.167296,5.770942,1,3,2,NONE,,
START_B,,351,37.2890266744,127.1068789535,-68.241098,5.529756,1,3,2,NONE,,
START_B,,352,37.2890245077,127.1068779535,-68.329663,5.288559,1,3,2,NONE,,
START_B,,353,37.2890223410,127.1068771202,-68.403464,5.047362,1,3,2,NONE,,
START_B,,354,37.2890203410,127.1068764534,-68.462519,4.824722,1,3,2,NONE,,
START_B,,355,37.2890180077,127.1068757869,-68.521548,4.564979,1,3,2,NONE,,
START_B,,356,37.2890158410,127.1068752868,-68.565839,4.323782,1,3,2,NONE,,
START_B,,357,37.2890136744,127.1068746202,-68.624877,4.082596,1,3,2,NONE,,
START_B,,358,37.2890115077,127.1068739535,-68.683923,3.841399,1,3,2,NONE,,
START_B,,359,37.2890091744,127.1068734535,-68.728206,3.581656,1,3,2,NONE,,
START_B,,360,37.2890070077,127.1068731201,-68.757733,3.340459,1,3,2,NONE,,
START_B,,361,37.2890048294,127.1068729280,-68.774747,3.097971,1,3,2,NONE,,
START_B,,362,37.2890025077,127.1068727869,-68.787243,2.839519,1,3,2,NONE,,
START_B,,363,37.2890001744,127.1068724535,-68.816771,2.579776,1,3,2,NONE,,
START_B,,364,37.2889980077,127.1068721202,-68.846290,2.338579,1,3,2,NONE,,
START_B,,365,37.2889956744,127.1068719535,-68.861053,2.078836,1,3,2,NONE,,
START_B,,366,37.2889935077,127.1068719535,-68.861053,1.837639,1,3,2,NONE,,
START_B,,367,37.2889911866,127.1068719778,-68.858901,1.579254,1,3,2,NONE,,
START_B,,368,37.2889890077,127.1068719535,-68.861053,1.336699,1,3,2,NONE,,
START_B,,369,37.2889866744,127.1068719535,-68.861053,1.076956,1,3,2,NONE,,
START_B,,370,37.2889845077,127.1068719535,-68.861053,0.835759,1,3,2,NONE,,
START_B,,371,37.2889823410,127.1068721202,-68.846290,0.594562,1,3,2,NONE,,
START_B,,372,37.2889801407,127.1068724796,-68.814459,0.349625,1,3,2,NONE,,
START_B,,373,37.2889780077,127.1068727869,-68.787243,0.112179,1,3,2,NONE,,
START_B,,374,37.2889758410,127.1068731201,-68.757733,-0.129018,1,3,2,NONE,,
START_B,,375,37.2889736744,127.1068734535,-68.728206,-0.370204,1,3,2,NONE,,
START_B,,376,37.2889715077,127.1068739535,-68.683923,-0.611401,1,3,2,NONE,,
START_B,,377,37.2889695077,127.1068746202,-68.624877,-0.834041,1,3,2,NONE,,
START_B,,378,37.2889673410,127.1068756202,-68.536312,-1.075238,1,3,2,NONE,,
START_B,,379,37.2889653410,127.1068764534,-68.462519,-1.297878,1,3,2,NONE,,
START_B,,380,37.2889631744,127.1068772869,-68.388700,-1.539064,1,3,2,NONE,,
START_B,,381,37.2889610077,127.1068782869,-68.300135,-1.780261,1,3,2,NONE,,
START_B,,382,37.2889589971,127.1068793379,-68.207053,-2.004081,1,3,2,NONE,,
START_B,,383,37.2889571744,127.1068806202,-68.093486,-2.206984,1,3,2,NONE,,
START_B,,384,37.2889551744,127.1068819534,-67.975411,-2.429624,1,3,2,NONE,,
START_B,,385,37.2889533410,127.1068829535,-67.886837,-2.633718,1,3,2,NONE,,
START_B,,386,37.2889511744,127.1068842868,-67.768754,-2.874904,1,3,2,NONE,,
START_B,,387,37.2889493338,127.1068855610,-67.655904,-3.079806,1,3,2,NONE,,
START_B,,388,37.2889480668,127.1068864974,-67.572973,-3.220846,1,3,2,NONE,,
START_B,,389,37.2889462335,127.1068881640,-67.425371,-3.424929,1,3,2,NONE,,
START_B,,390,37.2889444002,127.1068896641,-67.292514,-3.629012,1,3,2,NONE,,
START_B,,391,37.2889425668,127.1068911641,-67.159666,-3.833106,1,3,2,NONE,,
START_B,,392,37.2889405668,127.1068926640,-67.026828,-4.055746,1,3,2,NONE,,
START_B,,393,37.2889387335,127.1068943308,-66.879207,-4.259829,1,3,2,NONE,,
START_B,,394,37.2889370668,127.1068959973,-66.731614,-4.445366,1,3,2,NONE,,
START_B,,395,37.2889355668,127.1068978307,-66.569238,-4.612346,1,3,2,NONE,,
START_B,,396,37.2889337335,127.1068996641,-66.406863,-4.816429,1,3,2,NONE,,
START_B,,397,37.2889320668,127.1069014973,-66.244506,-5.001966,1,3,2,NONE,,
START_B,,398,37.2889304002,127.1069033307,-66.082130,-5.187492,1,3,2,NONE,,
START_B,,399,37.2889289002,127.1069051641,-65.919755,-5.354472,1,3,2,NONE,,
START_B,,400,37.2889275668,127.1069071640,-65.742634,-5.502906,1,3,2,NONE,,
START_B,,401,37.2889262335,127.1069089973,-65.580268,-5.651329,1,3,2,NONE,,
START_B,,402,37.2889250198,127.1069107793,-65.422445,-5.786438,1,3,2,NONE,,
START_B,,403,37.2889235668,127.1069126640,-65.255526,-5.948186,1,3,2,NONE,,
START_B,,404,37.2889221152,127.1069147123,-65.074118,-6.109778,1,3,2,NONE,,
START_B,,405,37.2889210668,127.1069164973,-64.916029,-6.226486,1,3,2,NONE,,
START_B,,406,37.2889199002,127.1069186640,-64.724135,-6.356352,1,3,2,NONE,,
START_B,,407,37.2889189002,127.1069208307,-64.532241,-6.467672,1,3,2,NONE,,
START_B,,408,37.2889178035,127.1069230381,-64.336743,-6.589756,1,3,2,NONE,,
START_B,,409,37.2889165668,127.1069251640,-64.148462,-6.727426,1,3,2,NONE,,
START_B,,410,37.2889153502,127.1069273044,-63.958898,-6.862858,1,3,2,NONE,,
START_B,,411,37.2889144002,127.1069294973,-63.764683,-6.968612,1,3,2,NONE,,
START_B,,412,37.2889134002,127.1069319973,-63.543271,-7.079932,1,3,2,NONE,,
START_B,,413,37.2889124002,127.1069343307,-63.336613,-7.191252,1,3,2,NONE,,
START_B,,414,37.2889115668,127.1069366640,-63.129964,-7.284026,1,3,2,NONE,,
START_B,,415,37.2889104002,127.1069391640,-62.908551,-7.413892,1,3,2,NONE,,
START_B,,416,37.2889094002,127.1069413307,-62.716657,-7.525212,1,3,2,NONE,,
START_B,,417,37.2889084002,127.1069438307,-62.495245,-7.636532,1,3,2,NONE,,
START_B,,418,37.2889075668,127.1069464973,-62.259077,-7.729306,1,3,2,NONE,,
START_B,,419,37.2889065668,127.1069488307,-62.052419,-7.840626,1,3,2,NONE,,
START_B,,420,37.2889055668,127.1069511640,-61.845770,-7.951946,1,3,2,NONE,,
START_B,,421,37.2889047335,127.1069538307,-61.609594,-8.044709,1,3,2,NONE,,
START_B,,422,37.2889039002,127.1069559973,-61.417709,-8.137472,1,3,2,NONE,,
START_B,,423,37.2889030668,127.1069584973,-61.196296,-8.230246,1,3,2,NONE,,
START_B,,424,37.2889024002,127.1069609973,-60.974883,-8.304452,1,3,2,NONE,,
START_B,,425,37.2889017335,127.1069633307,-60.768225,-8.378669,1,3,2,NONE,,
START_B,,426,37.2889009002,127.1069659973,-60.532058,-8.471432,1,3,2,NONE,,
START_B,,427,37.2889001599,127.1069683842,-60.320662,-8.553842,1,3,2,NONE,,
START_B,,428,37.2888995668,127.1069709973,-60.089232,-8.619866,1,3,2,NONE,,
START_B,,429,37.2888992335,127.1069736640,-59.853056,-8.656969,1,3,2,NONE,,
START_B,,430,37.2888988493,127.1069760088,-59.645388,-8.699738,1,3,2,NONE,,
START_B,,431,37.2888982335,127.1069788307,-59.395467,-8.768289,1,3,2,NONE,,
START_B,,432,37.2888975668,127.1069813307,-59.174054,-8.842506,1,3,2,NONE,,
START_B,,433,37.2888969002,127.1069838307,-58.952641,-8.916712,1,3,2,NONE,,
START_B,,434,37.2888964002,127.1069864973,-58.716474,-8.972372,1,3,2,NONE,,
START_B,,435,37.2888959759,127.1069891881,-58.478163,-9.019605,1,3,2,NONE,,
START_B,,436,37.2888954718,127.1069918071,-58.246211,-9.075721,1,3,2,NONE,,
START_B,,437,37.2888950668,127.1069944973,-58.007953,-9.120806,1,3,2,NONE,,
START_B,,438,37.2888946652,127.1069972140,-57.767348,-9.165512,1,3,2,NONE,,
START_B,,439,37.2888944002,127.1069998307,-57.535600,-9.195012,1,3,2,NONE,,
START_B,,440,37.2888944002,127.1070026640,-57.284668,-9.195012,1,3,2,NONE,,
START_B,,441,37.2888945668,127.1070053307,-57.048492,-9.176466,1,3,2,NONE,,
START_B,,442,37.2888945668,127.1070078307,-56.827079,-9.176466,1,3,2,NONE,,
START_B,,443,37.2888947335,127.1070106640,-56.576148,-9.157909,1,3,2,NONE,,
START_B,,444,37.2888950668,127.1070134973,-56.325216,-9.120806,1,3,2,NONE,,
START_B,,445,37.2888955668,127.1070159973,-56.103804,-9.065146,1,3,2,NONE,,
START_B,,446,37.2888962335,127.1070184973,-55.882391,-8.990929,1,3,2,NONE,,
START_B,,447,37.2888970668,127.1070209973,-55.660978,-8.898166,1,3,2,NONE,,
START_B,,448,37.2888977335,127.1070233307,-55.454320,-8.823949,1,3,2,NONE,,
START_B,,449,37.2888987821,127.1070259593,-55.221518,-8.707219,1,3,2,NONE,,
START_B,,450,37.2888999415,127.1070282192,-55.021370,-8.578154,1,3,2,NONE,,
START_B,,451,37.2889013194,127.1070303101,-54.836189,-8.424767,1,3,2,NONE,,
START_B,,452,37.2889027335,127.1070319973,-54.686762,-8.267349,1,3,2,NONE,,
START_B,,453,37.2889044002,127.1070338307,-54.524387,-8.081812,1,3,2,NONE,,
START_B,,454,37.2889062335,127.1070356640,-54.362021,-7.877729,1,3,2,NONE,,
START_B,,455,37.2889079231,127.1070374700,-54.202072,-7.689643,1,3,2,NONE,,
START_B,,456,37.2889097335,127.1070389973,-54.066807,-7.488109,1,3,2,NONE,,
START_B,,457,37.2889115668,127.1070403307,-53.948714,-7.284026,1,3,2,NONE,,
START_B,,458,37.2889134683,127.1070416519,-53.831702,-7.072351,1,3,2,NONE,,
START_B,,459,37.2889152335,127.1070431640,-53.697782,-6.875849,1,3,2,NONE,,
START_B,,460,37.2889172335,127.1070448307,-53.550171,-6.653209,1,3,2,NONE,,
START_B,,461,37.2889190668,127.1070461640,-53.432087,-6.449126,1,3,2,NONE,,
START_B,,462,37.2889209002,127.1070473307,-53.328758,-6.245032,1,3,2,NONE,,
START_B,,463,37.2889240544,127.1070493188,-53.152682,-5.893906,1,3,2,NONE,,
START_B,,464,37.2889257335,127.1070504973,-53.048308,-5.706989,1,3,2,NONE,,
START_B,,465,37.2889275668,127.1070519973,-52.915460,-5.502906,1,3,2,NONE,,
START_B,,466,37.2889296164,127.1070534162,-52.789795,-5.274744,1,3,2,NONE,,
START_B,,467,37.2889315487,127.1070545778,-52.686918,-5.059641,1,3,2,NONE,,
START_B,,468,37.2889335668,127.1070556640,-52.590719,-4.834986,1,3,2,NONE,,
START_B,,469,37.2889355668,127.1070566640,-52.502154,-4.612346,1,3,2,NONE,,
START_B,,470,37.2889374002,127.1070578307,-52.398825,-4.408252,1,3,2,NONE,,
START_B,,471,37.2889394002,127.1070591640,-52.280741,-4.185612,1,3,2,NONE,,
START_B,,472,37.2889414002,127.1070601640,-52.192176,-3.962972,1,3,2,NONE,,
START_B,,473,37.2889433616,127.1070610619,-52.112653,-3.744629,1,3,2,NONE,,
START_B,,474,37.2889453948,127.1070619067,-52.037834,-3.518293,1,3,2,NONE,,
START_B,,475,37.2889472335,127.1070628307,-51.956000,-3.313609,1,3,2,NONE,,
START_B,,476,37.2889492335,127.1070638307,-51.867434,-3.090969,1,3,2,NONE,,
START_B,,477,37.2889512335,127.1070648307,-51.778869,-2.868329,1,3,2,NONE,,
START_B,,478,37.2889530668,127.1070656640,-51.705068,-2.664246,1,3,2,NONE,,
START_B,,479,37.2889552335,127.1070663307,-51.646022,-2.423049,1,3,2,NONE,,
START_B,,480,37.2889571404,127.1070668701,-51.598250,-2.210773,1,3,2,NONE,,
START_B,,481,37.2889590668,127.1070676640,-51.527938,-1.996326,1,3,2,NONE,,
START_B,,482,37.2889610668,127.1070686640,-51.439373,-1.773686,1,3,2,NONE,,
START_B,,483,37.2889629002,127.1070698307,-51.336044,-1.569592,1,3,2,NONE,,
START_B,,484,37.2889647335,127.1070706640,-51.262243,-1.365509,1,3,2,NONE,,
START_B,,485,37.2889669002,127.1070716640,-51.173678,-1.124312,1,3,2,NONE,,
START_B,,486,37.2889687335,127.1070728307,-51.070349,-0.920229,1,3,2,NONE,,
START_B,,487,37.2889704002,127.1070741640,-50.952265,-0.734692,1,3,2,NONE,,
START_B,,488,37.2889722335,127.1070754973,-50.834181,-0.530609,1,3,2,NONE,,
START_B,,489,37.2889740668,127.1070766640,-50.730852,-0.326526,1,3,2,NONE,,
START_B,,490,37.2889760668,127.1070779973,-50.612768,-0.103886,1,3,2,NONE,,
START_B,,491,37.2889777918,127.1070792890,-50.498369,0.088141,1,3,2,NONE,,
START_B,,492,37.2889794002,127.1070808307,-50.361828,0.267188,1,3,2,NONE,,
START_B,,493,37.2889810668,127.1070828307,-50.184698,0.452714,1,3,2,NONE,,
START_B,,494,37.2889825668,127.1070849973,-49.992813,0.619694,1,3,2,NONE,,
START_B,,495,37.2889839002,127.1070868307,-49.830437,0.768128,1,3,2,NONE,,
START_B,,496,37.2889852335,127.1070889973,-49.638552,0.916551,1,3,2,NONE,,
START_B,,497,37.2889863111,127.1070912222,-49.441504,1.036510,1,3,2,NONE,,
START_B,,498,37.2889872335,127.1070933307,-49.254764,1.139191,1,3,2,NONE,,
START_B,,499,37.2889882335,127.1070958307,-49.033352,1.250511,1,3,2,NONE,,
START_B,,500,37.2889890668,127.1070979973,-48.841467,1.343274,1,3,2,NONE,,
START_B,,501,37.2889898566,127.1071005154,-48.618451,1.431195,1,3,2,NONE,,
START_B,,502,37.2889903943,127.1071029231,-48.405213,1.491051,1,3,2,NONE,,
START_B,,503,37.2889907335,127.1071053307,-48.191983,1.528811,1,3,2,NONE,,
START_B,,504,37.2889909321,127.1071081188,-47.945055,1.550919,1,3,2,NONE,,
START_B,,505,37.2889910668,127.1071106640,-47.719639,1.565914,1,3,2,NONE,,
START_B,,506,37.2889912335,127.1071133307,-47.483463,1.584471,1,3,2,NONE,,
START_B,,507,37.2889914002,127.1071161640,-47.232531,1.603028,1,3,2,NONE,,
START_B,,508,37.2889913017,127.1071188059,-46.998551,1.592063,1,3,2,NONE,,
START_B,,509,37.2889910668,127.1071213307,-46.774942,1.565914,1,3,2,NONE,,
START_B,,510,37.2889907335,127.1071239973,-46.538774,1.528811,1,3,2,NONE,,
START_B,,511,37.2889905668,127.1071266640,-46.302598,1.510254,1,3,2,NONE,,
START_B,,512,37.2889902335,127.1071294973,-46.051666,1.473151,1,3,2,NONE,,
START_B,,513,37.2889900668,127.1071321640,-45.815490,1.454594,1,3,2,NONE,,
START_B,,514,37.2889896550,127.1071348154,-45.580668,1.408752,1,3,2,NONE,,
START_B,,515,37.2889890668,127.1071373307,-45.357901,1.343274,1,3,2,NONE,,
START_B,,516,37.2889885668,127.1071401640,-45.106969,1.287614,1,3,2,NONE,,
START_B,,517,37.2889882335,127.1071428307,-44.870793,1.250511,1,3,2,NONE,,
START_B,,518,37.2889877335,127.1071454973,-44.634625,1.194851,1,3,2,NONE,,
START_B,,519,37.2889872335,127.1071479973,-44.413212,1.139191,1,3,2,NONE,,
START_B,,520,37.2889864002,127.1071506640,-44.177036,1.046428,1,3,2,NONE,,
START_B,,521,37.2889857335,127.1071531640,-43.955623,0.972211,1,3,2,NONE,,
START_B,,522,37.2889850668,127.1071558307,-43.719447,0.897994,1,3,2,NONE,,
START_B,,523,37.2889845668,127.1071586640,-43.468515,0.842334,1,3,2,NONE,,
START_B,,524,37.2889839002,127.1071613307,-43.232339,0.768128,1,3,2,NONE,,
START_B,,525,37.2889830668,127.1071639973,-42.996171,0.675354,1,3,2,NONE,,
START_B,,526,37.2889822335,127.1071664973,-42.774758,0.582591,1,3,2,NONE,,
START_B,,527,37.2889815668,127.1071693307,-42.523818,0.508374,1,3,2,NONE,,
START_B,,528,37.2889807828,127.1071720512,-42.282877,0.421099,1,3,2,NONE,,
START_B,,529,37.2889802335,127.1071746640,-42.051474,0.359951,1,3,2,NONE,,
START_B,,530,37.2889795668,127.1071771640,-41.830061,0.285734,1,3,2,NONE,,
START_B,,531,37.2889787335,127.1071798307,-41.593885,0.192971,1,3,2,NONE,,
START_B,,532,37.2889779002,127.1071824973,-41.357717,0.100208,1,3,2,NONE,,
START_B,,533,37.2889769516,127.1071851038,-41.126872,-0.005390,1,3,2,NONE,,
START_B,,534,37.2889762335,127.1071876640,-40.900128,-0.085329,1,3,2,NONE,,
START_B,,535,37.2889754002,127.1071901640,-40.678715,-0.178092,1,3,2,NONE,,
START_B,,536,37.2889744002,127.1071926640,-40.457302,-0.289412,1,3,2,NONE,,
START_B,,537,37.2889732335,127.1071949973,-40.250653,-0.419289,1,3,2,NONE,,
START_B,,538,37.2889720668,127.1071974973,-40.029241,-0.549166,1,3,2,NONE,,
START_B,,539,37.2889712335,127.1071999973,-39.807828,-0.641929,1,3,2,NONE,,
START_B,,540,37.2889704002,127.1072026640,-39.571651,-0.734692,1,3,2,NONE,,
START_B,,541,37.2889689002,127.1072064973,-39.232155,-0.901672,1,3,2,NONE,,
START_B,,542,37.2889679002,127.1072091640,-38.995978,-1.012992,1,3,2,NONE,,
START_B,,543,37.2889670668,127.1072118307,-38.759802,-1.105766,1,3,2,NONE,,
START_B,,544,37.2889660668,127.1072144973,-38.523634,-1.217086,1,3,2,NONE,,
START_B,,545,37.2889651556,127.1072171016,-38.292984,-1.318521,1,3,2,NONE,,
START_B,,546,37.2889640668,127.1072196640,-38.066045,-1.439726,1,3,2,NONE,,
START_B,,547,37.2889627335,127.1072221640,-37.844632,-1.588149,1,3,2,NONE,,
START_B,,548,37.2889617335,127.1072246640,-37.623220,-1.699469,1,3,2,NONE,,
START_B,,549,37.2889609002,127.1072273307,-37.387043,-1.792232,1,3,2,NONE,,
START_B,,550,37.2889599002,127.1072299973,-37.150875,-1.903552,1,3,2,NONE,,
START_B,,551,37.2889590055,127.1072324775,-36.931216,-2.003150,1,3,2,NONE,,
START_B,,552,37.2889579002,127.1072348307,-36.722805,-2.126192,1,3,2,NONE,,
START_B,,553,37.2889565668,127.1072371640,-36.516156,-2.274626,1,3,2,NONE,,
START_B,,554,37.2889554002,127.1072394973,-36.309507,-2.404492,1,3,2,NONE,,
START_B,,555,37.2889540668,127.1072418307,-36.102849,-2.552926,1,3,2,NONE,,
START_B,,556,37.2889527379,127.1072442629,-35.887441,-2.700859,1,3,2,NONE,,
START_B,,557,37.2889515668,127.1072461640,-35.719070,-2.831226,1,3,2,NONE,,
START_B,,558,37.2889502335,127.1072481640,-35.541940,-2.979649,1,3,2,NONE,,
START_B,,559,37.2889487335,127.1072501640,-35.364810,-3.146629,1,3,2,NONE,,
START_B,,560,37.2889472335,127.1072521640,-35.187680,-3.313609,1,3,2,NONE,,
START_B,,561,37.2889459002,127.1072541640,-35.010550,-3.462032,1,3,2,NONE,,
START_B,,562,37.2889443530,127.1072560271,-34.845544,-3.634266,1,3,2,NONE,,
START_B,,563,37.2889427335,127.1072576640,-34.700572,-3.814549,1,3,2,NONE,,
START_B,,564,37.2889410668,127.1072591640,-34.567724,-4.000086,1,3,2,NONE,,
START_B,,565,37.2889392335,127.1072604973,-34.449640,-4.204169,1,3,2,NONE,,
START_B,,566,37.2889375668,127.1072619973,-34.316793,-4.389706,1,3,2,NONE,,
START_B,,567,37.2889357664,127.1072636728,-34.168402,-4.590126,1,3,2,NONE,,
START_B,,568,37.2889340668,127.1072649973,-34.051097,-4.779326,1,3,2,NONE,,
START_B,,569,37.2889322335,127.1072661640,-33.947769,-4.983409,1,3,2,NONE,,
START_B,,570,37.2889302335,127.1072673307,-33.844440,-5.206049,1,3,2,NONE,,
START_B,,571,37.2889282335,127.1072684973,-33.741120,-5.428689,1,3,2,NONE,,
START_B,,572,37.2889264002,127.1072696640,-33.637791,-5.632772,1,3,2,NONE,,
START_B,,573,37.2889244241,127.1072708961,-33.528670,-5.852751,1,3,2,NONE,,
START_B,,574,37.2889224002,127.1072718307,-33.445897,-6.078052,1,3,2,NONE,,
START_B,,575,37.2889204002,127.1072724973,-33.386859,-6.300692,1,3,2,NONE,,
START_B,,576,37.2889182335,127.1072731640,-33.327813,-6.541889,1,3,2,NONE,,
START_B,,577,37.2889162335,127.1072738307,-33.268767,-6.764529,1,3,2,NONE,,
START_B,,578,37.2889142335,127.1072743307,-33.224484,-6.987169,1,3,2,NONE,,
START_B,,579,37.2889120668,127.1072746640,-33.194965,-7.228366,1,3,2,NONE,,
START_B,,580,37.2889100404,127.1072747189,-33.190103,-7.453945,1,3,2,NONE,,
START_B,,581,37.2889080668,127.1072746640,-33.194965,-7.673646,1,4,2,NONE,,
START_B,,582,37.2889059002,127.1072746640,-33.194965,-7.914832,1,4,2,NONE,,
START_B,,583,37.2889039002,127.1072744973,-33.209729,-8.137472,1,4,2,NONE,,
START_B,,584,37.2889017335,127.1072743307,-33.224484,-8.378669,1,4,2,NONE,,
START_B,,585,37.2888997735,127.1072740642,-33.248087,-8.596856,1,4,2,NONE,,
START_B,,586,37.2888975668,127.1072734973,-33.298294,-8.842506,1,4,2,NONE,,
START_B,,587,37.2888954002,127.1072728307,-33.357332,-9.083692,1,4,2,NONE,,
START_B,,588,37.2888934002,127.1072723307,-33.401614,-9.306332,1,4,2,NONE,,
START_B,,589,37.2888914002,127.1072716640,-33.460661,-9.528972,1,4,2,NONE,,
START_B,,590,37.2888894002,127.1072711640,-33.504943,-9.751612,1,4,2,NONE,,
START_B,,591,37.2888874002,127.1072703307,-33.578744,-9.974252,1,4,2,NONE,,
START_B,,592,37.2888854002,127.1072694973,-33.652555,-10.196892,1,4,2,NONE,,
START_B,,593,37.2888834002,127.1072686640,-33.726356,-10.419532,1,4,2,NONE,,
START_B,,594,37.2888814002,127.1072678307,-33.800157,-10.642172,1,4,2,NONE,,
START_B,,595,37.2888794002,127.1072669973,-33.873967,-10.864812,1,4,2,NONE,,
START_B,,596,37.2888774272,127.1072662721,-33.938195,-11.084446,1,4,2,NONE,,
START_B,,597,37.2888755668,127.1072653307,-34.021570,-11.291546,1,4,2,NONE,,
START_B,,598,37.2888735668,127.1072643307,-34.110135,-11.514186,1,4,2,NONE,,
START_B,,599,37.2888717335,127.1072633307,-34.198700,-11.718269,1,4,2,NONE,,
START_B,,600,37.2888699002,127.1072623307,-34.287265,-11.922352,1,4,2,NONE,,
START_B,,601,37.2888680668,127.1072613307,-34.375830,-12.126446,1,4,2,NONE,,
START_B,,602,37.2888660486,127.1072604195,-34.456531,-12.351112,1,4,2,NONE,,
START_B,,603,37.2888644002,127.1072594973,-34.538205,-12.534612,1,4,2,NONE,,
START_B,,604,37.2888624002,127.1072584973,-34.626771,-12.757252,1,4,2,NONE,,
START_B,,605,37.2888605668,127.1072574973,-34.715336,-12.961346,1,4,2,NONE,,
START_B,,606,37.2888587335,127.1072566640,-34.789137,-13.165429,1,4,2,NONE,,
START_B,,607,37.2888567335,127.1072559973,-34.848183,-13.388069,1,4,2,NONE,,
START_B,,608,37.2888549002,127.1072551640,-34.921985,-13.592152,1,4,2,NONE,,
START_B,,609,37.2888530668,127.1072541640,-35.010550,-13.796246,1,4,2,NONE,,
START_B,,610,37.2888512335,127.1072529973,-35.113879,-14.000329,1,4,2,NONE,,
START_B,,611,37.2888495668,127.1072519973,-35.202444,-14.185866,1,4,2,NONE,,
START_B,,612,37.2888475668,127.1072509973,-35.291009,-14.408506,1,4,2,NONE,,
START_B,,613,37.2888457335,127.1072501640,-35.364810,-14.612589,1,4,2,NONE,,
START_B,,614,37.2888439002,127.1072491640,-35.453375,-14.816672,1,4,2,NONE,,
START_B,,615,37.2888420668,127.1072481640,-35.541940,-15.020766,1,4,2,NONE,,
START_B,,616,37.2888402335,127.1072471640,-35.630505,-15.224849,1,4,2,NONE,,
START_B,,617,37.2888384002,127.1072461640,-35.719070,-15.428932,1,4,2,NONE,,
START_B,,618,37.2888364002,127.1072453307,-35.792872,-15.651572,1,4,2,NONE,,
START_B,,619,37.2888344002,127.1072444973,-35.866682,-15.874212,1,4,2,NONE,,
START_B,,620,37.2888325668,127.1072434973,-35.955247,-16.078306,1,4,2,NONE,,
START_B,,621,37.2888307335,127.1072423307,-36.058567,-16.282389,1,4,2,NONE,,
START_B,,622,37.2888287335,127.1072411640,-36.161896,-16.505029,1,4,2,NONE,,
START_B,,623,37.2888269002,127.1072399973,-36.265225,-16.709112,1,4,2,NONE,,
START_B,,624,37.2888249002,127.1072389973,-36.353790,-16.931752,1,4,2,NONE,,
START_B,,625,37.2888229002,127.1072378307,-36.457110,-17.154392,1,4,2,NONE,,
START_B,,626,37.2888210668,127.1072366640,-36.560439,-17.358486,1,4,2,NONE,,
START_B,,627,37.2888182193,127.1072350001,-36.707802,-17.675470,1,4,2,NONE,,
START_B,,628,37.2888170964,127.1072341533,-36.782799,-17.800471,1,4,2,NONE,,
START_B,,629,37.2888161083,127.1072334570,-36.844467,-17.910466,1,4,2,NONE,,
START_B,,630,37.2888104736,127.1072285718,-37.277125,-18.537721,1,4,2,NONE,,
START_B,,631,37.2888094009,127.1072279243,-37.334471,-18.657134,1,4,2,NONE,,
START_B,,632,37.2888065137,127.1072265674,-37.454645,-18.978537,1,4,2,NONE,,
START_B,,633,37.2888054513,127.1072259627,-37.508200,-19.096803,1,4,2,NONE,,
START_B,,634,37.2888037027,127.1072251835,-37.577210,-19.291458,1,4,2,NONE,,
COMMON_1,,0,37.2887990994,127.1072230639,-37.764928,-19.803900,1,4,2,NONE,,
COMMON_1,,1,37.2887981573,127.1072225852,-37.807324,-19.908774,1,4,2,NONE,,
COMMON_1,,2,37.2887967542,127.1072218293,-37.874271,-20.064968,1,4,2,NONE,,
COMMON_1,,3,37.2887959524,127.1072214262,-37.909971,-20.154224,1,4,2,NONE,,
COMMON_1,,4,37.2887949301,127.1072208467,-37.961295,-20.268026,1,4,2,NONE,,
COMMON_1,,5,37.2887934869,127.1072201161,-38.026000,-20.428683,1,4,2,NONE,,
COMMON_1,,6,37.2887924245,127.1072195366,-38.077324,-20.546950,1,4,2,NONE,,
COMMON_1,,7,37.2887912819,127.1072188563,-38.137575,-20.674144,1,4,2,NONE,,
COMMON_1,,8,37.2887897627,127.1072178904,-38.223120,-20.843261,1,4,2,NONE,,
COMMON_1,,9,37.2887880999,127.1072166961,-38.328893,-21.028364,1,4,2,NONE,,
COMMON_1,,10,37.2887861996,127.1072155872,-38.427103,-21.239906,1,4,2,NONE,,
COMMON_1,,11,37.2887845707,127.1072145208,-38.521549,-21.421235,1,4,2,NONE,,
COMMON_1,,12,37.2887828061,127.1072133265,-38.627322,-21.617670,1,4,2,NONE,,
COMMON_1,,13,37.2887816863,127.1072124308,-38.706650,-21.742326,1,4,2,NONE,,
COMMON_1,,14,37.2887802950,127.1072112365,-38.812423,-21.897206,1,4,2,NONE,,
COMMON_1,,15,37.2887790055,127.1072100849,-38.914414,-22.040753,1,4,2,NONE,,
COMMON_1,,16,37.2887774358,127.1072089280,-39.016875,-22.215492,1,4,2,NONE,,
COMMON_1,,17,37.2887757691,127.1072075947,-39.134959,-22.401029,1,4,2,NONE,,
COMMON_1,,18,37.2887744358,127.1072065947,-39.223524,-22.549452,1,4,2,NONE,,
COMMON_1,,19,37.2887725727,127.1072054922,-39.321167,-22.756852,1,4,2,NONE,,
COMMON_1,,20,37.2887711037,127.1072048105,-39.381542,-22.920381,1,4,2,NONE,,
COMMON_1,,21,37.2887697930,127.1072042992,-39.426825,-23.066288,1,4,2,NONE,,
COMMON_1,,22,37.2887678495,127.1072033334,-39.512362,-23.282639,1,4,2,NONE,,
COMMON_1,,23,37.2887664358,127.1072024280,-39.592548,-23.440012,1,4,2,NONE,,
COMMON_1,,24,37.2887651024,127.1072015947,-39.666350,-23.588446,1,4,2,NONE,,
COMMON_1,,25,37.2887630359,127.1072006350,-39.751346,-23.818489,1,4,2,STOP_LINE,,
COMMON_1,,26,37.2887616024,127.1072000947,-39.799197,-23.978066,1,4,2,NONE,,
COMMON_1,,27,37.2887597817,127.1071991863,-39.879650,-24.180746,1,4,2,NONE,,
COMMON_1,,28,37.2887582691,127.1071982613,-39.961573,-24.349129,1,4,2,NONE,,
COMMON_1,,29,37.2887569358,127.1071972613,-40.050138,-24.497552,1,4,2,NONE,,
COMMON_1,,30,37.2887556024,127.1071962613,-40.138703,-24.645986,1,4,2,NONE,,
COMMON_1,,31,37.2887542691,127.1071954280,-40.212504,-24.794409,1,4,2,NONE,,
COMMON_1,,32,37.2887526024,127.1071945947,-40.286305,-24.979946,1,4,2,NONE,,
COMMON_1,,33,37.2887510811,127.1071937041,-40.365181,-25.149297,1,4,2,NONE,,
COMMON_1,,34,37.2887496024,127.1071925947,-40.463435,-25.313906,1,4,2,NONE,,
COMMON_1,,35,37.2887481024,127.1071914280,-40.566764,-25.480886,1,4,2,NONE,,
COMMON_1,,36,37.2887464358,127.1071902613,-40.670093,-25.666412,1,4,2,NONE,,
COMMON_1,,37,37.2887448213,127.1071892729,-40.757631,-25.846138,1,4,2,NONE,,
COMMON_1,,38,37.2887431024,127.1071884280,-40.832460,-26.037486,1,4,2,NONE,,
COMMON_1,,39,37.2887414358,127.1071877613,-40.891506,-26.223012,1,4,2,NONE,,
COMMON_1,,40,37.2887397691,127.1071869280,-40.965307,-26.408549,1,4,2,NONE,,
COMMON_1,,41,37.2887381024,127.1071860947,-41.039108,-26.594086,1,4,2,NONE,,
COMMON_1,,42,37.2887362691,127.1071852613,-41.112919,-26.798169,1,4,2,NONE,,
COMMON_1,,43,37.2887346024,127.1071847613,-41.157201,-26.983706,1,4,2,NONE,,
COMMON_1,,44,37.2887326024,127.1071842613,-41.201484,-27.206346,1,4,2,NONE,,
COMMON_1,,45,37.2887307691,127.1071835947,-41.260521,-27.410429,1,4,2,NONE,,
COMMON_1,,46,37.2887289358,127.1071829280,-41.319568,-27.614512,1,4,2,NONE,,
COMMON_1,,47,37.2887271024,127.1071820947,-41.393369,-27.818606,1,4,2,NONE,,
COMMON_1,,48,37.2887252691,127.1071812613,-41.467179,-28.022689,1,4,2,NONE,,
COMMON_1,,49,37.2887234358,127.1071804280,-41.540980,-28.226772,1,4,2,NONE,,
COMMON_1,,50,37.2887214080,127.1071795995,-41.614356,-28.452507,1,4,2,NONE,,
COMMON_1,,51,37.2887197691,127.1071789280,-41.673828,-28.634949,1,4,2,NONE,,
COMMON_1,,52,37.2887177691,127.1071777613,-41.777157,-28.857589,1,4,2,NONE,,
COMMON_1,,53,37.2887161024,127.1071765947,-41.880477,-29.043126,1,4,2,NONE,,
COMMON_1,,54,37.2887142691,127.1071754280,-41.983806,-29.247209,1,4,2,NONE,,
COMMON_1,,55,37.2887122691,127.1071744280,-42.072371,-29.469849,1,4,2,NONE,,
COMMON_1,,56,37.2887104358,127.1071735947,-42.146172,-29.673932,1,4,2,NONE,,
COMMON_1,,57,37.2887084358,127.1071727613,-42.219982,-29.896572,1,4,2,NONE,,
COMMON_1,,58,37.2887064358,127.1071715947,-42.323302,-30.119212,1,4,2,NONE,,
COMMON_1,,59,37.2887044358,127.1071705947,-42.411867,-30.341852,1,4,2,NONE,,
COMMON_1,,60,37.2887026024,127.1071697613,-42.485677,-30.545946,1,4,2,NONE,,
COMMON_1,,61,37.2887006024,127.1071689280,-42.559479,-30.768586,1,4,2,NONE,,
COMMON_1,,62,37.2886986024,127.1071680947,-42.633280,-30.991226,1,4,2,NONE,,
COMMON_1,,63,37.2886966024,127.1071669280,-42.736609,-31.213866,1,4,2,NONE,,
COMMON_1,,64,37.2886946024,127.1071657613,-42.839938,-31.436506,1,4,2,NONE,,
COMMON_1,,65,37.2886927691,127.1071647613,-42.928503,-31.640589,1,4,2,NONE,,
COMMON_1,,66,37.2886907691,127.1071639280,-43.002304,-31.863229,1,4,2,NONE,,
COMMON_1,,67,37.2886887691,127.1071630947,-43.076105,-32.085869,1,4,2,NONE,,
COMMON_1,,68,37.2886869358,127.1071622613,-43.149916,-32.289952,1,4,2,NONE,,
COMMON_1,,69,37.2886850028,127.1071611867,-43.245088,-32.505133,1,4,2,NONE,,
COMMON_1,,70,37.2886831024,127.1071602613,-43.327046,-32.716686,1,4,2,NONE,,
COMMON_1,,71,37.2886812691,127.1071594280,-43.400847,-32.920769,1,4,2,NONE,,
COMMON_1,,72,37.2886793943,127.1071586052,-43.473718,-33.129472,1,4,2,NONE,,
COMMON_1,,73,37.2886772615,127.1071579599,-43.530869,-33.366895,1,4,2,NONE,,
COMMON_1,,74,37.2886756024,127.1071572613,-43.592741,-33.551586,1,4,2,NONE,,
COMMON_1,,75,37.2886737691,127.1071562613,-43.681306,-33.755669,1,4,2,NONE,,
COMMON_1,,76,37.2886719358,127.1071552613,-43.769871,-33.959752,1,4,2,NONE,,
COMMON_1,,77,37.2886701024,127.1071544280,-43.843672,-34.163846,1,4,2,NONE,,
COMMON_1,,78,37.2886682691,127.1071535947,-43.917474,-34.367929,1,4,2,NONE,,
COMMON_1,,79,37.2886666024,127.1071529280,-43.976520,-34.553466,1,4,2,NONE,,
COMMON_1,,80,37.2886647807,127.1071520274,-44.056282,-34.756258,1,4,2,NONE,,
COMMON_1,,81,37.2886631024,127.1071509280,-44.153650,-34.943086,1,4,2,NONE,,
COMMON_1,,82,37.2886612691,127.1071497613,-44.256979,-35.147169,1,4,2,NONE,,
COMMON_1,,83,37.2886596024,127.1071489280,-44.330780,-35.332706,1,4,2,NONE,,
COMMON_1,,84,37.2886577691,127.1071480947,-44.404582,-35.536789,1,4,2,NONE,,
COMMON_1,,85,37.2886559358,127.1071472613,-44.478392,-35.740872,1,4,2,NONE,,
COMMON_1,,86,37.2886541024,127.1071462613,-44.566957,-35.944966,1,4,2,NONE,,
COMMON_1,,87,37.2886524358,127.1071450947,-44.670277,-36.130492,1,4,2,NONE,,
COMMON_1,,88,37.2886507691,127.1071440947,-44.758842,-36.316029,1,4,2,NONE,,
COMMON_1,,89,37.2886490612,127.1071432900,-44.830110,-36.506152,1,4,2,NONE,,
COMMON_1,,90,37.2886472691,127.1071424280,-44.906453,-36.705649,1,4,2,NONE,,
COMMON_1,,91,37.2886456024,127.1071414280,-44.995019,-36.891186,1,4,2,NONE,,
COMMON_1,,92,37.2886439358,127.1071404280,-45.083584,-37.076712,1,4,2,NONE,,
COMMON_1,,93,37.2886422691,127.1071394280,-45.172149,-37.262249,1,4,2,NONE,,
COMMON_1,,94,37.2886403325,127.1071383008,-45.271979,-37.477831,1,4,2,NONE,,
COMMON_1,,95,37.2886386024,127.1071374280,-45.349279,-37.670426,1,4,2,NONE,,
COMMON_1,,96,37.2886367691,127.1071365947,-45.423080,-37.874509,1,4,2,NONE,,
COMMON_1,,97,37.2886349358,127.1071355947,-45.511645,-38.078592,1,4,2,NONE,,
COMMON_1,,98,37.2886331024,127.1071344280,-45.614974,-38.282686,1,4,2,NONE,,
COMMON_1,,99,37.2886312691,127.1071334280,-45.703539,-38.486769,1,4,2,NONE,,
COMMON_1,,100,37.2886294358,127.1071324280,-45.792104,-38.690852,1,4,2,NONE,,
COMMON_1,,101,37.2886276024,127.1071315947,-45.865906,-38.894946,1,4,2,NONE,,
COMMON_1,,102,37.2886257691,127.1071307613,-45.939716,-39.099029,1,4,2,NONE,,
COMMON_1,,103,37.2886237691,127.1071295947,-46.043036,-39.321669,1,4,2,NONE,,
COMMON_1,,104,37.2886219358,127.1071284280,-46.146365,-39.525752,1,4,2,NONE,,
COMMON_1,,105,37.2886201024,127.1071274280,-46.234930,-39.729846,1,4,2,NONE,,
COMMON_1,,106,37.2886182691,127.1071265947,-46.308731,-39.933929,1,4,2,NONE,,
COMMON_1,,107,37.2886162691,127.1071259280,-46.367777,-40.156569,1,4,2,NONE,,
COMMON_1,,108,37.2886144358,127.1071250947,-46.441579,-40.360652,1,4,2,NONE,,
COMMON_1,,109,37.2886124358,127.1071240947,-46.530144,-40.583292,1,4,2,NONE,,
COMMON_1,,110,37.2886106024,127.1071230947,-46.618709,-40.787386,1,4,2,NONE,,
COMMON_1,,111,37.2886087552,127.1071221665,-46.700915,-40.993016,1,4,2,NONE,,
COMMON_1,,112,37.2886069358,127.1071214280,-46.766320,-41.195552,1,4,2,NONE,,
COMMON_1,,113,37.2886051024,127.1071205947,-46.840122,-41.399646,1,4,2,NONE,,
COMMON_1,,114,37.2886034358,127.1071197613,-46.913932,-41.585172,1,4,2,NONE,,
COMMON_1,,115,37.2886016024,127.1071187613,-47.002497,-41.789266,1,4,2,NONE,,
COMMON_1,,116,37.2885997691,127.1071177613,-47.091062,-41.993349,1,4,2,NONE,,
COMMON_1,,117,37.2885979358,127.1071169280,-47.164863,-42.197432,1,4,2,NONE,,
COMMON_1,,118,37.2885961024,127.1071162613,-47.223909,-42.401526,1,4,2,NONE,,
COMMON_1,,119,37.2885942691,127.1071154280,-47.297711,-42.605609,1,4,2,NONE,,
COMMON_1,,120,37.2885924358,127.1071145947,-47.371512,-42.809692,1,4,2,NONE,,
COMMON_1,,121,37.2885906024,127.1071135947,-47.460077,-43.013786,1,4,2,NONE,,
COMMON_1,,122,37.2885887691,127.1071125947,-47.548642,-43.217869,1,4,2,NONE,,
COMMON_1,,123,37.2885869358,127.1071117613,-47.622452,-43.421952,1,4,2,NONE,,
COMMON_1,,124,37.2885851024,127.1071109280,-47.696254,-43.626046,1,4,2,NONE,,
COMMON_1,,125,37.2885832691,127.1071100947,-47.770055,-43.830129,1,4,2,NONE,,
COMMON_1,,126,37.2885812691,127.1071089280,-47.873384,-44.052769,1,4,2,NONE,,
COMMON_1,,127,37.2885794358,127.1071077613,-47.976713,-44.256852,1,4,2,NONE,,
COMMON_1,,128,37.2885776024,127.1071067613,-48.065278,-44.460946,1,4,2,NONE,,
COMMON_1,,129,37.2885757691,127.1071059280,-48.139079,-44.665029,1,4,2,NONE,,
COMMON_1,,130,37.2885737549,127.1071050338,-48.218274,-44.889250,1,4,2,NONE,,
COMMON_1,,131,37.2885719358,127.1071039280,-48.316209,-45.091752,1,4,2,NONE,,
COMMON_1,,132,37.2885701024,127.1071027613,-48.419538,-45.295846,1,4,2,NONE,,
COMMON_1,,133,37.2885682691,127.1071015947,-48.522858,-45.499929,1,4,2,NONE,,
COMMON_1,,134,37.2885666024,127.1071005947,-48.611423,-45.685466,1,4,2,NONE,,
COMMON_1,,135,37.2885646024,127.1070995947,-48.699988,-45.908106,1,4,2,NONE,,
COMMON_1,,136,37.2885627691,127.1070987613,-48.773798,-46.112189,1,4,2,NONE,,
COMMON_1,,137,37.2885611024,127.1070977613,-48.862364,-46.297726,1,4,2,NONE,,
COMMON_1,,138,37.2885592691,127.1070964280,-48.980447,-46.501809,1,4,2,NONE,,
COMMON_1,,139,37.2885576024,127.1070954280,-49.069012,-46.687346,1,4,2,NONE,,
COMMON_1,,140,37.2885560473,127.1070946085,-49.141592,-46.860449,1,4,2,NONE,,
COMMON_1,,141,37.2885544358,127.1070937613,-49.216624,-47.039852,1,4,2,NONE,,
COMMON_1,,142,37.2885529358,127.1070929280,-49.290425,-47.206832,1,4,2,NONE,,
COMMON_1,,143,37.2885514358,127.1070919280,-49.378990,-47.373812,1,4,2,NONE,,
COMMON_1,,144,37.2885499358,127.1070907613,-49.482319,-47.540792,1,4,2,NONE,,
COMMON_1,,145,37.2885484358,127.1070897613,-49.570884,-47.707772,1,4,2,NONE,,
COMMON_1,,146,37.2885468096,127.1070889271,-49.644765,-47.888800,1,4,2,NONE,,
COMMON_1,,147,37.2885449358,127.1070880947,-49.718487,-48.097392,1,4,2,NONE,,
COMMON_1,,148,37.2885432110,127.1070871619,-49.801100,-48.289397,1,4,2,NONE,,
COMMON_1,,149,37.2885416024,127.1070860947,-49.895617,-48.468466,1,4,2,NONE,,
COMMON_1,,150,37.2885399358,127.1070850947,-49.984182,-48.653992,1,4,2,NONE,,
COMMON_1,,151,37.2885383179,127.1070841833,-50.064900,-48.834096,1,4,2,NONE,,
COMMON_1,,152,37.2885367691,127.1070832613,-50.146557,-49.006509,1,4,2,NONE,,
COMMON_1,,153,37.2885354358,127.1070825947,-50.205595,-49.154932,1,4,2,NONE,,
COMMON_1,,154,37.2885341024,127.1070817613,-50.279405,-49.303366,1,4,2,NONE,,
COMMON_1,,155,37.2885324358,127.1070804280,-50.397489,-49.488892,1,4,2,NONE,,
COMMON_1,,156,37.2885313387,127.1070797237,-50.459865,-49.611021,1,4,2,NONE,,
COMMON_1,,157,37.2885300753,127.1070788601,-50.536350,-49.751663,1,5,2,NONE,,
COMMON_1,,158,37.2885292774,127.1070782193,-50.593102,-49.840485,1,5,2,NONE,,
COMMON_1,,159,37.2885282799,127.1070773000,-50.674520,-49.951516,1,5,2,NONE,,
COMMON_1,,160,37.2885270167,127.1070761299,-50.778150,-50.092146,1,5,2,NONE,,
COMMON_1,,161,37.2885254874,127.1070745698,-50.916321,-50.262388,1,5,2,NONE,,
COMMON_1,,162,37.2885241024,127.1070734280,-51.017444,-50.416566,1,5,2,NONE,,
COMMON_1,,163,37.2885226024,127.1070719280,-51.150292,-50.583546,1,5,2,NONE,,
COMMON_1,,164,37.2885214358,127.1070705947,-51.268376,-50.713412,1,5,2,NONE,,
COMMON_1,,165,37.2885201680,127.1070688867,-51.419645,-50.854543,1,5,2,NONE,,
COMMON_1,,166,37.2885189358,127.1070669280,-51.593117,-50.991712,1,5,2,NONE,,
COMMON_1,,167,37.2885177691,127.1070650947,-51.755484,-51.121589,1,5,2,NONE,,
COMMON_1,,168,37.2885166024,127.1070632613,-51.917859,-51.251466,1,5,2,NONE,,
COMMON_1,,169,37.2885153584,127.1070612813,-52.093218,-51.389948,1,5,2,NONE,,
COMMON_1,,170,37.2885144358,127.1070595947,-52.242592,-51.492652,1,5,2,NONE,,
COMMON_1,,171,37.2885134523,127.1070572696,-52.448514,-51.602135,1,5,2,NONE,,
COMMON_1,,172,37.2885127691,127.1070552613,-52.626380,-51.678189,1,5,2,NONE,,
COMMON_1,,173,37.2885121024,127.1070530947,-52.818265,-51.752406,1,5,2,NONE,,
COMMON_1,,174,37.2885114358,127.1070510947,-52.995395,-51.826612,1,5,2,NONE,,
COMMON_1,,175,37.2885107691,127.1070487613,-53.202053,-51.900829,1,5,2,NONE,,
COMMON_1,,176,37.2885102691,127.1070465947,-53.393938,-51.956489,1,5,2,NONE,,
COMMON_1,,177,37.2885099060,127.1070441204,-53.613074,-51.996909,1,5,2,NONE,,
COMMON_1,,178,37.2885096024,127.1070417613,-53.822008,-52.030706,1,5,2,NONE,,
COMMON_1,,179,37.2885094358,127.1070395947,-54.013893,-52.049252,1,5,2,NONE,,
COMMON_1,,180,37.2885092691,127.1070374280,-54.205787,-52.067809,1,5,2,NONE,,
COMMON_1,,181,37.2885091024,127.1070349280,-54.427200,-52.086366,1,5,2,NONE,,
COMMON_1,,182,37.2885091024,127.1070327613,-54.619094,-52.086366,1,5,2,NONE,,
COMMON_1,,183,37.2885092691,127.1070304280,-54.825743,-52.067809,1,5,2,NONE,,
COMMON_1,,184,37.2885094358,127.1070282613,-55.017637,-52.049252,1,5,2,NONE,,
COMMON_1,,185,37.2885097691,127.1070259280,-55.224286,-52.012149,1,5,2,NONE,,
COMMON_1,,186,37.2885099358,127.1070237613,-55.416180,-51.993592,1,5,2,NONE,,
COMMON_1,,187,37.2885100833,127.1070214435,-55.621456,-51.977172,1,5,2,NONE,,
COMMON_1,,188,37.2885103271,127.1070194934,-55.794167,-51.950032,1,5,2,NONE,,
COMMON_1,,189,37.2885107691,127.1070172613,-55.991853,-51.900829,1,5,2,NONE,,
COMMON_1,,190,37.2885112691,127.1070149280,-56.198502,-51.845169,1,5,2,NONE,,
COMMON_1,,191,37.2885117691,127.1070129280,-56.375632,-51.789509,1,5,2,NONE,,
COMMON_1,,192,37.2885122691,127.1070105947,-56.582281,-51.733849,1,5,2,NONE,,
COMMON_1,,193,37.2885127691,127.1070082613,-56.788939,-51.678189,1,5,2,NONE,,
COMMON_1,,194,37.2885134358,127.1070060947,-56.980824,-51.603972,1,5,2,NONE,,
COMMON_1,,195,37.2885142691,127.1070039280,-57.172718,-51.511209,1,5,2,NONE,,
COMMON_1,,196,37.2885152691,127.1070015947,-57.379367,-51.399889,1,5,2,NONE,,
COMMON_1,,197,37.2885161024,127.1069995947,-57.556497,-51.307126,1,5,2,NONE,,
COMMON_1,,198,37.2885171024,127.1069974280,-57.748391,-51.195806,1,5,2,NONE,,
COMMON_1,,199,37.2885179958,127.1069953121,-57.935786,-51.096342,1,5,2,NONE,,
COMMON_1,,200,37.2885190155,127.1069932506,-58.118362,-50.982840,1,5,2,NONE,,
COMMON_1,,201,37.2885202691,127.1069912613,-58.294545,-50.843289,1,5,2,NONE,,
COMMON_1,,202,37.2885216024,127.1069894280,-58.456911,-50.694866,1,5,2,NONE,,
COMMON_1,,203,37.2885227691,127.1069875947,-58.619278,-50.564989,1,5,2,NONE,,
COMMON_1,,204,37.2885241024,127.1069859280,-58.766889,-50.416566,1,5,2,NONE,,
COMMON_1,,205,37.2885254358,127.1069842613,-58.914501,-50.268132,1,5,2,NONE,,
COMMON_1,,206,37.2885268172,127.1069828593,-59.038669,-50.114354,1,5,2,NONE,,
COMMON_1,,207,37.2885282691,127.1069814280,-59.165432,-49.952729,1,5,2,NONE,,
COMMON_1,,208,37.2885299358,127.1069800947,-59.283516,-49.767192,1,5,2,NONE,,
COMMON_1,,209,37.2885312691,127.1069789280,-59.386845,-49.618769,1,5,2,NONE,,
COMMON_1,,210,37.2885329358,127.1069775947,-59.504929,-49.433232,1,5,2,NONE,,
COMMON_1,,211,37.2885344358,127.1069764280,-59.608257,-49.266252,1,5,2,NONE,,
COMMON_1,,212,37.2885361024,127.1069754280,-59.696823,-49.080726,1,5,2,NONE,,
COMMON_1,,213,37.2885377691,127.1069744280,-59.785388,-48.895189,1,5,2,NONE,,
COMMON_1,,214,37.2885396024,127.1069735947,-59.859189,-48.691106,1,5,2,NONE,,
COMMON_1,,215,37.2885412691,127.1069725947,-59.947754,-48.505569,1,5,2,NONE,,
COMMON_1,,216,37.2885430634,127.1069717716,-60.020652,-48.305827,1,5,2,NONE,,
COMMON_1,,217,37.2885449358,127.1069710947,-60.080602,-48.097392,1,5,2,NONE,,
COMMON_1,,218,37.2885469358,127.1069705947,-60.124884,-47.874752,1,5,2,NONE,,
COMMON_1,,219,37.2885489358,127.1069702613,-60.154412,-47.652112,1,5,2,NONE,,
COMMON_1,,220,37.2885507691,127.1069699280,-60.183931,-47.448029,1,5,2,NONE,,
COMMON_1,,221,37.2885527691,127.1069694280,-60.228213,-47.225389,1,5,2,NONE,,
COMMON_1,,222,37.2885546024,127.1069690947,-60.257732,-47.021306,1,5,2,NONE,,
COMMON_1,,223,37.2885566024,127.1069689280,-60.272496,-46.798666,1,5,2,NONE,,
COMMON_1,,224,37.2885587691,127.1069689280,-60.272496,-46.557469,1,5,2,NONE,,
COMMON_1,,225,37.2885607465,127.1069689958,-60.266491,-46.337345,1,5,2,NONE,,
COMMON_1,,226,37.2885627691,127.1069689280,-60.272496,-46.112189,1,5,2,NONE,,
COMMON_1,,227,37.2885647691,127.1069689280,-60.272496,-45.889549,1,5,2,NONE,,
COMMON_1,,228,37.2885669358,127.1069690947,-60.257732,-45.648352,1,5,2,NONE,,
COMMON_1,,229,37.2885689358,127.1069694280,-60.228213,-45.425712,1,5,2,NONE,,
COMMON_1,,230,37.2885709358,127.1069697613,-60.198694,-45.203072,1,5,2,NONE,,
COMMON_1,,231,37.2885730375,127.1069699807,-60.179263,-44.969111,1,5,2,NONE,,
COMMON_1,,232,37.2885749358,127.1069700947,-60.169167,-44.757792,1,5,2,NONE,,
COMMON_1,,233,37.2885769330,127.1069700089,-60.176766,-44.535464,1,5,2,NONE,,
COMMON_1,,234,37.2885787691,127.1069700947,-60.169167,-44.331069,1,5,2,NONE,,
COMMON_1,,235,37.2885807691,127.1069700947,-60.169167,-44.108429,1,5,2,NONE,,
COMMON_1,,236,37.2885827691,127.1069702613,-60.154412,-43.885789,1,5,2,NONE,,
COMMON_1,,237,37.2885846024,127.1069704280,-60.139648,-43.681706,1,5,2,NONE,,
COMMON_1,,238,37.2885864358,127.1069704280,-60.139648,-43.477612,1,5,2,NONE,,
COMMON_1,,239,37.2885884852,127.1069703747,-60.144369,-43.249473,1,5,2,NONE,,
COMMON_1,,240,37.2885904358,127.1069704280,-60.139648,-43.032332,1,5,2,NONE,,
COMMON_1,,241,37.2885924358,127.1069707613,-60.110129,-42.809692,1,5,2,NONE,,
COMMON_1,,242,37.2885944358,127.1069710947,-60.080602,-42.587052,1,5,2,NONE,,
COMMON_1,,243,37.2885964358,127.1069712613,-60.065847,-42.364412,1,5,2,NONE,,
COMMON_1,,244,37.2885984358,127.1069714280,-60.051083,-42.141772,1,5,2,NONE,,
COMMON_1,,245,37.2886003955,127.1069716129,-60.034707,-41.923618,1,5,2,NONE,,
COMMON_1,,246,37.2886024358,127.1069717613,-60.021564,-41.696492,1,5,2,NONE,,
COMMON_1,,247,37.2886046024,127.1069722613,-59.977282,-41.455306,1,5,2,NONE,,
COMMON_1,,248,37.2886064850,127.1069724571,-59.959941,-41.245735,1,5,2,NONE,,
COMMON_1,,249,37.2886086024,127.1069725947,-59.947754,-41.010026,1,5,2,NONE,,
COMMON_1,,250,37.2886104358,127.1069725947,-59.947754,-40.805932,1,5,2,NONE,,
COMMON_1,,251,37.2886126024,127.1069724280,-59.962518,-40.564746,1,5,2,NONE,,
COMMON_1,,252,37.2886144358,127.1069724280,-59.962518,-40.360652,1,5,2,NONE,,
COMMON_1,,253,37.2886164358,127.1069725947,-59.947754,-40.138012,1,5,2,NONE,,
COMMON_1,,254,37.2886182691,127.1069727613,-59.932999,-39.933929,1,5,2,NONE,,
COMMON_1,,255,37.2886202691,127.1069727613,-59.932999,-39.711289,1,5,2,NONE,,
COMMON_1,,256,37.2886221024,127.1069725947,-59.947754,-39.507206,1,5,2,NONE,,
COMMON_1,,257,37.2886239028,127.1069724008,-59.964927,-39.306785,1,5,2,NONE,,
COMMON_1,,258,37.2886257691,127.1069722613,-59.977282,-39.099029,1,5,2,NONE,,
COMMON_1,,259,37.2886277691,127.1069720947,-59.992037,-38.876389,1,5,2,NONE,,
COMMON_1,,260,37.2886296024,127.1069717613,-60.021564,-38.672306,1,5,2,NONE,,
COMMON_1,,261,37.2886314358,127.1069712613,-60.065847,-38.468212,1,5,2,NONE,,
COMMON_1,,262,37.2886334358,127.1069705947,-60.124884,-38.245572,1,5,2,NONE,,
COMMON_1,,263,37.2886352691,127.1069700947,-60.169167,-38.041489,1,5,2,NONE,,
COMMON_1,,264,37.2886372691,127.1069694280,-60.228213,-37.818849,1,5,2,NONE,,
COMMON_1,,265,37.2886392691,127.1069685947,-60.302014,-37.596209,1,5,2,NONE,,
COMMON_1,,266,37.2886410595,127.1069676013,-60.389995,-37.396902,1,5,2,NONE,,
COMMON_1,,267,37.2886427691,127.1069665947,-60.479145,-37.206589,1,5,2,NONE,,
COMMON_1,,268,37.2886446024,127.1069654280,-60.582473,-37.002506,1,5,2,NONE,,
COMMON_1,,269,37.2886464358,127.1069645947,-60.656275,-36.798412,1,5,2,NONE,,
COMMON_1,,270,37.2886482691,127.1069635947,-60.744840,-36.594329,1,5,2,NONE,,
COMMON_1,,271,37.2886501024,127.1069625947,-60.833405,-36.390246,1,5,2,NONE,,
COMMON_1,,272,37.2886517691,127.1069615947,-60.921970,-36.204709,1,5,2,NONE,,
COMMON_1,,273,37.2886536024,127.1069602613,-61.040063,-36.000626,1,5,2,NONE,,
COMMON_1,,274,37.2886551638,127.1069590030,-61.151504,-35.826811,1,5,2,NONE,,
COMMON_1,,275,37.2886568305,127.1069579087,-61.248421,-35.641274,1,5,2,NONE,,
COMMON_1,,276,37.2886586024,127.1069565947,-61.364795,-35.444026,1,5,2,NONE,,
COMMON_1,,277,37.2886602691,127.1069552613,-61.482888,-35.258489,1,5,2,NONE,,
COMMON_1,,278,37.2886617691,127.1069537613,-61.615736,-35.091509,1,5,2,NONE,,
COMMON_1,,279,37.2886632691,127.1069519280,-61.778102,-34.924529,1,5,2,NONE,,
COMMON_1,,280,37.2886646024,127.1069504280,-61.910950,-34.776106,1,5,2,NONE,,
COMMON_1,,281,37.2886659358,127.1069487613,-62.058561,-34.627672,1,5,2,NONE,,
COMMON_1,,282,37.2886676024,127.1069470947,-62.206164,-34.442146,1,5,2,NONE,,
COMMON_1,,283,37.2886689358,127.1069454280,-62.353775,-34.293712,1,5,2,NONE,,
COMMON_1,,284,37.2886701024,127.1069435947,-62.516141,-34.163846,1,5,2,NONE,,
COMMON_1,,285,37.2886712691,127.1069415947,-62.693272,-34.033969,1,5,2,NONE,,
COMMON_1,,286,37.2886724358,127.1069397613,-62.855647,-33.904092,1,5,2,NONE,,
COMMON_1,,287,37.2886736024,127.1069377613,-63.032777,-33.774226,1,5,2,NONE,,
COMMON_1,,288,37.2886747691,127.1069357613,-63.209907,-33.644349,1,5,2,NONE,,
COMMON_1,,289,37.2886757691,127.1069339280,-63.372274,-33.533029,1,5,2,NONE,,
COMMON_1,,290,37.2886767806,127.1069317072,-63.568959,-33.420429,1,5,2,NONE,,
COMMON_1,,291,37.2886776374,127.1069297270,-63.744335,-33.325050,1,5,2,NONE,,
COMMON_1,,292,37.2886784358,127.1069277613,-63.918428,-33.236172,1,5,2,NONE,,
COMMON_1,,293,37.2886793511,127.1069257318,-64.098171,-33.134281,1,5,2,NONE,,
COMMON_1,,294,37.2886802355,127.1069236473,-64.282785,-33.035829,1,5,2,NONE,,
COMMON_1,,295,37.2886809358,127.1069214280,-64.479337,-32.957872,1,5,2,NONE,,
COMMON_1,,296,37.2886816024,127.1069190947,-64.685986,-32.883666,1,5,2,NONE,,
COMMON_1,,297,37.2886821703,127.1069166297,-64.904299,-32.820447,1,5,2,NONE,,
COMMON_1,,298,37.2886827691,127.1069144280,-65.099293,-32.753789,1,5,2,NONE,,
COMMON_1,,299,37.2886834358,127.1069120947,-65.305942,-32.679572,1,5,2,NONE,,
COMMON_1,,300,37.2886839358,127.1069095948,-65.527345,-32.623912,1,5,2,NONE,,
COMMON_1,,301,37.2886842691,127.1069072614,-65.734003,-32.586809,1,5,2,NONE,,
COMMON_1,,302,37.2886846024,127.1069047613,-65.955425,-32.549706,1,5,2,NONE,,
COMMON_1,,303,37.2886847691,127.1069024280,-66.162074,-32.531149,1,5,2,NONE,,
COMMON_1,,304,37.2886851024,127.1069000947,-66.368723,-32.494046,1,5,2,NONE,,
COMMON_1,,305,37.2886854358,127.1068975947,-66.590135,-32.456932,1,5,2,NONE,,
COMMON_1,,306,37.2886857691,127.1068950948,-66.811539,-32.419829,1,5,2,NONE,,
COMMON_1,,307,37.2886859358,127.1068927614,-67.018197,-32.401272,1,5,2,NONE,,
COMMON_1,,308,37.2886859358,127.1068899281,-67.269128,-32.401272,1,5,2,NONE,,
COMMON_1,,309,37.2886861024,127.1068874281,-67.490541,-32.382726,1,5,2,NONE,,
COMMON_1,,310,37.2886862691,127.1068847613,-67.726727,-32.364169,1,5,2,NONE,,
COMMON_1,,311,37.2886864544,127.1068820974,-67.962655,-32.343541,1,5,2,NONE,,
COMMON_1,,312,37.2886866479,127.1068796655,-68.178036,-32.322001,1,5,2,NONE,,
COMMON_1,,313,37.2886866755,127.1068769210,-68.421103,-32.318928,1,5,2,NONE,,
COMMON_1,,314,37.2886864358,127.1068742614,-68.656651,-32.345612,1,5,2,NONE,,
COMMON_1,,315,37.2886864358,127.1068717614,-68.878064,-32.345612,1,5,2,NONE,,
COMMON_1,,316,37.2886864358,127.1068690948,-69.114231,-32.345612,1,5,2,NONE,,
COMMON_1,,317,37.2886864821,127.1068663251,-69.359530,-32.340458,1,5,2,NONE,,
COMMON_1,,318,37.2886864358,127.1068639281,-69.571821,-32.345612,1,5,2,NONE,,
COMMON_1,,319,37.2886862691,127.1068612614,-69.807997,-32.364169,1,5,2,NONE,,
COMMON_1,,320,37.2886860122,127.1068584737,-70.054890,-32.392767,1,5,2,NONE,,
COMMON_1,,321,37.2886859358,127.1068559281,-70.280341,-32.401272,1,5,2,NONE,,
COMMON_1,,322,37.2886859358,127.1068532614,-70.516518,-32.401272,1,5,2,NONE,,
COMMON_1,,323,37.2886859358,127.1068505948,-70.752685,-32.401272,1,5,2,NONE,,
COMMON_1,,324,37.2886859358,127.1068477614,-71.003626,-32.401272,1,5,2,NONE,,
COMMON_1,,325,37.2886857691,127.1068449281,-71.254557,-32.419829,1,5,2,NONE,,
COMMON_1,,326,37.2886857691,127.1068422614,-71.490734,-32.419829,1,5,2,NONE,,
COMMON_1,,327,37.2886859358,127.1068395948,-71.726901,-32.401272,1,5,2,NONE,,
COMMON_1,,328,37.2886860951,127.1068367260,-71.980977,-32.383539,1,5,2,NONE,,
COMMON_1,,329,37.2886862691,127.1068340948,-72.214009,-32.364169,1,5,2,NONE,,
COMMON_1,,330,37.2886864358,127.1068314281,-72.450186,-32.345612,1,5,2,NONE,,
COMMON_1,,331,37.2886864358,127.1068287614,-72.686362,-32.345612,1,5,2,NONE,,
COMMON_1,,332,37.2886866024,127.1068262614,-72.907775,-32.327066,1,5,2,NONE,,
COMMON_1,,333,37.2886867691,127.1068235948,-73.143943,-32.308509,1,5,2,NONE,,
COMMON_1,,334,37.2886871024,127.1068209281,-73.380119,-32.271406,1,5,2,NONE,,
COMMON_1,,335,37.2886872691,127.1068184281,-73.601532,-32.252849,1,5,2,NONE,,
COMMON_1,,336,37.2886874358,127.1068157614,-73.837708,-32.234292,1,5,2,NONE,,
COMMON_1,,337,37.2886877691,127.1068132614,-74.059121,-32.197189,1,5,2,NONE,,
COMMON_1,,338,37.2886881024,127.1068109281,-74.265770,-32.160086,1,5,2,NONE,,
COMMON_1,,339,37.2886886024,127.1068085948,-74.472419,-32.104426,1,5,2,NONE,,
COMMON_1,,340,37.2886891024,127.1068062614,-74.679077,-32.048766,1,5,2,NONE,,
COMMON_1,,341,37.2886894358,127.1068039281,-74.885726,-32.011652,1,5,2,NONE,,
COMMON_1,,342,37.2886897691,127.1068015948,-75.092375,-31.974549,1,5,2,NONE,,
COMMON_1,,343,37.2886902691,127.1067992614,-75.299032,-31.918889,1,5,2,NONE,,
COMMON_1,,344,37.2886909358,127.1067970948,-75.490917,-31.844672,1,5,2,NONE,,
COMMON_1,,345,37.2886917691,127.1067947614,-75.697575,-31.751909,1,5,2,NONE,,
COMMON_1,,346,37.2886926024,127.1067925948,-75.889460,-31.659146,1,5,2,NONE,,
COMMON_1,,347,37.2886932691,127.1067905948,-76.066591,-31.584929,1,5,2,NONE,,
COMMON_1,,348,37.2886941658,127.1067884711,-76.254676,-31.485108,1,5,2,NONE,,
COMMON_1,,349,37.2886951608,127.1067863171,-76.445445,-31.374345,1,5,2,NONE,,
COMMON_1,,350,37.2886962691,127.1067844281,-76.612745,-31.250969,1,5,2,NONE,,
COMMON_1,,351,37.2886976024,127.1067824281,-76.789875,-31.102546,1,5,2,NONE,,
COMMON_1,,352,37.2886987691,127.1067805948,-76.952241,-30.972669,1,5,2,NONE,,
COMMON_1,,353,37.2886999358,127.1067784281,-77.144135,-30.842792,1,5,2,NONE,,
COMMON_1,,354,37.2887011024,127.1067764281,-77.321266,-30.712926,1,5,2,NONE,,
COMMON_1,,355,37.2887024358,127.1067745948,-77.483632,-30.564492,1,5,2,NONE,,
COMMON_1,,356,37.2887037691,127.1067727614,-77.646007,-30.416069,1,5,2,NONE,,
COMMON_1,,357,37.2887051024,127.1067709281,-77.808373,-30.267646,1,5,2,NONE,,
COMMON_1,,358,37.2887064358,127.1067689281,-77.985504,-30.119212,1,5,2,NONE,,
COMMON_1,,359,37.2887077644,127.1067666886,-78.183845,-29.971312,1,5,2,NONE,,
COMMON_1,,360,37.2887089358,127.1067649281,-78.339764,-29.840912,1,5,2,NONE,,
COMMON_1,,361,37.2887105283,127.1067630408,-78.506913,-29.663635,1,5,2,NONE,,
COMMON_1,,362,37.2887122691,127.1067614281,-78.649742,-29.469849,1,5,2,NONE,,
COMMON_1,,363,37.2887137691,127.1067599281,-78.782589,-29.302869,1,5,2,NONE,,
COMMON_1,,364,37.2887152691,127.1067580948,-78.944956,-29.135889,1,5,2,NONE,,
COMMON_1,,365,37.2887169764,127.1067564872,-79.087333,-28.945832,1,5,2,NONE,,
COMMON_1,,366,37.2887186024,127.1067552614,-79.195896,-28.764826,1,5,2,NONE,,
COMMON_1,,367,37.2887206024,127.1067540948,-79.299216,-28.542186,1,5,2,NONE,,
COMMON_1,,368,37.2887226024,127.1067530948,-79.387781,-28.319546,1,5,2,NONE,,
COMMON_1,,369,37.2887246024,127.1067519281,-79.491110,-28.096906,1,5,2,NONE,,
COMMON_1,,370,37.2887265734,127.1067507099,-79.599000,-27.877494,1,5,2,NONE,,
COMMON_1,,371,37.2887286024,127.1067497614,-79.683004,-27.651626,1,5,2,NONE,,
COMMON_1,,372,37.2887306024,127.1067489281,-79.756805,-27.428986,1,5,2,NONE,,
COMMON_1,,373,37.2887327691,127.1067480948,-79.830607,-27.187789,1,5,2,NONE,,
COMMON_1,,374,37.2887347691,127.1067474281,-79.889653,-26.965149,1,5,2,NONE,,
COMMON_1,,375,37.2887367691,127.1067465948,-79.963454,-26.742509,1,5,2,NONE,,
COMMON_1,,376,37.2887389358,127.1067457614,-80.037264,-26.501312,1,5,2,NONE,,
COMMON_1,,377,37.2887409358,127.1067452614,-80.081547,-26.278672,1,5,2,NONE,,
COMMON_1,,378,37.2887431024,127.1067447614,-80.125829,-26.037486,1,5,2,NONE,,
COMMON_1,,379,37.2887451085,127.1067443116,-80.165666,-25.814167,1,5,2,NONE,,
COMMON_1,,380,37.2887471024,127.1067437614,-80.214395,-25.592206,1,5,2,NONE,,
COMMON_1,,381,37.2887492691,127.1067430948,-80.273432,-25.351009,1,5,2,NONE,,
COMMON_1,,382,37.2887512170,127.1067426932,-80.309000,-25.134169,1,5,2,NONE,,
COMMON_1,,383,37.2887532691,127.1067424281,-80.332478,-24.905729,1,5,2,NONE,,
COMMON_1,,384,37.2887554358,127.1067424281,-80.332478,-24.664532,1,5,2,NONE,,
COMMON_1,,385,37.2887574358,127.1067425948,-80.317715,-24.441892,1,5,2,NONE,,
COMMON_1,,386,37.2887594358,127.1067425948,-80.317715,-24.219252,1,5,2,NONE,,
COMMON_1,,387,37.2887615177,127.1067427308,-80.305670,-23.987495,1,5,2,NONE,,
COMMON_1,,388,37.2887636024,127.1067429281,-80.288196,-23.755426,1,5,2,NONE,,
COMMON_1,,389,37.2887657691,127.1067434281,-80.243913,-23.514229,1,5,2,NONE,,
COMMON_1,,390,37.2887679358,127.1067439281,-80.199631,-23.273032,1,5,2,NONE,,
COMMON_1,,391,37.2887699358,127.1067442614,-80.170112,-23.050392,1,5,2,NONE,,
COMMON_1,,392,37.2887721024,127.1067445948,-80.140584,-22.809206,1,5,2,NONE,,
COMMON_1,,393,37.2887741024,127.1067449281,-80.111066,-22.586566,1,5,2,NONE,,
COMMON_1,,394,37.2887762691,127.1067455948,-80.052019,-22.345369,1,5,2,NONE,,
COMMON_1,,395,37.2887784358,127.1067462614,-79.992982,-22.104172,1,5,2,NONE,,
COMMON_1,,396,37.2887806024,127.1067469281,-79.933936,-21.862986,1,5,2,NONE,,
COMMON_1,,397,37.2887826024,127.1067474281,-79.889653,-21.640346,1,5,2,NONE,,
COMMON_1,,398,37.2887847691,127.1067479281,-79.845370,-21.399149,1,5,2,NONE,,
COMMON_1,,399,37.2887869358,127.1067487614,-79.771569,-21.157952,1,5,2,NONE,,
COMMON_1,,400,37.2887889358,127.1067495948,-79.697759,-20.935312,1,5,2,NONE,,
COMMON_1,,401,37.2887911024,127.1067505948,-79.609194,-20.694126,1,5,2,NONE,,
COMMON_1,,402,37.2887932691,127.1067514281,-79.535393,-20.452929,1,5,2,NONE,,
COMMON_1,,403,37.2887952691,127.1067520948,-79.476346,-20.230289,1,5,2,NONE,,
COMMON_1,,404,37.2887974358,127.1067529281,-79.402545,-19.989092,1,5,2,NONE,,
COMMON_1,,405,37.2887992691,127.1067539281,-79.313980,-19.785009,1,5,2,NONE,,
COMMON_1,,406,37.2888009358,127.1067549281,-79.225415,-19.599472,1,5,2,NONE,,
COMMON_1,,407,37.2888022938,127.1067558597,-79.142908,-19.448299,1,5,2,NONE,,
COMMON_1,,408,37.2888037365,127.1067570578,-79.036798,-19.287698,1,5,2,NONE,,
COMMON_1,,409,37.2888062354,127.1067596482,-78.807379,-19.009520,1,5,2,NONE,,
COMMON_1,,410,37.2888086055,127.1067633720,-78.477580,-18.745681,1,6,2,NONE,,
COMMON_1,,411,37.2888097691,127.1067660948,-78.236435,-18.616149,1,6,2,NONE,,
COMMON_1,,412,37.2888105891,127.1067679377,-78.073219,-18.524866,1,6,2,NONE,,
COMMON_1,,413,37.2888113362,127.1067698158,-77.906884,-18.441699,1,6,2,NONE,,
COMMON_1,,414,37.2888119545,127.1067717262,-77.737690,-18.372870,1,6,2,NONE,,
COMMON_1,,415,37.2888126024,127.1067739281,-77.542678,-18.300746,1,6,2,NONE,,
COMMON_1,,416,37.2888131024,127.1067762614,-77.336029,-18.245086,1,6,2,NONE,,
COMMON_1,,417,37.2888136024,127.1067785948,-77.129372,-18.189426,1,6,2,NONE,,
COMMON_1,,418,37.2888141024,127.1067809281,-76.922723,-18.133766,1,6,2,NONE,,
COMMON_1,,419,37.2888146852,127.1067834804,-76.696678,-18.068889,1,6,2,NONE,,
COMMON_1,,420,37.2888151024,127.1067859281,-76.479897,-18.022446,1,6,2,NONE,,
COMMON_1,,421,37.2888154358,127.1067884281,-76.258485,-17.985332,1,6,2,NONE,,
COMMON_1,,422,37.2888159358,127.1067909281,-76.037072,-17.929672,1,6,2,NONE,,
COMMON_1,,423,37.2888162691,127.1067934281,-75.815659,-17.892569,1,6,2,NONE,,
COMMON_1,,424,37.2888164885,127.1067961412,-75.575373,-17.868145,1,6,2,NONE,,
COMMON_1,,425,37.2888166946,127.1067985698,-75.360284,-17.845202,1,6,2,NONE,,
COMMON_1,,426,37.2888169265,127.1068010631,-75.139465,-17.819387,1,6,2,NONE,,
COMMON_1,,427,37.2888169358,127.1068037614,-74.900489,-17.818352,1,6,2,NONE,,
COMMON_1,,428,37.2888169358,127.1068062614,-74.679077,-17.818352,1,6,2,NONE,,
COMMON_1,,429,37.2888169358,127.1068087614,-74.457664,-17.818352,1,6,2,NONE,,
COMMON_1,,430,37.2888169780,127.1068113925,-74.224640,-17.813654,1,6,2,NONE,,
COMMON_1,,431,37.2888167977,127.1068139182,-74.000952,-17.833725,1,6,2,NONE,,
COMMON_1,,432,37.2888166024,127.1068164281,-73.778662,-17.855466,1,6,2,NONE,,
COMMON_1,,433,37.2888162691,127.1068189281,-73.557249,-17.892569,1,6,2,NONE,,
COMMON_1,,434,37.2888159358,127.1068215948,-73.321073,-17.929672,1,6,2,NONE,,
COMMON_1,,435,37.2888157691,127.1068240948,-73.099660,-17.948229,1,6,2,NONE,,
COMMON_1,,436,37.2888156024,127.1068265948,-72.878247,-17.966786,1,6,2,NONE,,
COMMON_1,,437,37.2888152691,127.1068289281,-72.671599,-18.003889,1,6,2,NONE,,
COMMON_1,,438,37.2888149358,127.1068315948,-72.435422,-18.040992,1,6,2,NONE,,
COMMON_1,,439,37.2888146024,127.1068340948,-72.214009,-18.078106,1,6,2,NONE,,
COMMON_1,,440,37.2888142691,127.1068367614,-71.977842,-18.115209,1,6,2,NONE,,
COMMON_1,,441,37.2888141024,127.1068394281,-71.741665,-18.133766,1,6,2,NONE,,
COMMON_1,,442,37.2888137836,127.1068420246,-71.511706,-18.169255,1,6,2,NONE,,
COMMON_1,,443,37.2888134358,127.1068445948,-71.284076,-18.207972,1,6,2,NONE,,
COMMON_1,,444,37.2888129358,127.1068472614,-71.047908,-18.263632,1,6,2,NONE,,
COMMON_1,,445,37.2888123667,127.1068500550,-70.800493,-18.326984,1,6,2,NONE,,
COMMON_1,,446,37.2888119358,127.1068525948,-70.575555,-18.374952,1,6,2,NONE,,
COMMON_1,,447,37.2888114908,127.1068556569,-70.304360,-18.424489,1,6,2,NONE,,
COMMON_1,,448,37.2888111024,127.1068580948,-70.088447,-18.467726,1,6,2,NONE,,
COMMON_1,,449,37.2888104358,127.1068609281,-69.837516,-18.541932,1,6,2,NONE,,
COMMON_1,,450,37.2888096024,127.1068634281,-69.616103,-18.634706,1,6,2,NONE,,
COMMON_1,,451,37.2888089358,127.1068659281,-69.394690,-18.708912,1,6,2,NONE,,
COMMON_1,,452,37.2888084358,127.1068685948,-69.158514,-18.764572,1,6,2,NONE,,
COMMON_1,,453,37.2888079358,127.1068710948,-68.937101,-18.820232,1,6,2,NONE,,
COMMON_1,,454,37.2888072691,127.1068735947,-68.715697,-18.894449,1,6,2,NONE,,
COMMON_1,,455,37.2888064358,127.1068760948,-68.494276,-18.987212,1,6,2,NONE,,
COMMON_1,,456,37.2888055913,127.1068788414,-68.251023,-19.081222,1,6,2,NONE,,
COMMON_1,,457,37.2888048958,127.1068812376,-68.038803,-19.158645,1,6,2,NONE,,
COMMON_1,,458,37.2888042691,127.1068837613,-67.815292,-19.228409,1,6,2,NONE,,
COMMON_1,,459,37.2888036024,127.1068862614,-67.593870,-19.302626,1,6,2,NONE,,
COMMON_1,,460,37.2888029358,127.1068887614,-67.372457,-19.376832,1,6,2,NONE,,
COMMON_1,,461,37.2888021024,127.1068914280,-67.136290,-19.469606,1,6,2,NONE,,
COMMON_1,,462,37.2888014437,127.1068940927,-66.900290,-19.542932,1,6,2,NONE,,
COMMON_1,,463,37.2888007691,127.1068967613,-66.663945,-19.618029,1,6,2,NONE,,
COMMON_1,,464,37.2888002691,127.1068995948,-66.412996,-19.673689,1,6,2,NONE,,
COMMON_1,,465,37.2887996024,127.1069020947,-66.191592,-19.747906,1,6,2,NONE,,
COMMON_1,,466,37.2887987691,127.1069047613,-65.955425,-19.840669,1,6,2,NONE,,
COMMON_1,,467,37.2887979358,127.1069072614,-65.734003,-19.933432,1,6,2,NONE,,
COMMON_1,,468,37.2887972691,127.1069099280,-65.497836,-20.007649,1,6,2,NONE,,
COMMON_1,,469,37.2887967691,127.1069125947,-65.261659,-20.063309,1,6,2,NONE,,
COMMON_1,,470,37.2887961024,127.1069152613,-65.025491,-20.137526,1,6,2,NONE,,
COMMON_1,,471,37.2887952691,127.1069179280,-64.789315,-20.230289,1,6,2,NONE,,
COMMON_1,,472,37.2887946024,127.1069205947,-64.553138,-20.304506,1,6,2,NONE,,
COMMON_1,,473,37.2887937691,127.1069232613,-64.316971,-20.397269,1,6,2,NONE,,
COMMON_1,,474,37.2887931742,127.1069258581,-64.086985,-20.463493,1,6,2,NONE,,
COMMON_1,,475,37.2887927362,127.1069285781,-63.846088,-20.512251,1,6,2,NONE,,
COMMON_1,,476,37.2887921024,127.1069312613,-63.608450,-20.582806,1,6,2,NONE,,
COMMON_1,,477,37.2887912691,127.1069339280,-63.372274,-20.675569,1,6,2,NONE,,
COMMON_1,,478,37.2887904358,127.1069364280,-63.150861,-20.768332,1,6,2,NONE,,
COMMON_1,,479,37.2887897221,127.1069389075,-62.931264,-20.847781,1,6,2,NONE,,
COMMON_1,,480,37.2887890265,127.1069416923,-62.684628,-20.925215,1,6,2,NONE,,
COMMON_1,,481,37.2887882691,127.1069444280,-62.442340,-21.009529,1,6,2,NONE,,
COMMON_1,,482,37.2887874358,127.1069469280,-62.220927,-21.102292,1,6,2,NONE,,
COMMON_1,,483,37.2887866024,127.1069495947,-61.984751,-21.195066,1,6,2,NONE,,
COMMON_1,,484,37.2887857691,127.1069522613,-61.748583,-21.287829,1,6,2,NONE,,
COMMON_1,,485,37.2887851024,127.1069550947,-61.497643,-21.362046,1,6,2,NONE,,
COMMON_1,,486,37.2887844358,127.1069577613,-61.261475,-21.436252,1,6,2,NONE,,
COMMON_1,,487,37.2887836024,127.1069604280,-61.025299,-21.529026,1,6,2,NONE,,
COMMON_1,,488,37.2887827691,127.1069632613,-60.774367,-21.621789,1,6,2,NONE,,
COMMON_1,,489,37.2887817691,127.1069659280,-60.538191,-21.733109,1,6,2,NONE,,
COMMON_1,,490,37.2887811024,127.1069685947,-60.302014,-21.807326,1,6,2,NONE,,
COMMON_1,,491,37.2887804358,127.1069714280,-60.051083,-21.881532,1,6,2,NONE,,
COMMON_1,,492,37.2887797691,127.1069739280,-59.829670,-21.955749,1,6,2,NONE,,
COMMON_1,,493,37.2887787691,127.1069767613,-59.578739,-22.067069,1,6,2,NONE,,
COMMON_1,,494,37.2887779358,127.1069792613,-59.357326,-22.159832,1,6,2,NONE,,
COMMON_1,,495,37.2887772691,127.1069819280,-59.121150,-22.234049,1,6,2,NONE,,
COMMON_1,,496,37.2887764358,127.1069845947,-58.884973,-22.326812,1,6,2,NONE,,
COMMON_1,,497,37.2887756024,127.1069872613,-58.648805,-22.419586,1,6,2,NONE,,
COMMON_1,,498,37.2887746024,127.1069899280,-58.412629,-22.530906,1,6,2,NONE,,
COMMON_1,,499,37.2887736024,127.1069925947,-58.176452,-22.642226,1,6,2,NONE,,
COMMON_1,,500,37.2887726024,127.1069950947,-57.955040,-22.753546,1,6,2,NONE,,
COMMON_1,,501,37.2887717691,127.1069977613,-57.718872,-22.846309,1,6,2,NONE,,
COMMON_1,,502,37.2887711024,127.1070004280,-57.482695,-22.920526,1,6,2,NONE,,
COMMON_1,,503,37.2887702691,127.1070027613,-57.276047,-23.013289,1,6,2,NONE,,
COMMON_1,,504,37.2887692691,127.1070054280,-57.039870,-23.124609,1,6,2,NONE,,
COMMON_1,,505,37.2887684358,127.1070080947,-56.803694,-23.217372,1,6,2,NONE,,
COMMON_1,,506,37.2887674358,127.1070105947,-56.582281,-23.328692,1,6,2,NONE,,
COMMON_1,,507,37.2887666024,127.1070132613,-56.346113,-23.421466,1,6,2,NONE,,
COMMON_1,,508,37.2887657691,127.1070159280,-56.109937,-23.514229,1,6,2,NONE,,
COMMON_1,,509,37.2887647691,127.1070184280,-55.888524,-23.625549,1,6,2,NONE,,
COMMON_1,,510,37.2887637691,127.1070209280,-55.667111,-23.736869,1,6,2,NONE,,
COMMON_1,,511,37.2887627691,127.1070235947,-55.430935,-23.848189,1,6,2,NONE,,
COMMON_1,,512,37.2887619358,127.1070260947,-55.209522,-23.940952,1,6,2,NONE,,
COMMON_1,,513,37.2887610951,127.1070285624,-54.990970,-24.034539,1,6,2,NONE,,
COMMON_1,,514,37.2887602691,127.1070312613,-54.751942,-24.126489,1,6,2,NONE,,
COMMON_1,,515,37.2887592691,127.1070337613,-54.530529,-24.237809,1,6,2,NONE,,
COMMON_1,,516,37.2887582691,127.1070362613,-54.309116,-24.349129,1,6,2,NONE,,
COMMON_1,,517,37.2887574358,127.1070385947,-54.102458,-24.441892,1,6,2,NONE,,
COMMON_1,,518,37.2887566024,127.1070410947,-53.881046,-24.534666,1,6,2,NONE,,
COMMON_1,,519,37.2887557691,127.1070435947,-53.659633,-24.627429,1,6,2,NONE,,
COMMON_1,,520,37.2887547691,127.1070459280,-53.452984,-24.738749,1,6,2,NONE,,
COMMON_1,,521,37.2887537691,127.1070482613,-53.246335,-24.850069,1,6,2,NONE,,
COMMON_1,,522,37.2887527691,127.1070507613,-53.024922,-24.961389,1,6,2,NONE,,
COMMON_1,,523,37.2887519358,127.1070530947,-52.818265,-25.054152,1,6,2,NONE,,
COMMON_1,,524,37.2887512691,127.1070555947,-52.596852,-25.128369,1,6,2,NONE,,
COMMON_1,,525,37.2887505042,127.1070578129,-52.400397,-25.213518,1,6,2,NONE,,
COMMON_1,,526,37.2887496024,127.1070600947,-52.198309,-25.313906,1,6,2,NONE,,
COMMON_1,,527,37.2887489358,127.1070622613,-52.006424,-25.388112,1,6,2,NONE,,
COMMON_1,,528,37.2887482691,127.1070642613,-51.829294,-25.462329,1,6,2,NONE,,
COMMON_1,,529,37.2887476990,127.1070661599,-51.661144,-25.525792,1,6,2,NONE,,
COMMON_1,,530,37.2887471551,127.1070678509,-51.511381,-25.586339,1,6,2,NONE,,
COMMON_1,,531,37.2887465540,127.1070695419,-51.361617,-25.653254,1,6,2,NONE,,
COMMON_1,,532,37.2887458957,127.1070710530,-51.227786,-25.726536,1,6,2,NONE,,
COMMON_1,,533,37.2887452087,127.1070725641,-51.093956,-25.803013,1,6,2,NONE,,
COMMON_1,,534,37.2887445217,127.1070740392,-50.963313,-25.879489,1,6,2,NONE,,
COMMON_1,,535,37.2887434358,127.1070764280,-50.751749,-26.000372,1,6,2,NONE,,
COMMON_1,,536,37.2887426039,127.1070782127,-50.593687,-26.092979,1,6,2,NONE,,
COMMON_1,,537,37.2887416593,127.1070800836,-50.427991,-26.198132,1,6,2,NONE,,
COMMON_1,,538,37.2887406024,127.1070817613,-50.279405,-26.315786,1,6,2,NONE,,
COMMON_1,,539,37.2887396024,127.1070834280,-50.131793,-26.427106,1,6,2,NONE,,
COMMON_1,,540,37.2887386824,127.1070852285,-49.972332,-26.529520,1,6,2,NONE,,
COMMON_1,,541,37.2887377691,127.1070867613,-49.836579,-26.631189,1,6,2,NONE,,
COMMON_1,,542,37.2887369358,127.1070882613,-49.703732,-26.723952,1,6,2,NONE,,
COMMON_1,,543,37.2887361635,127.1070896539,-49.580396,-26.809924,1,6,2,NONE,,
COMMON_1,,544,37.2887354840,127.1070910912,-49.453101,-26.885566,1,6,2,NONE,,
COMMON_1,,545,37.2887345556,127.1070932904,-49.258329,-26.988916,1,6,2,NONE,,
COMMON_1,,546,37.2887339843,127.1070948613,-49.119202,-27.052513,1,6,2,NONE,,
COMMON_1,,547,37.2887333058,127.1070967463,-48.952257,-27.128043,1,6,2,NONE,,
COMMON_1,,548,37.2887328773,127.1070981376,-48.829036,-27.175744,1,6,2,NONE,,
COMMON_1,,549,37.2887322703,127.1071002471,-48.642208,-27.243315,1,6,2,NONE,,
COMMON_1,,550,37.2887318775,127.1071018628,-48.499114,-27.287042,1,6,2,NONE,,
COMMON_1,,551,37.2887313062,127.1071037029,-48.336145,-27.350639,1,6,2,NONE,,
COMMON_1,,552,37.2887308420,127.1071051840,-48.204971,-27.402314,1,6,2,NONE,,
COMMON_1,,553,37.2887303778,127.1071066651,-48.073798,-27.453988,1,6,2,NONE,,
COMMON_1,,554,37.2887298422,127.1071081462,-47.942624,-27.513611,1,6,2,STOP_LINE,,
COMMON_1,,555,37.2887292708,127.1071098517,-47.791576,-27.577209,1,6,2,NONE,,
COMMON_1,,556,37.2887286024,127.1071117613,-47.622452,-27.651626,1,6,2,NONE,,
COMMON_1,,557,37.2887281024,127.1071134280,-47.474841,-27.707286,1,6,2,NONE,,
COMMON_1,,558,37.2887274358,127.1071152613,-47.312475,-27.781492,1,6,2,NONE,,
COMMON_1,,559,37.2887266024,127.1071172613,-47.135344,-27.874266,1,6,2,NONE,,
COMMON_1,,560,37.2887257691,127.1071194280,-46.943450,-27.967029,1,6,2,NONE,,
COMMON_1,,561,37.2887249900,127.1071214861,-46.761175,-28.053758,1,6,2,NONE,,
COMMON_1,,562,37.2887242758,127.1071239296,-46.544766,-28.133263,1,6,2,NONE,,
COMMON_1,,563,37.2887236410,127.1071264230,-46.323938,-28.203929,1,6,2,NONE,,
COMMON_1,,564,37.2887229269,127.1071286671,-46.125189,-28.283423,1,6,2,NONE,,
COMMON_1,,565,37.2887221024,127.1071310947,-45.910188,-28.375206,1,6,2,NONE,,
COMMON_1,,566,37.2887214358,127.1071332613,-45.718303,-28.449412,1,6,2,NONE,,
COMMON_1,,567,37.2887207691,127.1071355947,-45.511645,-28.523629,1,6,2,NONE,,
COMMON_1,,568,37.2887202290,127.1071381920,-45.281615,-28.583753,1,6,2,NONE,,
COMMON_1,,569,37.2887196024,127.1071402613,-45.098347,-28.653506,1,6,2,NONE,,
COMMON_1,,570,37.2887189358,127.1071425947,-44.891690,-28.727712,1,6,2,NONE,,
COMMON_1,,571,37.2887183643,127.1071448245,-44.694207,-28.791331,1,6,2,NONE,,
COMMON_1,,572,37.2887176024,127.1071472613,-44.478392,-28.876146,1,6,2,NONE,,
COMMON_1,,573,37.2887171024,127.1071495947,-44.271734,-28.931806,1,6,2,NONE,,
COMMON_1,,574,37.2887166024,127.1071519280,-44.065085,-28.987466,1,6,2,NONE,,
COMMON_1,,575,37.2887159358,127.1071540947,-43.873191,-29.061672,1,6,2,NONE,,
COMMON_1,,576,37.2887151024,127.1071564280,-43.666542,-29.154446,1,6,2,NONE,,
COMMON_1,,577,37.2887142691,127.1071587613,-43.459893,-29.247209,1,6,2,NONE,,
COMMON_1,,578,37.2887136024,127.1071609280,-43.267999,-29.321426,1,6,2,NONE,,
COMMON_1,,579,37.2887131024,127.1071632613,-43.061350,-29.377086,1,6,2,NONE,,
COMMON_1,,580,37.2887124130,127.1071656197,-42.852479,-29.453830,1,6,2,NONE,,
COMMON_1,,581,37.2887117691,127.1071680947,-42.633280,-29.525509,1,6,2,NONE,,
COMMON_1,,582,37.2887111024,127.1071704280,-42.426631,-29.599726,1,6,2,NONE,,
COMMON_1,,583,37.2887103896,127.1071728007,-42.216493,-29.679075,1,6,2,NONE,,
COMMON_1,,584,37.2887097691,127.1071749280,-42.028088,-29.748149,1,6,2,NONE,,
COMMON_1,,585,37.2887091597,127.1071772889,-41.818995,-29.815987,1,6,2,NONE,,
COMMON_1,,586,37.2887083265,127.1071796327,-41.611416,-29.908739,1,6,2,NONE,,
COMMON_1,,587,37.2887075330,127.1071817272,-41.425916,-29.997072,1,6,2,NONE,,
COMMON_1,,588,37.2887067691,127.1071840947,-41.216239,-30.082109,1,6,2,NONE,,
COMMON_1,,589,37.2887059358,127.1071864280,-41.009590,-30.174872,1,6,2,NONE,,
COMMON_1,,590,37.2887051024,127.1071887613,-40.802941,-30.267646,1,6,2,NONE,,
COMMON_1,,591,37.2887043590,127.1071909529,-40.608842,-30.350401,1,6,2,NONE,,
COMMON_1,,592,37.2887034358,127.1071932613,-40.404398,-30.453172,1,6,2,NONE,,
COMMON_1,,593,37.2887024358,127.1071955947,-40.197740,-30.564492,1,6,2,NONE,,
COMMON_1,,594,37.2887014358,127.1071979280,-39.991091,-30.675812,1,6,2,NONE,,
COMMON_1,,595,37.2887006024,127.1072000947,-39.799197,-30.768586,1,6,2,NONE,,
COMMON_1,,596,37.2886996024,127.1072027613,-39.563030,-30.879906,1,6,2,NONE,,
COMMON_1,,597,37.2886987691,127.1072050947,-39.356372,-30.972669,1,6,2,NONE,,
COMMON_1,,598,37.2886977691,127.1072074280,-39.149723,-31.083989,1,6,2,NONE,,
COMMON_1,,599,37.2886967691,127.1072097613,-38.943074,-31.195309,1,6,2,NONE,,
COMMON_1,,600,37.2886957691,127.1072120947,-38.736416,-31.306629,1,6,2,NONE,,
COMMON_1,,601,37.2886949358,127.1072145947,-38.515004,-31.399392,1,6,2,NONE,,
COMMON_1,,602,37.2886941024,127.1072170947,-38.293591,-31.492166,1,6,2,NONE,,
COMMON_1,,603,37.2886931024,127.1072194280,-38.086942,-31.603486,1,6,2,NONE,,
COMMON_1,,604,37.2886921024,127.1072215947,-37.895048,-31.714806,1,6,2,NONE,,
COMMON_1,,605,37.2886911024,127.1072237613,-37.703163,-31.826126,1,6,2,NONE,,
COMMON_1,,606,37.2886902691,127.1072259280,-37.511269,-31.918889,1,6,2,NONE,,
COMMON_1,,607,37.2886894358,127.1072284280,-37.289856,-32.011652,1,6,2,NONE,,
COMMON_1,,608,37.2886886024,127.1072305947,-37.097962,-32.104426,1,6,2,NONE,,
COMMON_1,,609,37.2886876024,127.1072327613,-36.906077,-32.215746,1,6,2,NONE,,
COMMON_1,,610,37.2886866024,127.1072349280,-36.714183,-32.327066,1,6,2,NONE,,
COMMON_1,,611,37.2886857691,127.1072370947,-36.522289,-32.419829,1,6,2,NONE,,
COMMON_1,,612,37.2886849346,127.1072394729,-36.311664,-32.512725,1,6,2,NONE,,
COMMON_1,,613,37.2886842691,127.1072417613,-36.108991,-32.586809,1,6,2,NONE,,
COMMON_1,,614,37.2886834358,127.1072439280,-35.917097,-32.679572,1,6,2,NONE,,
COMMON_1,,615,37.2886826024,127.1072460947,-35.725203,-32.772346,1,6,2,NONE,,
COMMON_1,,616,37.2886817691,127.1072482613,-35.533318,-32.865109,1,6,2,NONE,,
COMMON_1,,617,37.2886809358,127.1072504280,-35.341424,-32.957872,1,6,2,NONE,,
COMMON_1,,618,37.2886802586,127.1072525808,-35.150761,-33.033258,1,6,2,NONE,,
COMMON_1,,619,37.2886794176,127.1072546105,-34.971001,-33.126878,1,6,2,NONE,,
COMMON_1,,620,37.2886784358,127.1072567613,-34.780515,-33.236172,1,6,2,NONE,,
COMMON_1,,621,37.2886774328,127.1072585851,-34.618990,-33.347826,1,6,2,NONE,,
COMMON_1,,622,37.2886762691,127.1072609280,-34.411491,-33.477369,1,6,2,NONE,,
COMMON_1,,623,37.2886754358,127.1072627613,-34.249125,-33.570132,1,6,2,NONE,,
COMMON_1,,624,37.2886743043,127.1072648431,-34.064750,-33.696090,1,6,2,NONE,,
COMMON_1,,625,37.2886732278,127.1072666613,-33.903721,-33.815926,1,6,2,NONE,,
COMMON_1,,626,37.2886722522,127.1072681412,-33.772653,-33.924530,1,6,2,NONE,,
COMMON_1,,627,37.2886707691,127.1072700947,-33.599641,-34.089629,1,6,2,NONE,,
COMMON_1,,628,37.2886696024,127.1072715947,-33.466794,-34.219506,1,6,2,NONE,,
COMMON_1,,629,37.2886681024,127.1072732613,-33.319191,-34.386486,1,6,2,NONE,,
COMMON_1,,630,37.2886667015,127.1072746529,-33.195944,-34.542434,1,6,2,NONE,,
COMMON_1,,631,37.2886653223,127.1072757945,-33.094838,-34.695967,1,6,2,NONE,,
COMMON_1,,632,37.2886637075,127.1072768939,-32.997470,-34.875726,1,6,2,NONE,,
COMMON_1,,633,37.2886619358,127.1072779280,-32.905885,-35.072952,1,6,2,NONE,,
COMMON_1,,634,37.2886604358,127.1072787613,-32.832083,-35.239932,1,6,2,NONE,,
COMMON_1,,635,37.2886586024,127.1072799280,-32.728754,-35.444026,1,6,2,NONE,,
COMMON_1,,636,37.2886569358,127.1072807613,-32.654953,-35.629552,1,6,2,NONE,,
COMMON_1,,637,37.2886552691,127.1072814280,-32.595907,-35.815089,1,6,2,NONE,,
COMMON_1,,638,37.2886534358,127.1072819280,-32.551624,-36.019172,1,6,2,NONE,,
COMMON_1,,639,37.2886516024,127.1072824280,-32.507342,-36.223266,1,6,2,NONE,,
COMMON_1,,640,37.2886496117,127.1072830657,-32.450864,-36.444860,1,6,2,NONE,,
COMMON_1,,641,37.2886483020,127.1072834547,-32.416412,-36.590666,1,6,2,NONE,,
COMMON_1,,642,37.2886464284,127.1072838472,-32.381650,-36.799236,1,6,2,NONE,,
COMMON_1,,643,37.2886447630,127.1072841088,-32.358481,-36.984628,1,6,2,NONE,,
COMMON_1,,644,37.2886431024,127.1072842613,-32.344975,-37.169486,1,6,2,NONE,,
COMMON_1,,645,37.2886412691,127.1072842613,-32.344975,-37.373569,1,6,2,NONE,,
COMMON_1,,646,37.2886393764,127.1072841415,-32.355585,-37.584264,1,6,2,NONE,,
COMMON_1,,647,37.2886378672,127.1072840761,-32.361378,-37.752268,1,6,2,NONE,,
COMMON_1,,648,37.2886360456,127.1072838799,-32.378754,-37.955049,1,6,2,NONE,,
COMMON_1,,649,37.2886341720,127.1072836182,-32.401931,-38.163618,1,6,2,NONE,,
COMMON_1,,650,37.2886324358,127.1072832613,-32.433540,-38.356892,1,6,2,NONE,,
COMMON_1,,651,37.2886306591,127.1072828660,-32.468550,-38.554674,1,6,2,NONE,,
COMMON_1,,652,37.2886291024,127.1072824280,-32.507342,-38.727966,1,6,2,NONE,,
COMMON_1,,653,37.2886274844,127.1072820810,-32.538074,-38.908082,1,6,2,NONE,,
COMMON_1,,654,37.2886259358,127.1072815947,-32.581143,-39.080472,1,6,2,NONE,,
COMMON_1,,655,37.2886244358,127.1072809280,-32.640189,-39.247452,1,6,2,NONE,,
COMMON_1,,656,37.2886231024,127.1072802613,-32.699236,-39.395886,1,6,2,NONE,,
COMMON_1,,657,37.2886214358,127.1072795947,-32.758273,-39.581412,1,6,2,NONE,,
COMMON_1,,658,37.2886200161,127.1072789737,-32.813272,-39.739453,1,6,2,NONE,,
COMMON_1,,659,37.2886178870,127.1072781671,-32.884709,-39.976464,1,6,2,NONE,,
T_foword,mission_T_forward,0,37.2886165780,127.1072777337,-32.923093,-40.122182,1,7,2,NONE,AAA_T_JUNCTION,AAA_T_JUNCTION
T_foword,mission_T_forward,1,37.2886149744,127.1072767154,-33.013280,-40.300686,1,7,2,NONE,AAA_T_JUNCTION,AAA_T_JUNCTION
T_foword,mission_T_forward,2,37.2886133764,127.1072756841,-33.104621,-40.478579,1,7,2,NONE,AAA_T_JUNCTION,AAA_T_JUNCTION
T_foword,mission_T_forward,3,37.2886118179,127.1072745611,-33.204074,-40.652066,1,7,2,NONE,AAA_T_JUNCTION,AAA_T_JUNCTION
T_foword,mission_T_forward,4,37.2886102459,127.1072734700,-33.300711,-40.827070,1,7,2,NONE,AAA_T_JUNCTION,AAA_T_JUNCTION
T_foword,mission_T_forward,5,37.2886086684,127.1072723917,-33.396215,-41.002674,1,7,2,NONE,AAA_T_JUNCTION,AAA_T_JUNCTION
T_foword,mission_T_forward,6,37.2886070576,127.1072713931,-33.484656,-41.181986,1,7,2,NONE,AAA_T_JUNCTION,AAA_T_JUNCTION
T_foword,mission_T_forward,7,37.2886054625,127.1072703556,-33.576538,-41.359555,1,7,2,NONE,AAA_T_JUNCTION,AAA_T_JUNCTION
T_foword,mission_T_forward,8,37.2886038693,127.1072693138,-33.668806,-41.536914,1,7,2,NONE,AAA_T_JUNCTION,AAA_T_JUNCTION
T_foword,mission_T_forward,9,37.2886022475,127.1072683439,-33.754707,-41.717448,1,7,2,NONE,AAA_T_JUNCTION,AAA_T_JUNCTION
T_foword,mission_T_forward,10,37.2886006170,127.1072673960,-33.838651,-41.898959,1,7,2,NONE,AAA_T_JUNCTION,AAA_T_JUNCTION
T_foword,mission_T_forward,11,37.2885989702,127.1072664957,-33.918387,-42.082275,1,7,2,NONE,AAA_T_JUNCTION,AAA_T_JUNCTION
T_foword,mission_T_forward,12,37.2885972931,127.1072656876,-33.989956,-42.268977,1,7,2,NONE,AAA_T_JUNCTION,AAA_T_JUNCTION
T_foword,mission_T_forward,13,37.2885955846,127.1072649892,-34.051810,-42.459159,1,7,2,NONE,AAA_T_JUNCTION,AAA_T_JUNCTION
T_foword,mission_T_forward,14,37.2885939071,127.1072641856,-34.122985,-42.645901,1,7,2,NONE,AAA_T_JUNCTION,AAA_T_JUNCTION
T_foword,mission_T_forward,15,37.2885922854,127.1072632172,-34.208755,-42.826428,1,7,2,NONE,AAA_T_JUNCTION,AAA_T_JUNCTION
T_foword,mission_T_forward,16,37.2885906805,127.1072622101,-34.297942,-43.005089,1,7,2,NONE,AAA_T_JUNCTION,AAA_T_JUNCTION
T_foword,mission_T_forward,17,37.2885890457,127.1072612743,-34.380828,-43.187069,1,7,2,NONE,AAA_T_JUNCTION,AAA_T_JUNCTION
T_foword,mission_T_forward,18,37.2885874012,127.1072603679,-34.461099,-43.370138,1,7,2,NONE,AAA_T_JUNCTION,AAA_T_JUNCTION
T_foword,mission_T_forward,19,37.2885856998,127.1072596469,-34.524958,-43.559533,1,7,2,NONE,AAA_T_JUNCTION,AAA_T_JUNCTION
T_foword,mission_T_forward,20,37.2885840123,127.1072588753,-34.593294,-43.747394,1,7,2,NONE,AAA_T_JUNCTION,AAA_T_JUNCTION
T_foword,mission_T_forward,21,37.2885823945,127.1072578974,-34.679902,-43.927484,1,7,2,NONE,AAA_T_JUNCTION,AAA_T_JUNCTION
T_foword,mission_T_forward,22,37.2885807983,127.1072568612,-34.771673,-44.105175,1,7,2,NONE,AAA_T_JUNCTION,AAA_T_JUNCTION
T_foword,mission_T_forward,23,37.2885791787,127.1072558863,-34.858016,-44.285463,1,7,2,NONE,AAA_T_JUNCTION,AAA_T_JUNCTION
T_foword,mission_T_forward,24,37.2885775367,127.1072549700,-34.939167,-44.468258,1,7,2,NONE,AAA_T_JUNCTION,AAA_T_JUNCTION
T_foword,mission_T_forward,25,37.2885758777,127.1072541060,-35.015687,-44.652929,1,7,2,NONE,AAA_T_JUNCTION,AAA_T_JUNCTION
T_foword,mission_T_forward,26,37.2885742005,127.1072532996,-35.087108,-44.839637,1,7,2,NONE,AAA_T_JUNCTION,AAA_T_JUNCTION
T_foword,mission_T_forward,27,37.2885725572,127.1072523966,-35.167081,-45.022576,1,7,2,NONE,AAA_T_JUNCTION,AAA_T_JUNCTION
T_foword,mission_T_forward,28,37.2885709571,127.1072513771,-35.257369,-45.200695,1,7,2,NONE,AAA_T_JUNCTION,AAA_T_JUNCTION
T_foword,mission_T_forward,29,37.2885693500,127.1072503676,-35.346777,-45.379595,1,7,2,NONE,AAA_T_JUNCTION,AAA_T_JUNCTION
T_foword,mission_T_forward,30,37.2885676947,127.1072494967,-35.423909,-45.563867,1,7,2,NONE,AAA_T_JUNCTION,AAA_T_JUNCTION
T_foword,mission_T_forward,31,37.2885660304,127.1072486477,-35.499103,-45.749139,1,7,2,NONE,AAA_T_JUNCTION,AAA_T_JUNCTION
T_foword,mission_T_forward,32,37.2885643613,127.1072478140,-35.572933,-45.934940,1,7,2,NONE,AAA_T_JUNCTION,AAA_T_JUNCTION
T_foword,mission_T_forward,33,37.2885627093,127.1072469273,-35.651465,-46.118842,1,7,2,NONE,AAA_T_JUNCTION,AAA_T_JUNCTION
T_foword,mission_T_forward,34,37.2885610913,127.1072459508,-35.737950,-46.298959,1,7,2,NONE,AAA_T_JUNCTION,AAA_T_JUNCTION
T_foword,mission_T_forward,35,37.2885595028,127.1072448981,-35.831184,-46.475790,1,7,2,NONE,AAA_T_JUNCTION,AAA_T_JUNCTION
T_foword,mission_T_forward,36,37.2885578869,127.1072439126,-35.918462,-46.655668,1,7,2,NONE,AAA_T_JUNCTION,AAA_T_JUNCTION
T_foword,mission_T_forward,37,37.2885562404,127.1072430136,-35.998088,-46.838962,1,7,2,NONE,AAA_T_JUNCTION,AAA_T_JUNCTION
T_foword,mission_T_forward,38,37.2885545483,127.1072422549,-36.065277,-47.027328,1,7,2,NONE,AAA_T_JUNCTION,AAA_T_JUNCTION
T_foword,mission_T_forward,39,37.2885528492,127.1072415220,-36.130191,-47.216462,1,7,2,NONE,AAA_T_JUNCTION,AAA_T_JUNCTION
T_foword,mission_T_forward,40,37.2885511432,127.1072408179,-36.192550,-47.406380,1,7,2,NONE,AAA_T_JUNCTION,AAA_T_JUNCTION
T_foword,mission_T_forward,41,37.2885494712,127.1072399944,-36.265479,-47.592507,1,7,2,NONE,AAA_T_JUNCTION,AAA_T_JUNCTION
T_foword,mission_T_forward,42,37.2885478153,127.1072391189,-36.343022,-47.776839,1,7,2,NONE,AAA_T_JUNCTION,AAA_T_JUNCTION
T_foword,mission_T_forward,43,37.2885461439,127.1072382917,-36.416279,-47.962905,1,7,2,NONE,AAA_T_JUNCTION,AAA_T_JUNCTION
T_foword,mission_T_forward,44,37.2885444376,127.1072375904,-36.478389,-48.152845,1,7,2,NONE,AAA_T_JUNCTION,AAA_T_JUNCTION
T_foword,mission_T_forward,45,37.2885426950,127.1072370477,-36.526452,-48.346835,1,7,2,NONE,AAA_T_JUNCTION,AAA_T_JUNCTION
T_foword,mission_T_forward,46,37.2885409553,127.1072364896,-36.575883,-48.540496,1,7,2,NONE,AAA_T_JUNCTION,AAA_T_JUNCTION
T_foword,mission_T_forward,47,37.2885392502,127.1072357847,-36.638317,-48.730306,1,7,2,NONE,AAA_T_JUNCTION,AAA_T_JUNCTION
T_foword,mission_T_forward,48,37.2885375946,127.1072349155,-36.715295,-48.914607,1,7,2,NONE,AAA_T_JUNCTION,AAA_T_JUNCTION
T_foword,mission_T_forward,49,37.2885359381,127.1072340449,-36.792398,-49.099011,1,7,2,NONE,AAA_T_JUNCTION,AAA_T_JUNCTION
T_foword,mission_T_forward,50,37.2885342390,127.1072333150,-36.857041,-49.288153,1,7,2,NONE,AAA_T_JUNCTION,AAA_T_JUNCTION
T_foword,mission_T_forward,51,37.2885325162,127.1072326772,-36.913527,-49.479934,1,7,2,NONE,AAA_T_JUNCTION,AAA_T_JUNCTION
T_foword,mission_T_forward,52,37.2885307765,127.1072321262,-36.962325,-49.673603,1,7,2,NONE,AAA_T_JUNCTION,AAA_T_JUNCTION
T_foword,mission_T_forward,53,37.2885290742,127.1072314067,-37.026047,-49.863099,1,7,2,NONE,AAA_T_JUNCTION,AAA_T_JUNCTION
T_foword,mission_T_forward,54,37.2885274261,127.1072305078,-37.105666,-50.046567,1,7,2,NONE,AAA_T_JUNCTION,AAA_T_JUNCTION
T_foword,mission_T_forward,55,37.2885257493,127.1072296976,-37.177414,-50.233226,1,7,2,NONE,AAA_T_JUNCTION,AAA_T_JUNCTION
T_foword,mission_T_forward,56,37.2885240924,127.1072288258,-37.254632,-50.417669,1,7,2,NONE,AAA_T_JUNCTION,AAA_T_JUNCTION
T_foword,mission_T_forward,57,37.2885224151,127.1072280215,-37.325863,-50.604393,1,7,2,NONE,AAA_T_JUNCTION,AAA_T_JUNCTION
T_foword,mission_T_forward,58,37.2885206974,127.1072273663,-37.383886,-50.795601,1,7,2,NONE,AAA_T_JUNCTION,AAA_T_JUNCTION
T_foword,mission_T_forward,59,37.2885189699,127.1072267543,-37.438093,-50.987911,1,7,2,NONE,AAA_T_JUNCTION,AAA_T_JUNCTION
T_foword,mission_T_forward,60,37.2885172926,127.1072259501,-37.509311,-51.174624,1,7,2,NONE,AAA_T_JUNCTION,AAA_T_JUNCTION
T_foword,mission_T_forward,61,37.2885156539,127.1072250298,-37.590820,-51.357051,1,7,2,NONE,AAA_T_JUNCTION,AAA_T_JUNCTION
T_foword,mission_T_forward,62,37.2885140048,127.1072241339,-37.670171,-51.540631,1,7,2,NONE,AAA_T_JUNCTION,AAA_T_JUNCTION
T_foword,mission_T_forward,63,37.2885123432,127.1072232836,-37.745475,-51.725594,1,7,2,NONE,AAA_T_JUNCTION,AAA_T_JUNCTION
T_foword,mission_T_forward,64,37.2885106463,127.1072225462,-37.810784,-51.914493,1,7,2,NONE,AAA_T_JUNCTION,AAA_T_JUNCTION
T_foword,mission_T_forward,65,37.2885089354,127.1072218580,-37.871729,-52.104950,1,7,2,NONE,AAA_T_JUNCTION,AAA_T_JUNCTION
T_foword,mission_T_forward,66,37.2885072320,127.1072211422,-37.935130,-52.294577,1,7,2,NONE,AAA_T_JUNCTION,AAA_T_JUNCTION
T_foword,mission_T_forward,67,37.2885055565,127.1072203306,-38.007002,-52.481090,1,7,2,NONE,AAA_T_JUNCTION,AAA_T_JUNCTION
T_foword,mission_T_forward,68,37.2885039208,127.1072193970,-38.089695,-52.663179,1,7,2,NONE,AAA_T_JUNCTION,AAA_T_JUNCTION
T_foword,mission_T_forward,69,37.2885022876,127.1072184570,-38.172945,-52.844983,1,7,2,NONE,AAA_T_JUNCTION,AAA_T_JUNCTION
T_foword,mission_T_forward,70,37.2885006058,127.1072176655,-38.243038,-53.032202,1,7,2,NONE,AAA_T_JUNCTION,AAA_T_JUNCTION
T_foword,mission_T_forward,71,37.2884988991,127.1072169610,-38.305436,-53.222188,1,7,2,NONE,AAA_T_JUNCTION,AAA_T_JUNCTION
T_foword,mission_T_forward,72,37.2884971940,127.1072162528,-38.368161,-53.412004,1,7,2,NONE,AAA_T_JUNCTION,AAA_T_JUNCTION
T_foword,mission_T_forward,73,37.2884955203,127.1072154328,-38.440776,-53.598320,1,7,2,NONE,AAA_T_JUNCTION,AAA_T_JUNCTION
T_foword,mission_T_forward,74,37.2884938504,127.1072146025,-38.514315,-53.784212,1,7,2,NONE,AAA_T_JUNCTION,AAA_T_JUNCTION
T_foword,mission_T_forward,75,37.2884922205,127.1072136539,-38.598332,-53.965650,1,7,2,NONE,AAA_T_JUNCTION,AAA_T_JUNCTION
T_foword,mission_T_forward,76,37.2884905644,127.1072127810,-38.675634,-54.150015,1,7,2,NONE,AAA_T_JUNCTION,AAA_T_JUNCTION
T_foword,mission_T_forward,77,37.2884888704,127.1072120321,-38.741962,-54.338585,1,7,2,NONE,AAA_T_JUNCTION,AAA_T_JUNCTION
T_foword,mission_T_forward,78,37.2884871564,127.1072113566,-38.801787,-54.529394,1,7,2,NONE,AAA_T_JUNCTION,AAA_T_JUNCTION
T_foword,mission_T_forward,79,37.2884854609,127.1072106138,-38.867577,-54.718137,1,7,2,NONE,AAA_T_JUNCTION,AAA_T_JUNCTION
T_foword,mission_T_forward,80,37.2884837811,127.1072098182,-38.938041,-54.905129,1,7,2,NONE,AAA_T_JUNCTION,AAA_T_JUNCTION
T_foword,mission_T_forward,81,37.2884821318,127.1072089229,-39.017327,-55.088725,1,7,2,NONE,AAA_T_JUNCTION,AAA_T_JUNCTION
T_foword,mission_T_forward,82,37.2884804476,127.1072081423,-39.086462,-55.276217,1,7,2,NONE,AAA_T_JUNCTION,AAA_T_JUNCTION
T_foword,mission_T_forward,83,37.2884787353,127.1072074701,-39.146002,-55.466831,1,7,2,NONE,AAA_T_JUNCTION,AAA_T_JUNCTION
T_foword,mission_T_forward,84,37.2884770131,127.1072068416,-39.201662,-55.658547,1,7,2,NONE,AAA_T_JUNCTION,AAA_T_JUNCTION
T_foword,mission_T_forward,85,37.2884752907,127.1072062036,-39.258165,-55.850274,1,7,2,NONE,AAA_T_JUNCTION,AAA_T_JUNCTION
T_foword,mission_T_forward,86,37.2884735809,127.1072055124,-39.319383,-56.040619,1,7,2,NONE,AAA_T_JUNCTION,AAA_T_JUNCTION
T_foword,mission_T_forward,87,37.2884719009,127.1072047160,-39.389917,-56.227637,1,7,2,NONE,AAA_T_JUNCTION,AAA_T_JUNCTION
T_foword,mission_T_forward,88,37.2884702432,127.1072038455,-39.467008,-56.412166,1,7,2,NONE,AAA_T_JUNCTION,AAA_T_JUNCTION
T_foword,mission_T_forward,89,37.2884685555,127.1072030735,-39.535384,-56.600045,1,7,2,NONE,AAA_T_JUNCTION,AAA_T_JUNCTION
T_foword,mission_T_forward,90,37.2884668730,127.1072022849,-39.605228,-56.787333,1,7,2,NONE,AAA_T_JUNCTION,AAA_T_JUNCTION
T_foword,mission_T_forward,91,37.2884651922,127.1072014878,-39.675823,-56.974439,1,7,2,NONE,AAA_T_JUNCTION,AAA_T_JUNCTION
T_foword,mission_T_forward,92,37.2884637113,127.1072006507,-39.749960,-57.139301,1,7,2,NONE,AAA_T_JUNCTION,AAA_T_JUNCTION
T_foword,mission_T_forward,93,37.2884628878,127.1072001426,-39.794960,-57.230968,1,7,2,NONE,AAA_T_JUNCTION,AAA_T_JUNCTION
T_foword,mission_T_forward,94,37.2884620194,127.1071996345,-39.839960,-57.327635,1,7,2,NONE,AAA_T_JUNCTION,AAA_T_JUNCTION
T_foword,mission_T_forward,95,37.2884612110,127.1071991640,-39.881627,-57.417635,1,7,2,STOP_LINE,AAA_T_JUNCTION,AAA_T_JUNCTION
T_A,mission_T,0,37.2884604025,127.1071991076,-39.886627,-57.507635,1,7,2,NONE,AAA_T_JUNCTION,AAA_T_JUNCTION
T_A,mission_T,1,37.2884595641,127.1071987876,-39.914960,-57.600968,1,7,1,NONE,AAA_T_JUNCTION,AAA_T_JUNCTION
T_A,mission_T,2,37.2884588454,127.1071984677,-39.943294,-57.680968,1,7,1,NONE,AAA_T_JUNCTION,AAA_T_JUNCTION
T_A,mission_T,3,37.2884572135,127.1071976397,-40.016627,-57.862635,1,7,1,NONE,AAA_T_JUNCTION,AAA_T_JUNCTION
T_A,mission_T,4,37.2884557612,127.1071966988,-40.099960,-58.024301,1,7,1,NONE,AAA_T_JUNCTION,AAA_T_JUNCTION
T_A,mission_T,5,37.2884569889,127.1071974892,-40.029960,-57.887635,-1,7,1,NONE,AAA_T_JUNCTION,AAA_T_JUNCTION
T_A,mission_T,6,37.2884575578,127.1071978467,-39.998294,-57.824301,-1,7,1,NONE,AAA_T_JUNCTION,AAA_T_JUNCTION
T_A,mission_T,7,37.2884581717,127.1071982231,-39.964960,-57.755968,-1,7,1,NONE,AAA_T_JUNCTION,AAA_T_JUNCTION
T_A,mission_T,8,37.2884591149,127.1071988065,-39.913294,-57.650968,-1,7,1,NONE,AAA_T_JUNCTION,AAA_T_JUNCTION
T_A,mission_T,9,37.2884606689,127.1071997084,-39.833415,-57.477981,-1,7,1,NONE,AAA_T_JUNCTION,AAA_T_JUNCTION
T_A,mission_T,10,37.2884622753,127.1072007380,-39.742229,-57.299157,-1,7,1,NONE,AAA_T_JUNCTION,AAA_T_JUNCTION
T_A,mission_T,11,37.2884638356,127.1072015417,-39.671049,-57.125464,-1,7,1,NONE,AAA_T_JUNCTION,AAA_T_JUNCTION
T_A,mission_T,12,37.2884656689,127.1072022084,-39.612003,-56.921381,-1,7,1,NONE,AAA_T_JUNCTION,AAA_T_JUNCTION
T_A,mission_T,13,37.2884670023,127.1072028750,-39.552965,-56.772947,-1,7,1,NONE,AAA_T_JUNCTION,AAA_T_JUNCTION
T_A,mission_T,14,37.2884685587,127.1072035527,-39.492944,-56.599680,-1,7,1,NONE,AAA_T_JUNCTION,AAA_T_JUNCTION
T_A,mission_T,15,37.2884699782,127.1072042102,-39.434713,-56.441670,-1,7,1,NONE,AAA_T_JUNCTION,AAA_T_JUNCTION
T_A,mission_T,16,37.2884718646,127.1072049630,-39.368041,-56.231676,-1,7,1,NONE,AAA_T_JUNCTION,AAA_T_JUNCTION
T_A,mission_T,17,37.2884732271,127.1072055652,-39.314707,-56.080003,-1,7,1,NONE,AAA_T_JUNCTION,AAA_T_JUNCTION
T_A,mission_T,18,37.2884748291,127.1072061862,-39.259708,-55.901668,-1,7,1,NONE,AAA_T_JUNCTION,AAA_T_JUNCTION
T_A,mission_T,19,37.2884765508,127.1072069766,-39.189707,-55.710008,-1,7,1,NONE,AAA_T_JUNCTION,AAA_T_JUNCTION
T_A,mission_T,20,37.2884783462,127.1072078144,-39.115507,-55.510144,-1,7,1,NONE,AAA_T_JUNCTION,AAA_T_JUNCTION
T_A,mission_T,21,37.2884802040,127.1072085950,-39.046373,-55.303334,-1,7,1,NONE,AAA_T_JUNCTION,AAA_T_JUNCTION
T_A,mission_T,22,37.2884820023,127.1072092084,-38.992047,-55.103147,-1,7,1,NONE,AAA_T_JUNCTION,AAA_T_JUNCTION
T_A,mission_T,23,37.2884838421,127.1072101193,-38.911373,-54.898341,-1,7,1,NONE,AAA_T_JUNCTION,AAA_T_JUNCTION
T_A,mission_T,24,37.2884851689,127.1072107084,-38.859199,-54.750641,-1,7,1,NONE,AAA_T_JUNCTION,AAA_T_JUNCTION
T_A,mission_T,25,37.2884866689,127.1072112084,-38.814917,-54.583661,-1,7,1,NONE,AAA_T_JUNCTION,AAA_T_JUNCTION
T_A,mission_T,26,37.2884883786,127.1072117188,-38.769713,-54.393338,-1,7,1,NONE,AAA_T_JUNCTION,AAA_T_JUNCTION
T_A,mission_T,27,37.2884899506,127.1072123587,-38.713040,-54.218343,-1,7,1,NONE,AAA_T_JUNCTION,AAA_T_JUNCTION
T_A,mission_T,28,37.2884918356,127.1072133750,-38.623032,-54.008504,-1,7,1,NONE,AAA_T_JUNCTION,AAA_T_JUNCTION
T_A,mission_T,29,37.2884933330,127.1072141186,-38.557175,-53.841814,-1,7,1,NONE,AAA_T_JUNCTION,AAA_T_JUNCTION
T_A,mission_T,30,37.2884950560,127.1072149180,-38.486376,-53.650009,-1,7,1,NONE,AAA_T_JUNCTION,AAA_T_JUNCTION
T_A,mission_T,31,37.2884966431,127.1072157084,-38.416374,-53.473334,-1,7,1,NONE,AAA_T_JUNCTION,AAA_T_JUNCTION
T_A,mission_T,32,37.2884982600,127.1072166305,-38.334708,-53.293340,-1,7,1,NONE,AAA_T_JUNCTION,AAA_T_JUNCTION
T_A,mission_T,33,37.2884997123,127.1072174397,-38.263041,-53.131670,-1,7,1,NONE,AAA_T_JUNCTION,AAA_T_JUNCTION
T_A,mission_T,34,37.2885012394,127.1072183806,-38.179710,-52.961673,-1,7,1,NONE,AAA_T_JUNCTION,AAA_T_JUNCTION
T_A,mission_T,35,37.2885027965,127.1072192839,-38.099709,-52.788337,-1,7,1,NONE,AAA_T_JUNCTION,AAA_T_JUNCTION
T_A,mission_T,36,37.2885044733,127.1072203001,-38.009710,-52.601676,-1,7,1,NONE,AAA_T_JUNCTION,AAA_T_JUNCTION
T_A,mission_T,37,37.2885057459,127.1072210717,-37.941373,-52.460010,-1,7,1,NONE,AAA_T_JUNCTION,AAA_T_JUNCTION
T_A,mission_T,38,37.2885071832,127.1072220879,-37.851373,-52.300010,-1,7,1,NONE,AAA_T_JUNCTION,AAA_T_JUNCTION
T_A,mission_T,39,37.2885088152,127.1072230664,-37.764712,-52.118335,-1,7,1,NONE,AAA_T_JUNCTION,AAA_T_JUNCTION
T_A,mission_T,40,37.2885101955,127.1072240084,-37.681278,-51.964680,-1,7,1,NONE,AAA_T_JUNCTION,AAA_T_JUNCTION
T_A,mission_T,41,37.2885117076,127.1072250811,-37.586278,-51.796347,-1,7,1,NONE,AAA_T_JUNCTION,AAA_T_JUNCTION
T_A,mission_T,42,37.2885130210,127.1072259555,-37.508839,-51.650146,-1,7,1,NONE,AAA_T_JUNCTION,AAA_T_JUNCTION
T_A,mission_T,43,37.2885145943,127.1072270183,-37.414712,-51.475006,-1,7,1,NONE,AAA_T_JUNCTION,AAA_T_JUNCTION
T_A,mission_T,44,37.2885163339,127.1072279792,-37.329611,-51.281347,-1,7,1,NONE,AAA_T_JUNCTION,AAA_T_JUNCTION
T_A,mission_T,45,37.2885180469,127.1072291200,-37.228574,-51.090662,-1,7,1,NONE,AAA_T_JUNCTION,AAA_T_JUNCTION
T_A,mission_T,46,37.2885194638,127.1072302382,-37.129541,-50.932933,-1,7,1,NONE,AAA_T_JUNCTION,AAA_T_JUNCTION
T_A,mission_T,47,37.2885208970,127.1072316463,-37.004832,-50.773389,-1,7,1,NONE,AAA_T_JUNCTION,AAA_T_JUNCTION
T_A,mission_T,48,37.2885220832,127.1072330337,-36.881957,-50.641342,-1,7,1,NONE,AAA_T_JUNCTION,AAA_T_JUNCTION
T_A,mission_T,49,37.2885232694,127.1072345661,-36.746240,-50.509294,-1,7,1,NONE,AAA_T_JUNCTION,AAA_T_JUNCTION
T_A,mission_T,50,37.2885244720,127.1072364711,-36.577524,-50.375420,-1,7,1,NONE,AAA_T_JUNCTION,AAA_T_JUNCTION
T_A,mission_T,51,37.2885252793,127.1072380035,-36.441807,-50.285552,-1,7,1,NONE,AAA_T_JUNCTION,AAA_T_JUNCTION
T_A,mission_T,52,37.2885260371,127.1072395565,-36.304265,-50.201193,-1,7,1,NONE,AAA_T_JUNCTION,AAA_T_JUNCTION
T_A,mission_T,53,37.2885268563,127.1072412451,-36.154714,-50.110000,-1,7,1,NONE,AAA_T_JUNCTION,AAA_T_JUNCTION
T_A,mission_T,54,37.2885278294,127.1072428824,-36.009706,-50.001675,-1,7,1,NONE,AAA_T_JUNCTION,AAA_T_JUNCTION
T_A,mission_T,55,37.2885287128,127.1072447078,-35.848040,-49.903335,-1,7,1,NONE,AAA_T_JUNCTION,AAA_T_JUNCTION
T_A,mission_T,56,37.2885298356,127.1072473750,-35.611819,-49.778344,-1,7,1,NONE,AAA_T_JUNCTION,AAA_T_JUNCTION
T_A,mission_T,57,37.2885307489,127.1072494124,-35.431376,-49.676676,-1,7,1,NONE,AAA_T_JUNCTION,AAA_T_JUNCTION
T_A,mission_T,58,37.2885313578,127.1072511412,-35.278265,-49.608893,-1,7,1,NONE,AAA_T_JUNCTION,AAA_T_JUNCTION
T_A,mission_T,59,37.2885318669,127.1072530607,-35.108264,-49.552220,-1,7,1,NONE,AAA_T_JUNCTION,AAA_T_JUNCTION
T_A,mission_T,60,37.2885322748,127.1072549925,-34.937174,-49.506813,-1,7,1,NONE,AAA_T_JUNCTION,AAA_T_JUNCTION
T_A,mission_T,61,37.2885325556,127.1072570126,-34.758264,-49.475554,-1,7,1,NONE,AAA_T_JUNCTION,AAA_T_JUNCTION
T_A,mission_T,62,37.2885327203,127.1072589321,-34.588263,-49.457220,-1,7,1,NONE,AAA_T_JUNCTION,AAA_T_JUNCTION
T_A,mission_T,63,37.2885327652,127.1072612280,-34.384927,-49.452221,-1,7,1,NONE,AAA_T_JUNCTION,AAA_T_JUNCTION
T_A,mission_T,64,37.2885326304,127.1072634862,-34.184929,-49.467227,-1,7,1,NONE,AAA_T_JUNCTION,AAA_T_JUNCTION
T_A,mission_T,65,37.2885323759,127.1072653869,-34.016593,-49.495558,-1,7,1,NONE,AAA_T_JUNCTION,AAA_T_JUNCTION
T_A,mission_T,66,37.2885318819,127.1072677768,-33.804932,-49.550550,-1,7,1,NONE,AAA_T_JUNCTION,AAA_T_JUNCTION
T_A,mission_T,67,37.2885314626,127.1072695458,-33.648260,-49.597227,-1,7,1,NONE,AAA_T_JUNCTION,AAA_T_JUNCTION
T_A,mission_T,68,37.2885307440,127.1072717852,-33.449927,-49.677221,-1,7,1,NONE,AAA_T_JUNCTION,AAA_T_JUNCTION
T_A,mission_T,69,37.2885298352,127.1072739341,-33.259611,-49.778384,-1,7,1,NONE,AAA_T_JUNCTION,AAA_T_JUNCTION
T_A,mission_T,70,37.2885290971,127.1072756242,-33.109926,-49.860554,-1,7,1,NONE,AAA_T_JUNCTION,AAA_T_JUNCTION
T_A,mission_T,71,37.2885285581,127.1072770920,-32.979930,-49.920556,-1,7,1,NONE,AAA_T_JUNCTION,AAA_T_JUNCTION
T_A,mission_T,72,37.2885279603,127.1072789888,-32.811940,-49.987103,-1,7,1,NONE,AAA_T_JUNCTION,AAA_T_JUNCTION
T_A,mission_T,73,37.2885273016,127.1072809083,-32.641939,-50.060429,-1,7,1,NONE,AAA_T_JUNCTION,AAA_T_JUNCTION
T_A,mission_T,74,37.2885267476,127.1072825455,-32.496941,-50.122101,-1,7,1,NONE,AAA_T_JUNCTION,AAA_T_JUNCTION
T_A,mission_T,75,37.2885262385,127.1072841828,-32.351933,-50.178774,-1,7,1,NONE,AAA_T_JUNCTION,AAA_T_JUNCTION
T_A,mission_T,76,37.2885258343,127.1072856882,-32.218607,-50.223769,-1,7,1,NONE,AAA_T_JUNCTION,AAA_T_JUNCTION
T_A,mission_T,77,37.2885253253,127.1072877583,-32.035268,-50.280431,-1,7,1,NONE,AAA_T_JUNCTION,AAA_T_JUNCTION
T_A,mission_T,78,37.2885248611,127.1072893390,-31.895274,-50.332106,-1,7,1,NONE,AAA_T_JUNCTION,AAA_T_JUNCTION
T_A,mission_T,79,37.2885244569,127.1072907504,-31.770273,-50.377101,-1,7,1,NONE,AAA_T_JUNCTION,AAA_T_JUNCTION
T_A,mission_T,80,37.2885240773,127.1072918825,-31.670008,-50.419358,-1,7,1,NONE,AAA_T_JUNCTION,AAA_T_JUNCTION
T_A,mission_T,81,37.2885246366,127.1072902235,-31.816938,-50.357097,1,7,2,NONE,AAA_T_JUNCTION,AAA_T_JUNCTION
T_A,mission_T,82,37.2885253356,127.1072883750,-31.980650,-50.279284,1,7,2,NONE,AAA_T_JUNCTION,AAA_T_JUNCTION
T_A,mission_T,83,37.2885261027,127.1072864637,-32.149925,-50.193891,1,7,2,NONE,AAA_T_JUNCTION,AAA_T_JUNCTION
T_A,mission_T,84,37.2885266567,127.1072847888,-32.298262,-50.132220,1,7,2,NONE,AAA_T_JUNCTION,AAA_T_JUNCTION
T_A,mission_T,85,37.2885273356,127.1072827084,-32.482513,-50.056644,1,7,2,NONE,AAA_T_JUNCTION,AAA_T_JUNCTION
T_A,mission_T,86,37.2885279443,127.1072809686,-32.636599,-49.988884,1,7,2,NONE,AAA_T_JUNCTION,AAA_T_JUNCTION
T_A,mission_T,87,37.2885285023,127.1072793750,-32.777736,-49.926767,1,7,2,NONE,AAA_T_JUNCTION,AAA_T_JUNCTION
T_A,mission_T,88,37.2885291689,127.1072777084,-32.925339,-49.852561,1,7,2,NONE,AAA_T_JUNCTION,AAA_T_JUNCTION
T_A,mission_T,89,37.2885299954,127.1072758688,-33.088263,-49.760555,1,7,2,NONE,AAA_T_JUNCTION,AAA_T_JUNCTION
T_A,mission_T,90,37.2885306689,127.1072743750,-33.220562,-49.685581,1,7,2,NONE,AAA_T_JUNCTION,AAA_T_JUNCTION
T_A,mission_T,91,37.2885313356,127.1072725417,-33.382928,-49.611364,1,7,2,NONE,AAA_T_JUNCTION,AAA_T_JUNCTION
T_A,mission_T,92,37.2885320765,127.1072707125,-33.544931,-49.528887,1,7,2,NONE,AAA_T_JUNCTION,AAA_T_JUNCTION
T_A,mission_T,93,37.2885328401,127.1072690565,-33.691595,-49.443883,1,7,2,NONE,AAA_T_JUNCTION,AAA_T_JUNCTION
T_A,mission_T,94,37.2885338132,127.1072673440,-33.843263,-49.335558,1,7,2,NONE,AAA_T_JUNCTION,AAA_T_JUNCTION
T_A,mission_T,95,37.2885348356,127.1072658750,-33.973365,-49.221744,1,7,2,NONE,AAA_T_JUNCTION,AAA_T_JUNCTION
T_A,mission_T,96,37.2885360023,127.1072643750,-34.106212,-49.091867,1,7,2,NONE,AAA_T_JUNCTION,AAA_T_JUNCTION
T_A,mission_T,97,37.2885370023,127.1072628750,-34.239060,-48.980547,1,7,2,NONE,AAA_T_JUNCTION,AAA_T_JUNCTION
T_A,mission_T,98,37.2885383198,127.1072611903,-34.388266,-48.833883,1,7,2,NONE,AAA_T_JUNCTION,AAA_T_JUNCTION
T_A,mission_T,99,37.2885393229,127.1072600424,-34.489929,-48.722218,1,7,2,NONE,AAA_T_JUNCTION,AAA_T_JUNCTION
T_A,mission_T,100,37.2885405206,127.1072588945,-34.591593,-48.588890,1,7,2,NONE,AAA_T_JUNCTION,AAA_T_JUNCTION
T_A,mission_T,101,37.2885421825,127.1072575772,-34.708260,-48.403888,1,7,2,NONE,AAA_T_JUNCTION,AAA_T_JUNCTION
T_A,mission_T,102,37.2885436348,127.1072566739,-34.788261,-48.242217,1,7,2,NONE,AAA_T_JUNCTION,AAA_T_JUNCTION
T_A,mission_T,103,37.2885454014,127.1072558082,-34.864932,-48.045560,1,7,2,NONE,AAA_T_JUNCTION,AAA_T_JUNCTION
T_A,mission_T,104,37.2885469136,127.1072551308,-34.924926,-47.877221,1,7,2,NONE,AAA_T_JUNCTION,AAA_T_JUNCTION
T_A,mission_T,105,37.2885485755,127.1072545286,-34.978260,-47.692219,1,7,2,NONE,AAA_T_JUNCTION,AAA_T_JUNCTION
T_A,mission_T,106,37.2885501625,127.1072541146,-35.014926,-47.515554,1,7,2,NONE,AAA_T_JUNCTION,AAA_T_JUNCTION
T_A,mission_T,107,37.2885519741,127.1072538323,-35.039928,-47.313887,1,7,2,NONE,AAA_T_JUNCTION,AAA_T_JUNCTION
T_A,mission_T,108,37.2885537557,127.1072537382,-35.048261,-47.115559,1,7,2,NONE,AAA_T_JUNCTION,AAA_T_JUNCTION
T_A,mission_T,109,37.2885555673,127.1072536629,-35.054930,-46.913892,1,7,2,NONE,AAA_T_JUNCTION,AAA_T_JUNCTION
T_A,mission_T,110,37.2885574837,127.1072536441,-35.056595,-46.700558,1,7,2,NONE,AAA_T_JUNCTION,AAA_T_JUNCTION
T_A,mission_T,111,37.2885591689,127.1072537084,-35.050901,-46.512961,1,7,2,NONE,AAA_T_JUNCTION,AAA_T_JUNCTION
T_A,mission_T,112,37.2885608224,127.1072537570,-35.046596,-46.328894,1,7,2,NONE,AAA_T_JUNCTION,AAA_T_JUNCTION
T_A,mission_T,113,37.2885626689,127.1072540417,-35.021382,-46.123341,1,7,2,NONE,AAA_T_JUNCTION,AAA_T_JUNCTION
T_A,mission_T,114,37.2885645023,127.1072545417,-34.977099,-45.919247,1,7,2,NONE,AAA_T_JUNCTION,AAA_T_JUNCTION
T_A,mission_T,115,37.2885665023,127.1072548750,-34.947581,-45.696607,1,7,2,NONE,AAA_T_JUNCTION,AAA_T_JUNCTION
T_A,mission_T,116,37.2885683356,127.1072553750,-34.903298,-45.492524,1,7,2,NONE,AAA_T_JUNCTION,AAA_T_JUNCTION
T_A,mission_T,117,37.2885701688,127.1072558052,-34.865197,-45.288453,1,7,2,NONE,AAA_T_JUNCTION,AAA_T_JUNCTION
T_A,mission_T,118,37.2885720023,127.1072563750,-34.814733,-45.084347,1,7,2,NONE,AAA_T_JUNCTION,AAA_T_JUNCTION
T_A,mission_T,119,37.2885738356,127.1072572084,-34.740923,-44.880264,1,7,2,NONE,AAA_T_JUNCTION,AAA_T_JUNCTION
T_A,mission_T,120,37.2885756689,127.1072580417,-34.667122,-44.676181,1,7,2,NONE,AAA_T_JUNCTION,AAA_T_JUNCTION
T_A,mission_T,121,37.2885775023,127.1072587084,-34.608075,-44.472087,1,7,2,NONE,AAA_T_JUNCTION,AAA_T_JUNCTION
T_A,mission_T,122,37.2885793356,127.1072593750,-34.549038,-44.268004,1,7,2,NONE,AAA_T_JUNCTION,AAA_T_JUNCTION
T_A,mission_T,123,37.2885810023,127.1072600417,-34.489991,-44.082467,1,7,2,NONE,AAA_T_JUNCTION,AAA_T_JUNCTION
T_A,mission_T,124,37.2885826689,127.1072607084,-34.430945,-43.896941,1,7,2,NONE,AAA_T_JUNCTION,AAA_T_JUNCTION
T_A,mission_T,125,37.2885845023,127.1072613750,-34.371908,-43.692847,1,7,2,NONE,AAA_T_JUNCTION,AAA_T_JUNCTION
T_A,mission_T,126,37.2885863356,127.1072622084,-34.298098,-43.488764,1,7,2,NONE,AAA_T_JUNCTION,AAA_T_JUNCTION
T_A,mission_T,127,37.2885881689,127.1072630417,-34.224296,-43.284681,1,7,2,NONE,AAA_T_JUNCTION,AAA_T_JUNCTION
T_A,mission_T,128,37.2885900023,127.1072638750,-34.150495,-43.080587,1,7,2,NONE,AAA_T_JUNCTION,AAA_T_JUNCTION
T_A,mission_T,129,37.2885917070,127.1072645778,-34.088251,-42.890820,1,7,2,NONE,AAA_T_JUNCTION,AAA_T_JUNCTION
T_A,mission_T,130,37.2885935023,127.1072652084,-34.032402,-42.690967,1,7,2,NONE,AAA_T_JUNCTION,AAA_T_JUNCTION
T_A,mission_T,131,37.2885953356,127.1072660417,-33.958601,-42.486884,1,7,2,NONE,AAA_T_JUNCTION,AAA_T_JUNCTION
T_A,mission_T,132,37.2885970023,127.1072670417,-33.870036,-42.301347,1,7,2,NONE,AAA_T_JUNCTION,AAA_T_JUNCTION
T_A,mission_T,133,37.2885986689,127.1072678750,-33.796235,-42.115821,1,7,2,NONE,AAA_T_JUNCTION,AAA_T_JUNCTION
T_A,mission_T,134,37.2886003356,127.1072685417,-33.737188,-41.930284,1,7,2,NONE,AAA_T_JUNCTION,AAA_T_JUNCTION
T_A,mission_T,135,37.2886018879,127.1072691883,-33.679922,-41.757482,1,7,2,NONE,AAA_T_JUNCTION,AAA_T_JUNCTION
T_A,mission_T,136,37.2886034599,127.1072699599,-33.611585,-41.582487,1,7,2,NONE,AAA_T_JUNCTION,AAA_T_JUNCTION
T_A,mission_T,137,37.2886050023,127.1072708750,-33.530539,-41.410787,1,7,2,NONE,AAA_T_JUNCTION,AAA_T_JUNCTION
T_A,mission_T,138,37.2886066689,127.1072718750,-33.441974,-41.225261,1,7,2,NONE,AAA_T_JUNCTION,AAA_T_JUNCTION
T_A,mission_T,139,37.2886080023,127.1072728750,-33.353409,-41.076827,1,7,2,NONE,AAA_T_JUNCTION,AAA_T_JUNCTION
T_A,mission_T,140,37.2886089846,127.1072735919,-33.289917,-40.967478,1,7,2,NONE,AAA_T_JUNCTION,AAA_T_JUNCTION
T_A,mission_T,141,37.2886097930,127.1072741941,-33.236583,-40.877487,1,7,2,NONE,AAA_T_JUNCTION,AAA_T_JUNCTION
T_A,mission_T,142,37.2886106913,127.1072748715,-33.176589,-40.777488,1,7,2,NONE,AAA_T_JUNCTION,AAA_T_JUNCTION
T_A,mission_T,143,37.2886113800,127.1072753985,-33.129915,-40.700822,1,7,2,NONE,AAA_T_JUNCTION,AAA_T_JUNCTION
T_A,mission_T,144,37.2886118741,127.1072757560,-33.098253,-40.645819,1,7,2,NONE,AAA_T_JUNCTION,AAA_T_JUNCTION
T_A,mission_T,145,37.2886126676,127.1072762829,-33.051588,-40.557486,1,7,2,NONE,AAA_T_JUNCTION,AAA_T_JUNCTION
T_A,mission_T,146,37.2886133863,127.1072767346,-33.011583,-40.477480,1,7,2,NONE,AAA_T_JUNCTION,AAA_T_JUNCTION
T_A,mission_T,147,37.2886139103,127.1072770357,-32.984916,-40.419149,1,7,2,NONE,AAA_T_JUNCTION,AAA_T_JUNCTION
T_A,mission_T,148,37.2886145648,127.1072773964,-32.952971,-40.346290,1,7,2,NONE,AAA_T_JUNCTION,AAA_T_JUNCTION
T_A,mission_T,149,37.2886155103,127.1072778685,-32.911159,-40.241037,1,7,2,NONE,AAA_T_JUNCTION,AAA_T_JUNCTION
T_A,mission_T,150,37.2886164956,127.1072783736,-32.866426,-40.131349,1,7,2,NONE,AAA_T_JUNCTION,AAA_T_JUNCTION
T_B,mission_T,0,37.2884603875,127.1071984113,-39.948294,-57.509301,1,7,2,NONE,AAA_T_JUNCTION,AAA_T_JUNCTION
T_B,mission_T,1,37.2884598036,127.1071979596,-39.988294,-57.574301,1,7,1,NONE,AAA_T_JUNCTION,AAA_T_JUNCTION
T_B,mission_T,2,37.2884593844,127.1071976585,-40.014960,-57.620968,1,7,1,NONE,AAA_T_JUNCTION,AAA_T_JUNCTION
T_B,mission_T,3,37.2884589502,127.1071973386,-40.043294,-57.669301,1,7,1,NONE,AAA_T_JUNCTION,AAA_T_JUNCTION
T_B,mission_T,4,37.2884583963,127.1071969058,-40.081627,-57.730968,1,7,1,NONE,AAA_T_JUNCTION,AAA_T_JUNCTION
T_B,mission_T,5,37.2884570039,127.1071958896,-40.171627,-57.885968,1,7,1,NONE,AAA_T_JUNCTION,AAA_T_JUNCTION
T_B,mission_T,6,37.2884637262,127.1071992769,-39.871627,-57.137635,-1,7,1,NONE,AAA_T_JUNCTION,AAA_T_JUNCTION
T_B,mission_T,7,37.2884647979,127.1071996750,-39.836373,-57.018341,-1,7,1,NONE,AAA_T_JUNCTION,AAA_T_JUNCTION
T_B,mission_T,8,37.2884664598,127.1072004465,-39.768045,-56.833338,-1,7,1,NONE,AAA_T_JUNCTION,AAA_T_JUNCTION
T_B,mission_T,9,37.2884678821,127.1072012557,-39.696379,-56.675008,-1,7,1,NONE,AAA_T_JUNCTION,AAA_T_JUNCTION
T_B,mission_T,10,37.2884695023,127.1072023750,-39.597248,-56.494647,-1,7,1,NONE,AAA_T_JUNCTION,AAA_T_JUNCTION
T_B,mission_T,11,37.2884710112,127.1072033070,-39.514705,-56.326677,-1,7,1,NONE,AAA_T_JUNCTION,AAA_T_JUNCTION
T_B,mission_T,12,37.2884726689,127.1072042084,-39.434872,-56.142141,-1,7,1,NONE,AAA_T_JUNCTION,AAA_T_JUNCTION
T_B,mission_T,13,37.2884743356,127.1072050417,-39.361071,-55.956604,-1,7,1,NONE,AAA_T_JUNCTION,AAA_T_JUNCTION
T_B,mission_T,14,37.2884760244,127.1072058852,-39.286366,-55.768607,-1,7,1,NONE,AAA_T_JUNCTION,AAA_T_JUNCTION
T_B,mission_T,15,37.2884775814,127.1072066192,-39.221360,-55.595282,-1,7,1,NONE,AAA_T_JUNCTION,AAA_T_JUNCTION
T_B,mission_T,16,37.2884793147,127.1072074490,-39.147868,-55.402331,-1,7,1,NONE,AAA_T_JUNCTION,AAA_T_JUNCTION
T_B,mission_T,17,37.2884806551,127.1072079976,-39.099282,-55.253118,-1,7,1,NONE,AAA_T_JUNCTION,AAA_T_JUNCTION
T_B,mission_T,18,37.2884821357,127.1072087028,-39.036825,-55.088297,-1,7,1,NONE,AAA_T_JUNCTION,AAA_T_JUNCTION
T_B,mission_T,19,37.2884835697,127.1072095844,-38.958747,-54.928664,-1,7,1,NONE,AAA_T_JUNCTION,AAA_T_JUNCTION
T_B,mission_T,20,37.2884854117,127.1072107781,-38.853026,-54.723613,-1,7,1,NONE,AAA_T_JUNCTION,AAA_T_JUNCTION
T_B,mission_T,21,37.2884866244,127.1072115873,-38.781359,-54.588615,-1,7,1,NONE,AAA_T_JUNCTION,AAA_T_JUNCTION
T_B,mission_T,22,37.2884879337,127.1072123858,-38.710640,-54.442864,-1,7,1,NONE,AAA_T_JUNCTION,AAA_T_JUNCTION
T_B,mission_T,23,37.2884892897,127.1072133066,-38.629090,-54.291914,-1,7,1,NONE,AAA_T_JUNCTION,AAA_T_JUNCTION
T_B,mission_T,24,37.2884906164,127.1072144103,-38.531342,-54.144221,-1,7,1,NONE,AAA_T_JUNCTION,AAA_T_JUNCTION
T_B,mission_T,25,37.2884918770,127.1072156575,-38.420882,-54.003896,-1,7,1,NONE,AAA_T_JUNCTION,AAA_T_JUNCTION
T_B,mission_T,26,37.2884931083,127.1072168525,-38.315047,-53.866827,-1,7,1,NONE,AAA_T_JUNCTION,AAA_T_JUNCTION
T_B,mission_T,27,37.2884943356,127.1072180417,-38.209725,-53.730204,-1,7,1,NONE,AAA_T_JUNCTION,AAA_T_JUNCTION
T_B,mission_T,28,37.2884956956,127.1072194188,-38.087762,-53.578809,-1,7,1,NONE,AAA_T_JUNCTION,AAA_T_JUNCTION
T_B,mission_T,29,37.2884968178,127.1072204963,-37.992333,-53.453886,-1,7,1,NONE,AAA_T_JUNCTION,AAA_T_JUNCTION
T_B,mission_T,30,37.2884980023,127.1072216717,-37.888234,-53.322027,-1,7,1,NONE,AAA_T_JUNCTION,AAA_T_JUNCTION
T_B,mission_T,31,37.2884989375,127.1072226121,-37.804947,-53.217921,-1,7,1,NONE,AAA_T_JUNCTION,AAA_T_JUNCTION
T_B,mission_T,32,37.2884999661,127.1072235132,-37.725141,-53.103417,-1,7,1,NONE,AAA_T_JUNCTION,AAA_T_JUNCTION
T_B,mission_T,33,37.2885010572,127.1072244144,-37.645326,-52.981956,-1,7,1,NONE,AAA_T_JUNCTION,AAA_T_JUNCTION
T_B,mission_T,34,37.2885021482,127.1072253156,-37.565511,-52.860506,-1,7,1,NONE,AAA_T_JUNCTION,AAA_T_JUNCTION
T_B,mission_T,35,37.2885034574,127.1072262755,-37.480498,-52.714766,-1,7,1,NONE,AAA_T_JUNCTION,AAA_T_JUNCTION
T_B,mission_T,36,37.2885046327,127.1072272941,-37.390285,-52.583931,-1,7,1,NONE,AAA_T_JUNCTION,AAA_T_JUNCTION
T_B,mission_T,37,37.2885054412,127.1072280129,-37.326625,-52.493929,-1,7,1,NONE,AAA_T_JUNCTION,AAA_T_JUNCTION
T_B,mission_T,38,37.2885068412,127.1072294999,-37.194929,-52.338081,-1,7,1,NONE,AAA_T_JUNCTION,AAA_T_JUNCTION
T_B,mission_T,39,37.2885080046,127.1072309870,-37.063223,-52.208571,-1,7,1,NONE,AAA_T_JUNCTION,AAA_T_JUNCTION
T_B,mission_T,40,37.2885094243,127.1072331681,-36.870054,-52.050530,-1,7,1,NONE,AAA_T_JUNCTION,AAA_T_JUNCTION
T_B,mission_T,41,37.2885103510,127.1072350021,-36.707626,-51.947370,-1,7,1,NONE,AAA_T_JUNCTION,AAA_T_JUNCTION
T_B,mission_T,42,37.2885109728,127.1072364821,-36.576549,-51.878151,-1,7,1,NONE,AAA_T_JUNCTION,AAA_T_JUNCTION
T_B,mission_T,43,37.2885114968,127.1072380064,-36.441550,-51.819820,-1,7,1,NONE,AAA_T_JUNCTION,AAA_T_JUNCTION
T_B,mission_T,44,37.2885119160,127.1072393802,-36.319879,-51.773154,-1,7,1,NONE,AAA_T_JUNCTION,AAA_T_JUNCTION
T_B,mission_T,45,37.2885124251,127.1072414126,-36.139879,-51.716481,-1,7,1,NONE,AAA_T_JUNCTION,AAA_T_JUNCTION
T_B,mission_T,46,37.2885127844,127.1072435391,-35.951546,-51.676484,-1,7,1,NONE,AAA_T_JUNCTION,AAA_T_JUNCTION
T_B,mission_T,47,37.2885129828,127.1072462694,-35.709736,-51.654398,-1,7,1,NONE,AAA_T_JUNCTION,AAA_T_JUNCTION
T_B,mission_T,48,37.2885129477,127.1072489879,-35.468972,-51.658305,-1,7,1,NONE,AAA_T_JUNCTION,AAA_T_JUNCTION
T_B,mission_T,49,37.2885127803,127.1072518966,-35.211363,-51.676940,-1,7,1,NONE,AAA_T_JUNCTION,AAA_T_JUNCTION
T_B,mission_T,50,37.2885123146,127.1072546238,-34.969828,-51.728782,-1,7,1,NONE,AAA_T_JUNCTION,AAA_T_JUNCTION
T_B,mission_T,51,37.2885118399,127.1072565245,-34.801493,-51.781626,-1,7,1,NONE,AAA_T_JUNCTION,AAA_T_JUNCTION
T_B,mission_T,52,37.2885109959,127.1072589999,-34.582259,-51.875580,-1,7,1,NONE,AAA_T_JUNCTION,AAA_T_JUNCTION
T_B,mission_T,53,37.2885103980,127.1072603702,-34.460898,-51.942138,-1,7,1,NONE,AAA_T_JUNCTION,AAA_T_JUNCTION
T_B,mission_T,54,37.2885097987,127.1072617640,-34.337453,-52.008851,-1,7,1,NONE,AAA_T_JUNCTION,AAA_T_JUNCTION
T_B,mission_T,55,37.2885090667,127.1072633531,-34.196713,-52.090332,-1,7,1,NONE,AAA_T_JUNCTION,AAA_T_JUNCTION
T_B,mission_T,56,37.2885083514,127.1072652350,-34.030046,-52.169962,-1,7,1,NONE,AAA_T_JUNCTION,AAA_T_JUNCTION
T_B,mission_T,57,37.2885075023,127.1072672084,-33.855272,-52.264487,-1,7,1,NONE,AAA_T_JUNCTION,AAA_T_JUNCTION
T_B,mission_T,58,37.2885068356,127.1072687084,-33.722424,-52.338704,-1,7,1,NONE,AAA_T_JUNCTION,AAA_T_JUNCTION
T_B,mission_T,59,37.2885061715,127.1072702697,-33.584148,-52.412632,-1,7,1,NONE,AAA_T_JUNCTION,AAA_T_JUNCTION
T_B,mission_T,60,37.2885055321,127.1072716561,-33.461361,-52.483810,-1,7,1,NONE,AAA_T_JUNCTION,AAA_T_JUNCTION
T_B,mission_T,61,37.2885048760,127.1072733813,-33.308569,-52.556847,-1,7,1,NONE,AAA_T_JUNCTION,AAA_T_JUNCTION
T_B,mission_T,62,37.2885043192,127.1072751071,-33.155723,-52.618830,-1,7,1,NONE,AAA_T_JUNCTION,AAA_T_JUNCTION
T_B,mission_T,63,37.2885039336,127.1072765385,-33.028951,-52.661755,-1,7,1,NONE,AAA_T_JUNCTION,AAA_T_JUNCTION
T_B,mission_T,64,37.2885035180,127.1072781057,-32.890152,-52.708020,-1,7,1,NONE,AAA_T_JUNCTION,AAA_T_JUNCTION
T_B,mission_T,65,37.2885030384,127.1072802355,-32.701526,-52.761409,-1,7,1,NONE,AAA_T_JUNCTION,AAA_T_JUNCTION
T_B,mission_T,66,37.2885027445,127.1072824168,-32.508339,-52.794126,-1,7,1,NONE,AAA_T_JUNCTION,AAA_T_JUNCTION
T_B,mission_T,67,37.2885029628,127.1072807510,-32.655871,-52.769825,1,7,2,NONE,AAA_T_JUNCTION,AAA_T_JUNCTION
T_B,mission_T,68,37.2885032277,127.1072787843,-32.830046,-52.740332,1,7,2,NONE,AAA_T_JUNCTION,AAA_T_JUNCTION
T_B,mission_T,69,37.2885036436,127.1072768607,-33.000416,-52.694036,1,7,2,NONE,AAA_T_JUNCTION,AAA_T_JUNCTION
T_B,mission_T,70,37.2885039430,127.1072748324,-33.180046,-52.660702,1,7,2,NONE,AAA_T_JUNCTION,AAA_T_JUNCTION
T_B,mission_T,71,37.2885044421,127.1072726370,-33.374490,-52.605147,1,7,2,NONE,AAA_T_JUNCTION,AAA_T_JUNCTION
T_B,mission_T,72,37.2885050077,127.1072704624,-33.567083,-52.542184,1,7,2,NONE,AAA_T_JUNCTION,AAA_T_JUNCTION
T_B,mission_T,73,37.2885054901,127.1072686223,-33.730046,-52.488480,1,7,2,NONE,AAA_T_JUNCTION,AAA_T_JUNCTION
T_B,mission_T,74,37.2885060058,127.1072667405,-33.896713,-52.431073,1,7,2,NONE,AAA_T_JUNCTION,AAA_T_JUNCTION
T_B,mission_T,75,37.2885064882,127.1072653186,-34.022639,-52.377369,1,7,2,NONE,AAA_T_JUNCTION,AAA_T_JUNCTION
T_B,mission_T,76,37.2885072867,127.1072632486,-34.205972,-52.288480,1,7,2,NONE,AAA_T_JUNCTION,AAA_T_JUNCTION
T_B,mission_T,77,37.2885078856,127.1072615340,-34.357824,-52.221813,1,7,2,NONE,AAA_T_JUNCTION,AAA_T_JUNCTION
T_B,mission_T,78,37.2885084845,127.1072600076,-34.493009,-52.155147,1,7,2,NONE,AAA_T_JUNCTION,AAA_T_JUNCTION
T_B,mission_T,79,37.2885093662,127.1072579167,-34.678194,-52.056999,1,7,2,NONE,AAA_T_JUNCTION,AAA_T_JUNCTION
T_B,mission_T,80,37.2885102811,127.1072561812,-34.831898,-51.955147,1,7,2,NONE,AAA_T_JUNCTION,AAA_T_JUNCTION
T_B,mission_T,81,37.2885111441,127.1072546522,-34.967313,-51.859082,1,7,2,NONE,AAA_T_JUNCTION,AAA_T_JUNCTION
T_B,mission_T,82,37.2885123632,127.1072524572,-35.161713,-51.723372,1,7,2,NONE,AAA_T_JUNCTION,AAA_T_JUNCTION
T_B,mission_T,83,37.2885134341,127.1072508627,-35.302930,-51.604159,1,7,2,NONE,AAA_T_JUNCTION,AAA_T_JUNCTION
T_B,mission_T,84,37.2885146038,127.1072493925,-35.433139,-51.473948,1,7,2,NONE,AAA_T_JUNCTION,AAA_T_JUNCTION
T_B,mission_T,85,37.2885156746,127.1072482122,-35.537672,-51.354747,1,7,2,NONE,AAA_T_JUNCTION,AAA_T_JUNCTION
T_B,mission_T,86,37.2885168356,127.1072470417,-35.641338,-51.225504,1,7,2,NONE,AAA_T_JUNCTION,AAA_T_JUNCTION
T_B,mission_T,87,37.2885180140,127.1072459758,-35.735739,-51.094325,1,7,2,NONE,AAA_T_JUNCTION,AAA_T_JUNCTION
T_B,mission_T,88,37.2885193979,127.1072448783,-35.832939,-50.940269,1,7,2,NONE,AAA_T_JUNCTION,AAA_T_JUNCTION
T_B,mission_T,89,37.2885207488,127.1072439879,-35.911798,-50.789887,1,7,2,NONE,AAA_T_JUNCTION,AAA_T_JUNCTION
T_B,mission_T,90,37.2885221326,127.1072432631,-35.975990,-50.635842,1,7,2,NONE,AAA_T_JUNCTION,AAA_T_JUNCTION
T_B,mission_T,91,37.2885236483,127.1072426626,-36.029173,-50.467115,1,7,2,NONE,AAA_T_JUNCTION,AAA_T_JUNCTION
T_B,mission_T,92,37.2885253356,127.1072422084,-36.069399,-50.279284,1,7,2,NONE,AAA_T_JUNCTION,AAA_T_JUNCTION
T_B,mission_T,93,37.2885273356,127.1072418750,-36.098927,-50.056644,1,7,2,NONE,AAA_T_JUNCTION,AAA_T_JUNCTION
T_B,mission_T,94,37.2885288356,127.1072417084,-36.113682,-49.889664,1,7,2,NONE,AAA_T_JUNCTION,AAA_T_JUNCTION
T_B,mission_T,95,37.2885305023,127.1072415417,-36.128446,-49.704127,1,7,2,NONE,AAA_T_JUNCTION,AAA_T_JUNCTION
T_B,mission_T,96,37.2885324622,127.1072413166,-36.148382,-49.485951,1,7,2,NONE,AAA_T_JUNCTION,AAA_T_JUNCTION
T_B,mission_T,97,37.2885343356,127.1072412084,-36.157964,-49.277404,1,7,2,NONE,AAA_T_JUNCTION,AAA_T_JUNCTION
T_B,mission_T,98,37.2885361689,127.1072412084,-36.157964,-49.073321,1,7,2,NONE,AAA_T_JUNCTION,AAA_T_JUNCTION
T_B,mission_T,99,37.2885381689,127.1072413750,-36.143209,-48.850681,1,7,2,NONE,AAA_T_JUNCTION,AAA_T_JUNCTION
T_B,mission_T,100,37.2885400023,127.1072415417,-36.128446,-48.646587,1,7,2,NONE,AAA_T_JUNCTION,AAA_T_JUNCTION
T_B,mission_T,101,37.2885418356,127.1072417084,-36.113682,-48.442504,1,7,2,NONE,AAA_T_JUNCTION,AAA_T_JUNCTION
T_B,mission_T,102,37.2885436689,127.1072417084,-36.113682,-48.238421,1,7,2,NONE,AAA_T_JUNCTION,AAA_T_JUNCTION
T_B,mission_T,103,37.2885454440,127.1072418826,-36.098254,-48.040817,1,7,2,NONE,AAA_T_JUNCTION,AAA_T_JUNCTION
T_B,mission_T,104,37.2885471689,127.1072422084,-36.069399,-47.848801,1,7,2,NONE,AAA_T_JUNCTION,AAA_T_JUNCTION
T_B,mission_T,105,37.2885490023,127.1072427084,-36.025117,-47.644707,1,7,2,NONE,AAA_T_JUNCTION,AAA_T_JUNCTION
T_B,mission_T,106,37.2885508356,127.1072432084,-35.980834,-47.440624,1,7,2,NONE,AAA_T_JUNCTION,AAA_T_JUNCTION
T_B,mission_T,107,37.2885526689,127.1072437084,-35.936552,-47.236541,1,7,2,NONE,AAA_T_JUNCTION,AAA_T_JUNCTION
T_B,mission_T,108,37.2885546689,127.1072442084,-35.892269,-47.013901,1,7,2,NONE,AAA_T_JUNCTION,AAA_T_JUNCTION
T_B,mission_T,109,37.2885565023,127.1072447084,-35.847986,-46.809807,1,7,2,NONE,AAA_T_JUNCTION,AAA_T_JUNCTION
T_B,mission_T,110,37.2885583356,127.1072453750,-35.788949,-46.605724,1,7,2,NONE,AAA_T_JUNCTION,AAA_T_JUNCTION
T_B,mission_T,111,37.2885601689,127.1072462084,-35.715139,-46.401641,1,7,2,NONE,AAA_T_JUNCTION,AAA_T_JUNCTION
T_B,mission_T,112,37.2885621975,127.1072470954,-35.636582,-46.175818,1,7,2,NONE,AAA_T_JUNCTION,AAA_T_JUNCTION
T_B,mission_T,113,37.2885638356,127.1072477084,-35.582291,-45.993464,1,7,2,NONE,AAA_T_JUNCTION,AAA_T_JUNCTION
T_B,mission_T,114,37.2885656689,127.1072483750,-35.523254,-45.789381,1,7,2,NONE,AAA_T_JUNCTION,AAA_T_JUNCTION
T_B,mission_T,115,37.2885675023,127.1072490417,-35.464207,-45.585287,1,7,2,NONE,AAA_T_JUNCTION,AAA_T_JUNCTION
T_B,mission_T,116,37.2885693391,127.1072500122,-35.378255,-45.380815,1,7,2,NONE,AAA_T_JUNCTION,AAA_T_JUNCTION
T_B,mission_T,117,37.2885711689,127.1072508750,-35.301841,-45.177121,1,7,2,NONE,AAA_T_JUNCTION,AAA_T_JUNCTION
T_B,mission_T,118,37.2885730023,127.1072517084,-35.228031,-44.973027,1,7,2,NONE,AAA_T_JUNCTION,AAA_T_JUNCTION
T_B,mission_T,119,37.2885746689,127.1072525417,-35.154230,-44.787501,1,7,2,NONE,AAA_T_JUNCTION,AAA_T_JUNCTION
T_B,mission_T,120,37.2885764807,127.1072531738,-35.098248,-44.585812,1,7,2,NONE,AAA_T_JUNCTION,AAA_T_JUNCTION
T_B,mission_T,121,37.2885781689,127.1072538750,-35.036146,-44.397881,1,7,2,NONE,AAA_T_JUNCTION,AAA_T_JUNCTION
T_B,mission_T,122,37.2885797595,127.1072545099,-34.979916,-44.220816,1,7,2,NONE,AAA_T_JUNCTION,AAA_T_JUNCTION
T_B,mission_T,123,37.2885815023,127.1072553750,-34.903298,-44.026807,1,7,2,NONE,AAA_T_JUNCTION,AAA_T_JUNCTION
T_B,mission_T,124,37.2885833356,127.1072563750,-34.814733,-43.822724,1,7,2,NONE,AAA_T_JUNCTION,AAA_T_JUNCTION
T_B,mission_T,125,37.2885850023,127.1072572084,-34.740923,-43.637187,1,7,2,NONE,AAA_T_JUNCTION,AAA_T_JUNCTION
T_B,mission_T,126,37.2885868356,127.1072580417,-34.667122,-43.433104,1,7,2,NONE,AAA_T_JUNCTION,AAA_T_JUNCTION
T_B,mission_T,127,37.2885885023,127.1072590417,-34.578557,-43.247567,1,7,2,NONE,AAA_T_JUNCTION,AAA_T_JUNCTION
T_B,mission_T,128,37.2885902847,127.1072601366,-34.481587,-43.049151,1,7,2,NONE,AAA_T_JUNCTION,AAA_T_JUNCTION
T_B,mission_T,129,37.2885920023,127.1072610417,-34.401426,-42.857947,1,7,2,NONE,AAA_T_JUNCTION,AAA_T_JUNCTION
T_B,mission_T,130,37.2885936689,127.1072622084,-34.298098,-42.672421,1,7,2,NONE,AAA_T_JUNCTION,AAA_T_JUNCTION
T_B,mission_T,131,37.2885953356,127.1072632084,-34.209532,-42.486884,1,7,2,NONE,AAA_T_JUNCTION,AAA_T_JUNCTION
T_B,mission_T,132,37.2885970023,127.1072640417,-34.135731,-42.301347,1,7,2,NONE,AAA_T_JUNCTION,AAA_T_JUNCTION
T_B,mission_T,133,37.2885985473,127.1072648683,-34.062523,-42.129358,1,7,2,NONE,AAA_T_JUNCTION,AAA_T_JUNCTION
T_B,mission_T,134,37.2886001343,127.1072659033,-33.970858,-41.952693,1,7,2,NONE,AAA_T_JUNCTION,AAA_T_JUNCTION
T_B,mission_T,135,37.2886016689,127.1072668750,-33.884800,-41.781861,1,7,2,NONE,AAA_T_JUNCTION,AAA_T_JUNCTION
T_B,mission_T,136,37.2886033356,127.1072682084,-33.766707,-41.596324,1,7,2,NONE,AAA_T_JUNCTION,AAA_T_JUNCTION
T_B,mission_T,137,37.2886042924,127.1072688435,-33.710459,-41.489813,1,7,2,NONE,AAA_T_JUNCTION,AAA_T_JUNCTION
T_B,mission_T,138,37.2886052121,127.1072695214,-33.650421,-41.387432,1,7,2,NONE,AAA_T_JUNCTION,AAA_T_JUNCTION
T_B,mission_T,139,37.2886061011,127.1072702336,-33.587345,-41.288469,1,7,2,NONE,AAA_T_JUNCTION,AAA_T_JUNCTION
T_B,mission_T,140,37.2886069655,127.1072709717,-33.521975,-41.192244,1,7,2,NONE,AAA_T_JUNCTION,AAA_T_JUNCTION
T_B,mission_T,141,37.2886078119,127.1072717271,-33.455073,-41.098023,1,7,2,NONE,AAA_T_JUNCTION,AAA_T_JUNCTION
T_B,mission_T,142,37.2886086464,127.1072724915,-33.387374,-41.005126,1,7,2,NONE,AAA_T_JUNCTION,AAA_T_JUNCTION
T_B,mission_T,143,37.2886094754,127.1072732563,-33.319639,-40.912842,1,7,2,NONE,AAA_T_JUNCTION,AAA_T_JUNCTION
T_B,mission_T,144,37.2886103053,127.1072740131,-33.252613,-40.820457,1,7,2,NONE,AAA_T_JUNCTION,AAA_T_JUNCTION
T_B,mission_T,145,37.2886111424,127.1072747534,-33.187049,-40.727271,1,7,2,NONE,AAA_T_JUNCTION,AAA_T_JUNCTION
T_B,mission_T,146,37.2886119929,127.1072754687,-33.123698,-40.632594,1,7,2,NONE,AAA_T_JUNCTION,AAA_T_JUNCTION
T_B,mission_T,147,37.2886128632,127.1072761507,-33.063297,-40.535712,1,7,2,NONE,AAA_T_JUNCTION,AAA_T_JUNCTION
T_B,mission_T,148,37.2886137596,127.1072767907,-33.006615,-40.435925,1,7,2,NONE,AAA_T_JUNCTION,AAA_T_JUNCTION
T_B,mission_T,149,37.2886146885,127.1072773805,-32.954379,-40.332520,1,7,2,NONE,AAA_T_JUNCTION,AAA_T_JUNCTION
T_B,mission_T,150,37.2886156562,127.1072779114,-32.907360,-40.224795,1,7,2,NONE,AAA_T_JUNCTION,AAA_T_JUNCTION
T_B,mission_T,151,37.2886164806,127.1072783547,-32.868093,-40.133016,1,7,2,NONE,AAA_T_JUNCTION,AAA_T_JUNCTION
COMMON_2,,0,37.2886232158,127.1072840995,-32.359311,-39.383255,1,8,2,NONE,,
COMMON_2,,1,37.2886261511,127.1072876523,-32.044652,-39.056494,1,8,2,NONE,,
COMMON_2,,2,37.2886289778,127.1072899753,-31.838914,-38.741835,1,8,2,NONE,,
COMMON_2,,3,37.2886310434,127.1072924350,-31.621073,-38.511893,1,8,2,NONE,,
COMMON_2,,4,37.2886330003,127.1072943481,-31.451642,-38.294052,1,8,2,NONE,,
COMMON_2,,5,37.2886350659,127.1072962612,-31.282210,-38.064109,1,8,2,NONE,,
COMMON_2,,6,37.2886370227,127.1072981742,-31.112779,-37.846269,1,8,2,NONE,,
COMMON_2,,7,37.2886386535,127.1072999506,-30.955450,-37.664735,1,8,2,NONE,,
COMMON_2,,8,37.2886407920,127.1073020201,-30.772169,-37.426671,1,8,2,NONE,,
COMMON_2,,9,37.2886433566,127.1073038825,-30.607223,-37.141188,1,8,2,NONE,,
COMMON_2,,10,37.2886458641,127.1073060315,-30.416901,-36.862049,1,8,2,NONE,,
COMMON_2,,11,37.2886479727,127.1073086102,-30.188514,-36.627318,1,8,2,NONE,,
COMMON_2,,12,37.2886495183,127.1073109673,-29.979762,-36.455260,1,8,2,NONE,,
COMMON_2,,13,37.2886507194,127.1073130430,-29.795926,-36.321561,1,8,2,NONE,,
COMMON_2,,14,37.2886516702,127.1073149929,-29.623231,-36.215716,1,8,2,NONE,,
COMMON_2,,15,37.2886525209,127.1073165654,-29.483961,-36.121012,1,8,2,NONE,,
COMMON_2,,16,37.2886536219,127.1073184524,-29.316837,-35.998455,1,8,2,NONE,,
COMMON_2,,17,37.2886548637,127.1073209123,-29.098984,-35.860214,1,8,2,NONE,,
COMMON_2,,18,37.2886559677,127.1073230792,-28.907064,-35.737317,1,8,2,NONE,,
COMMON_2,,19,37.2886568599,127.1073249802,-28.738710,-35.637997,1,8,2,NONE,,
COMMON_2,,20,37.2886576614,127.1073269951,-28.560260,-35.548774,1,8,2,NONE,,
COMMON_2,,21,37.2886583269,127.1073290480,-28.378445,-35.474690,1,8,2,NONE,,
COMMON_2,,22,37.2886588438,127.1073313314,-28.176207,-35.417149,1,8,2,NONE,,
COMMON_2,,23,37.2886591582,127.1073336650,-27.969540,-35.382150,1,8,2,NONE,,
COMMON_2,,24,37.2886595025,127.1073358290,-27.777877,-35.343823,1,8,2,NONE,,
COMMON_2,,25,37.2886597637,127.1073380570,-27.580562,-35.314746,1,8,2,NONE,,
COMMON_2,,26,37.2886599304,127.1073405569,-27.359150,-35.296189,1,8,2,NONE,,
COMMON_2,,27,37.2886599304,127.1073425570,-27.182019,-35.296189,1,8,2,NONE,,
COMMON_2,,28,37.2886597637,127.1073448902,-26.975371,-35.314746,1,8,2,NONE,,
COMMON_2,,29,37.2886594304,127.1073470569,-26.783477,-35.351849,1,8,2,NONE,,
COMMON_2,,30,37.2886590970,127.1073492236,-26.591591,-35.388963,1,8,2,NONE,,
COMMON_2,,31,37.2886589304,127.1073512236,-26.414461,-35.407509,1,8,2,NONE,,
COMMON_2,,32,37.2886586583,127.1073535312,-26.210080,-35.437799,1,8,2,NONE,,
COMMON_2,,33,37.2886583948,127.1073554944,-26.036209,-35.467132,1,8,2,NONE,,
COMMON_2,,34,37.2886579304,127.1073577236,-25.838788,-35.518829,1,8,2,NONE,,
COMMON_2,,35,37.2886572637,127.1073600569,-25.632131,-35.593046,1,8,2,NONE,,
COMMON_2,,36,37.2886565970,127.1073623902,-25.425482,-35.667263,1,8,2,NONE,,
COMMON_2,,37,37.2886559304,127.1073645569,-25.233588,-35.741469,1,8,2,NONE,,
COMMON_2,,38,37.2886553839,127.1073670608,-25.011830,-35.802305,1,8,2,NONE,,
COMMON_2,,39,37.2886547637,127.1073693902,-24.805526,-35.871346,1,8,2,NONE,,
COMMON_2,,40,37.2886540970,127.1073717235,-24.598877,-35.945563,1,8,2,NONE,,
COMMON_2,,41,37.2886530970,127.1073742235,-24.377473,-36.056883,1,8,2,NONE,,
COMMON_2,,42,37.2886522637,127.1073767235,-24.156052,-36.149646,1,8,2,NONE,,
COMMON_2,,43,37.2886514304,127.1073792235,-23.934639,-36.242409,1,8,2,NONE,,
COMMON_2,,44,37.2886498411,127.1073836858,-23.539436,-36.419328,1,8,2,NONE,,
COMMON_2,,45,37.2886489657,127.1073860405,-23.330891,-36.516778,1,8,2,NONE,,
COMMON_2,,46,37.2886477991,127.1073883738,-23.124242,-36.646644,1,8,2,NONE,,
COMMON_2,,47,37.2886464657,127.1073907072,-22.917585,-36.795078,1,8,2,NONE,,
COMMON_2,,48,37.2886454657,127.1073928739,-22.725691,-36.906398,1,8,2,NONE,,
COMMON_2,,49,37.2886442991,127.1073953739,-22.504278,-37.036264,1,8,2,NONE,,
COMMON_2,,50,37.2886431324,127.1073977072,-22.297629,-37.166141,1,8,2,NONE,,
COMMON_2,,51,37.2886419657,127.1073998739,-22.105735,-37.296018,1,8,2,NONE,,
COMMON_2,,52,37.2886407991,127.1074020406,-21.913841,-37.425884,1,8,2,NONE,,
COMMON_2,,53,37.2886397991,127.1074043739,-21.707192,-37.537204,1,8,2,NONE,,
COMMON_2,,54,37.2886387274,127.1074063875,-21.528860,-37.656510,1,8,2,NONE,,
COMMON_2,,55,37.2886376424,127.1074083572,-21.354411,-37.777283,1,8,2,NONE,,
COMMON_2,,56,37.2886366379,127.1074101755,-21.193381,-37.889109,1,8,2,NONE,,
COMMON_2,,57,37.2886356735,127.1074118421,-21.045770,-37.996462,1,8,2,NONE,,
COMMON_2,,58,37.2886343073,127.1074138624,-20.866848,-38.148546,1,8,2,NONE,,
COMMON_2,,59,37.2886331421,127.1074155796,-20.714764,-38.278265,1,8,2,NONE,,
COMMON_2,,60,37.2886322581,127.1074167412,-20.611883,-38.376672,1,8,2,NONE,,
COMMON_2,,61,37.2886312485,127.1074180273,-20.497984,-38.489055,1,8,2,NONE,,
COMMON_2,,62,37.2886300053,127.1074195899,-20.359590,-38.627449,1,8,2,NONE,,
COMMON_2,,63,37.2886290285,127.1074208735,-20.245909,-38.736188,1,8,2,NONE,,
COMMON_2,,64,37.2886277853,127.1074226593,-20.087744,-38.874582,1,8,2,NONE,,
COMMON_2,,65,37.2886262313,127.1074246126,-19.914751,-39.047575,1,8,2,NONE,,
COMMON_2,,66,37.2886243664,127.1074268450,-19.717044,-39.255167,1,8,2,NONE,,
COMMON_2,,67,37.2886225575,127.1074286371,-19.558322,-39.456544,1,8,2,NONE,,
COMMON_2,,68,37.2886208182,127.1074303765,-19.404271,-39.650154,1,8,2,NONE,,
COMMON_2,,69,37.2886189902,127.1074318735,-19.271689,-39.853647,1,8,2,NONE,,
COMMON_2,,70,37.2886171568,127.1074333735,-19.138841,-40.057741,1,8,2,NONE,,
COMMON_2,,71,37.2886154902,127.1074345401,-19.035521,-40.243267,1,8,2,NONE,,
COMMON_2,,72,37.2886137016,127.1074357685,-18.926728,-40.442374,1,8,2,NONE,,
COMMON_2,,73,37.2886119162,127.1074370463,-18.813560,-40.641125,1,8,2,NONE,,
COMMON_2,,74,37.2886099902,127.1074382068,-18.710780,-40.855527,1,8,2,NONE,,
COMMON_2,,75,37.2886082882,127.1074389810,-18.642214,-41.044996,1,8,2,NONE,,
COMMON_2,,76,37.2886066755,127.1074396567,-18.582371,-41.224527,1,8,2,NONE,,
COMMON_2,,77,37.2886046787,127.1074405255,-18.505429,-41.446804,1,8,2,NONE,,
COMMON_2,,78,37.2886024516,127.1074413460,-18.432762,-41.694727,1,8,2,NONE,,
COMMON_2,,79,37.2886006085,127.1074417321,-18.398565,-41.899905,1,8,2,NONE,,
COMMON_2,,80,37.2885993029,127.1074420699,-18.368643,-42.045240,1,8,2,NONE,,
COMMON_2,,81,37.2885966150,127.1074427456,-18.308800,-42.344458,1,8,2,NONE,,
COMMON_2,,82,37.2885930823,127.1074434696,-18.244682,-42.737716,1,8,2,NONE,,
COMMON_2,,83,37.2885910356,127.1074438851,-18.207880,-42.965553,1,8,2,NONE,,
COMMON_2,,84,37.2885893983,127.1074442431,-18.176181,-43.147821,1,8,2,NONE,,
COMMON_2,,85,37.2885876186,127.1074444667,-18.156370,-43.345938,1,8,2,NONE,,
COMMON_2,,86,37.2885858389,127.1074445562,-18.148445,-43.544055,1,8,2,NONE,,
COMMON_2,,87,37.2885838989,127.1074444119,-18.161226,-43.760012,1,8,2,NONE,,
COMMON_2,,88,37.2885817322,127.1074442452,-18.175990,-44.001209,1,8,2,NONE,,
COMMON_2,,89,37.2885795655,127.1074437452,-18.220273,-44.242406,1,8,2,NONE,,
COMMON_2,,90,37.2885773989,127.1074430786,-18.279310,-44.483592,1,8,2,NONE,,
COMMON_2,,91,37.2885750655,127.1074424119,-18.338357,-44.743346,1,8,2,NONE,,
COMMON_2,,92,37.2885730655,127.1074417452,-18.397403,-44.965986,1,8,2,NONE,,
COMMON_2,,93,37.2885709984,127.1074411320,-18.451711,-45.196096,1,8,2,NONE,,
COMMON_2,,94,37.2885687322,127.1074404119,-18.515487,-45.448369,1,8,2,NONE,,
COMMON_2,,95,37.2885665655,127.1074394119,-18.604052,-45.689566,1,8,2,NONE,,
COMMON_2,,96,37.2885643989,127.1074384119,-18.692617,-45.930752,1,8,2,NONE,,
COMMON_2,,97,37.2885623989,127.1074375786,-18.766418,-46.153392,1,8,2,NONE,,
COMMON_2,,98,37.2885600655,127.1074369119,-18.825465,-46.413146,1,8,2,NONE,,
COMMON_2,,99,37.2885580655,127.1074360786,-18.899266,-46.635786,1,8,2,NONE,,
COMMON_2,,100,37.2885560655,127.1074350786,-18.987831,-46.858426,1,8,2,NONE,,
COMMON_2,,101,37.2885537322,127.1074339119,-19.091160,-47.118169,1,8,2,NONE,,
COMMON_2,,102,37.2885515655,127.1074330786,-19.164961,-47.359366,1,8,2,NONE,,
COMMON_2,,103,37.2885495655,127.1074320786,-19.253526,-47.582006,1,8,2,NONE,,
COMMON_2,,104,37.2885472322,127.1074312452,-19.327336,-47.841749,1,8,2,NONE,,
COMMON_2,,105,37.2885450655,127.1074302452,-19.415901,-48.082946,1,8,2,NONE,,
COMMON_2,,106,37.2885428989,127.1074292452,-19.504467,-48.324132,1,8,2,NONE,,
COMMON_2,,107,37.2885407322,127.1074280786,-19.607787,-48.565329,1,8,2,NONE,,
COMMON_2,,108,37.2885386836,127.1074272096,-19.684750,-48.793379,1,8,2,NONE,,
COMMON_2,,109,37.2885365655,127.1074264119,-19.755398,-49.029166,1,8,2,NONE,,
COMMON_2,,110,37.2885343379,127.1074254025,-19.844796,-49.277142,1,8,2,NONE,,
COMMON_2,,111,37.2885322322,127.1074245786,-19.917764,-49.511549,1,8,2,NONE,,
COMMON_2,,112,37.2885298989,127.1074232452,-20.035857,-49.771292,1,8,2,NONE,,
COMMON_2,,113,37.2885277322,127.1074220786,-20.139177,-50.012489,1,8,2,NONE,,
COMMON_2,,114,37.2885255655,127.1074210787,-20.227733,-50.253686,1,8,2,NONE,,
COMMON_2,,115,37.2885233989,127.1074200786,-20.316307,-50.494872,1,8,2,NONE,,
COMMON_2,,116,37.2885213989,127.1074190786,-20.404872,-50.717512,1,8,2,NONE,,
COMMON_2,,117,37.2885192322,127.1074179120,-20.508192,-50.958709,1,8,2,NONE,,
COMMON_2,,118,37.2885172322,127.1074167453,-20.611521,-51.181349,1,8,2,NONE,,
COMMON_2,,119,37.2885149948,127.1074154227,-20.728657,-51.430416,1,8,2,NONE,,
COMMON_2,,120,37.2885130344,127.1074146424,-20.797765,-51.648648,1,8,2,NONE,,
COMMON_2,,121,37.2885112322,127.1074139119,-20.862462,-51.849269,1,8,2,NONE,,
COMMON_2,,122,37.2885092322,127.1074127452,-20.965790,-52.071909,1,8,2,NONE,,
COMMON_2,,123,37.2885072322,127.1074115786,-21.069110,-52.294549,1,8,2,NONE,,
COMMON_2,,124,37.2885052322,127.1074104119,-21.172439,-52.517189,1,8,2,NONE,,
COMMON_2,,125,37.2885030655,127.1074090787,-21.290514,-52.758386,1,8,2,NONE,,
COMMON_2,,126,37.2885008989,127.1074080786,-21.379088,-52.999572,1,8,2,NONE,,
COMMON_2,,127,37.2884988989,127.1074069120,-21.482408,-53.222212,1,8,2,NONE,,
COMMON_2,,128,37.2884968989,127.1074057453,-21.585737,-53.444852,1,8,2,NONE,,
COMMON_2,,129,37.2884947322,127.1074044120,-21.703821,-53.686049,1,8,2,NONE,,
COMMON_2,,130,37.2884924692,127.1074034840,-21.786009,-53.937966,1,8,2,NONE,,
COMMON_2,,131,37.2884903989,127.1074025787,-21.866187,-54.168432,1,8,2,NONE,,
COMMON_2,,132,37.2884882322,127.1074017452,-21.940006,-54.409629,1,8,2,NONE,,
COMMON_2,,133,37.2884850655,127.1074002453,-22.072845,-54.762146,1,8,2,NONE,,
COMMON_2,,134,37.2884828989,127.1073994119,-22.146655,-55.003332,1,8,2,NONE,,
COMMON_2,,135,37.2884807359,127.1073983832,-22.237762,-55.244117,1,8,2,NONE,,
COMMON_2,,136,37.2884785655,127.1073975786,-22.309022,-55.485726,1,8,2,NONE,,
COMMON_2,,137,37.2884766190,127.1073967568,-22.381804,-55.702410,1,8,2,NONE,,
COMMON_2,,138,37.2884743989,127.1073957453,-22.471388,-55.949552,1,8,2,NONE,,
COMMON_2,,139,37.2884722322,127.1073945787,-22.574708,-56.190749,1,8,2,NONE,,
COMMON_2,,140,37.2884700655,127.1073934120,-22.678037,-56.431946,1,8,2,NONE,,
COMMON_2,,141,37.2884680655,127.1073924120,-22.766602,-56.654586,1,8,2,NONE,,
COMMON_2,,142,37.2884657322,127.1073914120,-22.855167,-56.914329,1,8,2,NONE,,
COMMON_2,,143,37.2884637322,127.1073904120,-22.943732,-57.136969,1,8,2,NONE,,
COMMON_2,,144,37.2884615655,127.1073889120,-23.076580,-57.378166,1,8,2,NONE,,
COMMON_2,,145,37.2884593989,127.1073874119,-23.209436,-57.619352,1,8,2,NONE,,
COMMON_2,,146,37.2884573989,127.1073862453,-23.312756,-57.841992,1,8,2,NONE,,
COMMON_2,,147,37.2884550655,127.1073850787,-23.416076,-58.101746,1,8,2,NONE,,
COMMON_2,,148,37.2884530655,127.1073837453,-23.534169,-58.324386,1,8,2,NONE,,
COMMON_2,,149,37.2884510655,127.1073824120,-23.652253,-58.547026,1,8,2,NONE,,
COMMON_2,,150,37.2884487322,127.1073809119,-23.785109,-58.806769,1,8,2,NONE,,
COMMON_2,,151,37.2884465655,127.1073795787,-23.903184,-59.047966,1,8,2,NONE,,
COMMON_2,,152,37.2884443989,127.1073784120,-24.006513,-59.289152,1,8,2,NONE,,
COMMON_2,,153,37.2884422322,127.1073774120,-24.095078,-59.530349,1,8,2,NONE,,
COMMON_2,,154,37.2884402322,127.1073762453,-24.198407,-59.752989,1,8,2,NONE,,
COMMON_2,,155,37.2884382322,127.1073749120,-24.316491,-59.975629,1,8,2,NONE,,
COMMON_2,,156,37.2884360655,127.1073735787,-24.434575,-60.216826,1,8,2,NONE,,
COMMON_2,,157,37.2884338989,127.1073722453,-24.552667,-60.458012,1,8,2,NONE,,
COMMON_2,,158,37.2884318989,127.1073710787,-24.655987,-60.680652,1,8,2,NONE,,
COMMON_2,,159,37.2884298989,127.1073697453,-24.774080,-60.903292,1,8,2,NONE,,
COMMON_2,,160,37.2884277322,127.1073682453,-24.906928,-61.144489,1,8,2,NONE,,
COMMON_2,,161,37.2884257322,127.1073670787,-25.010248,-61.367129,1,8,2,NONE,,
COMMON_2,,162,37.2884236699,127.1073657380,-25.128987,-61.596704,1,8,2,NONE,,
COMMON_2,,163,37.2884213989,127.1073640787,-25.275943,-61.849512,1,8,2,NONE,,
COMMON_2,,164,37.2884192322,127.1073625787,-25.408791,-62.090709,1,8,2,NONE,,
COMMON_2,,165,37.2884172322,127.1073609120,-25.556402,-62.313349,1,8,2,NONE,,
COMMON_2,,166,37.2884152322,127.1073590787,-25.718769,-62.535989,1,8,2,NONE,,
COMMON_2,,167,37.2884132322,127.1073572453,-25.881144,-62.758629,1,8,2,NONE,,
COMMON_2,,168,37.2884113989,127.1073554120,-26.043510,-62.962712,1,8,2,NONE,,
COMMON_2,,169,37.2884095655,127.1073537453,-26.191122,-63.166806,1,8,2,NONE,,
COMMON_2,,170,37.2884077322,127.1073517453,-26.368252,-63.370889,1,8,2,NONE,,
COMMON_2,,171,37.2884060655,127.1073495787,-26.560137,-63.556426,1,8,2,NONE,,
COMMON_2,,172,37.2884050439,127.1073482215,-26.680337,-63.670150,1,8,2,NONE,,
COMMON_2,,173,37.2884035655,127.1073462453,-26.855360,-63.834726,1,8,2,NONE,,
COMMON_2,,174,37.2884018989,127.1073439120,-27.062009,-64.020252,1,8,2,NONE,,
COMMON_2,,175,37.2884002534,127.1073418633,-27.243452,-64.203429,1,8,2,NONE,,
COMMON_2,,176,37.2883987322,127.1073394120,-27.460551,-64.372769,1,8,2,NONE,,
COMMON_2,,177,37.2883973989,127.1073369120,-27.681964,-64.521192,1,8,2,NONE,,
COMMON_2,,178,37.2883960655,127.1073342453,-27.918141,-64.669626,1,8,2,NONE,,
COMMON_2,,179,37.2883949269,127.1073314208,-28.168293,-64.796375,1,8,2,NONE,,
COMMON_2,,180,37.2883935655,127.1073289120,-28.390485,-64.947926,1,8,2,NONE,,
COMMON_2,,181,37.2883924814,127.1073267048,-28.585966,-65.068608,1,8,2,NONE,,
COMMON_2,,182,37.2883913989,127.1073239120,-28.833310,-65.189112,1,8,2,NONE,,
COMMON_2,,183,37.2883905655,127.1073209120,-29.099006,-65.281886,1,8,2,NONE,,
COMMON_2,,184,37.2883895655,127.1073182453,-29.335182,-65.393206,1,8,2,NONE,,
COMMON_2,,185,37.2883888989,127.1073155787,-29.571350,-65.467412,1,8,2,NONE,,
COMMON_2,,186,37.2883882939,127.1073130621,-29.794233,-65.534760,1,8,2,NONE,,
COMMON_2,,187,37.2883877322,127.1073102453,-30.043703,-65.597289,1,8,2,NONE,,
COMMON_2,,188,37.2883873989,127.1073072453,-30.309398,-65.634392,1,8,2,NONE,,
COMMON_2,,189,37.2883870655,127.1073042453,-30.575093,-65.671506,1,8,2,NONE,,
COMMON_2,,190,37.2883867322,127.1073014120,-30.826025,-65.708609,1,8,2,NONE,,
COMMON_2,,191,37.2883863989,127.1072987453,-31.062201,-65.745712,1,8,2,NONE,,
COMMON_2,,192,37.2883862840,127.1072960930,-31.297102,-65.758503,1,8,2,NONE,,
COMMON_2,,193,37.2883863989,127.1072934120,-31.534545,-65.745712,1,8,2,NONE,,
COMMON_2,,194,37.2883863989,127.1072904120,-31.800241,-65.745712,1,8,2,NONE,,
COMMON_2,,195,37.2883865655,127.1072875787,-32.051172,-65.727166,1,8,2,NONE,,
COMMON_2,,196,37.2883865655,127.1072849120,-32.287349,-65.727166,1,8,2,NONE,,
COMMON_2,,197,37.2883865655,127.1072820787,-32.538280,-65.727166,1,8,2,NONE,,
COMMON_2,,198,37.2883867530,127.1072793765,-32.777601,-65.706293,1,8,2,NONE,,
COMMON_2,,199,37.2883872322,127.1072765787,-33.025388,-65.652949,1,8,2,NONE,,
COMMON_2,,200,37.2883875655,127.1072735787,-33.291083,-65.615846,1,8,2,NONE,,
COMMON_2,,201,37.2883878989,127.1072709120,-33.527260,-65.578732,1,8,2,NONE,,
COMMON_2,,202,37.2883880655,127.1072680787,-33.778191,-65.560186,1,8,2,NONE,,
COMMON_2,,203,37.2883883989,127.1072654120,-34.014368,-65.523072,1,8,2,NONE,,
COMMON_2,,204,37.2883888634,127.1072626180,-34.261819,-65.471364,1,8,2,NONE,,
COMMON_2,,205,37.2883893989,127.1072602453,-34.471957,-65.411752,1,8,2,NONE,,
COMMON_2,,206,37.2883898989,127.1072575787,-34.708125,-65.356092,1,8,2,NONE,,
COMMON_2,,207,37.2883905655,127.1072550787,-34.929537,-65.281886,1,8,2,NONE,,
COMMON_2,,208,37.2883910655,127.1072522453,-35.180478,-65.226226,1,8,2,NONE,,
COMMON_2,,209,37.2883915655,127.1072497453,-35.401890,-65.170566,1,8,2,NONE,,
COMMON_2,,210,37.2883922322,127.1072470787,-35.638058,-65.096349,1,8,2,NONE,,
COMMON_2,,211,37.2883930655,127.1072444120,-35.874234,-65.003586,1,8,2,NONE,,
COMMON_2,,212,37.2883937322,127.1072420787,-36.080883,-64.929369,1,8,2,NONE,,
COMMON_2,,213,37.2883944491,127.1072398638,-36.277046,-64.849564,1,8,2,NONE,,
COMMON_2,,214,37.2883952769,127.1072375835,-36.479001,-64.757413,1,8,2,NONE,,
COMMON_2,,215,37.2883958986,127.1072357437,-36.641943,-64.688205,1,8,2,NONE,,
COMMON_2,,216,37.2883965389,127.1072338212,-36.812210,-64.616927,1,8,2,NONE,,
COMMON_2,,217,37.2883970368,127.1072320328,-36.970599,-64.561501,1,8,2,NONE,,
COMMON_2,,218,37.2883975704,127.1072304680,-37.109186,-64.502100,1,8,2,NONE,,
COMMON_2,,219,37.2883984241,127.1072284114,-37.291329,-64.407067,1,8,2,NONE,,
COMMON_2,,220,37.2883990999,127.1072266677,-37.445760,-64.331837,1,8,2,NONE,,
COMMON_2,,221,37.2883996690,127.1072251476,-37.580388,-64.268484,1,8,2,NONE,,
COMMON_2,,222,37.2884002382,127.1072236275,-37.715015,-64.205121,1,8,2,NONE,,
COMMON_2,,223,37.2884007006,127.1072222415,-37.837767,-64.153647,1,8,2,NONE,,
COMMON_2,,224,37.2884010563,127.1072209449,-37.952600,-64.114050,1,8,2,NONE,,
COMMON_2,,225,37.2884013764,127.1072194695,-38.083269,-64.078417,1,8,2,NONE,,
COMMON_2,,226,37.2884016965,127.1072181282,-38.202061,-64.042783,1,8,2,NONE,,
COMMON_2,,227,37.2884024435,127.1072157139,-38.415884,-63.959627,1,8,2,NONE,,
COMMON_2,,228,37.2884031549,127.1072131655,-38.641583,-63.880434,1,8,2,NONE,,
COMMON_2,,229,37.2884039019,127.1072110195,-38.831644,-63.797278,1,8,2,NONE,,
COMMON_2,,230,37.2884046489,127.1072087840,-39.029631,-63.714122,1,8,2,NONE,,
COMMON_2,,231,37.2884052322,127.1072070787,-39.180661,-63.649189,1,8,2,NONE,,
COMMON_2,,232,37.2884057392,127.1072051724,-39.349493,-63.592750,1,8,2,NONE,,
COMMON_2,,233,37.2884062324,127.1072031135,-39.531840,-63.537847,1,8,2,NONE,,
COMMON_2,,234,37.2884066551,127.1072009661,-39.722024,-63.490792,1,8,2,NONE,,
COMMON_2,,235,37.2884070655,127.1071987453,-39.918710,-63.445106,1,8,2,NONE,,
COMMON_2,,236,37.2884075006,127.1071964719,-40.120053,-63.396671,1,8,2,NONE,,
COMMON_2,,237,37.2884080655,127.1071944120,-40.302489,-63.333786,1,8,2,NONE,,
COMMON_2,,238,37.2884087322,127.1071922453,-40.494383,-63.259569,1,8,2,NONE,,
COMMON_2,,239,37.2884092322,127.1071900787,-40.686268,-63.203909,1,8,2,NONE,,
COMMON_2,,240,37.2884097322,127.1071877453,-40.892926,-63.148249,1,8,2,NONE,,
COMMON_2,,241,37.2884102130,127.1071855354,-41.088646,-63.094726,1,8,2,NONE,,
COMMON_2,,242,37.2884107322,127.1071832453,-41.291468,-63.036929,1,8,2,NONE,,
COMMON_2,,243,37.2884113989,127.1071809120,-41.498117,-62.962712,1,8,2,NONE,,
COMMON_2,,244,37.2884122738,127.1071786724,-41.696468,-62.865318,1,8,2,NONE,,
COMMON_2,,245,37.2884128989,127.1071765787,-41.881896,-62.795732,1,8,2,NONE,,
COMMON_2,,246,37.2884133989,127.1071744120,-42.073790,-62.740072,1,8,2,NONE,,
COMMON_2,,247,37.2884140655,127.1071722453,-42.265684,-62.665866,1,8,2,NONE,,
COMMON_2,,248,37.2884147573,127.1071701711,-42.449386,-62.588855,1,8,2,NONE,,
COMMON_2,,249,37.2884157322,127.1071677453,-42.664227,-62.480329,1,8,2,NONE,,
COMMON_2,,250,37.2884165655,127.1071654120,-42.870876,-62.387566,1,8,2,NONE,,
COMMON_2,,251,37.2884173989,127.1071630787,-43.077525,-62.294792,1,8,2,NONE,,
COMMON_2,,252,37.2884180655,127.1071605787,-43.298938,-62.220586,1,8,2,NONE,,
COMMON_2,,253,37.2884188989,127.1071580787,-43.520350,-62.127812,1,8,2,NONE,,
COMMON_2,,254,37.2884195655,127.1071559120,-43.712244,-62.053606,1,8,2,NONE,,
COMMON_2,,255,37.2884205655,127.1071534120,-43.933657,-61.942286,1,8,2,NONE,,
COMMON_2,,256,37.2884213989,127.1071509120,-44.155070,-61.849512,1,8,2,NONE,,
COMMON_2,,257,37.2884222322,127.1071485787,-44.361719,-61.756749,1,8,2,NONE,,
COMMON_2,,258,37.2884228989,127.1071460787,-44.583131,-61.682532,1,8,2,NONE,,
COMMON_2,,259,37.2884237322,127.1071437453,-44.789789,-61.589769,1,8,2,NONE,,
COMMON_2,,260,37.2884247322,127.1071414120,-44.996438,-61.478449,1,8,2,NONE,,
COMMON_2,,261,37.2884255655,127.1071392453,-45.188332,-61.385686,1,8,2,NONE,,
COMMON_2,,262,37.2884265655,127.1071369120,-45.394981,-61.274366,1,8,2,NONE,,
COMMON_2,,263,37.2884276241,127.1071348091,-45.581225,-61.156523,1,8,2,NONE,,
COMMON_2,,264,37.2884286023,127.1071326151,-45.775536,-61.047629,1,8,2,NONE,,
COMMON_2,,265,37.2884297322,127.1071305787,-45.955890,-60.921849,1,8,2,NONE,,
COMMON_2,,266,37.2884308989,127.1071285787,-46.133020,-60.791972,1,8,2,NONE,,
COMMON_2,,267,37.2884321508,127.1071264914,-46.317882,-60.652610,1,8,2,NONE,,
COMMON_2,,268,37.2884332322,127.1071244120,-46.502045,-60.532229,1,8,2,NONE,,
COMMON_2,,269,37.2884342322,127.1071220787,-46.708694,-60.420909,1,8,2,NONE,,
COMMON_2,,270,37.2884352322,127.1071199120,-46.900587,-60.309589,1,8,2,NONE,,
COMMON_2,,271,37.2884363989,127.1071179120,-47.077718,-60.179712,1,8,2,NONE,,
COMMON_2,,272,37.2884377322,127.1071159120,-47.254848,-60.031289,1,8,2,NONE,,
COMMON_2,,273,37.2884390655,127.1071140787,-47.417214,-59.882866,1,8,2,NONE,,
COMMON_2,,274,37.2884405655,127.1071122453,-47.579589,-59.715886,1,8,2,NONE,,
COMMON_2,,275,37.2884420335,127.1071104788,-47.736040,-59.552468,1,8,2,NONE,,
COMMON_2,,276,37.2884435653,127.1071089064,-47.875299,-59.381948,1,8,2,NONE,,
COMMON_2,,277,37.2884452322,127.1071075787,-47.992887,-59.196389,1,8,2,NONE,,
COMMON_2,,278,37.2884470655,127.1071064120,-48.096216,-58.992306,1,8,2,NONE,,
COMMON_2,,279,37.2884487322,127.1071052453,-48.199545,-58.806769,1,8,2,NONE,,
COMMON_2,,280,37.2884507322,127.1071040787,-48.302865,-58.584129,1,8,2,NONE,,
COMMON_2,,281,37.2884526284,127.1071032908,-48.372645,-58.373044,1,8,2,NONE,,
COMMON_2,,282,37.2884543989,127.1071027453,-48.420958,-58.175952,1,8,2,NONE,,
COMMON_2,,283,37.2884565655,127.1071024120,-48.450476,-57.934766,1,8,2,NONE,,
COMMON_2,,284,37.2884583989,127.1071020787,-48.479995,-57.730672,1,8,2,NONE,,
COMMON_2,,285,37.2884602322,127.1071019120,-48.494759,-57.526589,1,8,2,NONE,,
COMMON_2,,286,37.2884622322,127.1071017453,-48.509523,-57.303949,1,8,2,NONE,,
COMMON_2,,287,37.2884640930,127.1071017886,-48.505688,-57.096805,1,8,2,NONE,,
COMMON_2,,288,37.2884662322,127.1071019120,-48.494759,-56.858669,1,8,2,NONE,,
COMMON_2,,289,37.2884682322,127.1071022453,-48.465240,-56.636029,1,8,2,NONE,,
COMMON_2,,290,37.2884702322,127.1071027453,-48.420958,-56.413389,1,8,2,NONE,,
COMMON_2,,291,37.2884720655,127.1071030787,-48.391430,-56.209306,1,8,2,NONE,,
COMMON_2,,292,37.2884742871,127.1071033262,-48.369510,-55.961997,1,8,2,NONE,,
COMMON_2,,293,37.2884762322,127.1071037453,-48.332393,-55.745469,1,8,2,NONE,,
COMMON_2,,294,37.2884780655,127.1071042453,-48.288110,-55.541386,1,8,2,NONE,,
COMMON_2,,295,37.2884800655,127.1071047453,-48.243828,-55.318746,1,8,2,NONE,,
COMMON_2,,296,37.2884818989,127.1071052453,-48.199545,-55.114652,1,8,2,NONE,,
COMMON_2,,297,37.2884838989,127.1071055787,-48.170017,-54.892012,1,8,2,NONE,,
COMMON_2,,298,37.2884858989,127.1071059120,-48.140499,-54.669372,1,8,2,NONE,,
COMMON_2,,299,37.2884877322,127.1071064120,-48.096216,-54.465289,1,8,2,NONE,,
COMMON_2,,300,37.2884895655,127.1071070787,-48.037170,-54.261206,1,8,2,NONE,,
COMMON_2,,301,37.2884913989,127.1071079120,-47.963369,-54.057112,1,8,2,NONE,,
COMMON_2,,302,37.2884932322,127.1071085787,-47.904322,-53.853029,1,8,2,NONE,,
COMMON_2,,303,37.2884948989,127.1071092453,-47.845285,-53.667492,1,8,2,NONE,,
COMMON_2,,304,37.2884967322,127.1071097453,-47.801002,-53.463409,1,8,2,NONE,,
COMMON_2,,305,37.2884987322,127.1071105787,-47.727192,-53.240769,1,8,2,NONE,,
COMMON_2,,306,37.2885005655,127.1071114120,-47.653391,-53.036686,1,8,2,NONE,,
COMMON_2,,307,37.2885025655,127.1071124120,-47.564826,-52.814046,1,8,2,NONE,,
COMMON_2,,308,37.2885042322,127.1071132453,-47.491024,-52.628509,1,8,2,NONE,,
COMMON_2,,309,37.2885062322,127.1071140787,-47.417214,-52.405869,1,8,2,NONE,,
COMMON_2,,310,37.2885081203,127.1071150677,-47.329623,-52.195686,1,8,2,NONE,,
COMMON_2,,311,37.2885102322,127.1071159120,-47.254848,-51.960589,1,8,2,NONE,,
COMMON_2,,312,37.2885123989,127.1071169120,-47.166283,-51.719392,1,8,2,NONE,,
COMMON_2,,313,37.2885145655,127.1071182453,-47.048199,-51.478206,1,8,2,NONE,,
COMMON_2,,314,37.2885165655,127.1071194120,-46.944870,-51.255566,1,8,2,NONE,,
COMMON_2,,315,37.2885187322,127.1071204120,-46.856305,-51.014369,1,8,2,NONE,,
COMMON_2,,316,37.2885208989,127.1071215787,-46.752976,-50.773172,1,8,2,NONE,,
COMMON_2,,317,37.2885228989,127.1071227453,-46.649656,-50.550532,1,8,2,NONE,,
COMMON_2,,318,37.2885250655,127.1071240787,-46.531563,-50.309346,1,8,2,NONE,,
COMMON_2,,319,37.2885272322,127.1071252453,-46.428243,-50.068149,1,8,2,NONE,,
COMMON_2,,320,37.2885292322,127.1071260787,-46.354433,-49.845509,1,8,2,NONE,,
COMMON_2,,321,37.2885321245,127.1071272199,-46.253363,-49.523538,1,8,2,NONE,,
COMMON_2,,322,37.2885334935,127.1071278394,-46.198497,-49.371141,1,8,2,NONE,,
COMMON_2,,323,37.2885353989,127.1071287453,-46.118266,-49.159032,1,8,2,NONE,,
COMMON_2,,324,37.2885373989,127.1071299120,-46.014937,-48.936392,1,8,2,NONE,,
COMMON_2,,325,37.2885393989,127.1071307453,-45.941135,-48.713752,1,8,2,NONE,,
COMMON_2,,326,37.2885413989,127.1071315787,-45.867325,-48.491112,1,8,2,NONE,,
COMMON_2,,327,37.2885432106,127.1071324693,-45.788449,-48.289433,1,8,2,NONE,,
COMMON_2,,328,37.2885450655,127.1071332453,-45.719723,-48.082946,1,8,2,NONE,,
COMMON_2,,329,37.2885468989,127.1071342453,-45.631158,-47.878852,1,8,2,NONE,,
COMMON_2,,330,37.2885487322,127.1071354120,-45.527829,-47.674769,1,8,2,NONE,,
COMMON_2,,331,37.2885503989,127.1071362453,-45.454027,-47.489232,1,8,2,NONE,,
COMMON_2,,332,37.2885521421,127.1071371497,-45.373929,-47.295179,1,8,2,NONE,,
COMMON_2,,333,37.2885538989,127.1071380787,-45.291652,-47.099612,1,8,2,NONE,,
COMMON_2,,334,37.2885555655,127.1071392453,-45.188332,-46.914086,1,8,2,NONE,,
COMMON_2,,335,37.2885572322,127.1071405787,-45.070239,-46.728549,1,8,2,NONE,,
COMMON_2,,336,37.2885587822,127.1071416336,-44.976812,-46.556003,1,8,2,NONE,,
COMMON_2,,337,37.2885605655,127.1071425787,-44.893109,-46.357486,1,8,2,NONE,,
COMMON_2,,338,37.2885625655,127.1071434120,-44.819308,-46.134846,1,8,2,NONE,,
COMMON_2,,339,37.2885643989,127.1071442453,-44.745507,-45.930752,1,8,2,NONE,,
COMMON_2,,340,37.2885662322,127.1071452453,-44.656942,-45.726669,1,8,2,NONE,,
COMMON_2,,341,37.2885680655,127.1071462453,-44.568377,-45.522586,1,8,2,NONE,,
COMMON_2,,342,37.2885697322,127.1071469120,-44.509330,-45.337049,1,8,2,NONE,,
COMMON_2,,343,37.2885715498,127.1071475742,-44.450682,-45.134714,1,8,2,NONE,,
COMMON_2,,344,37.2885731792,127.1071483372,-44.383107,-44.953329,1,8,2,NONE,,
COMMON_2,,345,37.2885746808,127.1071492206,-44.304869,-44.786171,1,8,2,NONE,,
COMMON_2,,346,37.2885764060,127.1071501442,-44.223070,-44.594121,1,8,2,NONE,,
COMMON_2,,347,37.2885776201,127.1071509072,-44.155495,-44.458968,1,8,2,NONE,,
COMMON_2,,348,37.2885792175,127.1071518710,-44.070136,-44.281145,1,8,2,NONE,,
COMMON_2,,349,37.2885805593,127.1071527946,-43.988337,-44.131776,1,8,2,NONE,,
COMMON_2,,350,37.2885821887,127.1071539190,-43.888755,-43.950391,1,8,2,NONE,,
COMMON_2,,351,37.2885831472,127.1071545615,-43.831852,-43.843691,1,8,2,NONE,,
COMMON_2,,352,37.2885847892,127.1071556624,-43.734349,-43.660906,1,8,2,NONE,,
COMMON_2,,353,37.2885858569,127.1071563603,-43.672543,-43.542049,1,8,2,NONE,,
COMMON_2,,354,37.2885874798,127.1071574339,-43.577458,-43.361386,1,8,2,NONE,,
COMMON_2,,355,37.2885888038,127.1071582391,-43.506143,-43.214003,1,8,2,NONE,,
COMMON_2,,356,37.2885904267,127.1071592054,-43.420566,-43.033341,1,8,2,NONE,,
COMMON_2,,357,37.2885917934,127.1071600643,-43.344498,-42.881203,1,8,2,NONE,,
COMMON_2,,358,37.2885930041,127.1071609061,-43.269941,-42.746424,1,8,2,NONE,,
COMMON_2,,359,37.2885940933,127.1071617462,-43.195537,-42.625174,1,8,2,NONE,,
COMMON_2,,360,37.2885958014,127.1071629908,-43.085309,-42.435028,1,8,2,NONE,,
COMMON_2,,361,37.2885976085,127.1071641732,-42.980590,-42.233862,1,8,2,NONE,,
COMMON_2,,362,37.2885991186,127.1071649511,-42.911695,-42.065757,1,8,2,NONE,,
COMMON_2,,363,37.2886006039,127.1071656978,-42.845563,-41.900414,1,8,2,NONE,,
COMMON_2,,364,37.2886019406,127.1071662890,-42.793204,-41.751612,1,8,2,NONE,,
COMMON_2,,365,37.2886034527,127.1071669355,-42.735949,-41.583284,1,8,2,NONE,,
COMMON_2,,366,37.2886047767,127.1071675260,-42.683652,-41.435901,1,8,2,NONE,,
COMMON_2,,367,37.2886060579,127.1071681165,-42.631355,-41.293272,1,8,2,NONE,,
COMMON_2,,368,37.2886077235,127.1071690291,-42.550532,-41.107855,1,8,2,NONE,,
COMMON_2,,369,37.2886092610,127.1071697269,-42.488727,-40.936701,1,8,2,NONE,,
COMMON_2,,370,37.2886106158,127.1071704783,-42.422179,-40.785887,1,8,2,NONE,,
COMMON_2,,371,37.2886123989,127.1071712453,-42.354249,-40.587392,1,8,2,NONE,,
COMMON_2,,372,37.2886138048,127.1071718521,-42.300508,-40.430887,1,8,2,NONE,,
COMMON_2,,373,37.2886155655,127.1071725787,-42.236157,-40.234886,1,8,2,NONE,,
COMMON_2,,374,37.2886172322,127.1071734120,-42.162355,-40.049349,1,8,2,NONE,,
COMMON_2,,375,37.2886187253,127.1071740725,-42.103858,-39.883137,1,8,2,NONE,,
COMMON_2,,376,37.2886203872,127.1071747876,-42.040525,-39.698134,1,8,2,NONE,,
COMMON_2,,377,37.2886221389,127.1071754651,-41.980522,-39.503135,1,8,2,NONE,,
COMMON_2,,378,37.2886239055,127.1071761802,-41.917190,-39.306477,1,8,2,NONE,,
COMMON_2,,379,37.2886255655,127.1071769120,-41.852378,-39.121686,1,8,2,NONE,,
COMMON_2,,380,37.2886273989,127.1071777453,-41.778576,-38.917592,1,8,2,NONE,,
COMMON_2,,381,37.2886288805,127.1071783123,-41.728360,-38.752660,1,8,2,NONE,,
COMMON_2,,382,37.2886305710,127.1071788754,-41.678489,-38.564474,1,8,2,NONE,,
COMMON_2,,383,37.2886325655,127.1071795787,-41.616201,-38.342446,1,8,2,NONE,,
COMMON_2,,384,37.2886340655,127.1071800787,-41.571919,-38.175466,1,8,2,NONE,,
COMMON_2,,385,37.2886355383,127.1071806546,-41.520914,-38.011514,1,8,2,NONE,,
COMMON_2,,386,37.2886372322,127.1071812453,-41.468599,-37.822949,1,8,2,NONE,,
COMMON_2,,387,37.2886395158,127.1071822903,-41.376048,-37.568739,1,8,2,NONE,,
COMMON_2,,388,37.2886408539,127.1071827742,-41.333191,-37.419781,1,8,2,NONE,,
COMMON_2,,389,37.2886421920,127.1071832580,-41.290344,-37.270824,1,8,2,NONE,,
COMMON_2,,390,37.2886434384,127.1071837418,-41.247496,-37.132075,1,8,2,NONE,,
COMMON_2,,391,37.2886447948,127.1071841335,-41.212805,-36.981080,1,8,2,NONE,,
COMMON_2,,392,37.2886460595,127.1071845482,-41.176077,-36.840294,1,8,2,NONE,,
COMMON_2,,393,37.2886479475,127.1071851242,-41.125063,-36.630122,1,8,2,NONE,,
COMMON_2,,394,37.2886500554,127.1071857923,-41.065893,-36.395470,1,8,2,NONE,,
COMMON_2,,395,37.2886515655,127.1071862453,-41.025773,-36.227366,1,8,2,NONE,,
COMMON_2,,396,37.2886532322,127.1071867453,-40.981491,-36.041829,1,8,2,NONE,,
COMMON_2,,397,37.2886550655,127.1071874120,-40.922444,-35.837746,1,8,2,STOP_LINE,,
COMMON_2,,398,37.2886570655,127.1071882453,-40.848643,-35.615106,1,8,2,NONE,,
COMMON_2,,399,37.2886590655,127.1071892453,-40.760078,-35.392466,1,8,2,NONE,,
COMMON_2,,400,37.2886610655,127.1071899120,-40.701032,-35.169826,1,8,2,NONE,,
COMMON_2,,401,37.2886633989,127.1071905787,-40.641985,-34.910072,1,8,2,NONE,,
COMMON_2,,402,37.2886653989,127.1071914120,-40.568184,-34.687432,1,8,2,NONE,,
COMMON_2,,403,37.2886673989,127.1071925787,-40.464855,-34.464792,1,8,2,NONE,,
COMMON_2,,404,37.2886697322,127.1071937453,-40.361535,-34.205049,1,8,2,NONE,,
COMMON_2,,405,37.2886717322,127.1071945787,-40.287725,-33.982409,1,8,2,NONE,,
COMMON_2,,406,37.2886740655,127.1071954120,-40.213924,-33.722666,1,8,2,NONE,,
COMMON_2,,407,37.2886763989,127.1071959120,-40.169641,-33.462912,1,8,2,NONE,,
COMMON_2,,408,37.2886785655,127.1071967453,-40.095840,-33.221726,1,8,2,NONE,,
COMMON_2,,409,37.2886798989,127.1071972453,-40.051557,-33.073292,1,8,2,NONE,,
COMMON_2,,410,37.2886823989,127.1071979120,-39.992511,-32.794992,1,8,2,NONE,,
COMMON_2,,411,37.2886845655,127.1071985787,-39.933465,-32.553806,1,8,2,NONE,,
COMMON_2,,412,37.2886868989,127.1071989120,-39.903946,-32.294052,1,8,2,NONE,,
COMMON_2,,413,37.2886892322,127.1071990787,-39.889182,-32.034309,1,8,2,NONE,,
COMMON_2,,414,37.2886913989,127.1071995787,-39.844899,-31.793112,1,8,2,NONE,,
COMMON_2,,415,37.2886938989,127.1072000787,-39.800617,-31.514812,1,8,2,NONE,,
COMMON_2,,416,37.2886963989,127.1072002453,-39.785862,-31.236512,1,8,2,NONE,,
COMMON_2,,417,37.2886987322,127.1072002453,-39.785862,-30.976769,1,8,2,NONE,,
COMMON_2,,418,37.2887012322,127.1072000787,-39.800617,-30.698469,1,8,2,NONE,,
COMMON_2,,419,37.2887033989,127.1072000787,-39.800617,-30.457272,1,8,2,NONE,,
COMMON_2,,420,37.2887058989,127.1072002453,-39.785862,-30.178972,1,8,2,NONE,,
COMMON_2,,421,37.2887082322,127.1072000787,-39.800617,-29.919229,1,8,2,NONE,,
COMMON_2,,422,37.2887105655,127.1071999120,-39.815381,-29.659486,1,8,2,NONE,,
COMMON_2,,423,37.2887130655,127.1071995787,-39.844899,-29.381186,1,8,2,NONE,,
COMMON_2,,424,37.2887152322,127.1071990787,-39.889182,-29.139989,1,8,2,NONE,,
COMMON_2,,425,37.2887175655,127.1071987453,-39.918710,-28.880246,1,8,2,NONE,,
COMMON_2,,426,37.2887198989,127.1071984120,-39.948228,-28.620492,1,8,2,NONE,,
COMMON_2,,427,37.2887222322,127.1071979120,-39.992511,-28.360749,1,8,2,NONE,,
COMMON_2,,428,37.2887243989,127.1071970787,-40.066312,-28.119552,1,8,2,NONE,,
COMMON_2,,429,37.2887267322,127.1071962453,-40.140122,-27.859809,1,8,2,NONE,,
COMMON_2,,430,37.2887287322,127.1071952453,-40.228687,-27.637169,1,8,2,NONE,,
COMMON_2,,431,37.2887308989,127.1071942453,-40.317252,-27.395972,1,8,2,NONE,,
COMMON_2,,432,37.2887329791,127.1071929932,-40.428145,-27.164404,1,8,2,NONE,,
COMMON_2,,433,37.2887350655,127.1071914120,-40.568184,-26.932146,1,8,2,NONE,,
COMMON_2,,434,37.2887370655,127.1071899120,-40.701032,-26.709506,1,8,2,NONE,,
COMMON_2,,435,37.2887388989,127.1071880787,-40.863398,-26.505412,1,8,2,NONE,,
COMMON_2,,436,37.2887407322,127.1071865787,-40.996246,-26.301329,1,8,2,NONE,,
COMMON_2,,437,37.2887426714,127.1071847066,-41.162048,-26.085457,1,8,2,NONE,,
COMMON_2,,438,37.2887442533,127.1071827182,-41.338151,-25.909360,1,8,2,NONE,,
COMMON_2,,439,37.2887457322,127.1071805787,-41.527636,-25.744729,1,8,2,NONE,,
COMMON_2,,440,37.2887472322,127.1071782453,-41.734294,-25.577749,1,8,2,NONE,,
COMMON_2,,441,37.2887485655,127.1071762453,-41.911424,-25.429326,1,8,2,NONE,,
COMMON_2,,442,37.2887500655,127.1071740787,-42.103309,-25.262346,1,8,2,NONE,,
COMMON_2,,443,37.2887512322,127.1071719120,-42.295203,-25.132469,1,8,2,NONE,,
COMMON_2,,444,37.2887522322,127.1071697453,-42.487097,-25.021149,1,8,2,NONE,,
COMMON_2,,445,37.2887532322,127.1071672453,-42.708510,-24.909829,1,8,2,NONE,,
COMMON_2,,446,37.2887542322,127.1071650787,-42.900395,-24.798509,1,8,2,NONE,,
COMMON_2,,447,37.2887552322,127.1071629120,-43.092289,-24.687189,1,8,2,NONE,,
COMMON_2,,448,37.2887562322,127.1071605787,-43.298938,-24.575869,1,8,2,NONE,,
COMMON_2,,449,37.2887570655,127.1071582453,-43.505596,-24.483106,1,8,2,NONE,,
COMMON_2,,450,37.2887578989,127.1071559120,-43.712244,-24.390332,1,8,2,NONE,,
COMMON_2,,451,37.2887585755,127.1071534327,-43.931824,-24.315013,1,8,2,NONE,,
COMMON_2,,452,37.2887593989,127.1071510787,-44.140306,-24.223352,1,8,2,NONE,,
COMMON_2,,453,37.2887603989,127.1071487453,-44.346964,-24.112032,1,8,2,NONE,,
COMMON_2,,454,37.2887613989,127.1071462453,-44.568377,-24.000712,1,8,2,NONE,,
COMMON_2,,455,37.2887620655,127.1071440787,-44.760262,-23.926506,1,8,2,NONE,,
COMMON_2,,456,37.2887625655,127.1071417453,-44.966919,-23.870846,1,8,2,NONE,,
COMMON_2,,457,37.2887631902,127.1071392865,-45.184683,-23.801304,1,8,2,NONE,,
COMMON_2,,458,37.2887638311,127.1071371597,-45.373043,-23.729959,1,8,2,NONE,,
COMMON_2,,459,37.2887645655,127.1071347453,-45.586875,-23.648206,1,8,2,NONE,,
COMMON_2,,460,37.2887653180,127.1071324228,-45.792567,-23.564438,1,8,2,NONE,,
COMMON_2,,461,37.2887658989,127.1071299120,-46.014937,-23.499772,1,8,2,NONE,,
COMMON_2,,462,37.2887663989,127.1071274120,-46.236349,-23.444112,1,8,2,NONE,,
COMMON_2,,463,37.2887668989,127.1071249120,-46.457762,-23.388452,1,8,2,NONE,,
COMMON_2,,464,37.2887675655,127.1071225787,-46.664411,-23.314246,1,8,2,NONE,,
COMMON_2,,465,37.2887682919,127.1071199522,-46.897027,-23.233383,1,8,2,NONE,,
COMMON_2,,466,37.2887688989,127.1071177453,-47.092481,-23.165812,1,8,2,NONE,,
COMMON_2,,467,37.2887693989,127.1071154120,-47.299130,-23.110152,1,8,2,NONE,,
COMMON_2,,468,37.2887698989,127.1071129120,-47.520543,-23.054492,1,8,2,NONE,,
COMMON_2,,469,37.2887705655,127.1071105787,-47.727192,-22.980286,1,8,2,NONE,,
COMMON_2,,470,37.2887712322,127.1071084120,-47.919086,-22.906069,1,8,2,NONE,,
COMMON_2,,471,37.2887720605,127.1071059993,-48.132767,-22.813863,1,8,2,NONE,,
COMMON_2,,472,37.2887728553,127.1071034536,-48.358227,-22.725385,1,8,2,NONE,,
COMMON_2,,473,37.2887733989,127.1071012453,-48.553805,-22.664872,1,8,2,NONE,,
COMMON_2,,474,37.2887741371,127.1070987167,-48.777751,-22.582695,1,8,2,NONE,,
COMMON_2,,475,37.2887747322,127.1070965787,-48.967103,-22.516449,1,8,2,NONE,,
COMMON_2,,476,37.2887755655,127.1070940787,-49.188516,-22.423686,1,8,2,NONE,,
COMMON_2,,477,37.2887763419,127.1070917242,-49.397042,-22.337257,1,8,2,NONE,,
COMMON_2,,478,37.2887768989,127.1070894120,-49.601823,-22.275252,1,8,2,NONE,,
COMMON_2,,479,37.2887774699,127.1070867940,-49.833686,-22.211688,1,8,2,NONE,,
COMMON_2,,480,37.2887780655,127.1070845787,-50.029884,-22.145386,1,8,2,NONE,,
COMMON_2,,481,37.2887787322,127.1070824120,-50.221778,-22.071169,1,8,2,NONE,,
COMMON_2,,482,37.2887796696,127.1070799753,-50.437585,-21.966818,1,8,2,NONE,,
COMMON_2,,483,37.2887803989,127.1070779120,-50.620321,-21.885632,1,8,2,NONE,,
COMMON_2,,484,37.2887810655,127.1070755787,-50.826970,-21.811426,1,8,2,NONE,,
COMMON_2,,485,37.2887816964,127.1070730400,-51.051810,-21.741194,1,8,2,NONE,,
COMMON_2,,486,37.2887824847,127.1070703980,-51.285799,-21.653441,1,8,2,NONE,,
COMMON_2,,487,37.2887832322,127.1070682453,-51.476453,-21.570229,1,8,2,NONE,,
COMMON_2,,488,37.2887840655,127.1070659120,-51.683102,-21.477466,1,8,2,NONE,,
COMMON_2,,489,37.2887846617,127.1070635099,-51.895844,-21.411097,1,8,2,NONE,,
COMMON_2,,490,37.2887853989,127.1070610787,-52.111164,-21.329032,1,8,2,NONE,,
COMMON_2,,491,37.2887860655,127.1070587453,-52.317821,-21.254826,1,8,2,NONE,,
COMMON_2,,492,37.2887867322,127.1070564120,-52.524470,-21.180609,1,8,2,NONE,,
COMMON_2,,493,37.2887875655,127.1070539120,-52.745883,-21.087846,1,8,2,NONE,,
COMMON_2,,494,37.2887880774,127.1070519511,-52.919550,-21.030861,1,8,2,NONE,,
COMMON_2,,495,37.2887887322,127.1070492453,-53.159190,-20.957969,1,8,2,NONE,,
COMMON_2,,496,37.2887893989,127.1070465787,-53.395357,-20.883752,1,8,2,NONE,,
COMMON_2,,497,37.2887898989,127.1070442453,-53.602015,-20.828092,1,8,2,NONE,,
COMMON_2,,498,37.2887905922,127.1070419964,-53.801189,-20.750914,1,8,2,NONE,,
COMMON_2,,499,37.2887914555,127.1070397318,-54.001754,-20.654811,1,8,2,NONE,,
COMMON_2,,500,37.2887922322,127.1070372453,-54.221971,-20.568349,1,8,2,NONE,,
COMMON_2,,501,37.2887928443,127.1070346365,-54.453019,-20.500210,1,8,2,NONE,,
COMMON_2,,502,37.2887935655,127.1070322453,-54.664796,-20.419926,1,8,2,NONE,,
COMMON_2,,503,37.2887942322,127.1070299120,-54.871445,-20.345709,1,8,2,NONE,,
COMMON_2,,504,37.2887950655,127.1070275787,-55.078094,-20.252946,1,8,2,NONE,,
COMMON_2,,505,37.2887960655,127.1070252453,-55.284752,-20.141626,1,8,2,NONE,,
COMMON_2,,506,37.2887968989,127.1070227453,-55.506164,-20.048852,1,8,2,NONE,,
COMMON_2,,507,37.2887975655,127.1070200787,-55.742332,-19.974646,1,8,2,NONE,,
COMMON_2,,508,37.2887982322,127.1070174120,-55.978509,-19.900429,1,8,2,NONE,,
COMMON_2,,509,37.2887990655,127.1070150787,-56.185158,-19.807666,1,8,2,NONE,,
COMMON_2,,510,37.2888000655,127.1070125787,-56.406570,-19.696346,1,8,2,NONE,,
COMMON_2,,511,37.2888008989,127.1070100787,-56.627983,-19.603572,1,8,2,NONE,,
COMMON_2,,512,37.2888015655,127.1070074120,-56.864159,-19.529366,1,8,2,NONE,,
COMMON_2,,513,37.2888022322,127.1070045787,-57.115091,-19.455149,1,8,2,NONE,,
COMMON_2,,514,37.2888030655,127.1070020787,-57.336504,-19.362386,1,8,2,NONE,,
COMMON_2,,515,37.2888038989,127.1069995787,-57.557916,-19.269612,1,8,2,NONE,,
COMMON_2,,516,37.2888048989,127.1069969120,-57.794093,-19.158292,1,8,2,NONE,,
COMMON_2,,517,37.2888055655,127.1069945787,-58.000742,-19.084086,1,8,2,NONE,,
COMMON_2,,518,37.2888062322,127.1069919120,-58.236918,-19.009869,1,8,2,NONE,,
COMMON_2,,519,37.2888068989,127.1069892453,-58.473095,-18.935652,1,8,2,NONE,,
COMMON_2,,520,37.2888077322,127.1069867453,-58.694508,-18.842889,1,8,2,NONE,,
COMMON_2,,521,37.2888085655,127.1069842453,-58.915920,-18.750126,1,8,2,NONE,,
COMMON_2,,522,37.2888095655,127.1069815787,-59.152088,-18.638806,1,8,2,NONE,,
COMMON_2,,523,37.2888102322,127.1069789120,-59.388264,-18.564589,1,8,2,NONE,,
COMMON_2,,524,37.2888108989,127.1069760787,-59.639196,-18.490372,1,8,2,NONE,,
COMMON_2,,525,37.2888117322,127.1069734120,-59.875372,-18.397609,1,8,2,NONE,,
COMMON_2,,526,37.2888125655,127.1069709120,-60.096785,-18.304846,1,8,2,NONE,,
COMMON_2,,527,37.2888135655,127.1069680787,-60.347717,-18.193526,1,8,2,NONE,,
COMMON_2,,528,37.2888143989,127.1069654120,-60.583893,-18.100752,1,8,2,NONE,,
COMMON_2,,529,37.2888152322,127.1069627453,-60.820070,-18.007989,1,8,2,NONE,,
COMMON_2,,530,37.2888160655,127.1069600787,-61.056237,-17.915226,1,8,2,NONE,,
COMMON_2,,531,37.2888170655,127.1069575787,-61.277650,-17.803906,1,8,2,NONE,,
COMMON_2,,532,37.2888182322,127.1069550787,-61.499063,-17.674029,1,8,2,NONE,,
COMMON_2,,533,37.2888192322,127.1069525787,-61.720475,-17.562709,1,8,2,NONE,,
COMMON_2,,534,37.2888202322,127.1069500787,-61.941888,-17.451389,1,8,2,NONE,,
COMMON_2,,535,37.2888212322,127.1069474120,-62.178065,-17.340069,1,8,2,NONE,,
COMMON_2,,536,37.2888222322,127.1069447453,-62.414241,-17.228749,1,8,2,NONE,,
COMMON_2,,537,37.2888233989,127.1069420787,-62.650409,-17.098872,1,8,2,NONE,,
COMMON_2,,538,37.2888247322,127.1069392453,-62.901349,-16.950449,1,8,2,NONE,,
COMMON_2,,539,37.2888255655,127.1069367453,-63.122762,-16.857686,1,8,2,NONE,,
COMMON_2,,540,37.2888263989,127.1069339120,-63.373693,-16.764912,1,8,2,NONE,,
COMMON_2,,541,37.2888270655,127.1069310787,-63.624625,-16.690706,1,8,2,NONE,,
COMMON_2,,542,37.2888278989,127.1069287453,-63.831282,-16.597932,1,8,2,NONE,,
COMMON_2,,543,37.2888288989,127.1069260787,-64.067450,-16.486612,1,8,2,NONE,,
COMMON_2,,544,37.2888298989,127.1069232453,-64.318390,-16.375292,1,8,2,NONE,,
COMMON_2,,545,37.2888308989,127.1069205787,-64.554558,-16.263972,1,8,2,NONE,,
COMMON_2,,546,37.2888315655,127.1069179120,-64.790735,-16.189766,1,8,2,NONE,,
COMMON_2,,547,37.2888323989,127.1069152453,-65.026911,-16.096992,1,8,2,NONE,,
COMMON_2,,548,37.2888333989,127.1069127453,-65.248324,-15.985672,1,8,2,NONE,,
COMMON_2,,549,37.2888343989,127.1069099121,-65.499246,-15.874352,1,8,2,NONE,,
COMMON_2,,550,37.2888352322,127.1069072453,-65.735432,-15.781589,1,8,2,NONE,,
COMMON_2,,551,37.2888358989,127.1069044121,-65.986354,-15.707372,1,8,2,NONE,,
COMMON_2,,552,37.2888367322,127.1069017453,-66.222540,-15.614609,1,8,2,NONE,,
COMMON_2,,553,37.2888377322,127.1068992453,-66.443952,-15.503289,1,8,2,NONE,,
COMMON_2,,554,37.2888387322,127.1068965788,-66.680111,-15.391969,1,8,2,NONE,,
COMMON_2,,555,37.2888398989,127.1068937453,-66.931060,-15.262092,1,8,2,NONE,,
COMMON_2,,556,37.2888408989,127.1068912454,-67.152464,-15.150772,1,8,2,NONE,,
COMMON_2,,557,37.2888417322,127.1068884120,-67.403405,-15.058009,1,8,2,NONE,,
COMMON_2,,558,37.2888427322,127.1068857454,-67.639572,-14.946689,1,8,2,NONE,,
COMMON_2,,559,37.2888438989,127.1068830788,-67.875740,-14.816812,1,8,2,NONE,,
COMMON_2,,560,37.2888449249,127.1068803893,-68.113936,-14.702598,1,8,2,NONE,,
COMMON_2,,561,37.2888459398,127.1068776255,-68.358712,-14.589619,1,8,2,NONE,,
COMMON_2,,562,37.2888467322,127.1068750787,-68.584269,-14.501409,1,8,2,NONE,,
COMMON_2,,563,37.2888475655,127.1068725788,-68.805673,-14.408646,1,8,2,NONE,,
COMMON_2,,564,37.2888485655,127.1068699121,-69.041850,-14.297326,1,8,2,NONE,,
COMMON_2,,565,37.2888495655,127.1068672454,-69.278026,-14.186006,1,8,2,NONE,,
COMMON_2,,566,37.2888503989,127.1068645788,-69.514194,-14.093232,1,8,2,NONE,,
COMMON_2,,567,37.2888510655,127.1068619121,-69.750370,-14.019026,1,8,2,NONE,,
COMMON_2,,568,37.2888517322,127.1068592454,-69.986547,-13.944809,1,8,2,NONE,,
COMMON_2,,569,37.2888525655,127.1068567454,-70.207960,-13.852046,1,8,2,NONE,,
COMMON_2,,570,37.2888533989,127.1068540788,-70.444127,-13.759272,1,8,2,NONE,,
COMMON_2,,571,37.2888543989,127.1068514121,-70.680304,-13.647952,1,8,2,NONE,,
COMMON_2,,572,37.2888552322,127.1068489121,-70.901717,-13.555189,1,8,2,NONE,,
COMMON_2,,573,37.2888558989,127.1068462454,-71.137893,-13.480972,1,8,2,NONE,,
COMMON_2,,574,37.2888567322,127.1068435788,-71.374061,-13.388209,1,8,2,NONE,,
COMMON_2,,575,37.2888575655,127.1068409121,-71.610237,-13.295446,1,8,2,NONE,,
COMMON_2,,576,37.2888585655,127.1068382454,-71.846414,-13.184126,1,8,2,NONE,,
COMMON_2,,577,37.2888593989,127.1068355788,-72.082581,-13.091352,1,8,2,NONE,,
COMMON_2,,578,37.2888602322,127.1068330788,-72.303994,-12.998589,1,8,2,NONE,,
COMMON_2,,579,37.2888608989,127.1068304121,-72.540171,-12.924372,1,8,2,NONE,,
COMMON_2,,580,37.2888615655,127.1068279121,-72.761583,-12.850166,1,8,2,NONE,,
COMMON_2,,581,37.2888625655,127.1068252454,-72.997760,-12.738846,1,8,2,NONE,,
COMMON_2,,582,37.2888635655,127.1068227454,-73.219173,-12.627526,1,8,2,NONE,,
COMMON_2,,583,37.2888643989,127.1068200788,-73.455340,-12.534752,1,8,2,NONE,,
COMMON_2,,584,37.2888650655,127.1068174121,-73.691517,-12.460546,1,8,2,NONE,,
COMMON_2,,585,37.2888657322,127.1068147454,-73.927693,-12.386329,1,8,2,NONE,,
COMMON_2,,586,37.2888665655,127.1068120788,-74.163861,-12.293566,1,8,2,NONE,,
COMMON_2,,587,37.2888675655,127.1068094121,-74.400037,-12.182246,1,8,2,NONE,,
COMMON_2,,588,37.2888682322,127.1068069121,-74.621450,-12.108029,1,8,2,NONE,,
COMMON_2,,589,37.2888688989,127.1068042454,-74.857627,-12.033812,1,8,2,NONE,,
COMMON_2,,590,37.2888695655,127.1068017454,-75.079039,-11.959606,1,8,2,NONE,,
COMMON_2,,591,37.2888702322,127.1067990788,-75.315207,-11.885389,1,8,2,NONE,,
COMMON_2,,592,37.2888710655,127.1067964121,-75.551383,-11.792626,1,8,2,NONE,,
COMMON_2,,593,37.2888718989,127.1067937454,-75.787560,-11.699852,1,8,2,NONE,,
COMMON_2,,594,37.2888724295,127.1067910593,-76.025455,-11.640785,1,8,2,NONE,,
COMMON_2,,595,37.2888728989,127.1067884121,-76.259904,-11.588532,1,8,2,NONE,,
COMMON_2,,596,37.2888735655,127.1067857454,-76.496081,-11.514326,1,8,2,NONE,,
COMMON_2,,597,37.2888743989,127.1067830788,-76.732248,-11.421552,1,8,2,NONE,,
COMMON_2,,598,37.2888750778,127.1067803932,-76.970099,-11.345977,1,8,2,NONE,,
COMMON_2,,599,37.2888757322,127.1067779121,-77.189838,-11.273129,1,8,2,NONE,,
COMMON_2,,600,37.2888763989,127.1067750788,-77.440769,-11.198912,1,8,2,NONE,,
COMMON_2,,601,37.2888768989,127.1067724121,-77.676945,-11.143252,1,8,2,NONE,,
COMMON_2,,602,37.2888775655,127.1067697454,-77.913122,-11.069046,1,8,2,NONE,,
COMMON_2,,603,37.2888783989,127.1067669121,-78.164053,-10.976272,1,8,2,NONE,,
COMMON_2,,604,37.2888788989,127.1067640788,-78.414985,-10.920612,1,8,2,NONE,,
COMMON_2,,605,37.2888792068,127.1067611371,-78.675517,-10.886336,1,8,2,NONE,,
COMMON_2,,606,37.2888795655,127.1067585788,-78.902093,-10.846406,1,8,2,NONE,,
COMMON_2,,607,37.2888797322,127.1067559121,-79.138269,-10.827849,1,8,2,NONE,,
COMMON_2,,608,37.2888800655,127.1067530788,-79.389201,-10.790746,1,8,2,NONE,,
COMMON_2,,609,37.2888802322,127.1067502454,-79.640141,-10.772189,1,8,2,NONE,,
COMMON_2,,610,37.2888802322,127.1067475788,-79.876309,-10.772189,1,8,2,NONE,,
COMMON_2,,611,37.2888800655,127.1067447454,-80.127249,-10.790746,1,8,2,NONE,,
COMMON_2,,612,37.2888797322,127.1067420788,-80.363417,-10.827849,1,8,2,NONE,,
COMMON_2,,613,37.2888795655,127.1067395788,-80.584829,-10.846406,1,8,2,NONE,,
COMMON_2,,614,37.2888792068,127.1067365479,-80.853261,-10.886336,1,8,2,NONE,,
COMMON_2,,615,37.2888788989,127.1067339121,-81.086701,-10.920612,1,8,2,NONE,,
COMMON_2,,616,37.2888783525,127.1067310717,-81.338261,-10.981437,1,8,2,NONE,,
COMMON_2,,617,37.2888775655,127.1067284121,-81.573809,-11.069046,1,8,2,NONE,,
COMMON_2,,618,37.2888768989,127.1067259121,-81.795222,-11.143252,1,8,2,NONE,,
COMMON_2,,619,37.2888762322,127.1067232454,-82.031398,-11.217469,1,8,2,NONE,,
COMMON_2,,620,37.2888755655,127.1067205788,-82.267566,-11.291686,1,8,2,NONE,,
COMMON_2,,621,37.2888747322,127.1067180788,-82.488979,-11.384449,1,8,2,NONE,,
COMMON_2,,622,37.2888737322,127.1067154121,-82.725155,-11.495769,1,8,2,NONE,,
COMMON_2,,623,37.2888727322,127.1067130788,-82.931804,-11.607089,1,8,2,NONE,,
COMMON_2,,624,37.2888717322,127.1067105788,-83.153217,-11.718409,1,8,2,NONE,,
COMMON_2,,625,37.2888707322,127.1067080788,-83.374630,-11.829729,1,8,2,NONE,,
COMMON_2,,626,37.2888693989,127.1067055788,-83.596042,-11.978152,1,8,2,NONE,,
COMMON_2,,627,37.2888680655,127.1067034121,-83.787936,-12.126586,1,8,2,NONE,,
COMMON_2,,628,37.2888667322,127.1067012454,-83.979830,-12.275009,1,8,2,NONE,,
COMMON_2,,629,37.2888653989,127.1066992454,-84.156960,-12.423432,1,8,2,NONE,,
COMMON_2,,630,37.2888640655,127.1066972454,-84.334091,-12.571866,1,8,2,NONE,,
COMMON_2,,631,37.2888627322,127.1066950788,-84.525976,-12.720289,1,8,2,NONE,,
COMMON_2,,632,37.2888613989,127.1066930788,-84.703106,-12.868712,1,8,2,NONE,,
COMMON_2,,633,37.2888598989,127.1066912454,-84.865481,-13.035692,1,8,2,NONE,,
COMMON_2,,634,37.2888583989,127.1066894121,-85.027847,-13.202672,1,8,2,NONE,,
COMMON_2,,635,37.2888570655,127.1066875788,-85.190214,-13.351106,1,8,2,NONE,,
COMMON_2,,636,37.2888555655,127.1066855788,-85.367344,-13.518086,1,8,2,NONE,,
COMMON_2,,637,37.2888540655,127.1066839121,-85.514955,-13.685066,1,8,2,NONE,,
COMMON_2,,638,37.2888523989,127.1066820788,-85.677322,-13.870592,1,8,2,NONE,,
COMMON_2,,639,37.2888508005,127.1066805809,-85.809983,-14.048526,1,8,2,NONE,,
COMMON_2,,640,37.2888492322,127.1066787454,-85.972545,-14.223109,1,8,2,NONE,,
COMMON_2,,641,37.2888478989,127.1066769121,-86.134911,-14.371532,1,8,2,NONE,,
COMMON_2,,642,37.2888462322,127.1066750788,-86.297277,-14.557069,1,8,2,NONE,,
COMMON_2,,643,37.2888447322,127.1066734121,-86.444889,-14.724049,1,8,2,NONE,,
COMMON_2,,644,37.2888432322,127.1066719121,-86.577736,-14.891029,1,8,2,NONE,,
COMMON_2,,645,37.2888413989,127.1066702454,-86.725348,-15.095112,1,8,2,NONE,,
COMMON_2,,646,37.2888397322,127.1066687454,-86.858196,-15.280649,1,8,2,NONE,,
COMMON_2,,647,37.2888380655,127.1066669121,-87.020562,-15.466186,1,8,2,NONE,,
COMMON_2,,648,37.2888365655,127.1066652454,-87.168173,-15.633166,1,8,2,NONE,,
COMMON_2,,649,37.2888348989,127.1066637454,-87.301021,-15.818692,1,8,2,NONE,,
COMMON_2,,650,37.2888330655,127.1066622454,-87.433869,-16.022786,1,8,2,NONE,,
COMMON_2,,651,37.2888312322,127.1066609121,-87.551952,-16.226869,1,8,2,NONE,,
COMMON_2,,652,37.2888295655,127.1066594121,-87.684800,-16.412406,1,8,2,NONE,,
COMMON_2,,653,37.2888277322,127.1066577454,-87.832411,-16.616489,1,8,2,NONE,,
COMMON_2,,654,37.2888258989,127.1066562454,-87.965259,-16.820572,1,8,2,NONE,,
COMMON_2,,655,37.2888242322,127.1066549121,-88.083343,-17.006109,1,8,2,NONE,,
COMMON_2,,656,37.2888223989,127.1066535788,-88.201427,-17.210192,1,8,2,NONE,,
COMMON_2,,657,37.2888205655,127.1066522454,-88.319519,-17.414286,1,8,2,NONE,,
COMMON_2,,658,37.2888188989,127.1066507454,-88.452367,-17.599812,1,8,2,NONE,,
COMMON_2,,659,37.2888172322,127.1066492454,-88.585215,-17.785349,1,8,2,NONE,,
COMMON_2,,660,37.2888155655,127.1066477454,-88.718062,-17.970886,1,8,2,NONE,,
COMMON_2,,661,37.2888138989,127.1066464121,-88.836146,-18.156412,1,8,2,NONE,,
COMMON_2,,662,37.2888110655,127.1066447454,-88.983758,-18.471826,1,8,2,NONE,,
COMMON_2,,663,37.2888093989,127.1066434121,-89.101841,-18.657352,1,8,2,NONE,,
COMMON_2,,664,37.2888073989,127.1066420788,-89.219925,-18.879992,1,8,2,NONE,,
COMMON_2,,665,37.2888057322,127.1066409121,-89.323254,-19.065529,1,8,2,NONE,,
COMMON_2,,666,37.2888038786,127.1066398176,-89.420189,-19.271872,1,8,2,NONE,,
COMMON_2,,667,37.2888018989,127.1066389121,-89.500384,-19.492252,1,8,2,NONE,,
COMMON_2,,668,37.2888002322,127.1066379121,-89.588949,-19.677789,1,8,2,NONE,,
COMMON_2,,669,37.2887982322,127.1066367454,-89.692278,-19.900429,1,8,2,NONE,,
COMMON_2,,670,37.2887963989,127.1066355788,-89.795598,-20.104512,1,8,2,NONE,,
COMMON_2,,671,37.2887945655,127.1066345788,-89.884163,-20.308606,1,8,2,NONE,,
COMMON_2,,672,37.2887925655,127.1066335788,-89.972728,-20.531246,1,8,2,NONE,,
COMMON_2,,673,37.2887903989,127.1066327454,-90.046539,-20.772432,1,8,2,NONE,,
COMMON_2,,674,37.2887884067,127.1066317445,-90.135183,-20.994204,1,8,2,NONE,,
COMMON_2,,675,37.2887863989,127.1066305788,-90.238424,-21.217712,1,8,2,NONE,,
COMMON_2,,676,37.2887843989,127.1066294121,-90.341753,-21.440352,1,8,2,NONE,,
COMMON_2,,677,37.2887825655,127.1066282454,-90.445081,-21.644446,1,8,2,NONE,,
COMMON_2,,678,37.2887803989,127.1066270788,-90.548401,-21.885632,1,8,2,NONE,,
COMMON_2,,679,37.2887783989,127.1066260788,-90.636967,-22.108272,1,8,2,NONE,,
COMMON_2,,680,37.2887763989,127.1066247454,-90.755059,-22.330912,1,8,2,NONE,,
COMMON_2,,681,37.2887743989,127.1066235788,-90.858379,-22.553552,1,8,2,NONE,,
COMMON_2,,682,37.2887723989,127.1066225788,-90.946944,-22.776192,1,8,2,NONE,,
COMMON_2,,683,37.2887703720,127.1066218818,-91.008674,-23.001826,1,8,2,NONE,,
COMMON_2,,684,37.2887682322,127.1066209121,-91.094556,-23.240029,1,8,2,NONE,,
COMMON_2,,685,37.2887663989,127.1066202454,-91.153602,-23.444112,1,8,2,NONE,,
COMMON_2,,686,37.2887643989,127.1066192454,-91.242167,-23.666752,1,8,2,NONE,,
COMMON_2,,687,37.2887625655,127.1066184121,-91.315968,-23.870846,1,8,2,NONE,,
COMMON_2,,688,37.2887605655,127.1066175788,-91.389770,-24.093486,1,8,2,NONE,,
COMMON_2,,689,37.2887587322,127.1066169121,-91.448816,-24.297569,1,8,2,NONE,,
COMMON_2,,690,37.2887569250,127.1066159959,-91.529959,-24.498746,1,8,2,NONE,,
COMMON_2,,691,37.2887553989,127.1066152454,-91.596428,-24.668632,1,8,2,NONE,,
COMMON_2,,692,37.2887537322,127.1066142454,-91.684993,-24.854169,1,8,2,NONE,,
COMMON_2,,693,37.2887523989,127.1066135788,-91.744030,-25.002592,1,8,2,NONE,,
COMMON_2,,694,37.2887510084,127.1066130530,-91.790598,-25.157382,1,8,2,NONE,,
COMMON_2,,695,37.2887495529,127.1066124167,-91.846952,-25.319409,1,8,2,NONE,,
COMMON_2,,696,37.2887482557,127.1066118997,-91.892740,-25.463813,1,8,2,NONE,,
COMMON_2,,697,37.2887472749,127.1066114623,-91.931478,-25.572996,1,8,2,NONE,,
COMMON_2,,698,37.2887460725,127.1066109850,-91.973750,-25.706847,1,8,2,NONE,,
COMMON_2,,699,37.2887449877,127.1066104420,-92.021845,-25.827605,1,8,2,NONE,,
COMMON_2,,700,37.2887428136,127.1066094340,-92.111115,-26.069627,1,8,2,NONE,,
COMMON_2,,701,37.2887412633,127.1066087977,-92.167469,-26.242207,1,8,2,NONE,,
COMMON_2,,702,37.2887396496,127.1066082012,-92.220298,-26.421844,1,8,2,NONE,,
COMMON_2,,703,37.2887380993,127.1066074854,-92.283693,-26.594423,1,8,2,NONE,,
COMMON_2,,704,37.2887368021,127.1066068491,-92.340047,-26.738828,1,8,2,NONE,,
COMMON_2,,705,37.2887351251,127.1066059741,-92.417541,-26.925511,1,8,2,NONE,,
COMMON_2,,706,37.2887335748,127.1066053378,-92.473895,-27.098091,1,8,2,NONE,,
COMMON_2,,707,37.2887323092,127.1066048208,-92.519683,-27.238977,1,8,2,NONE,,
COMMON_2,,708,37.2887311702,127.1066043038,-92.565471,-27.365771,1,9,2,NONE,,
COMMON_2,,709,37.2887295655,127.1066034121,-92.644445,-27.544406,1,9,2,NONE,,
COMMON_2,,710,37.2887281644,127.1066026335,-92.713402,-27.700376,1,9,2,NONE,,
COMMON_2,,711,37.2887267322,127.1066019121,-92.777292,-27.859809,1,9,2,NONE,,
COMMON_2,,712,37.2887250637,127.1066011621,-92.843716,-28.045546,1,9,2,NONE,,
COMMON_2,,713,37.2887230655,127.1066002454,-92.924904,-28.267986,1,9,2,NONE,,
COMMON_2,,714,37.2887212322,127.1065990788,-93.028224,-28.472069,1,9,2,NONE,,
COMMON_2,,715,37.2887195655,127.1065980788,-93.116789,-28.657606,1,9,2,NONE,,
COMMON_2,,716,37.2887177322,127.1065970788,-93.205354,-28.861689,1,9,2,NONE,,
COMMON_2,,717,37.2887162322,127.1065964121,-93.264400,-29.028669,1,9,2,NONE,,
COMMON_2,,718,37.2887140655,127.1065955788,-93.338202,-29.269866,1,9,2,NONE,,
COMMON_2,,719,37.2887120655,127.1065947454,-93.412012,-29.492506,1,9,2,NONE,,
COMMON_2,,720,37.2887102322,127.1065939121,-93.485813,-29.696589,1,9,2,NONE,,
COMMON_2,,721,37.2887082322,127.1065929121,-93.574378,-29.919229,1,9,2,NONE,,
COMMON_2,,722,37.2887063989,127.1065922454,-93.633424,-30.123312,1,9,2,NONE,,
COMMON_2,,723,37.2887047322,127.1065914121,-93.707226,-30.308849,1,9,2,NONE,,
COMMON_2,,724,37.2887028989,127.1065905788,-93.781027,-30.512932,1,9,2,NONE,,
COMMON_2,,725,37.2887008989,127.1065895788,-93.869592,-30.735572,1,9,2,NONE,,
COMMON_2,,726,37.2886990655,127.1065884121,-93.972921,-30.939666,1,9,2,NONE,,
COMMON_2,,727,37.2886968989,127.1065872454,-94.076250,-31.180852,1,9,2,NONE,,
COMMON_2,,728,37.2886951007,127.1065860896,-94.178613,-31.381027,1,9,2,NONE,,
COMMON_2,,729,37.2886935655,127.1065852454,-94.253380,-31.551926,1,9,2,NONE,,
COMMON_2,,730,37.2886915655,127.1065844121,-94.327181,-31.774566,1,9,2,NONE,,
COMMON_2,,731,37.2886899750,127.1065836637,-94.393463,-31.951620,1,9,2,NONE,,
COMMON_2,,732,37.2886880655,127.1065825788,-94.489548,-32.164186,1,9,2,NONE,,
COMMON_2,,733,37.2886860655,127.1065815788,-94.578113,-32.386826,1,9,2,NONE,,
COMMON_2,,734,37.2886840655,127.1065805788,-94.666678,-32.609466,1,9,2,NONE,,
COMMON_2,,735,37.2886820655,127.1065795788,-94.755243,-32.832106,1,9,2,NONE,,
COMMON_2,,736,37.2886800655,127.1065787454,-94.829053,-33.054746,1,9,2,NONE,,
COMMON_2,,737,37.2886782322,127.1065777454,-94.917618,-33.258829,1,9,2,NONE,,
COMMON_2,,738,37.2886762322,127.1065765788,-95.020938,-33.481469,1,9,2,NONE,,
COMMON_2,,739,37.2886743989,127.1065752454,-95.139031,-33.685552,1,9,2,NONE,,
COMMON_2,,740,37.2886725655,127.1065742454,-95.227596,-33.889646,1,9,2,NONE,,
COMMON_2,,741,37.2886705655,127.1065734121,-95.301397,-34.112286,1,9,2,NONE,,
COMMON_2,,742,37.2886685655,127.1065727454,-95.360444,-34.334926,1,9,2,NONE,,
COMMON_2,,743,37.2886667322,127.1065719121,-95.434245,-34.539009,1,9,2,NONE,,
COMMON_2,,744,37.2886648989,127.1065709121,-95.522810,-34.743092,1,9,2,NONE,,
COMMON_2,,745,37.2886628989,127.1065695788,-95.640894,-34.965732,1,9,2,NONE,,
COMMON_2,,746,37.2886608989,127.1065685788,-95.729459,-35.188372,1,9,2,NONE,,
COMMON_2,,747,37.2886588989,127.1065679121,-95.788505,-35.411012,1,9,2,NONE,,
COMMON_2,,748,37.2886568989,127.1065670788,-95.862307,-35.633652,1,9,2,NONE,,
COMMON_2,,749,37.2886550655,127.1065662454,-95.936117,-35.837746,1,9,2,NONE,,
COMMON_2,,750,37.2886530655,127.1065652454,-96.024682,-36.060386,1,9,2,NONE,,
COMMON_2,,751,37.2886510655,127.1065642454,-96.113247,-36.283026,1,9,2,NONE,,
COMMON_2,,752,37.2886490655,127.1065634121,-96.187048,-36.505666,1,9,2,NONE,,
COMMON_2,,753,37.2886473796,127.1065627860,-96.242499,-36.693340,1,9,2,NONE,,
COMMON_2,,754,37.2886454217,127.1065618395,-96.326326,-36.911294,1,9,2,NONE,,
COMMON_2,,755,37.2886435655,127.1065610788,-96.393697,-37.117926,1,9,2,NONE,,
COMMON_2,,756,37.2886415655,127.1065599121,-96.497026,-37.340566,1,9,2,NONE,,
COMMON_2,,757,37.2886397488,127.1065591262,-96.566629,-37.542801,1,9,2,NONE,,
COMMON_2,,758,37.2886378989,127.1065582454,-96.644637,-37.748732,1,9,2,NONE,,
COMMON_2,,759,37.2886360655,127.1065575788,-96.703675,-37.952826,1,9,2,NONE,,
COMMON_2,,760,37.2886340655,127.1065569121,-96.762721,-38.175466,1,9,2,NONE,,
COMMON_2,,761,37.2886320655,127.1065560788,-96.836522,-38.398106,1,9,2,NONE,,
COMMON_2,,762,37.2886298088,127.1065554663,-96.890769,-38.649322,1,9,2,NONE,,
COMMON_2,,763,37.2886280655,127.1065549121,-96.939851,-38.843386,1,9,2,NONE,,
COMMON_2,,764,37.2886260655,127.1065545788,-96.969370,-39.066026,1,9,2,NONE,,
COMMON_2,,765,37.2886240655,127.1065542454,-96.998898,-39.288666,1,9,2,NONE,,
COMMON_2,,766,37.2886222322,127.1065539121,-97.028416,-39.492749,1,9,2,NONE,,
COMMON_2,,767,37.2886201699,127.1065536364,-97.052834,-39.722324,1,9,2,NONE,,
COMMON_2,,768,37.2886185132,127.1065535733,-97.058422,-39.906748,1,9,2,NONE,,
COMMON_2,,769,37.2886165553,127.1065535733,-97.058422,-40.124701,1,9,2,NONE,,
COMMON_2,,770,37.2886143989,127.1065535788,-97.057935,-40.364752,1,9,2,NONE,,
COMMON_2,,771,37.2886125655,127.1065535788,-97.057935,-40.568846,1,9,2,NONE,,
COMMON_2,,772,37.2886103989,127.1065535788,-97.057935,-40.810032,1,9,2,NONE,,
COMMON_2,,773,37.2886085655,127.1065535788,-97.057935,-41.014126,1,9,2,NONE,,
COMMON_2,,774,37.2886066422,127.1065538515,-97.033783,-41.228228,1,9,2,NONE,,
COMMON_2,,775,37.2886045169,127.1065543858,-96.986463,-41.464816,1,9,2,NONE,,
COMMON_2,,776,37.2886030655,127.1065549121,-96.939851,-41.626386,1,9,2,NONE,,
COMMON_2,,777,37.2886012322,127.1065555788,-96.880805,-41.830469,1,9,2,NONE,,
COMMON_2,,778,37.2885993027,127.1065564873,-96.800344,-42.045261,1,9,2,NONE,,
COMMON_2,,779,37.2885975741,127.1065575915,-96.702550,-42.237689,1,9,2,NONE,,
COMMON_2,,780,37.2885961855,127.1065586601,-96.607909,-42.392268,1,9,2,NONE,,
COMMON_2,,781,37.2885946270,127.1065600136,-96.488037,-42.565760,1,9,2,NONE,,
COMMON_2,,782,37.2885932322,127.1065612454,-96.378942,-42.721029,1,9,2,NONE,,
COMMON_2,,783,37.2885917322,127.1065625788,-96.260849,-42.888009,1,9,2,NONE,,
COMMON_2,,784,37.2885902322,127.1065637454,-96.157529,-43.054989,1,9,2,NONE,,
COMMON_2,,785,37.2885887322,127.1065650788,-96.039437,-43.221969,1,9,2,NONE,,
COMMON_2,,786,37.2885873158,127.1065665318,-95.910752,-43.379643,1,9,2,NONE,,
COMMON_2,,787,37.2885859556,127.1065682415,-95.759332,-43.531060,1,9,2,NONE,,
COMMON_2,,788,37.2885848220,127.1065695950,-95.639459,-43.657252,1,9,2,NONE,,
COMMON_2,,789,37.2885838586,127.1065706992,-95.541666,-43.764498,1,9,2,NONE,,
COMMON_2,,790,37.2885825655,127.1065720788,-95.419481,-43.908446,1,9,2,NONE,,
COMMON_2,,791,37.2885815655,127.1065732454,-95.316161,-44.019766,1,9,2,NONE,,
COMMON_2,,792,37.2885802596,127.1065748310,-95.175732,-44.165139,1,9,2,NONE,,
COMMON_2,,793,37.2885791828,127.1065762201,-95.052707,-44.285008,1,9,2,NONE,,
COMMON_2,,794,37.2885782322,127.1065775788,-94.932373,-44.390829,1,9,2,NONE,,
COMMON_2,,795,37.2885773989,127.1065789121,-94.814289,-44.483592,1,9,2,NONE,,
COMMON_2,,796,37.2885765655,127.1065802454,-94.696205,-44.576366,1,9,2,NONE,,
COMMON_2,,797,37.2885755020,127.1065820735,-94.534300,-44.694755,1,9,2,NONE,,
COMMON_2,,798,37.2885745259,127.1065838940,-94.373067,-44.803414,1,9,2,NONE,,
COMMON_2,,799,37.2885736128,127.1065858332,-94.201322,-44.905060,1,9,2,NONE,,
COMMON_2,,800,37.2885727322,127.1065879121,-94.017204,-45.003089,1,9,3,NONE,,
COMMON_2,,801,37.2885717322,127.1065899121,-93.840073,-45.114409,1,9,3,NONE,,
COMMON_2,,802,37.2885708989,127.1065919121,-93.662943,-45.207172,1,9,3,NONE,,
COMMON_2,,803,37.2885698989,127.1065939121,-93.485813,-45.318492,1,9,3,NONE,,
COMMON_2,,804,37.2885687324,127.1065962418,-93.279483,-45.448347,1,9,3,NONE,,
COMMON_2,,805,37.2885679767,127.1065981415,-93.111236,-45.532471,1,9,3,NONE,,
COMMON_2,,806,37.2885672322,127.1066000788,-92.939659,-45.615349,1,9,3,NONE,,
COMMON_2,,807,37.2885663989,127.1066022454,-92.747774,-45.708112,1,9,3,NONE,,
COMMON_2,,808,37.2885653989,127.1066042454,-92.570643,-45.819432,1,9,3,NONE,,
COMMON_2,,809,37.2885644114,127.1066061909,-92.398337,-45.929368,1,9,3,NONE,,
COMMON_2,,810,37.2885634217,127.1066084185,-92.201053,-46.039534,1,9,3,NONE,,
COMMON_2,,811,37.2885625948,127.1066102174,-92.041733,-46.131584,1,9,3,NONE,,
COMMON_2,,812,37.2885619269,127.1066120164,-91.882404,-46.205935,1,9,3,NONE,,
COMMON_2,,813,37.2885612322,127.1066142454,-91.684993,-46.283269,1,9,3,NONE,,
COMMON_2,,814,37.2885603989,127.1066162454,-91.507862,-46.376032,1,9,3,NONE,,
COMMON_2,,815,37.2885595655,127.1066180788,-91.345487,-46.468806,1,9,3,NONE,,
COMMON_2,,816,37.2885589624,127.1066196844,-91.203287,-46.535946,1,9,3,NONE,,
COMMON_2,,817,37.2885583931,127.1066213711,-91.053906,-46.599320,1,9,3,NONE,,
COMMON_2,,818,37.2885577322,127.1066237454,-90.843624,-46.672889,1,9,3,NONE,,
COMMON_2,,819,37.2885570655,127.1066255788,-90.681249,-46.747106,1,9,3,NONE,,
COMMON_2,,820,37.2885563989,127.1066272454,-90.533647,-46.821312,1,9,3,NONE,,
COMMON_2,,821,37.2885555655,127.1066292454,-90.356516,-46.914086,1,9,3,NONE,,
COMMON_2,,822,37.2885548980,127.1066313248,-90.172354,-46.988392,1,9,3,NONE,,
COMMON_2,,823,37.2885543574,127.1066335635,-89.974083,-47.048572,1,9,3,NONE,,
COMMON_2,,824,37.2885538485,127.1066354024,-89.811221,-47.105222,1,9,3,NONE,,
COMMON_2,,825,37.2885534032,127.1066374012,-89.634197,-47.154793,1,9,3,NONE,,
COMMON_2,,826,37.2885527989,127.1066394000,-89.457173,-47.222064,1,9,3,NONE,,
COMMON_2,,827,37.2885521947,127.1066410390,-89.312015,-47.289323,1,9,3,NONE,,
COMMON_2,,828,37.2885513989,127.1066434121,-89.101841,-47.377912,1,9,3,NONE,,
COMMON_2,,829,37.2885507322,127.1066455788,-88.909947,-47.452129,1,9,3,NONE,,
COMMON_2,,830,37.2885498989,127.1066479121,-88.703298,-47.544892,1,9,3,NONE,,
COMMON_2,,831,37.2885490778,127.1066499537,-88.522484,-47.636297,1,9,3,NONE,,
COMMON_2,,832,37.2885480655,127.1066522454,-88.319519,-47.748986,1,9,3,NONE,,
COMMON_2,,833,37.2885468989,127.1066544121,-88.127625,-47.878852,1,9,3,NONE,,
COMMON_2,,834,37.2885458989,127.1066565788,-87.935731,-47.990172,1,9,3,NONE,,
COMMON_2,,835,37.2885448989,127.1066589121,-87.729083,-48.101492,1,9,3,NONE,,
COMMON_2,,836,37.2885441201,127.1066613915,-87.509497,-48.188193,1,9,3,NONE,,
COMMON_2,,837,37.2885433989,127.1066635788,-87.315776,-48.268472,1,9,3,NONE,,
COMMON_2,,838,37.2885425655,127.1066660788,-87.094363,-48.361246,1,9,3,NONE,,
COMMON_2,,839,37.2885418900,127.1066684626,-86.883242,-48.436443,1,9,3,NONE,,
COMMON_2,,840,37.2885410655,127.1066709121,-86.666302,-48.528226,1,9,3,NONE,,
COMMON_2,,841,37.2885403989,127.1066735788,-86.430125,-48.602432,1,9,3,NONE,,
COMMON_2,,842,37.2885398989,127.1066760788,-86.208712,-48.658092,1,9,3,NONE,,
COMMON_2,,843,37.2885392322,127.1066787454,-85.972545,-48.732309,1,9,3,NONE,,
COMMON_2,,844,37.2885385655,127.1066810788,-85.765887,-48.806526,1,9,3,NONE,,
COMMON_2,,845,37.2885380655,127.1066832454,-85.574002,-48.862186,1,9,3,NONE,,
COMMON_2,,846,37.2885373989,127.1066859121,-85.337825,-48.936392,1,9,3,NONE,,
COMMON_2,,847,37.2885368989,127.1066884121,-85.116413,-48.992052,1,9,3,NONE,,
COMMON_2,,848,37.2885363878,127.1066905694,-84.925351,-49.048947,1,9,3,NONE,,
COMMON_2,,849,37.2885355655,127.1066932454,-84.688351,-49.140486,1,9,3,NONE,,
COMMON_2,,850,37.2885345655,127.1066955788,-84.481693,-49.251806,1,9,3,NONE,,
COMMON_2,,851,37.2885335655,127.1066979121,-84.275044,-49.363126,1,9,3,NONE,,
COMMON_2,,852,37.2885327322,127.1067004121,-84.053632,-49.455889,1,9,3,NONE,,
COMMON_2,,853,37.2885320655,127.1067029121,-83.832219,-49.530106,1,9,3,NONE,,
COMMON_2,,854,37.2885312322,127.1067052454,-83.625570,-49.622869,1,9,3,NONE,,
COMMON_2,,855,37.2885303989,127.1067077454,-83.404157,-49.715632,1,9,3,NONE,,
COMMON_2,,856,37.2885296770,127.1067099179,-83.211750,-49.795994,1,9,3,NONE,,
COMMON_2,,857,37.2885287322,127.1067124121,-82.990851,-49.901169,1,9,3,NONE,,
COMMON_2,,858,37.2885280550,127.1067145151,-82.804598,-49.976555,1,9,3,NONE,,
COMMON_2,,859,37.2885272917,127.1067173534,-82.553224,-50.061525,1,9,3,NONE,,
COMMON_2,,860,37.2885265655,127.1067197454,-82.341376,-50.142366,1,9,3,NONE,,
COMMON_2,,861,37.2885255655,127.1067222454,-82.119964,-50.253686,1,9,3,NONE,,
COMMON_2,,862,37.2885248989,127.1067245788,-81.913306,-50.327892,1,9,3,NONE,,
COMMON_2,,863,37.2885240655,127.1067272454,-81.677138,-50.420666,1,9,3,NONE,,
COMMON_2,,864,37.2885234433,127.1067299059,-81.441511,-50.489929,1,9,3,NONE,,
COMMON_2,,865,37.2885227322,127.1067322454,-81.234313,-50.569089,1,9,3,NONE,,
COMMON_2,,866,37.2885217322,127.1067347454,-81.012900,-50.680409,1,9,3,NONE,,
COMMON_2,,867,37.2885208989,127.1067372454,-80.791487,-50.773172,1,9,3,NONE,,
COMMON_2,,868,37.2885200655,127.1067395788,-80.584829,-50.865946,1,9,3,NONE,,
COMMON_2,,869,37.2885192322,127.1067419121,-80.378181,-50.958709,1,9,3,NONE,,
COMMON_2,,870,37.2885182322,127.1067442454,-80.171532,-51.070029,1,9,3,NONE,,
COMMON_2,,871,37.2885174169,127.1067468043,-79.944902,-51.160789,1,9,3,NONE,,
COMMON_2,,872,37.2885163989,127.1067492454,-79.728706,-51.274112,1,9,3,NONE,,
COMMON_2,,873,37.2885155655,127.1067517454,-79.507294,-51.366886,1,9,3,NONE,,
COMMON_2,,874,37.2885147322,127.1067544121,-79.271117,-51.459649,1,9,3,NONE,,
COMMON_2,,875,37.2885135655,127.1067582454,-78.931620,-51.589526,1,9,3,NONE,,
COMMON_2,,876,37.2885125593,127.1067609122,-78.695433,-51.701543,1,9,3,NONE,,
COMMON_2,,877,37.2885115657,127.1067633638,-78.478312,-51.812151,1,9,3,NONE,,
COMMON_2,,878,37.2885108989,127.1067655788,-78.282137,-51.886372,1,9,3,NONE,,
COMMON_2,,879,37.2885102322,127.1067679121,-78.075488,-51.960589,1,9,3,NONE,,
COMMON_2,,880,37.2885093989,127.1067705788,-77.839312,-52.053352,1,9,3,NONE,,
COMMON_2,,881,37.2885086541,127.1067730401,-77.621327,-52.136263,1,9,3,NONE,,
COMMON_2,,882,37.2885077322,127.1067755788,-77.396486,-52.238889,1,9,3,NONE,,
COMMON_2,,883,37.2885067322,127.1067780788,-77.175074,-52.350209,1,9,3,NONE,,
COMMON_2,,884,37.2885058989,127.1067807454,-76.938906,-52.442972,1,9,3,NONE,,
COMMON_2,,885,37.2885050655,127.1067832454,-76.717493,-52.535746,1,9,3,NONE,,
COMMON_2,,886,37.2885043923,127.1067858725,-76.484824,-52.610687,1,9,3,NONE,,
COMMON_2,,887,37.2885035972,127.1067883510,-76.265315,-52.699197,1,9,3,NONE,,
COMMON_2,,888,37.2885028021,127.1067907895,-76.049349,-52.787708,1,9,3,NONE,,
COMMON_2,,889,37.2885018503,127.1067933373,-75.823701,-52.893660,1,9,3,NONE,,
COMMON_2,,890,37.2885010655,127.1067955788,-75.625185,-52.981026,1,9,3,NONE,,
COMMON_2,,891,37.2885002322,127.1067980788,-75.403772,-53.073789,1,9,3,NONE,,
COMMON_2,,892,37.2884995655,127.1068005788,-75.182359,-53.148006,1,9,3,NONE,,
COMMON_2,,893,37.2884987322,127.1068030788,-74.960947,-53.240769,1,9,3,NONE,,
COMMON_2,,894,37.2884977322,127.1068055788,-74.739534,-53.352089,1,9,3,NONE,,
COMMON_2,,895,37.2884969182,127.1068077794,-74.544638,-53.442703,1,9,3,NONE,,
COMMON_2,,896,37.2884958989,127.1068102454,-74.326236,-53.556172,1,9,3,NONE,,
COMMON_2,,897,37.2884950655,127.1068129121,-74.090060,-53.648946,1,9,3,NONE,,
COMMON_2,,898,37.2884942467,127.1068152150,-73.886103,-53.740095,1,9,3,NONE,,
COMMON_2,,899,37.2884932322,127.1068179121,-73.647234,-53.853029,1,9,3,NONE,,
COMMON_2,,900,37.2884922322,127.1068202454,-73.440585,-53.964349,1,9,3,NONE,,
COMMON_2,,901,37.2884913989,127.1068227454,-73.219173,-54.057112,1,9,3,NONE,,
COMMON_2,,902,37.2884905655,127.1068254121,-72.982996,-54.149886,1,9,3,NONE,,
COMMON_2,,903,37.2884899530,127.1068278074,-72.770856,-54.218069,1,9,3,NONE,,
COMMON_2,,904,37.2884892322,127.1068307454,-72.510652,-54.298309,1,9,3,NONE,,
COMMON_2,,905,37.2884883989,127.1068335788,-72.259712,-54.391072,1,9,3,NONE,,
COMMON_2,,906,37.2884875350,127.1068363087,-72.017939,-54.487246,1,9,3,NONE,,
COMMON_2,,907,37.2884867322,127.1068389121,-71.787367,-54.576609,1,9,3,NONE,,
COMMON_2,,908,37.2884859457,127.1068415592,-71.552927,-54.664162,1,9,3,NONE,,
COMMON_2,,909,37.2884853989,127.1068442454,-71.315023,-54.725032,1,9,3,NONE,,
COMMON_2,,910,37.2884845655,127.1068470788,-71.064083,-54.817806,1,9,3,NONE,,
COMMON_2,,911,37.2884837322,127.1068497454,-70.827915,-54.910569,1,9,3,NONE,,
COMMON_2,,912,37.2884828989,127.1068525788,-70.576975,-55.003332,1,9,3,NONE,,
COMMON_2,,913,37.2884820655,127.1068552454,-70.340807,-55.096106,1,9,3,NONE,,
COMMON_2,,914,37.2884813525,127.1068579563,-70.100720,-55.175478,1,9,3,NONE,,
COMMON_2,,915,37.2884805655,127.1068607454,-69.853699,-55.263086,1,9,3,NONE,,
COMMON_2,,916,37.2884795655,127.1068635788,-69.602759,-55.374406,1,9,3,NONE,,
COMMON_2,,917,37.2884783989,127.1068662454,-69.366591,-55.504272,1,9,3,NONE,,
COMMON_2,,918,37.2884776018,127.1068686697,-69.151883,-55.593009,1,9,3,NONE,,
COMMON_2,,919,37.2884764962,127.1068722981,-68.830530,-55.716081,1,9,3,NONE,,
COMMON_2,,920,37.2884757322,127.1068742454,-68.658071,-55.801129,1,9,3,NONE,,
COMMON_2,,921,37.2884745922,127.1068770846,-68.406617,-55.928037,1,9,3,NONE,,
COMMON_2,,922,37.2884735655,127.1068795787,-68.185726,-56.042326,1,9,3,NONE,,
COMMON_2,,923,37.2884725877,127.1068822149,-67.952251,-56.151175,1,9,3,NONE,,
COMMON_2,,924,37.2884715655,127.1068847454,-67.728137,-56.264966,1,9,3,NONE,,
COMMON_2,,925,37.2884705655,127.1068874120,-67.491970,-56.376286,1,9,3,NONE,,
COMMON_2,,926,37.2884695655,127.1068900788,-67.255784,-56.487606,1,9,3,NONE,,
COMMON_2,,927,37.2884685655,127.1068929120,-67.004862,-56.598926,1,9,3,NONE,,
COMMON_2,,928,37.2884675655,127.1068957454,-66.753921,-56.710246,1,9,3,NONE,,
COMMON_2,,929,37.2884665655,127.1068984120,-66.517754,-56.821566,1,9,3,NONE,,
COMMON_2,,930,37.2884655655,127.1069014120,-66.252058,-56.932886,1,9,3,NONE,,
COMMON_2,,931,37.2884645655,127.1069039120,-66.030646,-57.044206,1,9,3,NONE,,
COMMON_2,,932,37.2884635655,127.1069069120,-65.764950,-57.155526,1,9,3,NONE,,
COMMON_2,,933,37.2884627322,127.1069095787,-65.528774,-57.248289,1,9,3,NONE,,
COMMON_2,,934,37.2884618989,127.1069122454,-65.292597,-57.341052,1,9,3,NONE,,
COMMON_2,,935,37.2884610655,127.1069150787,-65.041666,-57.433826,1,9,3,NONE,,
COMMON_2,,936,37.2884602322,127.1069177453,-64.805498,-57.526589,1,9,3,NONE,,
COMMON_2,,937,37.2884593989,127.1069202453,-64.584086,-57.619352,1,9,3,NONE,,
COMMON_2,,938,37.2884583989,127.1069227453,-64.362673,-57.730672,1,9,3,NONE,,
COMMON_2,,939,37.2884575655,127.1069254120,-64.126496,-57.823446,1,9,3,NONE,,
COMMON_2,,940,37.2884567322,127.1069280787,-63.890320,-57.916209,1,9,3,NONE,,
COMMON_2,,941,37.2884560655,127.1069309120,-63.639388,-57.990426,1,9,3,NONE,,
COMMON_2,,942,37.2884552322,127.1069335787,-63.403212,-58.083189,1,9,3,NONE,,
COMMON_2,,943,37.2884543989,127.1069362453,-63.167044,-58.175952,1,9,3,NONE,,
COMMON_2,,944,37.2884535050,127.1069387811,-62.942461,-58.275461,1,9,3,NONE,,
COMMON_2,,945,37.2884525655,127.1069417453,-62.679936,-58.380046,1,9,3,NONE,,
COMMON_2,,946,37.2884517322,127.1069447453,-62.414241,-58.472809,1,9,3,NONE,,
COMMON_2,,947,37.2884508989,127.1069474120,-62.178065,-58.565572,1,9,3,NONE,,
COMMON_2,,948,37.2884498989,127.1069504120,-61.912369,-58.676892,1,9,3,NONE,,
COMMON_2,,949,37.2884488989,127.1069529120,-61.690957,-58.788212,1,9,3,NONE,,
COMMON_2,,950,37.2884480655,127.1069555787,-61.454780,-58.880986,1,9,3,NONE,,
COMMON_2,,951,37.2884472322,127.1069582453,-61.218612,-58.973749,1,9,3,NONE,,
COMMON_2,,952,37.2884462322,127.1069610787,-60.967672,-59.085069,1,9,3,NONE,,
COMMON_2,,953,37.2884450655,127.1069639120,-60.716741,-59.214946,1,9,3,NONE,,
COMMON_2,,954,37.2884440655,127.1069667453,-60.465809,-59.326266,1,9,3,NONE,,
COMMON_2,,955,37.2884428989,127.1069694120,-60.229633,-59.456132,1,9,3,NONE,,
COMMON_2,,956,37.2884420655,127.1069720787,-59.993456,-59.548906,1,9,3,NONE,,
COMMON_2,,957,37.2884412322,127.1069749120,-59.742525,-59.641669,1,9,3,NONE,,
COMMON_2,,958,37.2884402322,127.1069777453,-59.491593,-59.752989,1,9,3,NONE,,
COMMON_2,,959,37.2884395639,127.1069794057,-59.344540,-59.827384,1,9,3,NONE,,
COMMON_2,,960,37.2884387322,127.1069819120,-59.122569,-59.919969,1,9,3,NONE,,
COMMON_2,,961,37.2884378989,127.1069847453,-58.871638,-60.012732,1,9,3,NONE,,
COMMON_2,,962,37.2884370655,127.1069877453,-58.605942,-60.105506,1,9,3,NONE,,
COMMON_2,,963,37.2884362322,127.1069905787,-58.355002,-60.198269,1,9,3,NONE,,
COMMON_2,,964,37.2884353989,127.1069932453,-58.118834,-60.291032,1,9,3,NONE,,
COMMON_2,,965,37.2884343989,127.1069957453,-57.897422,-60.402352,1,9,3,NONE,,
COMMON_2,,966,37.2884333989,127.1069985787,-57.646481,-60.513672,1,9,3,NONE,,
COMMON_2,,967,37.2884325655,127.1070014120,-57.395550,-60.606446,1,9,3,NONE,,
COMMON_2,,968,37.2884317541,127.1070041465,-57.153369,-60.696771,1,9,3,NONE,,
COMMON_2,,969,37.2884308989,127.1070069120,-56.908442,-60.791972,1,9,3,NONE,,
COMMON_2,,970,37.2884298989,127.1070095787,-56.672266,-60.903292,1,9,3,NONE,,
COMMON_2,,971,37.2884287322,127.1070124120,-56.421334,-61.033169,1,9,3,NONE,,
COMMON_2,,972,37.2884278989,127.1070149120,-56.199921,-61.125932,1,9,3,NONE,,
COMMON_2,,973,37.2884268989,127.1070177453,-55.948990,-61.237252,1,9,3,NONE,,
COMMON_2,,974,37.2884260702,127.1070206011,-55.696065,-61.329509,1,9,3,NONE,,
COMMON_2,,975,37.2884252322,127.1070230787,-55.476637,-61.422789,1,9,3,NONE,,
COMMON_2,,976,37.2884243989,127.1070257453,-55.240469,-61.515552,1,9,3,NONE,,
COMMON_2,,977,37.2884235655,127.1070284120,-55.004293,-61.608326,1,9,3,NONE,,
COMMON_2,,978,37.2884225655,127.1070312453,-54.753361,-61.719646,1,9,3,NONE,,
COMMON_2,,979,37.2884218989,127.1070342453,-54.487666,-61.793852,1,9,3,NONE,,
COMMON_2,,980,37.2884209526,127.1070373467,-54.212991,-61.899197,1,9,3,NONE,,
COMMON_2,,981,37.2884200655,127.1070399120,-53.985794,-61.997946,1,9,3,NONE,,
COMMON_2,,982,37.2884188627,127.1070437425,-53.646550,-62.131842,1,9,3,NONE,,
COMMON_2,,983,37.2884183989,127.1070454120,-53.498686,-62.183472,1,9,3,NONE,,
COMMON_2,,984,37.2884177322,127.1070482453,-53.247755,-62.257689,1,9,3,NONE,,
COMMON_2,,985,37.2884168989,127.1070510787,-52.996815,-62.350452,1,9,3,NONE,,
COMMON_2,,986,37.2884160655,127.1070539120,-52.745883,-62.443226,1,9,3,NONE,,
COMMON_2,,987,37.2884150655,127.1070565787,-52.509707,-62.554546,1,9,3,NONE,,
COMMON_2,,988,37.2884142322,127.1070594120,-52.258775,-62.647309,1,9,3,NONE,,
COMMON_2,,989,37.2884133989,127.1070622453,-52.007844,-62.740072,1,9,3,NONE,,
COMMON_2,,990,37.2884125655,127.1070649120,-51.771667,-62.832846,1,9,3,NONE,,
COMMON_2,,991,37.2884115655,127.1070675787,-51.535491,-62.944166,1,9,3,NONE,,
COMMON_2,,992,37.2884108989,127.1070690787,-51.402643,-63.018372,1,9,3,NONE,,
COMMON_2,,993,37.2884098989,127.1070715787,-51.181230,-63.129692,1,9,3,NONE,,
COMMON_2,,994,37.2884090655,127.1070742453,-50.945063,-63.222466,1,9,3,NONE,,
COMMON_2,,995,37.2884082322,127.1070770787,-50.694122,-63.315229,1,9,3,NONE,,
COMMON_2,,996,37.2884075655,127.1070797453,-50.457955,-63.389446,1,9,3,NONE,,
COMMON_2,,997,37.2884067322,127.1070824120,-50.221778,-63.482209,1,9,3,NONE,,
COMMON_2,,998,37.2884058989,127.1070852453,-49.970847,-63.574972,1,9,3,NONE,,
COMMON_2,,999,37.2884048989,127.1070880787,-49.719906,-63.686292,1,9,3,NONE,,
COMMON_2,,1000,37.2884040655,127.1070907453,-49.483739,-63.779066,1,9,3,NONE,,
COMMON_2,,1001,37.2884032322,127.1070935787,-49.232798,-63.871829,1,9,3,NONE,,
COMMON_2,,1002,37.2884023989,127.1070964120,-48.981867,-63.964592,1,9,3,NONE,,
COMMON_2,,1003,37.2884013989,127.1070990787,-48.745690,-64.075912,1,9,3,NONE,,
COMMON_2,,1004,37.2884006343,127.1071020957,-48.478490,-64.161030,1,9,3,NONE,,
COMMON_2,,1005,37.2883997322,127.1071045787,-48.258582,-64.261449,1,9,3,NONE,,
COMMON_2,,1006,37.2883988989,127.1071074120,-48.007651,-64.354212,1,9,3,NONE,,
COMMON_2,,1007,37.2883980655,127.1071100787,-47.771475,-64.446986,1,9,3,NONE,,
COMMON_2,,1008,37.2883970655,127.1071127453,-47.535307,-64.558306,1,9,3,NONE,,
COMMON_2,,1009,37.2883962374,127.1071154462,-47.296103,-64.650490,1,9,3,NONE,,
COMMON_2,,1010,37.2883955250,127.1071173117,-47.130885,-64.729795,1,9,3,NONE,,
COMMON_2,,1011,37.2883945158,127.1071196249,-46.926013,-64.842144,1,9,3,NONE,,
COMMON_2,,1012,37.2883935655,127.1071224120,-46.679175,-64.947926,1,9,3,NONE,,
COMMON_2,,1013,37.2883924973,127.1071255199,-46.403923,-65.066841,1,9,3,NONE,,
COMMON_2,,1014,37.2883915655,127.1071277453,-46.206831,-65.170566,1,9,3,NONE,,
COMMON_2,,1015,37.2883905655,127.1071304120,-45.970654,-65.281886,1,9,3,NONE,,
COMMON_2,,1016,37.2883894696,127.1071335789,-45.690178,-65.403887,1,9,3,NONE,,
COMMON_2,,1017,37.2883887322,127.1071362453,-45.454027,-65.485969,1,9,3,NONE,,
COMMON_2,,1018,37.2883880655,127.1071390787,-45.203087,-65.560186,1,9,3,NONE,,
COMMON_2,,1019,37.2883872322,127.1071415787,-44.981674,-65.652949,1,9,3,NONE,,
COMMON_2,,1020,37.2883863989,127.1071442453,-44.745507,-65.745712,1,9,3,NONE,,
COMMON_2,,1021,37.2883853989,127.1071469120,-44.509330,-65.857032,1,9,3,NONE,,
COMMON_2,,1022,37.2883847322,127.1071495787,-44.273154,-65.931249,1,9,3,NONE,,
COMMON_2,,1023,37.2883838989,127.1071522453,-44.036986,-66.024012,1,9,3,NONE,,
COMMON_2,,1024,37.2883828989,127.1071549120,-43.800810,-66.135332,1,9,3,NONE,,
COMMON_2,,1025,37.2883818239,127.1071576115,-43.561728,-66.255001,1,9,3,NONE,,
COMMON_2,,1026,37.2883808613,127.1071599944,-43.350683,-66.362155,1,9,3,NONE,,
COMMON_2,,1027,37.2883797322,127.1071629120,-43.092289,-66.487849,1,9,3,NONE,,
COMMON_2,,1028,37.2883788989,127.1071655787,-42.856112,-66.580612,1,9,3,NONE,,
COMMON_2,,1029,37.2883780144,127.1071681081,-42.632096,-66.679074,1,9,3,NONE,,
COMMON_2,,1030,37.2883768989,127.1071707453,-42.398532,-66.803252,1,9,3,NONE,,
COMMON_2,,1031,37.2883762901,127.1071727545,-42.220587,-66.871028,1,9,3,NONE,,
COMMON_2,,1032,37.2883750655,127.1071759120,-41.940943,-67.007346,1,9,3,NONE,,
COMMON_2,,1033,37.2883742322,127.1071785787,-41.704766,-67.100109,1,9,3,NONE,,
COMMON_2,,1034,37.2883733989,127.1071814120,-41.453835,-67.192872,1,9,3,NONE,,
COMMON_2,,1035,37.2883727322,127.1071840787,-41.217658,-67.267089,1,9,3,NONE,,
COMMON_2,,1036,37.2883717188,127.1071870070,-40.958317,-67.379901,1,9,3,NONE,,
COMMON_2,,1037,37.2883705908,127.1071895440,-40.733620,-67.505468,1,9,3,NONE,,
COMMON_2,,1038,37.2883697322,127.1071922453,-40.494383,-67.601049,1,9,3,NONE,,
COMMON_2,,1039,37.2883688692,127.1071949913,-40.251182,-67.697121,1,9,3,NONE,,
COMMON_2,,1040,37.2883679833,127.1071975905,-40.020985,-67.795736,1,9,3,NONE,,
COMMON_2,,1041,37.2883667913,127.1072006625,-39.748917,-67.928427,1,9,3,NONE,,
COMMON_2,,1042,37.2883660655,127.1072029120,-39.549685,-68.009226,1,9,3,NONE,,
COMMON_2,,1043,37.2883652322,127.1072055787,-39.313509,-68.101989,1,9,3,NONE,,
COMMON_2,,1044,37.2883643357,127.1072087496,-39.032681,-68.201790,1,9,3,NONE,,
COMMON_2,,1045,37.2883635655,127.1072110787,-38.826401,-68.287526,1,9,3,NONE,,
COMMON_2,,1046,37.2883623738,127.1072140218,-38.565749,-68.420193,1,9,3,NONE,,
COMMON_2,,1047,37.2883615619,127.1072169130,-38.309690,-68.510567,1,9,3,NONE,,
COMMON_2,,1048,37.2883606970,127.1072190437,-38.120980,-68.606847,1,9,3,NONE,,
COMMON_2,,1049,37.2883598989,127.1072214120,-37.911231,-68.695692,1,9,3,NONE,,
COMMON_2,,1050,37.2883588989,127.1072242453,-37.660300,-68.807012,1,9,3,NONE,,
COMMON_2,,1051,37.2883578410,127.1072268621,-37.428545,-68.924781,1,9,3,NONE,,
COMMON_2,,1052,37.2883568989,127.1072295787,-37.187947,-69.029652,1,9,3,NONE,,
COMMON_2,,1053,37.2883559392,127.1072319448,-36.978393,-69.136486,1,9,3,NONE,,
COMMON_2,,1054,37.2883548989,127.1072347453,-36.730367,-69.252292,1,9,3,NONE,,
COMMON_2,,1055,37.2883542322,127.1072374120,-36.494190,-69.326509,1,9,3,NONE,,
COMMON_2,,1056,37.2883535655,127.1072400787,-36.258014,-69.400726,1,9,3,NONE,,
COMMON_2,,1057,37.2883525655,127.1072427453,-36.021846,-69.512046,1,9,3,NONE,,
COMMON_2,,1058,37.2883517305,127.1072455569,-35.772836,-69.604998,1,9,3,NONE,,
COMMON_2,,1059,37.2883508989,127.1072482453,-35.534738,-69.697572,1,9,3,NONE,,
COMMON_2,,1060,37.2883500655,127.1072509120,-35.298561,-69.790346,1,9,2,NONE,,
COMMON_2,,1061,37.2883492322,127.1072537453,-35.047630,-69.883109,1,9,2,NONE,,
COMMON_2,,1062,37.2883483989,127.1072562453,-34.826217,-69.975872,1,9,2,NONE,,
COMMON_2,,1063,37.2883474552,127.1072585835,-34.619134,-70.080925,1,9,2,NONE,,
COMMON_2,,1064,37.2883467232,127.1072611554,-34.391354,-70.162411,1,9,2,NONE,,
COMMON_2,,1065,37.2883460655,127.1072635787,-34.176734,-70.235626,1,9,2,NONE,,
COMMON_2,,1066,37.2883455655,127.1072659120,-33.970085,-70.291286,1,9,2,NONE,,
COMMON_2,,1067,37.2883450655,127.1072680787,-33.778191,-70.346946,1,9,2,NONE,,
COMMON_2,,1068,37.2883443989,127.1072704120,-33.571542,-70.421152,1,9,2,NONE,,
COMMON_2,,1069,37.2883435655,127.1072729120,-33.350130,-70.513926,1,9,2,NONE,,
COMMON_2,,1070,37.2883430655,127.1072750787,-33.158236,-70.569586,1,9,2,NONE,,
COMMON_2,,1071,37.2883425655,127.1072774120,-32.951587,-70.625246,1,9,2,NONE,,
COMMON_2,,1072,37.2883422150,127.1072795767,-32.759870,-70.664264,1,9,2,NONE,,
COMMON_2,,1073,37.2883417322,127.1072817453,-32.567808,-70.718009,1,9,2,NONE,,
COMMON_2,,1074,37.2883410655,127.1072840787,-32.361150,-70.792226,1,9,2,NONE,,
COMMON_2,,1075,37.2883405655,127.1072860787,-32.184020,-70.847886,1,9,2,NONE,,
COMMON_2,,1076,37.2883400655,127.1072880787,-32.006889,-70.903546,1,9,2,NONE,,
COMMON_2,,1077,37.2883396199,127.1072900314,-31.833948,-70.953150,1,9,2,NONE,,
COMMON_2,,1078,37.2883393205,127.1072918923,-31.669138,-70.986479,1,9,2,NONE,,
COMMON_2,,1079,37.2883389046,127.1072938369,-31.496914,-71.032777,1,9,2,NONE,,
COMMON_2,,1080,37.2883386384,127.1072955097,-31.348762,-71.062411,1,9,2,NONE,,
COMMON_2,,1081,37.2883384721,127.1072969524,-31.220990,-71.080923,1,9,2,NONE,,
COMMON_2,,1082,37.2883383889,127.1072983116,-31.100612,-71.090185,1,9,2,NONE,,
COMMON_2,,1083,37.2883382725,127.1073000889,-30.943205,-71.103143,1,9,2,NONE,,
COMMON_2,,1084,37.2883381560,127.1073022425,-30.752471,-71.116111,1,9,2,NONE,,
COMMON_2,,1085,37.2883378989,127.1073045787,-30.545566,-71.144732,1,9,2,NONE,,
COMMON_2,,1086,37.2883377068,127.1073066126,-30.365433,-71.166116,1,9,2,NONE,,
COMMON_2,,1087,37.2883376569,127.1073088290,-30.169137,-71.171671,1,9,2,NONE,,
COMMON_2,,1088,37.2883377322,127.1073107453,-29.999420,-71.163289,1,9,2,NONE,,
COMMON_2,,1089,37.2883377322,127.1073127453,-29.822290,-71.163289,1,9,2,NONE,,
COMMON_2,,1090,37.2883376736,127.1073150183,-29.620982,-71.169812,1,9,2,NONE,,
COMMON_2,,1091,37.2883376979,127.1073167345,-29.468986,-71.167107,1,9,2,NONE,,
COMMON_2,,1092,37.2883377278,127.1073190115,-29.267323,-71.163779,1,9,2,NONE,,
COMMON_2,,1093,37.2883377877,127.1073211380,-29.078990,-71.157111,1,9,2,NONE,,
COMMON_2,,1094,37.2883380422,127.1073236221,-28.858985,-71.128780,1,9,2,NONE,,
COMMON_2,,1095,37.2883385213,127.1073260120,-28.647324,-71.075446,1,9,2,NONE,,
COMMON_2,,1096,37.2883391951,127.1073282703,-28.447317,-71.000439,1,9,2,NONE,,
COMMON_2,,1097,37.2883398989,127.1073304120,-28.257637,-70.922092,1,9,2,NONE,,
COMMON_2,,1098,37.2883405725,127.1073328432,-28.042318,-70.847107,1,9,2,NONE,,
COMMON_2,,1099,37.2883413989,127.1073352453,-27.829576,-70.755112,1,9,2,NONE,,
COMMON_2,,1100,37.2883423989,127.1073375787,-27.622918,-70.643792,1,9,2,NONE,,
COMMON_2,,1101,37.2883433989,127.1073397453,-27.431033,-70.532472,1,9,2,NONE,,
COMMON_2,,1102,37.2883443989,127.1073419120,-27.239139,-70.421152,1,9,2,NONE,,
COMMON_2,,1103,37.2883453989,127.1073440787,-27.047245,-70.309832,1,9,2,NONE,,
COMMON_2,,1104,37.2883463965,127.1073464113,-26.840658,-70.198779,1,9,2,NONE,,
COMMON_2,,1105,37.2883473547,127.1073482932,-26.673987,-70.092112,1,9,2,NONE,,
COMMON_2,,1106,37.2883485655,127.1073504120,-26.486336,-69.957326,1,9,2,NONE,,
COMMON_2,,1107,37.2883498989,127.1073522453,-26.323969,-69.808892,1,9,2,NONE,,
COMMON_2,,1108,37.2883510655,127.1073542453,-26.146839,-69.679026,1,9,2,NONE,,
COMMON_2,,1109,37.2883522322,127.1073564120,-25.954945,-69.549149,1,9,2,NONE,,
COMMON_2,,1110,37.2883533989,127.1073585787,-25.763051,-69.419272,1,9,2,NONE,,
COMMON_2,,1111,37.2883547322,127.1073605787,-25.585921,-69.270849,1,9,2,NONE,,
COMMON_2,,1112,37.2883560655,127.1073624120,-25.423555,-69.122426,1,9,2,NONE,,
COMMON_2,,1113,37.2883575655,127.1073644120,-25.246424,-68.955446,1,9,2,NONE,,
COMMON_2,,1114,37.2883587322,127.1073664120,-25.069294,-68.825569,1,9,2,NONE,,
COMMON_2,,1115,37.2883602322,127.1073684120,-24.892164,-68.658589,1,9,2,NONE,,
COMMON_2,,1116,37.2883615198,127.1073701206,-24.740842,-68.515253,1,9,2,NONE,,
COMMON_2,,1117,37.2883629670,127.1073718561,-24.587137,-68.354151,1,9,2,NONE,,
COMMON_2,,1118,37.2883645655,127.1073735787,-24.434575,-68.176206,1,9,2,NONE,,
COMMON_2,,1119,37.2883658989,127.1073754119,-24.272217,-68.027772,1,9,2,NONE,,
COMMON_2,,1120,37.2883673989,127.1073770787,-24.124597,-67.860792,1,9,2,NONE,,
COMMON_2,,1121,37.2883690655,127.1073787452,-23.977003,-67.675266,1,9,2,NONE,,
COMMON_2,,1122,37.2883706692,127.1073800735,-23.859362,-67.496742,1,9,2,NONE,,
COMMON_2,,1123,37.2883722662,127.1073812654,-23.753802,-67.318964,1,9,2,NONE,,
COMMON_2,,1124,37.2883739298,127.1073825618,-23.638986,-67.133772,1,9,2,NONE,,
COMMON_2,,1125,37.2883756099,127.1073838582,-23.524170,-66.946743,1,9,2,NONE,,
COMMON_2,,1126,37.2883770655,127.1073850787,-23.416076,-66.784706,1,9,2,NONE,,
COMMON_2,,1127,37.2883785655,127.1073864119,-23.298001,-66.617726,1,9,2,NONE,,
COMMON_2,,1128,37.2883802322,127.1073879120,-23.165145,-66.432189,1,9,2,NONE,,
COMMON_2,,1129,37.2883818989,127.1073890787,-23.061816,-66.246652,1,9,2,NONE,,
COMMON_2,,1130,37.2883837322,127.1073902453,-22.958496,-66.042569,1,9,2,NONE,,
COMMON_2,,1131,37.2883855655,127.1073915787,-22.840403,-65.838486,1,9,2,NONE,,
COMMON_2,,1132,37.2883872322,127.1073929119,-22.722328,-65.652949,1,9,2,NONE,,
COMMON_2,,1133,37.2883890655,127.1073944120,-22.589472,-65.448866,1,9,2,NONE,,
COMMON_2,,1134,37.2883908989,127.1073957453,-22.471388,-65.244772,1,9,2,NONE,,
COMMON_2,,1135,37.2883927322,127.1073967453,-22.382823,-65.040689,1,9,2,NONE,,
COMMON_2,,1136,37.2883947074,127.1073977212,-22.296392,-64.820810,1,9,2,NONE,,
COMMON_2,,1137,37.2883965655,127.1073987452,-22.205702,-64.613966,1,9,2,NONE,,
COMMON_2,,1138,37.2883987498,127.1073997076,-22.120467,-64.370810,1,9,2,NONE,,
COMMON_2,,1139,37.2884007626,127.1074003976,-22.059357,-64.146745,1,9,2,NONE,,
COMMON_2,,1140,37.2884025655,127.1074009119,-22.013808,-63.946046,1,9,2,NONE,,
COMMON_2,,1141,37.2884046387,127.1074014430,-21.966771,-63.715257,1,9,2,NONE,,
COMMON_2,,1142,37.2884067322,127.1074020786,-21.910479,-63.482209,1,9,2,NONE,,
COMMON_2,,1143,37.2884090655,127.1074029119,-21.836677,-63.222466,1,9,2,NONE,,
COMMON_2,,1144,37.2884110655,127.1074035787,-21.777622,-62.999826,1,9,2,NONE,,
COMMON_2,,1145,37.2884123989,127.1074039119,-21.748112,-62.851392,1,9,2,NONE,,
COMMON_2,,1146,37.2884145655,127.1074044120,-21.703821,-62.610206,1,9,2,NONE,,
COMMON_2,,1147,37.2884168989,127.1074047453,-21.674302,-62.350452,1,9,2,NONE,,
COMMON_2,,1148,37.2884190655,127.1074052452,-21.630029,-62.109266,1,9,2,NONE,,
COMMON_2,,1149,37.2884212322,127.1074060786,-21.556218,-61.868069,1,9,2,NONE,,
COMMON_2,,1150,37.2884233989,127.1074070786,-21.467653,-61.626872,1,9,2,NONE,,
COMMON_2,,1151,37.2884255655,127.1074079120,-21.393843,-61.385686,1,9,2,NONE,,
COMMON_2,,1152,37.2884275655,127.1074087452,-21.320051,-61.163046,1,9,2,NONE,,
COMMON_2,,1153,37.2884297322,127.1074095786,-21.246241,-60.921849,1,9,2,NONE,,
COMMON_2,,1154,37.2884317322,127.1074104119,-21.172439,-60.699209,1,9,2,NONE,,
COMMON_2,,1155,37.2884338989,127.1074112453,-21.098629,-60.458012,1,9,2,NONE,,
COMMON_2,,1156,37.2884358966,127.1074121905,-21.014917,-60.235628,1,9,2,NONE,,
COMMON_2,,1157,37.2884380655,127.1074129119,-20.951027,-59.994186,1,9,2,NONE,,
COMMON_2,,1158,37.2884402717,127.1074135915,-20.890838,-59.748592,1,9,2,NONE,,
COMMON_2,,1159,37.2884423012,127.1074145742,-20.803805,-59.522668,1,9,2,NONE,,
COMMON_2,,1160,37.2884443989,127.1074155787,-20.714841,-59.289152,1,9,2,NONE,,
COMMON_2,,1161,37.2884465100,127.1074167906,-20.607509,-59.054144,1,9,2,NONE,,
COMMON_2,,1162,37.2884482322,127.1074177452,-20.522965,-58.862429,1,9,2,NONE,,
COMMON_2,,1163,37.2884502322,127.1074189120,-20.419627,-58.639789,1,9,2,NONE,,
COMMON_2,,1164,37.2884520655,127.1074199119,-20.331071,-58.435706,1,9,2,NONE,,
COMMON_2,,1165,37.2884538989,127.1074212453,-20.212978,-58.231612,1,9,2,NONE,,
COMMON_2,,1166,37.2884557322,127.1074224119,-20.109658,-58.027529,1,9,2,NONE,,
COMMON_2,,1167,37.2884575655,127.1074235786,-20.006329,-57.823446,1,9,2,NONE,,
COMMON_2,,1168,37.2884593989,127.1074247452,-19.903009,-57.619352,1,9,2,NONE,,
COMMON_2,,1169,37.2884613989,127.1074259119,-19.799681,-57.396712,1,9,2,NONE,,
COMMON_2,,1170,37.2884632322,127.1074269119,-19.711115,-57.192629,1,9,2,NONE,,
COMMON_2,,1171,37.2884650655,127.1074280786,-19.607787,-56.988546,1,9,2,NONE,,
COMMON_2,,1172,37.2884669881,127.1074292318,-19.505653,-56.774522,1,9,2,NONE,,
COMMON_2,,1173,37.2884687848,127.1074301727,-19.422322,-56.574513,1,9,2,NONE,,
COMMON_2,,1174,37.2884705655,127.1074309119,-19.356855,-56.376286,1,9,2,NONE,,
COMMON_2,,1175,37.2884725655,127.1074317452,-19.283054,-56.153646,1,9,2,NONE,,
COMMON_2,,1176,37.2884742322,127.1074325786,-19.209244,-55.968109,1,9,2,NONE,,
COMMON_2,,1177,37.2884760655,127.1074335786,-19.120679,-55.764026,1,9,2,NONE,,
COMMON_2,,1178,37.2884780340,127.1074346264,-19.027880,-55.544893,1,9,2,NONE,,
COMMON_2,,1179,37.2884797322,127.1074354119,-18.958312,-55.355849,1,9,2,NONE,,
COMMON_2,,1180,37.2884815441,127.1074360483,-18.901949,-55.154148,1,9,2,NONE,,
COMMON_2,,1181,37.2884832908,127.1074368846,-18.827882,-54.959706,1,9,2,NONE,,
COMMON_2,,1182,37.2884848989,127.1074377452,-18.751663,-54.780692,1,9,2,NONE,,
COMMON_2,,1183,37.2884868989,127.1074389119,-18.648334,-54.558052,1,9,2,NONE,,
COMMON_2,,1184,37.2884887322,127.1074397452,-18.574533,-54.353969,1,9,2,NONE,,
COMMON_2,,1185,37.2884903989,127.1074405786,-18.500723,-54.168432,1,9,2,NONE,,
COMMON_2,,1186,37.2884922322,127.1074412452,-18.441685,-53.964349,1,9,2,NONE,,
COMMON_2,,1187,37.2884940655,127.1074420786,-18.367875,-53.760266,1,9,2,NONE,,
COMMON_2,,1188,37.2884957322,127.1074430786,-18.279310,-53.574729,1,9,2,NONE,,
COMMON_2,,1189,37.2884973976,127.1074440775,-18.190843,-53.389337,1,9,2,NONE,,
COMMON_2,,1190,37.2884990612,127.1074448721,-18.120469,-53.204145,1,9,2,NONE,,
COMMON_2,,1191,37.2885003989,127.1074454119,-18.072661,-53.055232,1,9,2,NONE,,
COMMON_2,,1192,37.2885019058,127.1074459803,-18.022321,-52.887484,1,9,2,NONE,,
COMMON_2,,1193,37.2885032866,127.1074465867,-17.968615,-52.733773,1,9,2,NONE,,
COMMON_2,,1194,37.2885047322,127.1074474119,-17.895531,-52.572849,1,9,2,NONE,,
COMMON_2,,1195,37.2885062322,127.1074484119,-17.806966,-52.405869,1,9,2,NONE,,
COMMON_2,,1196,37.2885078989,127.1074497452,-17.688882,-52.220332,1,9,2,NONE,,
COMMON_2,,1197,37.2885092322,127.1074505786,-17.615072,-52.071909,1,9,2,NONE,,
COMMON_2,,1198,37.2885108989,127.1074514119,-17.541271,-51.886372,1,9,2,NONE,,
COMMON_2,,1199,37.2885124527,127.1074523786,-17.455655,-51.713403,1,9,2,NONE,,
COMMON_2,,1200,37.2885138989,127.1074534119,-17.364141,-51.552412,1,9,2,NONE,,
COMMON_2,,1201,37.2885155655,127.1074545786,-17.260812,-51.366886,1,9,2,NONE,,
COMMON_2,,1202,37.2885171771,127.1074554314,-17.185283,-51.187483,1,9,2,NONE,,
COMMON_2,,1203,37.2885190403,127.1074563305,-17.105655,-50.980071,1,9,2,NONE,,
COMMON_2,,1204,37.2885205655,127.1074569119,-17.054163,-50.810286,1,9,2,NONE,,
COMMON_2,,1205,37.2885220655,127.1074574119,-17.009880,-50.643306,1,9,2,NONE,,
COMMON_2,,1206,37.2885237315,127.1074581914,-16.940844,-50.457847,1,9,2,NONE,,
COMMON_2,,1207,37.2885253989,127.1074590786,-16.862269,-50.272232,1,9,2,NONE,,
COMMON_2,,1208,37.2885270752,127.1074597596,-16.801956,-50.085626,1,9,2,NONE,,
COMMON_2,,1209,37.2885287221,127.1074603242,-16.751952,-49.902293,1,9,2,NONE,,
COMMON_2,,1210,37.2885308989,127.1074609119,-16.699903,-49.659972,1,9,2,NONE,,
COMMON_2,,1211,37.2885328608,127.1074617277,-16.627651,-49.441573,1,9,2,NONE,,
COMMON_2,,1212,37.2885343808,127.1074622121,-16.584750,-49.272367,1,9,2,NONE,,
COMMON_2,,1213,37.2885367786,127.1074631808,-16.498957,-49.005444,1,9,2,NONE,,
COMMON_2,,1214,37.2885383842,127.1074639612,-16.429841,-48.826708,1,9,2,NONE,,
COMMON_2,,1215,37.2885400113,127.1074646878,-16.365490,-48.645579,1,9,2,NONE,,
COMMON_2,,1216,37.2885419167,127.1074654412,-16.298765,-48.433470,1,9,2,NONE,,
V_foword,V_COMMON_FORWARD,0,37.2885441110,127.1074663910,-16.214647,-48.189207,1,10,2,NONE,AAA_V_IN,AAA_V_OUT
V_foword,V_COMMON_FORWARD,1,37.2885457680,127.1074672623,-16.137481,-48.004746,1,10,2,NONE,AAA_V_IN,AAA_V_OUT
V_foword,V_COMMON_FORWARD,2,37.2885474235,127.1074681377,-16.059947,-47.820454,1,10,2,NONE,AAA_V_IN,AAA_V_OUT
V_foword,V_COMMON_FORWARD,3,37.2885490699,127.1074690381,-15.980209,-47.637180,1,10,2,NONE,AAA_V_IN,AAA_V_OUT
V_foword,V_COMMON_FORWARD,4,37.2885507175,127.1074699353,-15.900749,-47.453773,1,10,2,NONE,AAA_V_IN,AAA_V_OUT
V_foword,V_COMMON_FORWARD,5,37.2885523584,127.1074708497,-15.819763,-47.271107,1,10,2,NONE,AAA_V_IN,AAA_V_OUT
V_foword,V_COMMON_FORWARD,6,37.2885539656,127.1074718528,-15.730923,-47.092188,1,10,2,NONE,AAA_V_IN,AAA_V_OUT
V_foword,V_COMMON_FORWARD,7,37.2885555357,127.1074729457,-15.634127,-46.917411,1,10,2,NONE,AAA_V_IN,AAA_V_OUT
V_foword,V_COMMON_FORWARD,8,37.2885571613,127.1074738960,-15.549964,-46.736444,1,10,2,NONE,AAA_V_IN,AAA_V_OUT
V_foword,V_COMMON_FORWARD,9,37.2885587816,127.1074748684,-15.463847,-46.556073,1,10,2,NONE,AAA_V_IN,AAA_V_OUT
V_foword,V_COMMON_FORWARD,10,37.2885604424,127.1074757239,-15.388074,-46.371188,1,10,2,NONE,AAA_V_IN,AAA_V_OUT
V_foword,V_COMMON_FORWARD,11,37.2885620888,127.1074766262,-15.308166,-46.187920,1,10,2,NONE,AAA_V_IN,AAA_V_OUT
V_foword,V_COMMON_FORWARD,12,37.2885636842,127.1074776598,-15.216620,-46.010310,1,10,2,NONE,AAA_V_IN,AAA_V_OUT
V_foword,V_COMMON_FORWARD,13,37.2885652451,127.1074787754,-15.117821,-45.836551,1,10,2,NONE,AAA_V_IN,AAA_V_OUT
V_foword,V_COMMON_FORWARD,14,37.2885668246,127.1074798479,-15.022834,-45.660720,1,10,2,NONE,AAA_V_IN,AAA_V_OUT
V_foword,V_COMMON_FORWARD,15,37.2885684265,127.1074808701,-14.932302,-45.482399,1,10,2,NONE,AAA_V_IN,AAA_V_OUT
V_foword,V_COMMON_FORWARD,16,37.2885700167,127.1074819206,-14.839269,-45.305383,1,10,2,NONE,AAA_V_IN,AAA_V_OUT
V_foword,V_COMMON_FORWARD,17,37.2885716156,127.1074829495,-14.748145,-45.127392,1,10,2,NONE,AAA_V_IN,AAA_V_OUT
V_foword,V_COMMON_FORWARD,18,37.2885732211,127.1074839554,-14.659053,-44.948666,1,10,2,NONE,AAA_V_IN,AAA_V_OUT
V_foword,V_COMMON_FORWARD,19,37.2885748054,127.1074850169,-14.565044,-44.772306,1,10,2,NONE,AAA_V_IN,AAA_V_OUT
V_foword,V_COMMON_FORWARD,20,37.2885764010,127.1074860536,-14.473224,-44.594680,1,10,2,NONE,AAA_V_IN,AAA_V_OUT
V_foword,V_COMMON_FORWARD,21,37.2885779761,127.1074871387,-14.377126,-44.419338,1,10,2,NONE,AAA_V_IN,AAA_V_OUT
V_foword,V_COMMON_FORWARD,22,37.2885795394,127.1074882334,-14.280176,-44.245315,1,10,2,NONE,AAA_V_IN,AAA_V_OUT
V_foword,V_COMMON_FORWARD,23,37.2885810988,127.1074893411,-14.182072,-44.071722,1,10,2,NONE,AAA_V_IN,AAA_V_OUT
V_foword,V_COMMON_FORWARD,24,37.2885826805,127.1074904009,-14.088209,-43.895652,1,10,2,NONE,AAA_V_IN,AAA_V_OUT
V_foword,V_COMMON_FORWARD,25,37.2885843279,127.1074912937,-14.009140,-43.712262,1,10,2,NONE,AAA_V_IN,AAA_V_OUT
V_foword,V_COMMON_FORWARD,26,37.2885859933,127.1074921379,-13.934368,-43.526867,1,10,2,NONE,AAA_V_IN,AAA_V_OUT
V_foword,V_COMMON_FORWARD,27,37.2885876482,127.1074930152,-13.856672,-43.342647,1,10,2,NONE,AAA_V_IN,AAA_V_OUT
V_foword,V_COMMON_FORWARD,28,37.2885893208,127.1074938384,-13.783766,-43.156452,1,10,2,NONE,AAA_V_IN,AAA_V_OUT
V_foword,V_COMMON_FORWARD,29,37.2885909930,127.1074946622,-13.710801,-42.970297,1,10,2,NONE,AAA_V_IN,AAA_V_OUT
V_foword,V_COMMON_FORWARD,30,37.2885926647,127.1074954865,-13.637802,-42.784205,1,10,2,NONE,AAA_V_IN,AAA_V_OUT
V_foword,V_COMMON_FORWARD,31,37.2885943646,127.1074961978,-13.574803,-42.594973,1,10,2,NONE,AAA_V_IN,AAA_V_OUT
V_foword,V_COMMON_FORWARD,32,37.2885960943,127.1074967880,-13.522532,-42.402420,1,10,2,NONE,AAA_V_IN,AAA_V_OUT
V_foword,V_COMMON_FORWARD,33,37.2885978422,127.1074972986,-13.477314,-42.207844,1,10,2,NONE,AAA_V_IN,AAA_V_OUT
V_foword,V_COMMON_FORWARD,34,37.2885995977,127.1074977752,-13.435102,-42.012429,1,10,2,NONE,AAA_V_IN,AAA_V_OUT
V_foword,V_COMMON_FORWARD,35,37.2886013610,127.1074981882,-13.398524,-41.816130,1,10,2,NONE,AAA_V_IN,AAA_V_OUT
V_foword,V_COMMON_FORWARD,36,37.2886031251,127.1074985967,-13.362343,-41.619759,1,10,2,NONE,AAA_V_IN,AAA_V_OUT
V_foword,V_COMMON_FORWARD,37,37.2886048989,127.1074989278,-13.333024,-41.422291,1,10,2,NONE,AAA_V_IN,AAA_V_OUT
V_foword,V_COMMON_FORWARD,38,37.2886066855,127.1074991440,-13.313875,-41.223411,1,10,2,NONE,AAA_V_IN,AAA_V_OUT
V_foword,V_COMMON_FORWARD,39,37.2886084792,127.1074991798,-13.310703,-41.023741,1,10,2,NONE,AAA_V_IN,AAA_V_OUT
V_foword,V_COMMON_FORWARD,40,37.2886102701,127.1074990619,-13.321144,-40.824378,1,10,2,NONE,AAA_V_IN,AAA_V_OUT
V_foword,V_COMMON_FORWARD,41,37.2886120620,127.1074989345,-13.332432,-40.624898,1,10,2,NONE,AAA_V_IN,AAA_V_OUT
V_foword,V_COMMON_FORWARD,42,37.2886138538,127.1074988058,-13.343829,-40.425435,1,10,2,NONE,AAA_V_IN,AAA_V_OUT
V_foword,V_COMMON_FORWARD,43,37.2886156466,127.1074987043,-13.352812,-40.225864,1,10,2,NONE,AAA_V_IN,AAA_V_OUT
V_foword,V_COMMON_FORWARD,44,37.2886174250,127.1074984251,-13.377543,-40.027888,1,10,2,NONE,AAA_V_IN,AAA_V_OUT
V_foword,V_COMMON_FORWARD,45,37.2886191918,127.1074980811,-13.408011,-39.831204,1,10,2,NONE,AAA_V_IN,AAA_V_OUT
V_foword,V_COMMON_FORWARD,46,37.2886209396,127.1074976744,-13.444030,-39.636639,1,10,2,NONE,AAA_V_IN,AAA_V_OUT
V_foword,V_COMMON_FORWARD,47,37.2886226503,127.1074970555,-13.498844,-39.446214,1,10,2,NONE,AAA_V_IN,AAA_V_OUT
V_foword,V_COMMON_FORWARD,48,37.2886243725,127.1074964419,-13.553186,-39.254498,1,10,2,NONE,AAA_V_IN,AAA_V_OUT
V_foword,V_COMMON_FORWARD,49,37.2886260640,127.1074957096,-13.618038,-39.066196,1,10,2,NONE,AAA_V_IN,AAA_V_OUT
V_foword,V_COMMON_FORWARD,50,37.2886277290,127.1074948825,-13.691298,-38.880848,1,10,2,NONE,AAA_V_IN,AAA_V_OUT
V_foword,V_COMMON_FORWARD,51,37.2886293991,127.1074941062,-13.760044,-38.694935,1,10,2,NONE,AAA_V_IN,AAA_V_OUT
V_foword,V_COMMON_FORWARD,52,37.2886309962,127.1074931310,-13.846416,-38.517141,1,10,2,NONE,AAA_V_IN,AAA_V_OUT
V_foword,V_COMMON_FORWARD,53,37.2886325476,127.1074920598,-13.941290,-38.344440,1,10,2,NONE,AAA_V_IN,AAA_V_OUT
V_foword,V_COMMON_FORWARD,54,37.2886340323,127.1074908858,-14.045262,-38.179159,1,10,2,NONE,AAA_V_IN,AAA_V_OUT
V_foword,V_COMMON_FORWARD,55,37.2886354962,127.1074896181,-14.157537,-38.016204,1,10,2,NONE,AAA_V_IN,AAA_V_OUT
V_foword,V_COMMON_FORWARD,56,37.2886369745,127.1074883449,-14.270294,-37.851642,1,10,2,NONE,AAA_V_IN,AAA_V_OUT
V_foword,V_COMMON_FORWARD,57,37.2886384730,127.1074871104,-14.379627,-37.684823,1,10,2,NONE,AAA_V_IN,AAA_V_OUT
V_foword,V_COMMON_FORWARD,58,37.2886399690,127.1074858988,-14.486934,-37.518295,1,10,2,NONE,AAA_V_IN,AAA_V_OUT
V_foword,V_COMMON_FORWARD,59,37.2886414234,127.1074846266,-14.599609,-37.356392,1,10,2,NONE,AAA_V_IN,AAA_V_OUT
V_foword,V_COMMON_FORWARD,60,37.2886428246,127.1074832890,-14.718071,-37.200409,1,10,2,NONE,AAA_V_IN,AAA_V_OUT
V_foword,V_COMMON_FORWARD,61,37.2886442039,127.1074819078,-14.840398,-37.046858,1,10,2,NONE,AAA_V_IN,AAA_V_OUT
V_foword,V_COMMON_FORWARD,62,37.2886455775,127.1074804921,-14.965779,-36.893950,1,10,2,NONE,AAA_V_IN,AAA_V_OUT
V_foword,V_COMMON_FORWARD,63,37.2886469333,127.1074790257,-15.095654,-36.743029,1,10,2,NONE,AAA_V_IN,AAA_V_OUT
V_foword,V_COMMON_FORWARD,64,37.2886483248,127.1074776105,-15.220986,-36.588125,1,10,2,NONE,AAA_V_IN,AAA_V_OUT
V_foword,V_COMMON_FORWARD,65,37.2886496977,127.1074761870,-15.347064,-36.435296,1,10,2,NONE,AAA_V_IN,AAA_V_OUT
V_foword,V_COMMON_FORWARD,66,37.2886510773,127.1074747769,-15.471950,-36.281712,1,10,2,NONE,AAA_V_IN,AAA_V_OUT
V_foword,V_COMMON_FORWARD,67,37.2886524224,127.1074733166,-15.601278,-36.131982,1,10,2,NONE,AAA_V_IN,AAA_V_OUT
V_foword,V_COMMON_FORWARD,68,37.2886536839,127.1074717539,-15.739680,-35.991552,1,10,2,NONE,AAA_V_IN,AAA_V_OUT
V_foword,V_COMMON_FORWARD,69,37.2886549220,127.1074701520,-15.881554,-35.853723,1,10,2,NONE,AAA_V_IN,AAA_V_OUT
V_foword,V_COMMON_FORWARD,70,37.2886561783,127.1074685545,-16.023033,-35.713875,1,10,2,NONE,AAA_V_IN,AAA_V_OUT
V_foword,V_COMMON_FORWARD,71,37.2886574167,127.1074669218,-16.167638,-35.576011,1,10,2,NONE,AAA_V_IN,AAA_V_OUT
V_foword,V_COMMON_FORWARD,72,37.2886586998,127.1074653529,-16.306590,-35.433175,1,10,2,NONE,AAA_V_IN,AAA_V_OUT
V_foword,V_COMMON_FORWARD,73,37.2886599453,127.1074637428,-16.449183,-35.294528,1,10,2,NONE,AAA_V_IN,AAA_V_OUT
V_foword,V_COMMON_FORWARD,74,37.2886611718,127.1074621029,-16.594426,-35.157999,1,10,2,NONE,AAA_V_IN,AAA_V_OUT
V_foword,V_COMMON_FORWARD,75,37.2886623760,127.1074604347,-16.742169,-35.023940,1,10,2,NONE,AAA_V_IN,AAA_V_OUT
V_foword,V_COMMON_FORWARD,76,37.2886635056,127.1074586883,-16.896840,-34.898202,1,10,2,NONE,AAA_V_IN,AAA_V_OUT
V_foword,V_COMMON_FORWARD,77,37.2886646978,127.1074570033,-17.046072,-34.765482,1,10,2,NONE,AAA_V_IN,AAA_V_OUT
V_foword,V_COMMON_FORWARD,78,37.2886659049,127.1074553310,-17.194176,-34.631105,1,10,2,NONE,AAA_V_IN,AAA_V_OUT
V_foword,V_COMMON_FORWARD,79,37.2886671426,127.1074536948,-17.339086,-34.493326,1,10,2,NONE,AAA_V_IN,AAA_V_OUT
V_foword,V_COMMON_FORWARD,80,37.2886683237,127.1074519953,-17.489606,-34.361843,1,10,2,NONE,AAA_V_IN,AAA_V_OUT
V_foword,V_COMMON_FORWARD,81,37.2886694850,127.1074502748,-17.641980,-34.232566,1,10,2,NONE,AAA_V_IN,AAA_V_OUT
V_foword,V_COMMON_FORWARD,82,37.2886705635,127.1074484830,-17.800667,-34.112514,1,10,2,NONE,AAA_V_IN,AAA_V_OUT
V_foword,V_COMMON_FORWARD,83,37.2886715938,127.1074466406,-17.963839,-33.997823,1,10,2,NONE,AAA_V_IN,AAA_V_OUT
V_foword,V_COMMON_FORWARD,84,37.2886725599,127.1074447409,-18.132090,-33.890269,1,10,2,NONE,AAA_V_IN,AAA_V_OUT
V_foword,V_COMMON_FORWARD,85,37.2886741458,127.1074413663,-18.430958,-33.713724,1,10,2,NONE,AAA_V_IN,AAA_V_OUT
V_foword,V_COMMON_FORWARD,86,37.2886754191,127.1074376320,-18.761690,-33.571981,1,10,2,NONE,AAA_V_IN,AAA_V_OUT
V_foword,V_COMMON_FORWARD,87,37.2886764223,127.1074348676,-19.006518,-33.460305,1,10,2,NONE,AAA_V_IN,AAA_V_OUT
V_foword,V_COMMON_FORWARD,88,37.2886769625,127.1074330247,-19.169737,-33.400172,1,10,2,NONE,AAA_V_IN,AAA_V_OUT
V_foword,V_COMMON_FORWARD,89,37.2886775799,127.1074307453,-19.371613,-33.331448,1,10,2,NONE,AAA_V_IN,AAA_V_OUT
V_foword,V_COMMON_FORWARD,90,37.2886784673,127.1074283689,-19.582079,-33.232658,1,10,2,NONE,AAA_V_IN,AAA_V_OUT
V_foword,V_COMMON_FORWARD,91,37.2886792390,127.1074259440,-19.796840,-33.146754,1,10,2,NONE,AAA_V_IN,AAA_V_OUT
V_foword,V_COMMON_FORWARD,92,37.2886798178,127.1074241981,-19.951468,-33.082325,1,10,2,NONE,AAA_V_IN,AAA_V_OUT
V_foword,V_COMMON_FORWARD,93,37.2886803194,127.1074223551,-20.114687,-33.026487,1,10,2,NONE,AAA_V_IN,AAA_V_OUT
V_foword,V_COMMON_FORWARD,94,37.2886809753,127.1074202697,-20.299382,-32.953468,1,10,2,NONE,AAA_V_IN,AAA_V_OUT
V_foword,V_COMMON_FORWARD,95,37.2886814383,127.1074184268,-20.462600,-32.901926,1,10,2,NONE,AAA_V_IN,AAA_V_OUT
V_foword,V_COMMON_FORWARD,96,37.2886819399,127.1074161959,-20.660181,-32.846088,1,10,2,NONE,AAA_V_IN,AAA_V_OUT
V_foword,V_COMMON_FORWARD,97,37.2886823644,127.1074141105,-20.844876,-32.798840,1,10,2,NONE,AAA_V_IN,AAA_V_OUT
V_foword,V_COMMON_FORWARD,98,37.2886829045,127.1074119766,-21.033866,-32.738707,1,10,2,NONE,AAA_V_IN,AAA_V_OUT
V_foword,V_COMMON_FORWARD,99,37.2886834598,127.1074097716,-21.229149,-32.676897,1,10,2,NONE,AAA_V_IN,AAA_V_OUT
V_foword,V_COMMON_FORWARD,100,37.2886841198,127.1074077072,-21.411986,-32.603429,1,10,2,NONE,AAA_V_IN,AAA_V_OUT
V_foword,V_COMMON_FORWARD,101,37.2886847269,127.1074056270,-21.596215,-32.535842,1,10,2,NONE,AAA_V_IN,AAA_V_OUT
V_foword,V_COMMON_FORWARD,102,37.2886853255,127.1074035552,-21.779705,-32.469209,1,10,2,NONE,AAA_V_IN,AAA_V_OUT
V_foword,V_COMMON_FORWARD,103,37.2886859796,127.1074015296,-21.959099,-32.396387,1,10,2,NONE,AAA_V_IN,AAA_V_OUT
V_foword,V_COMMON_FORWARD,104,37.2886865819,127.1073994552,-22.142823,-32.329341,1,10,2,NONE,AAA_V_IN,AAA_V_OUT
V_foword,V_COMMON_FORWARD,105,37.2886872318,127.1073973952,-22.325263,-32.256993,1,10,2,NONE,AAA_V_IN,AAA_V_OUT
V_foword,V_COMMON_FORWARD,106,37.2886879324,127.1073953479,-22.506582,-32.179007,1,10,2,NONE,AAA_V_IN,AAA_V_OUT
V_foword,V_COMMON_FORWARD,107,37.2886879624,127.1073952619,-22.514198,-32.175668,1,10,2,NONE,AAA_V_IN,AAA_V_OUT
V_A,mission_parallel,0,37.2886887702,127.1073936804,-22.654269,-32.085746,1,10,2,NONE,AAA_V_IN,AAA_V_OUT
V_A,mission_parallel,1,37.2886893380,127.1073909784,-22.893567,-32.022535,1,10,2,NONE,AAA_V_IN,AAA_V_OUT
V_A,mission_parallel,2,37.2886899869,127.1073885314,-23.110290,-31.950294,1,10,2,NONE,AAA_V_IN,AAA_V_OUT
V_A,mission_parallel,3,37.2886908792,127.1073858294,-23.349589,-31.850963,1,10,2,NONE,AAA_V_IN,AAA_V_OUT
V_A,mission_parallel,4,37.2886916340,127.1073836485,-23.542743,-31.766941,1,10,2,NONE,AAA_V_IN,AAA_V_OUT
V_A,mission_parallel,5,37.2886924196,127.1073815330,-23.730103,-31.679487,1,10,2,NONE,AAA_V_IN,AAA_V_OUT
V_A,mission_parallel,6,37.2886932512,127.1073793542,-23.923068,-31.586913,1,10,2,NONE,AAA_V_IN,AAA_V_OUT
V_A,mission_parallel,7,37.2886939103,127.1073777355,-24.066432,-31.513545,1,10,2,NONE,AAA_V_IN,AAA_V_OUT
V_A,mission_parallel,8,37.2886947930,127.1073758159,-24.236436,-31.415284,1,10,2,NONE,AAA_V_IN,AAA_V_OUT
V_A,mission_parallel,9,37.2886955517,127.1073741289,-24.385850,-31.330824,1,10,2,NONE,AAA_V_IN,AAA_V_OUT
V_A,mission_parallel,10,37.2886962506,127.1073721965,-24.556992,-31.253028,1,10,2,NONE,AAA_V_IN,AAA_V_OUT
V_A,mission_parallel,11,37.2886973846,127.1073680270,-24.926259,-31.126786,1,10,2,NONE,AAA_V_IN,AAA_V_OUT
V_A,mission_parallel,12,37.2886959294,127.1073730510,-24.481312,-31.288781,-1,10,1,NONE,AAA_V_IN,AAA_V_OUT
V_A,mission_parallel,13,37.2886951837,127.1073753075,-24.281466,-31.371790,-1,10,1,NONE,AAA_V_IN,AAA_V_OUT
V_A,mission_parallel,14,37.2886946834,127.1073774491,-24.091791,-31.427482,-1,10,1,NONE,AAA_V_IN,AAA_V_OUT
V_A,mission_parallel,15,37.2886943927,127.1073794101,-23.918119,-31.459844,-1,10,1,NONE,AAA_V_IN,AAA_V_OUT
V_A,mission_parallel,16,37.2886940883,127.1073814636,-23.736246,-31.493734,-1,10,1,NONE,AAA_V_IN,AAA_V_OUT
V_A,mission_parallel,17,37.2886937065,127.1073834225,-23.562761,-31.536230,-1,10,1,NONE,AAA_V_IN,AAA_V_OUT
V_A,mission_parallel,18,37.2886934511,127.1073856597,-23.364620,-31.564669,-1,10,1,NONE,AAA_V_IN,AAA_V_OUT
V_A,mission_parallel,19,37.2886933382,127.1073880644,-23.151647,-31.577234,-1,10,1,NONE,AAA_V_IN,AAA_V_OUT
V_A,mission_parallel,20,37.2886933837,127.1073898964,-22.989399,-31.572172,-1,10,1,NONE,AAA_V_IN,AAA_V_OUT
V_A,mission_parallel,21,37.2886934570,127.1073923992,-22.767734,-31.564004,-1,10,1,NONE,AAA_V_IN,AAA_V_OUT
V_A,mission_parallel,22,37.2886936565,127.1073943411,-22.595750,-31.541800,-1,10,1,NONE,AAA_V_IN,AAA_V_OUT
V_A,mission_parallel,23,37.2886937722,127.1073956659,-22.478424,-31.528918,-1,10,1,NONE,AAA_V_IN,AAA_V_OUT
V_A,mission_parallel,24,37.2886939081,127.1073968863,-22.370337,-31.513786,-1,10,1,NONE,AAA_V_IN,AAA_V_OUT
V_A,mission_parallel,25,37.2886940917,127.1073981095,-22.262001,-31.493355,-1,10,1,NONE,AAA_V_IN,AAA_V_OUT
V_A,mission_parallel,26,37.2886942907,127.1073992888,-22.157557,-31.471200,-1,10,1,NONE,AAA_V_IN,AAA_V_OUT
V_A,mission_parallel,27,37.2886945750,127.1074011471,-21.992978,-31.439550,-1,10,1,NONE,AAA_V_IN,AAA_V_OUT
V_A,mission_parallel,28,37.2886948309,127.1074028982,-21.837894,-31.411065,-1,10,1,NONE,AAA_V_IN,AAA_V_OUT
V_A,mission_parallel,29,37.2886950733,127.1074043796,-21.706689,-31.384082,-1,10,1,NONE,AAA_V_IN,AAA_V_OUT
V_A,mission_parallel,30,37.2886953257,127.1074056488,-21.594280,-31.355980,-1,10,1,NONE,AAA_V_IN,AAA_V_OUT
V_A,mission_parallel,31,37.2886957141,127.1074071622,-21.460253,-31.312746,-1,10,1,NONE,AAA_V_IN,AAA_V_OUT
V_A,mission_parallel,32,37.2886961219,127.1074086267,-21.330550,-31.267349,-1,10,1,NONE,AAA_V_IN,AAA_V_OUT
V_A,mission_parallel,33,37.2886965083,127.1074100097,-21.208064,-31.224332,-1,10,1,NONE,AAA_V_IN,AAA_V_OUT
V_A,mission_parallel,34,37.2886970295,127.1074116215,-21.065314,-31.166316,-1,10,1,NONE,AAA_V_IN,AAA_V_OUT
V_A,mission_parallel,35,37.2886975620,127.1074136795,-20.883045,-31.107041,-1,10,1,NONE,AAA_V_IN,AAA_V_OUT
V_A,mission_parallel,36,37.2886980377,127.1074151276,-20.754791,-31.054086,-1,10,1,NONE,AAA_V_IN,AAA_V_OUT
V_A,mission_parallel,37,37.2886986140,127.1074169579,-20.592693,-30.989931,-1,10,1,NONE,AAA_V_IN,AAA_V_OUT
V_A,mission_parallel,38,37.2886991661,127.1074189521,-20.416079,-30.928470,-1,10,1,NONE,AAA_V_IN,AAA_V_OUT
V_A,mission_parallel,39,37.2886997667,127.1074206186,-20.268487,-30.861613,-1,10,1,NONE,AAA_V_IN,AAA_V_OUT
V_A,mission_parallel,40,37.2887003673,127.1074222851,-20.120885,-30.794757,-1,10,1,NONE,AAA_V_IN,AAA_V_OUT
V_A,mission_parallel,41,37.2887010009,127.1074240753,-19.962338,-30.724223,-1,10,1,NONE,AAA_V_IN,AAA_V_OUT
V_A,mission_parallel,42,37.2887013977,127.1074255082,-19.835432,-30.680053,-1,10,1,NONE,AAA_V_IN,AAA_V_OUT
V_A,mission_parallel,43,37.2887017837,127.1074273215,-19.674839,-30.637076,-1,10,1,NONE,AAA_V_IN,AAA_V_OUT
V_A,mission_parallel,44,37.2887020835,127.1074293060,-19.499082,-30.603708,-1,10,1,NONE,AAA_V_IN,AAA_V_OUT
V_A,mission_parallel,45,37.2887022700,127.1074311299,-19.337547,-30.582942,-1,10,1,NONE,AAA_V_IN,AAA_V_OUT
V_A,mission_parallel,46,37.2887026055,127.1074334900,-19.128525,-30.545593,-1,10,1,NONE,AAA_V_IN,AAA_V_OUT
V_A,mission_parallel,47,37.2887027793,127.1074355273,-18.948092,-30.526243,-1,10,1,NONE,AAA_V_IN,AAA_V_OUT
V_A,mission_parallel,48,37.2887029292,127.1074374958,-18.773750,-30.509562,-1,10,1,NONE,AAA_V_IN,AAA_V_OUT
V_A,mission_parallel,49,37.2887029296,127.1074400610,-18.546562,-30.509512,-1,10,1,NONE,AAA_V_IN,AAA_V_OUT
V_A,mission_parallel,50,37.2887029615,127.1074416955,-18.401804,-30.505969,-1,10,1,NONE,AAA_V_IN,AAA_V_OUT
V_A,mission_parallel,51,37.2887030240,127.1074437393,-18.220797,-30.499012,-1,10,1,NONE,AAA_V_IN,AAA_V_OUT
V_A,mission_parallel,52,37.2887031821,127.1074456523,-18.051375,-30.481414,-1,10,1,NONE,AAA_V_IN,AAA_V_OUT
V_A,mission_parallel,53,37.2887032563,127.1074474116,-17.895556,-30.473149,-1,10,1,NONE,AAA_V_IN,AAA_V_OUT
V_A,mission_parallel,54,37.2887032508,127.1074494011,-17.719357,-30.473766,-1,10,1,NONE,AAA_V_IN,AAA_V_OUT
V_A,mission_parallel,55,37.2887031795,127.1074510116,-17.576727,-30.481694,-1,10,1,NONE,AAA_V_IN,AAA_V_OUT
V_A,mission_parallel,56,37.2887029661,127.1074530672,-17.394668,-30.505450,-1,10,1,NONE,AAA_V_IN,AAA_V_OUT
V_A,mission_parallel,57,37.2887027539,127.1074543958,-17.276999,-30.529075,-1,10,1,NONE,AAA_V_IN,AAA_V_OUT
V_A,mission_parallel,58,37.2887025938,127.1074553729,-17.190465,-30.546898,-1,10,1,NONE,AAA_V_IN,AAA_V_OUT
V_A,mission_parallel,59,37.2887023275,127.1074568611,-17.058665,-30.576542,-1,10,1,NONE,AAA_V_IN,AAA_V_OUT
V_A,mission_parallel,60,37.2887020365,127.1074585157,-16.912125,-30.608932,-1,10,1,NONE,AAA_V_IN,AAA_V_OUT
V_A,mission_parallel,61,37.2887017198,127.1074602409,-16.759326,-30.644187,-1,10,1,NONE,AAA_V_IN,AAA_V_OUT
V_A,mission_parallel,62,37.2887012419,127.1074622382,-16.582437,-30.697396,-1,10,1,NONE,AAA_V_IN,AAA_V_OUT
V_A,mission_parallel,63,37.2887007121,127.1074641148,-16.416241,-30.756367,-1,10,1,NONE,AAA_V_IN,AAA_V_OUT
V_A,mission_parallel,64,37.2887001087,127.1074665453,-16.200984,-30.823541,-1,10,1,NONE,AAA_V_IN,AAA_V_OUT
V_A,mission_parallel,65,37.2886995318,127.1074683818,-16.038331,-30.887764,-1,10,1,NONE,AAA_V_IN,AAA_V_OUT
V_A,mission_parallel,66,37.2886988074,127.1074707006,-15.832963,-30.968405,-1,10,1,NONE,AAA_V_IN,AAA_V_OUT
V_A,mission_parallel,67,37.2886997124,127.1074676776,-16.100702,-30.867661,1,10,2,NONE,AAA_V_IN,AAA_V_OUT
V_A,mission_parallel,68,37.2887001935,127.1074656654,-16.278910,-30.814105,1,10,2,NONE,AAA_V_IN,AAA_V_OUT
V_A,mission_parallel,69,37.2887007765,127.1074635260,-16.468382,-30.749199,1,10,2,NONE,AAA_V_IN,AAA_V_OUT
V_A,mission_parallel,70,37.2887013587,127.1074613409,-16.661908,-30.684387,1,10,2,NONE,AAA_V_IN,AAA_V_OUT
V_A,mission_parallel,71,37.2887017317,127.1074595517,-16.820368,-30.642868,1,10,2,NONE,AAA_V_IN,AAA_V_OUT
V_A,mission_parallel,72,37.2887020813,127.1074576109,-16.992260,-30.603953,1,10,2,NONE,AAA_V_IN,AAA_V_OUT
V_A,mission_parallel,73,37.2887023911,127.1074559188,-17.142120,-30.569461,1,10,2,NONE,AAA_V_IN,AAA_V_OUT
V_A,mission_parallel,74,37.2887027499,127.1074540120,-17.310992,-30.529523,1,10,2,NONE,AAA_V_IN,AAA_V_OUT
V_A,mission_parallel,75,37.2887030194,127.1074519886,-17.490193,-30.499517,1,10,2,NONE,AAA_V_IN,AAA_V_OUT
V_A,mission_parallel,76,37.2887031420,127.1074502371,-17.645316,-30.485876,1,10,2,NONE,AAA_V_IN,AAA_V_OUT
V_A,mission_parallel,77,37.2887031808,127.1074483319,-17.814051,-30.481554,1,10,2,NONE,AAA_V_IN,AAA_V_OUT
V_A,mission_parallel,78,37.2887031262,127.1074459881,-18.021633,-30.487636,1,10,2,NONE,AAA_V_IN,AAA_V_OUT
V_A,mission_parallel,79,37.2887029261,127.1074439068,-18.205962,-30.509906,1,10,2,NONE,AAA_V_IN,AAA_V_OUT
V_A,mission_parallel,80,37.2887028656,127.1074420278,-18.372378,-30.516638,1,10,2,NONE,AAA_V_IN,AAA_V_OUT
V_A,mission_parallel,81,37.2887029022,127.1074394933,-18.596843,-30.512565,1,10,2,NONE,AAA_V_IN,AAA_V_OUT
V_A,mission_parallel,82,37.2887029146,127.1074371227,-18.806800,-30.511183,1,10,2,NONE,AAA_V_IN,AAA_V_OUT
V_A,mission_parallel,83,37.2887027389,127.1074348776,-19.005634,-30.530751,1,10,2,NONE,AAA_V_IN,AAA_V_OUT
V_A,mission_parallel,84,37.2887024478,127.1074322664,-19.236896,-30.563152,1,10,2,NONE,AAA_V_IN,AAA_V_OUT
V_A,mission_parallel,85,37.2887021568,127.1074296552,-19.468155,-30.595543,1,10,2,NONE,AAA_V_IN,AAA_V_OUT
V_A,mission_parallel,86,37.2887020054,127.1074272462,-19.681512,-30.612404,1,10,2,NONE,AAA_V_IN,AAA_V_OUT
V_A,mission_parallel,87,37.2887019024,127.1074245096,-19.923880,-30.623860,1,10,2,NONE,AAA_V_IN,AAA_V_OUT
V_A,mission_parallel,88,37.2887017753,127.1074219367,-20.151742,-30.638018,1,10,2,NONE,AAA_V_IN,AAA_V_OUT
V_A,mission_parallel,89,37.2887014599,127.1074194893,-20.368498,-30.673123,1,10,2,NONE,AAA_V_IN,AAA_V_OUT
V_A,mission_parallel,90,37.2887010731,127.1074167835,-20.608142,-30.716181,1,10,2,NONE,AAA_V_IN,AAA_V_OUT
V_A,mission_parallel,91,37.2887008536,127.1074144309,-20.816496,-30.740621,1,10,2,NONE,AAA_V_IN,AAA_V_OUT
V_A,mission_parallel,92,37.2887007021,127.1074120220,-21.029845,-30.757484,1,10,2,NONE,AAA_V_IN,AAA_V_OUT
V_A,mission_parallel,93,37.2887007873,127.1074091596,-21.283346,-30.748000,1,10,2,NONE,AAA_V_IN,AAA_V_OUT
V_A,mission_parallel,94,37.2887007997,127.1074067892,-21.493286,-30.746622,1,10,2,NONE,AAA_V_IN,AAA_V_OUT
V_A,mission_parallel,95,37.2887006725,127.1074042164,-21.721148,-30.760780,1,10,2,NONE,AAA_V_IN,AAA_V_OUT
V_A,mission_parallel,96,37.2887006377,127.1074014749,-21.963948,-30.764648,1,10,2,NONE,AAA_V_IN,AAA_V_OUT
V_A,mission_parallel,97,37.2887007701,127.1073989836,-22.184590,-30.749918,1,10,2,NONE,AAA_V_IN,AAA_V_OUT
V_A,mission_parallel,98,37.2887010192,127.1073961599,-22.434672,-30.722183,1,10,2,NONE,AAA_V_IN,AAA_V_OUT
V_A,mission_parallel,99,37.2887012682,127.1073933361,-22.684757,-30.694459,1,10,2,NONE,AAA_V_IN,AAA_V_OUT
V_A,mission_parallel,100,37.2887013292,127.1073906378,-22.923734,-30.687670,1,10,2,NONE,AAA_V_IN,AAA_V_OUT
V_A,mission_parallel,101,37.2887015783,127.1073878141,-23.173818,-30.659946,1,10,2,NONE,AAA_V_IN,AAA_V_OUT
V_A,mission_parallel,102,37.2887016636,127.1073849518,-23.427318,-30.650450,1,10,2,NONE,AAA_V_IN,AAA_V_OUT
V_A,mission_parallel,103,37.2887018883,127.1073822920,-23.662880,-30.625433,1,10,2,NONE,AAA_V_IN,AAA_V_OUT
V_A,mission_parallel,104,37.2887021617,127.1073793044,-23.927478,-30.595004,1,10,2,NONE,AAA_V_IN,AAA_V_OUT
V_A,mission_parallel,105,37.2887022469,127.1073764422,-24.180969,-30.585511,1,10,2,NONE,AAA_V_IN,AAA_V_OUT
V_A,mission_parallel,106,37.2887023079,127.1073737440,-24.419937,-30.578723,1,10,2,NONE,AAA_V_IN,AAA_V_OUT
V_A,mission_parallel,107,37.2887023931,127.1073708818,-24.673430,-30.569241,1,10,2,NONE,AAA_V_IN,AAA_V_OUT
V_A,mission_parallel,108,37.2887026179,127.1073682219,-24.908999,-30.544210,1,10,2,NONE,AAA_V_IN,AAA_V_OUT
V_A,mission_parallel,109,37.2887028670,127.1073653981,-25.159092,-30.516485,1,10,2,NONE,AAA_V_IN,AAA_V_OUT
V_A,mission_parallel,110,37.2887031404,127.1073624105,-25.423691,-30.486056,1,10,2,NONE,AAA_V_IN,AAA_V_OUT
V_A,mission_parallel,111,37.2887031770,127.1073598760,-25.648153,-30.481972,1,10,2,NONE,AAA_V_IN,AAA_V_OUT
V_A,mission_parallel,112,37.2887034261,127.1073570523,-25.898238,-30.454248,1,10,2,NONE,AAA_V_IN,AAA_V_OUT
V_A,mission_parallel,113,37.2887037405,127.1073545845,-26.116797,-30.419251,1,10,2,NONE,AAA_V_IN,AAA_V_OUT
V_A,mission_parallel,114,37.2887041548,127.1073521369,-26.333570,-30.373128,1,10,2,NONE,AAA_V_IN,AAA_V_OUT
V_A,mission_parallel,115,37.2887047073,127.1073495537,-26.562351,-30.311621,1,10,2,NONE,AAA_V_IN,AAA_V_OUT
V_A,mission_parallel,116,37.2887052355,127.1073471344,-26.776617,-30.252819,1,10,2,NONE,AAA_V_IN,AAA_V_OUT
V_A,mission_parallel,117,37.2887055756,127.1073448406,-26.979770,-30.214963,1,10,2,NONE,AAA_V_IN,AAA_V_OUT
V_A,mission_parallel,118,37.2887059932,127.1073425894,-27.179143,-30.168482,1,10,2,NONE,AAA_V_IN,AAA_V_OUT
V_A,mission_parallel,119,37.2887062980,127.1073413626,-27.287800,-30.134545,1,10,2,NONE,AAA_V_IN,AAA_V_OUT
V_A,mission_parallel,120,37.2887066218,127.1073402003,-27.390733,-30.098503,1,10,2,NONE,AAA_V_IN,AAA_V_OUT
V_A,mission_parallel,121,37.2887070192,127.1073383953,-27.550596,-30.054260,1,10,2,NONE,AAA_V_IN,AAA_V_OUT
V_A,mission_parallel,122,37.2887074409,127.1073363192,-27.734469,-30.007314,1,10,2,NONE,AAA_V_IN,AAA_V_OUT
V_A,mission_parallel,123,37.2887079330,127.1073341547,-27.926166,-29.952544,1,10,2,NONE,AAA_V_IN,AAA_V_OUT
V_A,mission_parallel,124,37.2887084896,127.1073316067,-28.151826,-29.890582,1,10,2,NONE,AAA_V_IN,AAA_V_OUT
V_A,mission_parallel,125,37.2887090493,127.1073292368,-28.361717,-29.828271,1,10,2,NONE,AAA_V_IN,AAA_V_OUT
V_A,mission_parallel,126,37.2887094618,127.1073269040,-28.568328,-29.782357,1,10,2,NONE,AAA_V_IN,AAA_V_OUT
V_A,mission_parallel,127,37.2887099331,127.1073244600,-28.784778,-29.729885,1,10,2,NONE,AAA_V_IN,AAA_V_OUT
V_A,mission_parallel,128,37.2887106107,127.1073207941,-29.109452,-29.654455,1,10,2,NONE,AAA_V_IN,AAA_V_OUT
V_A,mission_parallel,129,37.2887112588,127.1073172762,-29.421008,-29.582305,1,10,2,NONE,AAA_V_IN,AAA_V_OUT
V_A,mission_parallel,130,37.2887118186,127.1073144249,-29.673533,-29.519994,1,10,2,NONE,AAA_V_IN,AAA_V_OUT
V_A,mission_parallel,131,37.2887122605,127.1073119069,-29.896541,-29.470801,1,10,2,NONE,AAA_V_IN,AAA_V_OUT
V_B,mission_parallel,0,37.2886888948,127.1073937054,-22.652051,-32.071869,1,10,2,NONE,AAA_V_IN,AAA_V_OUT
V_B,mission_parallel,1,37.2886871054,127.1073972488,-22.338234,-32.271064,-1,10,1,NONE,AAA_V_IN,AAA_V_OUT
V_B,mission_parallel,2,37.2886864173,127.1073991167,-22.172796,-32.347661,-1,10,1,NONE,AAA_V_IN,AAA_V_OUT
V_B,mission_parallel,3,37.2886860094,127.1074005335,-22.047323,-32.393078,-1,10,1,NONE,AAA_V_IN,AAA_V_OUT
V_B,mission_parallel,4,37.2886854711,127.1074021020,-21.908409,-32.453001,-1,10,1,NONE,AAA_V_IN,AAA_V_OUT
V_B,mission_parallel,5,37.2886849802,127.1074034610,-21.788043,-32.507646,-1,10,1,NONE,AAA_V_IN,AAA_V_OUT
V_B,mission_parallel,6,37.2886844355,127.1074052860,-21.626414,-32.568281,-1,10,1,NONE,AAA_V_IN,AAA_V_OUT
V_B,mission_parallel,7,37.2886839883,127.1074071721,-21.459375,-32.618057,-1,10,1,NONE,AAA_V_IN,AAA_V_OUT
V_B,mission_parallel,8,37.2886833098,127.1074093868,-21.263227,-32.693594,-1,10,1,NONE,AAA_V_IN,AAA_V_OUT
V_B,mission_parallel,9,37.2886827898,127.1074110452,-21.116348,-32.751480,-1,10,1,NONE,AAA_V_IN,AAA_V_OUT
V_B,mission_parallel,10,37.2886822054,127.1074127270,-20.967407,-32.816534,-1,10,1,NONE,AAA_V_IN,AAA_V_OUT
V_B,mission_parallel,11,37.2886813937,127.1074151211,-20.755373,-32.906898,-1,10,1,NONE,AAA_V_IN,AAA_V_OUT
V_B,mission_parallel,12,37.2886809260,127.1074167343,-20.612498,-32.958954,-1,10,1,NONE,AAA_V_IN,AAA_V_OUT
V_B,mission_parallel,13,37.2886804082,127.1074184505,-20.460501,-33.016594,-1,10,1,NONE,AAA_V_IN,AAA_V_OUT
V_B,mission_parallel,14,37.2886798134,127.1074201761,-20.307670,-33.082814,-1,10,1,NONE,AAA_V_IN,AAA_V_OUT
V_B,mission_parallel,15,37.2886789935,127.1074223351,-20.116464,-33.174083,-1,10,1,NONE,AAA_V_IN,AAA_V_OUT
V_B,mission_parallel,16,37.2886783210,127.1074241787,-19.953179,-33.248947,-1,10,1,NONE,AAA_V_IN,AAA_V_OUT
V_B,mission_parallel,17,37.2886777322,127.1074259934,-19.792466,-33.314496,-1,10,1,NONE,AAA_V_IN,AAA_V_OUT
V_B,mission_parallel,18,37.2886772295,127.1074276367,-19.646920,-33.370447,-1,10,1,NONE,AAA_V_IN,AAA_V_OUT
V_B,mission_parallel,19,37.2886767904,127.1074291316,-19.514526,-33.419338,-1,10,1,NONE,AAA_V_IN,AAA_V_OUT
V_B,mission_parallel,20,37.2886762006,127.1074309077,-19.357229,-33.484991,-1,10,1,NONE,AAA_V_IN,AAA_V_OUT
V_B,mission_parallel,21,37.2886757365,127.1074324696,-19.218895,-33.536658,-1,10,1,NONE,AAA_V_IN,AAA_V_OUT
V_B,mission_parallel,22,37.2886751675,127.1074340692,-19.077229,-33.599991,-1,10,1,NONE,AAA_V_IN,AAA_V_OUT
V_B,mission_parallel,23,37.2886745986,127.1074361581,-18.892229,-33.663325,-1,10,1,NONE,AAA_V_IN,AAA_V_OUT
V_B,mission_parallel,24,37.2886740079,127.1074385002,-18.684797,-33.729083,-1,10,1,NONE,AAA_V_IN,AAA_V_OUT
V_B,mission_parallel,25,37.2886736935,127.1074401939,-18.534797,-33.764083,-1,10,1,NONE,AAA_V_IN,AAA_V_OUT
V_B,mission_parallel,26,37.2886733830,127.1074421360,-18.362789,-33.798642,-1,10,1,NONE,AAA_V_IN,AAA_V_OUT
V_B,mission_parallel,27,37.2886729786,127.1074444788,-18.155305,-33.843657,-1,10,1,NONE,AAA_V_IN,AAA_V_OUT
V_B,mission_parallel,28,37.2886726360,127.1074464059,-17.984630,-33.881801,-1,10,1,NONE,AAA_V_IN,AAA_V_OUT
V_B,mission_parallel,29,37.2886723105,127.1074484086,-17.807257,-33.918035,-1,10,1,NONE,AAA_V_IN,AAA_V_OUT
V_B,mission_parallel,30,37.2886720845,127.1074499329,-17.672260,-33.943190,-1,10,1,NONE,AAA_V_IN,AAA_V_OUT
V_B,mission_parallel,31,37.2886718996,127.1074512459,-17.555970,-33.963772,-1,10,1,NONE,AAA_V_IN,AAA_V_OUT
V_B,mission_parallel,32,37.2886717196,127.1074525630,-17.439326,-33.983809,-1,10,1,NONE,AAA_V_IN,AAA_V_OUT
V_B,mission_parallel,33,37.2886715955,127.1074536058,-17.346966,-33.997633,-1,10,1,NONE,AAA_V_IN,AAA_V_OUT
V_B,mission_parallel,34,37.2886714945,127.1074549030,-17.232079,-34.008873,-1,10,1,NONE,AAA_V_IN,AAA_V_OUT
V_B,mission_parallel,35,37.2886714277,127.1074563805,-17.101230,-34.016303,-1,10,1,NONE,AAA_V_IN,AAA_V_OUT
V_B,mission_parallel,36,37.2886713266,127.1074585008,-16.913446,-34.027561,-1,10,1,NONE,AAA_V_IN,AAA_V_OUT
V_B,mission_parallel,37,37.2886710792,127.1074615056,-16.647318,-34.055103,-1,10,1,NONE,AAA_V_IN,AAA_V_OUT
V_B,mission_parallel,38,37.2886708838,127.1074641589,-16.412328,-34.076855,-1,10,1,NONE,AAA_V_IN,AAA_V_OUT
V_B,mission_parallel,39,37.2886708156,127.1074660572,-16.244212,-34.084448,-1,10,1,NONE,AAA_V_IN,AAA_V_OUT
V_B,mission_parallel,40,37.2886707915,127.1074679658,-16.075172,-34.087128,-1,10,1,NONE,AAA_V_IN,AAA_V_OUT
V_B,mission_parallel,41,37.2886707840,127.1074697634,-15.915968,-34.087964,-1,10,1,NONE,AAA_V_IN,AAA_V_OUT
V_B,mission_parallel,42,37.2886708268,127.1074713240,-15.777757,-34.083200,-1,10,1,NONE,AAA_V_IN,AAA_V_OUT
V_B,mission_parallel,43,37.2886709903,127.1074731999,-15.611611,-34.065004,-1,10,1,NONE,AAA_V_IN,AAA_V_OUT
V_B,mission_parallel,44,37.2886711119,127.1074744344,-15.502278,-34.051463,-1,10,1,NONE,AAA_V_IN,AAA_V_OUT
V_B,mission_parallel,45,37.2886712599,127.1074773142,-15.247229,-34.034991,-1,10,1,NONE,AAA_V_IN,AAA_V_OUT
V_B,mission_parallel,46,37.2886713483,127.1074796200,-15.043017,-34.025152,-1,10,1,NONE,AAA_V_IN,AAA_V_OUT
V_B,mission_parallel,47,37.2886713155,127.1074821009,-14.823301,-34.028794,-1,10,1,NONE,AAA_V_IN,AAA_V_OUT
V_B,mission_parallel,48,37.2886713936,127.1074839376,-14.660629,-34.020108,-1,10,1,NONE,AAA_V_IN,AAA_V_OUT
V_B,mission_parallel,49,37.2886716120,127.1074865730,-14.427226,-33.995794,-1,10,1,NONE,AAA_V_IN,AAA_V_OUT
V_B,mission_parallel,50,37.2886718155,127.1074888987,-14.221249,-33.973141,-1,10,1,NONE,AAA_V_IN,AAA_V_OUT
V_B,mission_parallel,51,37.2886720793,127.1074908173,-14.051327,-33.943770,-1,10,1,NONE,AAA_V_IN,AAA_V_OUT
V_B,mission_parallel,52,37.2886723393,127.1074925268,-13.899926,-33.914831,-1,10,1,NONE,AAA_V_IN,AAA_V_OUT
V_B,mission_parallel,53,37.2886725175,127.1074941945,-13.752229,-33.894991,-1,10,1,NONE,AAA_V_IN,AAA_V_OUT
V_B,mission_parallel,54,37.2886727130,127.1074959643,-13.595482,-33.873227,-1,10,1,NONE,AAA_V_IN,AAA_V_OUT
V_B,mission_parallel,55,37.2886728317,127.1074980403,-13.411625,-33.860018,-1,10,1,NONE,AAA_V_IN,AAA_V_OUT
V_B,mission_parallel,56,37.2886731410,127.1075003715,-13.205157,-33.825589,-1,10,1,NONE,AAA_V_IN,AAA_V_OUT
V_B,mission_parallel,57,37.2886735771,127.1075027709,-12.992660,-33.777032,-1,10,1,NONE,AAA_V_IN,AAA_V_OUT
V_B,mission_parallel,58,37.2886738667,127.1075046189,-12.828987,-33.744797,-1,10,1,NONE,AAA_V_IN,AAA_V_OUT
V_B,mission_parallel,59,37.2886741782,127.1075063007,-12.680043,-33.710120,-1,10,1,NONE,AAA_V_IN,AAA_V_OUT
V_B,mission_parallel,60,37.2886744157,127.1075076954,-12.556519,-33.683680,-1,10,1,NONE,AAA_V_IN,AAA_V_OUT
V_B,mission_parallel,61,37.2886747483,127.1075096069,-12.387229,-33.646658,-1,10,1,NONE,AAA_V_IN,AAA_V_OUT
V_B,mission_parallel,62,37.2886749867,127.1075109112,-12.271709,-33.620120,-1,10,1,NONE,AAA_V_IN,AAA_V_OUT
V_B,mission_parallel,63,37.2886752304,127.1075125762,-12.124254,-33.592992,-1,10,1,NONE,AAA_V_IN,AAA_V_OUT
V_B,mission_parallel,64,37.2886755668,127.1075144161,-11.961303,-33.555539,-1,10,1,NONE,AAA_V_IN,AAA_V_OUT
V_B,mission_parallel,65,37.2886759203,127.1075162780,-11.796396,-33.516197,-1,10,1,NONE,AAA_V_IN,AAA_V_OUT
V_B,mission_parallel,66,37.2886763522,127.1075179871,-11.645032,-33.468115,-1,10,1,NONE,AAA_V_IN,AAA_V_OUT
V_B,mission_parallel,67,37.2886768742,127.1075196025,-11.501962,-33.410006,-1,10,1,NONE,AAA_V_IN,AAA_V_OUT
V_B,mission_parallel,68,37.2886774807,127.1075211611,-11.363931,-33.342488,-1,10,1,NONE,AAA_V_IN,AAA_V_OUT
V_B,mission_parallel,69,37.2886782677,127.1075228385,-11.215365,-33.254885,-1,10,1,NONE,AAA_V_IN,AAA_V_OUT
V_B,mission_parallel,70,37.2886797302,127.1075259468,-10.940082,-33.092074,-1,10,1,NONE,AAA_V_IN,AAA_V_OUT
V_B,mission_parallel,71,37.2886787053,127.1075238683,-11.124161,-33.206169,1,10,2,NONE,AAA_V_IN,AAA_V_OUT
V_B,mission_parallel,72,37.2886781681,127.1075227663,-11.221763,-33.265968,1,10,2,NONE,AAA_V_IN,AAA_V_OUT
V_B,mission_parallel,73,37.2886777332,127.1075218987,-11.298604,-33.314382,1,10,2,NONE,AAA_V_IN,AAA_V_OUT
V_B,mission_parallel,74,37.2886771221,127.1075204862,-11.423703,-33.382408,1,10,2,NONE,AAA_V_IN,AAA_V_OUT
V_B,mission_parallel,75,37.2886765131,127.1075187715,-11.575560,-33.450203,1,10,2,NONE,AAA_V_IN,AAA_V_OUT
V_B,mission_parallel,76,37.2886760114,127.1075169269,-11.738929,-33.506047,1,10,2,NONE,AAA_V_IN,AAA_V_OUT
V_B,mission_parallel,77,37.2886755352,127.1075149111,-11.917456,-33.559067,1,10,2,NONE,AAA_V_IN,AAA_V_OUT
V_B,mission_parallel,78,37.2886751845,127.1075128805,-12.097297,-33.598106,1,10,2,NONE,AAA_V_IN,AAA_V_OUT
V_B,mission_parallel,79,37.2886748370,127.1075108924,-12.273376,-33.636786,1,10,2,NONE,AAA_V_IN,AAA_V_OUT
V_B,mission_parallel,80,37.2886745675,127.1075088412,-12.455043,-33.666786,1,10,2,NONE,AAA_V_IN,AAA_V_OUT
V_B,mission_parallel,81,37.2886741612,127.1075063326,-12.677212,-33.712011,1,10,2,NONE,AAA_V_IN,AAA_V_OUT
V_B,mission_parallel,82,37.2886737973,127.1075042130,-12.864941,-33.752524,1,10,2,NONE,AAA_V_IN,AAA_V_OUT
V_B,mission_parallel,83,37.2886732939,127.1075018911,-13.070580,-33.808565,1,10,2,NONE,AAA_V_IN,AAA_V_OUT
V_B,mission_parallel,84,37.2886728949,127.1074995684,-13.276287,-33.852976,1,10,2,NONE,AAA_V_IN,AAA_V_OUT
V_B,mission_parallel,85,37.2886726875,127.1074972835,-13.478651,-33.876064,1,10,2,NONE,AAA_V_IN,AAA_V_OUT
V_B,mission_parallel,86,37.2886726513,127.1074947896,-13.699519,-33.880100,1,10,2,NONE,AAA_V_IN,AAA_V_OUT
V_B,mission_parallel,87,37.2886725241,127.1074922168,-13.927381,-33.894259,1,10,2,NONE,AAA_V_IN,AAA_V_OUT
V_B,mission_parallel,88,37.2886722088,127.1074897694,-14.144135,-33.929352,1,10,2,NONE,AAA_V_IN,AAA_V_OUT
V_B,mission_parallel,89,37.2886719420,127.1074869944,-14.389902,-33.959051,1,10,2,NONE,AAA_V_IN,AAA_V_OUT
V_B,mission_parallel,90,37.2886716820,127.1074845604,-14.605475,-33.988001,1,10,2,NONE,AAA_V_IN,AAA_V_OUT
V_B,mission_parallel,91,37.2886715915,127.1074820889,-14.824361,-33.998079,1,10,2,NONE,AAA_V_IN,AAA_V_OUT
V_B,mission_parallel,92,37.2886716129,127.1074793757,-15.064653,-33.995688,1,10,2,NONE,AAA_V_IN,AAA_V_OUT
V_B,mission_parallel,93,37.2886715729,127.1074769053,-15.283446,-34.000145,1,10,2,NONE,AAA_V_IN,AAA_V_OUT
V_B,mission_parallel,94,37.2886715852,127.1074745347,-15.493397,-33.998776,1,10,2,NONE,AAA_V_IN,AAA_V_OUT
V_B,mission_parallel,95,37.2886714580,127.1074719619,-15.721259,-34.012934,1,10,2,NONE,AAA_V_IN,AAA_V_OUT
V_B,mission_parallel,96,37.2886712297,127.1074694275,-15.945714,-34.038349,1,10,2,NONE,AAA_V_IN,AAA_V_OUT
V_B,mission_parallel,97,37.2886712341,127.1074670358,-16.157542,-34.037865,1,10,2,NONE,AAA_V_IN,AAA_V_OUT
V_B,mission_parallel,98,37.2886713556,127.1074646479,-16.369027,-34.024331,1,10,2,NONE,AAA_V_IN,AAA_V_OUT
V_B,mission_parallel,99,37.2886715561,127.1074621518,-16.590093,-34.002015,1,10,2,NONE,AAA_V_IN,AAA_V_OUT
V_B,mission_parallel,100,37.2886715685,127.1074597812,-16.800042,-34.000635,1,10,2,NONE,AAA_V_IN,AAA_V_OUT
V_B,mission_parallel,101,37.2886717690,127.1074572851,-17.021107,-33.978318,1,10,2,NONE,AAA_V_IN,AAA_V_OUT
V_B,mission_parallel,102,37.2886718057,127.1074547507,-17.245570,-33.974234,1,10,2,NONE,AAA_V_IN,AAA_V_OUT
V_B,mission_parallel,103,37.2886719818,127.1074524185,-17.452121,-33.954622,1,10,2,NONE,AAA_V_IN,AAA_V_OUT
V_B,mission_parallel,104,37.2886723462,127.1074499608,-17.669787,-33.914062,1,10,2,NONE,AAA_V_IN,AAA_V_OUT
V_B,mission_parallel,105,37.2886728987,127.1074473776,-17.898568,-33.852555,1,10,2,NONE,AAA_V_IN,AAA_V_OUT
V_B,mission_parallel,106,37.2886732631,127.1074449199,-18.116234,-33.811995,1,10,2,NONE,AAA_V_IN,AAA_V_OUT
V_B,mission_parallel,107,37.2886736517,127.1074422983,-18.348414,-33.768731,1,10,2,NONE,AAA_V_IN,AAA_V_OUT
V_B,mission_parallel,108,37.2886740093,127.1074394509,-18.600600,-33.728930,1,10,2,NONE,AAA_V_IN,AAA_V_OUT
V_B,mission_parallel,109,37.2886743804,127.1074373830,-18.783746,-33.687612,1,10,2,NONE,AAA_V_IN,AAA_V_OUT
V_B,mission_parallel,110,37.2886750967,127.1074348382,-19.009121,-33.607874,1,10,2,NONE,AAA_V_IN,AAA_V_OUT
V_B,mission_parallel,111,37.2886757065,127.1074323755,-19.227229,-33.539991,1,10,2,NONE,AAA_V_IN,AAA_V_OUT
V_B,mission_parallel,112,37.2886765051,127.1074299125,-19.445371,-33.451089,1,10,2,NONE,AAA_V_IN,AAA_V_OUT
V_B,mission_parallel,113,37.2886772214,127.1074273676,-19.670755,-33.371350,1,10,2,NONE,AAA_V_IN,AAA_V_OUT
V_B,mission_parallel,114,37.2886779377,127.1074248229,-19.896129,-33.291612,1,10,2,NONE,AAA_V_IN,AAA_V_OUT
V_B,mission_parallel,115,37.2886787936,127.1074224803,-20.103599,-33.196335,1,10,2,NONE,AAA_V_IN,AAA_V_OUT
V_B,mission_parallel,116,37.2886797596,127.1074198877,-20.333217,-33.088800,1,10,2,NONE,AAA_V_IN,AAA_V_OUT
V_B,mission_parallel,117,37.2886806506,127.1074173589,-20.557175,-32.989612,1,10,2,NONE,AAA_V_IN,AAA_V_OUT
V_B,mission_parallel,118,37.2886813740,127.1074148829,-20.776464,-32.909083,1,10,2,NONE,AAA_V_IN,AAA_V_OUT
V_B,mission_parallel,119,37.2886823629,127.1074121271,-21.020537,-32.799002,1,10,2,NONE,AAA_V_IN,AAA_V_OUT
V_B,mission_parallel,120,37.2886832188,127.1074097844,-21.228015,-32.703722,1,10,2,NONE,AAA_V_IN,AAA_V_OUT
V_B,mission_parallel,121,37.2886843109,127.1074072363,-21.453684,-32.582146,1,10,2,NONE,AAA_V_IN,AAA_V_OUT
V_B,mission_parallel,122,37.2886853069,127.1074048483,-21.665184,-32.471272,1,10,2,NONE,AAA_V_IN,AAA_V_OUT
V_B,mission_parallel,123,37.2886861871,127.1074023419,-21.887159,-32.373291,1,10,2,NONE,AAA_V_IN,AAA_V_OUT
V_B,mission_parallel,124,37.2886870430,127.1073999994,-22.094621,-32.278015,1,10,2,NONE,AAA_V_IN,AAA_V_OUT
V_B,mission_parallel,125,37.2886877902,127.1073975533,-22.311263,-32.194831,1,10,2,NONE,AAA_V_IN,AAA_V_OUT
V_B,mission_parallel,126,37.2886887791,127.1073951504,-22.524075,-32.084755,1,10,2,NONE,AAA_V_IN,AAA_V_OUT
V_B,mission_parallel,127,37.2886897987,127.1073928462,-22.728147,-31.971245,1,10,2,NONE,AAA_V_IN,AAA_V_OUT
V_B,mission_parallel,128,37.2886909867,127.1073886821,-23.096944,-31.838999,1,10,2,NONE,AAA_V_IN,AAA_V_OUT
V_B,mission_parallel,129,37.2886916772,127.1073852107,-23.404389,-31.762137,1,10,2,NONE,AAA_V_IN,AAA_V_OUT
V_B,mission_parallel,130,37.2886926745,127.1073810643,-23.771615,-31.651116,1,10,2,NONE,AAA_V_IN,AAA_V_OUT
V_B,mission_parallel,131,37.2886937485,127.1073778822,-24.053439,-31.531554,1,10,2,NONE,AAA_V_IN,AAA_V_OUT
V_B,mission_parallel,132,37.2886945924,127.1073748929,-24.318183,-31.437612,1,10,2,NONE,AAA_V_IN,AAA_V_OUT
V_B,mission_parallel,133,37.2886958966,127.1073698787,-24.762270,-31.292430,1,10,2,NONE,AAA_V_IN,AAA_V_OUT
V_B,mission_parallel,134,37.2886975844,127.1073643823,-25.249058,-31.104547,1,10,2,NONE,AAA_V_IN,AAA_V_OUT
V_B,mission_parallel,135,37.2886985817,127.1073603323,-25.607743,-30.993526,1,10,2,NONE,AAA_V_IN,AAA_V_OUT
V_B,mission_parallel,136,37.2886995790,127.1073563788,-25.957889,-30.882504,1,10,2,NONE,AAA_V_IN,AAA_V_OUT
V_B,mission_parallel,137,37.2887004229,127.1073526181,-26.290954,-30.788562,1,10,2,NONE,AAA_V_IN,AAA_V_OUT
V_B,mission_parallel,138,37.2887014838,127.1073491682,-26.596493,-30.670464,1,10,2,NONE,AAA_V_IN,AAA_V_OUT
V_B,mission_parallel,139,37.2887026477,127.1073454824,-26.922924,-30.540899,1,10,2,NONE,AAA_V_IN,AAA_V_OUT
V_B,mission_parallel,140,37.2887036450,127.1073429753,-27.144967,-30.429877,1,10,2,NONE,AAA_V_IN,AAA_V_OUT
V_B,mission_parallel,141,37.2887047191,127.1073399861,-27.409711,-30.310315,1,10,2,NONE,AAA_V_IN,AAA_V_OUT
V_B,mission_parallel,142,37.2887056397,127.1073380575,-27.580514,-30.207833,1,10,2,NONE,AAA_V_IN,AAA_V_OUT
V_B,mission_parallel,143,37.2887062977,127.1073363183,-27.734549,-30.134580,1,10,2,NONE,AAA_V_IN,AAA_V_OUT
V_B,mission_parallel,144,37.2887068692,127.1073347543,-27.873066,-30.070957,1,10,2,NONE,AAA_V_IN,AAA_V_OUT
V_B,mission_parallel,145,37.2887074879,127.1073333101,-28.000968,-30.002086,1,10,2,NONE,AAA_V_IN,AAA_V_OUT
V_B,mission_parallel,146,37.2887084012,127.1073306810,-28.233815,-29.900421,1,10,2,NONE,AAA_V_IN,AAA_V_OUT
V_B,mission_parallel,147,37.2887091377,127.1073276446,-28.502737,-29.818432,1,10,2,NONE,AAA_V_IN,AAA_V_OUT
V_B,mission_parallel,148,37.2887100804,127.1073237935,-28.843809,-29.713487,1,10,2,NONE,AAA_V_IN,AAA_V_OUT
V_B,mission_parallel,149,37.2887104339,127.1073214976,-29.047141,-29.674133,1,10,2,NONE,AAA_V_IN,AAA_V_OUT
V_B,mission_parallel,150,37.2887108169,127.1073192758,-29.243913,-29.631498,1,10,2,NONE,AAA_V_IN,AAA_V_OUT
V_B,mission_parallel,151,37.2887111999,127.1073171281,-29.434126,-29.588864,1,10,2,NONE,AAA_V_IN,AAA_V_OUT
V_B,mission_parallel,152,37.2887117597,127.1073143139,-29.683371,-29.526553,1,10,2,NONE,AAA_V_IN,AAA_V_OUT
V_B,mission_parallel,153,37.2887121427,127.1073125735,-29.837510,-29.483919,1,10,2,NONE,AAA_V_IN,AAA_V_OUT
END_common,END_COMMON,0,37.2887130719,127.1073072111,-30.312429,-29.380473,1,11,2,NONE,,
END_common,END_COMMON,1,37.2887135118,127.1073050266,-30.505895,-29.331510,1,11,2,NONE,,
END_common,END_COMMON,2,37.2887139725,127.1073028472,-30.698919,-29.280225,1,11,2,NONE,,
END_common,END_COMMON,3,37.2887144303,127.1073006661,-30.892084,-29.229261,1,11,2,STOP_LINE,,
END_common,END_COMMON,4,37.2887148921,127.1072984860,-31.085169,-29.177847,1,11,2,NONE,,
END_common,END_COMMON,5,37.2887153522,127.1072963046,-31.278364,-29.126633,1,11,2,NONE,,
END_common,END_COMMON,6,37.2887158510,127.1072941383,-31.470220,-29.071107,1,11,2,NONE,,
END_common,END_COMMON,7,37.2887163780,127.1072919832,-31.661086,-29.012442,1,11,2,NONE,,
END_common,END_COMMON,8,37.2887168954,127.1072898243,-31.852291,-28.954840,1,11,2,NONE,,
END_common,END_COMMON,9,37.2887174577,127.1072876880,-32.041490,-28.892249,1,11,2,NONE,,
END_common,END_COMMON,10,37.2887180538,127.1072855677,-32.229273,-28.825894,1,11,2,NONE,,
END_common,END_COMMON,11,37.2887186320,127.1072834383,-32.417869,-28.761523,1,11,2,NONE,,
END_common,END_COMMON,12,37.2887192530,127.1072813246,-32.605069,-28.692400,1,11,2,NONE,,
END_common,END_COMMON,13,37.2887199691,127.1072792630,-32.787654,-28.612675,1,11,2,NONE,,
END_common,END_COMMON,14,37.2887207790,127.1072772562,-32.965386,-28.522526,1,11,2,NONE,,
END_common,END_COMMON,15,37.2887216124,127.1072752733,-33.141000,-28.429746,1,11,2,NONE,,
END_common,END_COMMON,16,37.2887225060,127.1072733192,-33.314063,-28.330269,1,11,2,NONE,,
END_common,END_COMMON,17,37.2887234123,127.1072713818,-33.485653,-28.229385,1,11,2,NONE,,
END_common,END_COMMON,18,37.2887242811,127.1072694380,-33.657805,-28.132663,1,11,2,NONE,,
END_common,END_COMMON,19,37.2887251949,127.1072675301,-33.826778,-28.030947,1,11,2,NONE,,
END_common,END_COMMON,20,37.2887262299,127.1072657168,-33.987373,-27.915729,1,11,2,NONE,,
END_common,END_COMMON,21,37.2887273703,127.1072639992,-34.139490,-27.788779,1,11,2,NONE,,
END_common,END_COMMON,22,37.2887285670,127.1072623350,-34.286879,-27.655561,1,11,2,NONE,,
END_common,END_COMMON,23,37.2887298487,127.1072607727,-34.425252,-27.512883,1,11,2,NONE,,
END_common,END_COMMON,24,37.2887311840,127.1072592775,-34.557669,-27.364240,1,11,2,NONE,,
END_common,END_COMMON,25,37.2887325376,127.1072577981,-34.688698,-27.213558,1,11,2,NONE,,
END_common,END_COMMON,26,37.2887339901,127.1072564786,-34.805556,-27.051860,1,11,2,NONE,,
END_common,END_COMMON,27,37.2887355004,127.1072552599,-34.913489,-26.883739,1,11,2,NONE,,
END_common,END_COMMON,28,37.2887370676,127.1072541636,-35.010580,-26.709274,1,11,2,NONE,,
END_common,END_COMMON,29,37.2887386736,127.1072531560,-35.099821,-26.530491,1,11,2,NONE,,
END_common,END_COMMON,30,37.2887402452,127.1072520651,-35.196441,-26.355540,1,11,2,NONE,,
END_common,END_COMMON,31,37.2887418442,127.1072510378,-35.287421,-26.177542,1,11,2,NONE,,
END_common,END_COMMON,32,37.2887434891,127.1072501359,-35.367296,-25.994433,1,11,2,NONE,,
END_common,END_COMMON,33,37.2887451786,127.1072493731,-35.434857,-25.806363,1,11,2,NONE,,
END_common,END_COMMON,34,37.2887468982,127.1072487430,-35.490663,-25.614933,1,11,2,NONE,,
END_common,END_COMMON,35,37.2887486548,127.1072482786,-35.531790,-25.419387,1,11,2,NONE,,
END_common,END_COMMON,36,37.2887504205,127.1072478791,-35.567175,-25.222835,1,11,2,NONE,,
END_common,END_COMMON,37,37.2887521943,127.1072475427,-35.596966,-25.025372,1,11,2,NONE,,
END_common,END_COMMON,38,37.2887539708,127.1072472360,-35.624130,-24.827611,1,11,2,NONE,,
END_common,END_COMMON,39,37.2887557539,127.1072470570,-35.639983,-24.629112,1,11,2,NONE,,
END_common,END_COMMON,40,37.2887575424,127.1072470177,-35.643464,-24.430017,1,11,2,NONE,,
END_common,END_COMMON,41,37.2887593317,127.1072471022,-35.635979,-24.230834,1,11,2,NONE,,
END_common,END_COMMON,42,37.2887611216,127.1072472328,-35.624413,-24.031585,1,11,2,NONE,,
END_common,END_COMMON,43,37.2887629129,127.1072473421,-35.614730,-23.832171,1,11,2,NONE,,
END_common,END_COMMON,44,37.2887647051,127.1072474725,-35.603178,-23.632672,1,11,2,NONE,,
END_common,END_COMMON,45,37.2887664941,127.1072476372,-35.588592,-23.433515,1,11,2,NONE,,
END_common,END_COMMON,46,37.2887682745,127.1072478609,-35.568782,-23.235320,1,11,2,NONE,,
END_common,END_COMMON,47,37.2887700479,127.1072482111,-35.537769,-23.037906,1,11,2,NONE,,
END_common,END_COMMON,48,37.2887718135,127.1072486180,-35.501734,-22.841356,1,11,2,NONE,,
END_common,END_COMMON,49,37.2887735748,127.1072490551,-35.463021,-22.645297,1,11,2,NONE,,
END_common,END_COMMON,50,37.2887753382,127.1072494794,-35.425443,-22.448989,1,11,2,NONE,,
END_common,END_COMMON,51,37.2887770953,127.1072499418,-35.384489,-22.253391,1,11,2,NONE,,
END_common,END_COMMON,52,37.2887788642,127.1072503304,-35.350072,-22.056482,1,11,2,NONE,,
END_common,END_COMMON,53,37.2887806283,127.1072507502,-35.312891,-21.860093,1,11,2,NONE,,
END_common,END_COMMON,54,37.2887823763,127.1072512578,-35.267938,-21.665507,1,11,2,NONE,,
END_common,END_COMMON,55,37.2887841079,127.1072518492,-35.215556,-21.472753,1,11,2,NONE,,
END_common,END_COMMON,56,37.2887858303,127.1072524838,-35.159355,-21.281016,1,11,2,NONE,,
END_common,END_COMMON,57,37.2887875668,127.1072530572,-35.108569,-21.087702,1,11,2,NONE,,
END_common,END_COMMON,58,37.2887893029,127.1072536336,-35.057521,-20.894444,1,11,2,NONE,,
END_common,END_COMMON,59,37.2887910196,127.1072542858,-34.999759,-20.703338,1,11,2,NONE,,
END_common,END_COMMON,60,37.2887927101,127.1072550398,-34.932982,-20.515156,1,11,2,NONE,,
END_common,END_COMMON,61,37.2887944116,127.1072557354,-34.871375,-20.325739,1,11,2,NONE,,
END_common,END_COMMON,62,37.2887961106,127.1072564539,-34.807741,-20.136605,1,11,2,NONE,,
END_common,END_COMMON,63,37.2887978173,127.1072571543,-34.745715,-19.946614,1,11,2,NONE,,
END_common,END_COMMON,64,37.2887995262,127.1072578469,-34.684372,-19.756388,1,11,2,NONE,,
END_common,END_COMMON,65,37.2888012076,127.1072586378,-34.614325,-19.569215,1,11,2,NONE,,
END_common,END_COMMON,66,37.2888028859,127.1072594400,-34.543280,-19.382387,1,11,2,NONE,,
END_common,END_COMMON,67,37.2888045552,127.1072602547,-34.471124,-19.196557,1,11,2,NONE,,
END_common,END_COMMON,68,37.2888062015,127.1072611404,-34.392683,-19.013290,1,11,2,NONE,,
END_common,END_COMMON,69,37.2888078517,127.1072620283,-34.314044,-18.829590,1,11,2,NONE,,
END_common,END_COMMON,70,37.2888094653,127.1072630174,-34.226447,-18.649965,1,11,2,NONE,,
END_common,END_COMMON,71,37.2888110803,127.1072639873,-34.140549,-18.470178,1,11,2,NONE,,
END_common,END_COMMON,72,37.2888127335,127.1072648647,-34.062843,-18.286142,1,11,2,NONE,,
END_common,END_COMMON,73,37.2888143679,127.1072657979,-33.980188,-18.104203,1,11,2,NONE,,
END_common,END_COMMON,74,37.2888159688,127.1072668195,-33.889716,-17.925996,1,11,2,NONE,,
END_common,END_COMMON,75,37.2888175958,127.1072677721,-33.805350,-17.744879,1,11,2,NONE,,
END_common,END_COMMON,76,37.2888192122,127.1072687534,-33.718439,-17.564941,1,11,2,NONE,,
END_common,END_COMMON,77,37.2888208252,127.1072697333,-33.631652,-17.385381,1,11,2,NONE,,
END_common,END_COMMON,78,37.2888224125,127.1072707625,-33.540498,-17.208677,1,11,2,NONE,,
END_common,END_COMMON,79,37.2888239982,127.1072718186,-33.446971,-17.032161,1,11,2,NONE,,
END_common,END_COMMON,80,37.2888255749,127.1072728889,-33.352179,-16.856642,1,11,2,NONE,,
END_common,END_COMMON,81,37.2888271093,127.1072740571,-33.248713,-16.685828,1,11,2,NONE,,
END_common,END_COMMON,82,37.2888286334,127.1072752501,-33.143052,-16.516174,1,11,2,NONE,,
END_common,END_COMMON,83,37.2888301627,127.1072764313,-33.038442,-16.345928,1,11,2,NONE,,
END_common,END_COMMON,84,37.2888316879,127.1072776133,-32.933763,-16.176140,1,11,2,NONE,,
END_common,END_COMMON,85,37.2888331736,127.1072788715,-32.822331,-16.010750,1,11,2,NONE,,
END_common,END_COMMON,86,37.2888346242,127.1072801992,-32.704739,-15.849278,1,11,2,NONE,,
END_common,END_COMMON,87,37.2888360794,127.1072815216,-32.587620,-15.687277,1,11,2,NONE,,
END_common,END_COMMON,88,37.2888375247,127.1072828603,-32.469055,-15.526389,1,11,2,NONE,,
END_common,END_COMMON,89,37.2888388793,127.1072843393,-32.338072,-15.375596,1,11,2,NONE,,
END_common,END_COMMON,90,37.2888402764,127.1072857495,-32.213172,-15.220071,1,11,2,NONE,,
END_common,END_COMMON,91,37.2888415898,127.1072872782,-32.077788,-15.073858,1,11,2,NONE,,
END_common,END_COMMON,92,37.2888428737,127.1072888504,-31.938546,-14.930938,1,11,2,NONE,,
END_common,END_COMMON,93,37.2888441409,127.1072904459,-31.797237,-14.789877,1,11,2,NONE,,
END_common,END_COMMON,94,37.2888453130,127.1072921546,-31.645904,-14.659394,1,11,2,NONE,,
END_common,END_COMMON,95,37.2888464401,127.1072939108,-31.490370,-14.533924,1,11,2,NONE,,
END_common,END_COMMON,96,37.2888474897,127.1072957407,-31.328304,-14.417089,1,11,2,NONE,,
END_common,END_COMMON,97,37.2888485192,127.1072975863,-31.164852,-14.302483,1,11,2,NONE,,
END_common,END_COMMON,98,37.2888495384,127.1072994304,-31.001530,-14.189020,1,11,2,NONE,,
END_common,END_COMMON,99,37.2888505012,127.1073013222,-30.833975,-14.081842,1,11,2,NONE,,
END_common,END_COMMON,100,37.2888514485,127.1073032386,-30.664255,-13.976389,1,11,2,NONE,,
END_common,END_COMMON,101,37.2888523959,127.1073051557,-30.494467,-13.870924,1,11,2,NONE,,
END_common,END_COMMON,102,37.2888532562,127.1073071363,-30.319049,-13.775156,1,11,2,NONE,,
END_common,END_COMMON,103,37.2888540496,127.1073091582,-30.139981,-13.686835,1,11,2,NONE,,
END_common,END_COMMON,104,37.2888547714,127.1073112198,-29.957401,-13.606493,1,11,2,NONE,,
END_common,END_COMMON,105,37.2888554209,127.1073133202,-29.771374,-13.534187,1,11,2,NONE,,
END_common,END_COMMON,106,37.2888560119,127.1073154511,-29.582655,-13.468392,1,11,2,NONE,,
END_common,END_COMMON,107,37.2888565417,127.1073176065,-29.391757,-13.409413,1,11,2,NONE,,
END_common,END_COMMON,108,37.2888570104,127.1073197829,-29.199009,-13.357247,1,11,2,NONE,,
END_common,END_COMMON,109,37.2888573865,127.1073219872,-29.003782,-13.315373,1,11,2,NONE,,
END_common,END_COMMON,110,37.2888577108,127.1073242062,-28.807259,-13.279275,1,11,2,NONE,,
END_common,END_COMMON,111,37.2888580194,127.1073264294,-28.610356,-13.244923,1,11,2,NONE,,
END_common,END_COMMON,112,37.2888582506,127.1073286654,-28.412326,-13.219187,1,11,2,NONE,,
END_common,END_COMMON,113,37.2888584139,127.1073309078,-28.213726,-13.201007,1,11,2,NONE,,
END_common,END_COMMON,114,37.2888584573,127.1073331604,-28.014224,-13.196178,1,11,2,NONE,,
END_common,END_COMMON,115,37.2888584044,127.1073354146,-27.814581,-13.202059,1,11,2,NONE,,
END_common,END_COMMON,116,37.2888583557,127.1073376694,-27.614890,-13.207487,1,11,2,NONE,,
END_common,END_COMMON,117,37.2888581557,127.1073399117,-27.416292,-13.229750,1,11,2,NONE,,
END_common,END_COMMON,118,37.2888579609,127.1073421537,-27.217730,-13.251431,1,11,2,NONE,,
END_common,END_COMMON,119,37.2888577194,127.1073443893,-27.019735,-13.278318,1,11,2,NONE,,
END_common,END_COMMON,120,37.2888574801,127.1073466218,-26.822012,-13.304957,1,11,2,NONE,,
END_common,END_COMMON,121,37.2888571779,127.1073488439,-26.625215,-13.338592,1,11,2,NONE,,
END_common,END_COMMON,122,37.2888568898,127.1073510703,-26.428030,-13.370670,1,11,2,NONE,,
END_common,END_COMMON,123,37.2888566169,127.1073532962,-26.230901,-13.401050,1,11,2,NONE,,
END_common,END_COMMON,124,37.2888562732,127.1073555099,-26.034837,-13.439312,1,11,2,NONE,,
END_common,END_COMMON,125,37.2888558127,127.1073576895,-25.841800,-13.490568,1,11,2,NONE,,
END_common,END_COMMON,126,37.2888553638,127.1073598739,-25.648341,-13.540541,1,11,2,NONE,,
END_common,END_COMMON,127,37.2888549782,127.1073620774,-25.453191,-13.583465,1,11,2,NONE,,
END_common,END_COMMON,128,37.2888546546,127.1073642967,-25.256634,-13.619485,1,11,2,NONE,,
END_common,END_COMMON,129,37.2888542830,127.1073665045,-25.061102,-13.660853,1,11,2,NONE,,
END_common,END_COMMON,130,37.2888538205,127.1073686840,-24.868073,-13.712345,1,11,2,NONE,,
END_common,END_COMMON,131,37.2888532749,127.1073708338,-24.677682,-13.773076,1,11,2,NONE,,
END_common,END_COMMON,132,37.2888526752,127.1073729572,-24.489617,-13.839841,1,11,2,NONE,,
END_common,END_COMMON,133,37.2888521870,127.1073751254,-24.297590,-13.894179,1,11,2,NONE,,
END_common,END_COMMON,134,37.2888516908,127.1073772903,-24.105856,-13.949417,1,11,2,NONE,,
END_common,END_COMMON,135,37.2888512546,127.1073794774,-23.912154,-13.997977,1,11,2,NONE,,
END_common,END_COMMON,136,37.2888508575,127.1073816784,-23.717224,-14.042180,1,11,2,NONE,,
END_common,END_COMMON,137,37.2888504250,127.1073838685,-23.523261,-14.090325,1,11,2,NONE,,
END_common,END_COMMON,138,37.2888498970,127.1073860247,-23.332291,-14.149106,1,11,2,NONE,,
END_common,END_COMMON,139,37.2888493202,127.1073881611,-23.143083,-14.213315,1,11,2,NONE,,
END_common,END_COMMON,140,37.2888487539,127.1073903006,-22.953596,-14.276355,1,11,2,NONE,,
END_common,END_COMMON,141,37.2888482774,127.1073924753,-22.760996,-14.329400,1,11,2,NONE,,
END_common,END_COMMON,142,37.2888477797,127.1073946396,-22.569317,-14.384807,1,11,2,NONE,,
END_common,END_COMMON,143,37.2888472688,127.1073968020,-22.377804,-14.441673,1,11,2,NONE,,
END_common,END_COMMON,144,37.2888467052,127.1073989431,-22.188174,-14.504418,1,11,2,NONE,,
END_common,END_COMMON,145,37.2888461481,127.1074010846,-21.998511,-14.566437,1,11,2,STOP_LINE,,
END_AA,,0,37.2888460588,127.1074010287,-22.003465,-14.576370,1,11,2,NONE,,
END_AA,,1,37.2888455931,127.1074033047,-21.801887,-14.628211,1,11,2,NONE,,
END_AA,,2,37.2888446544,127.1074064837,-21.520343,-14.732709,1,11,2,NONE,,
END_AA,,3,37.2888439877,127.1074091503,-21.284176,-14.806926,1,11,2,NONE,,
END_AA,,4,37.2888433211,127.1074119837,-21.033235,-14.881132,1,11,2,NONE,,
END_AA,,5,37.2888424877,127.1074148170,-20.782304,-14.973906,1,11,2,NONE,,
END_AA,,6,37.2888414877,127.1074174836,-20.546136,-15.085226,1,11,2,NONE,,
END_AA,,7,37.2888406544,127.1074203170,-20.295196,-15.177989,1,11,2,NONE,,
END_AA,,8,37.2888401544,127.1074229836,-20.059028,-15.233649,1,11,2,NONE,,
END_AA,,9,37.2888394877,127.1074259836,-19.793333,-15.307866,1,11,2,NONE,,
END_AA,,10,37.2888386544,127.1074289836,-19.527638,-15.400629,1,11,2,NONE,,
END_AA,,11,37.2888379877,127.1074316503,-19.291461,-15.474846,1,11,2,NONE,,
END_AA,,12,37.2888371544,127.1074344836,-19.040530,-15.567609,1,11,2,NONE,,
END_AA,,13,37.2888366544,127.1074371503,-18.804353,-15.623269,1,11,2,NONE,,
END_AA,,14,37.2888359877,127.1074399836,-18.553422,-15.697486,1,11,2,NONE,,
END_AA,,15,37.2888351544,127.1074428170,-18.302482,-15.790249,1,11,2,NONE,,
END_AA,,16,37.2888344877,127.1074456503,-18.051550,-15.864466,1,11,2,NONE,,
END_AA,,17,37.2888336544,127.1074484836,-17.800619,-15.957229,1,11,2,NONE,,
END_AA,,18,37.2888329877,127.1074513170,-17.549678,-16.031446,1,11,2,NONE,,
END_AA,,19,37.2888324877,127.1074541503,-17.298747,-16.087106,1,11,2,NONE,,
END_AA,,20,37.2888318211,127.1074571503,-17.033052,-16.161312,1,11,2,NONE,,
END_AA,,21,37.2888309877,127.1074599836,-16.782120,-16.254086,1,11,2,NONE,,
END_AA,,22,37.2888301206,127.1074627045,-16.541143,-16.350612,1,11,2,NONE,,
END_AA,,23,37.2888294881,127.1074646805,-16.366139,-16.421021,1,11,2,NONE,,
END_AA,,24,37.2888287653,127.1074671109,-16.150890,-16.501484,1,11,2,NONE,,
END_AA,,25,37.2888281544,127.1074698170,-15.911224,-16.569489,1,11,2,NONE,,
END_AA,,26,37.2888273211,127.1074724836,-15.675057,-16.662252,1,11,2,NONE,,
END_AA,,27,37.2888264877,127.1074753170,-15.424116,-16.755026,1,11,2,NONE,,
END_AA,,28,37.2888256544,127.1074779836,-15.187949,-16.847789,1,11,2,NONE,,
END_AA,,29,37.2888248211,127.1074808170,-14.937008,-16.940552,1,11,2,NONE,,
END_AA,,30,37.2888242376,127.1074833990,-14.708333,-17.005507,1,11,2,NONE,,
END_AA,,31,37.2888234877,127.1074861503,-14.464664,-17.088986,1,11,2,NONE,,
END_AA,,32,37.2888227517,127.1074887997,-14.230020,-17.170917,1,11,2,NONE,,
END_AA,,33,37.2888218211,127.1074916503,-13.977556,-17.274512,1,11,2,NONE,,
END_AA,,34,37.2888209877,127.1074943170,-13.741380,-17.367286,1,11,2,NONE,,
END_AA,,35,37.2888201544,127.1074971503,-13.490448,-17.460049,1,11,2,NONE,,
END_AA,,36,37.2888194877,127.1074998170,-13.254272,-17.534266,1,11,2,NONE,,
END_AA,,37,37.2888186544,127.1075028170,-12.988576,-17.627029,1,11,2,NONE,,
END_AA,,38,37.2888178211,127.1075056503,-12.737645,-17.719792,1,11,2,NONE,,
END_AA,,39,37.2888169877,127.1075083170,-12.501468,-17.812566,1,11,2,NONE,,
END_AA,,40,37.2888163211,127.1075111503,-12.250537,-17.886772,1,11,2,NONE,,
END_AA,,41,37.2888156544,127.1075139836,-11.999606,-17.960989,1,11,2,NONE,,
END_AA,,42,37.2888148211,127.1075168170,-11.748665,-18.053752,1,11,2,NONE,,
END_AA,,43,37.2888139877,127.1075194836,-11.512498,-18.146526,1,11,2,NONE,,
END_AA,,44,37.2888129877,127.1075223170,-11.261557,-18.257846,1,11,2,NONE,,
END_AA,,45,37.2888121544,127.1075249836,-11.025390,-18.350609,1,11,2,NONE,,
END_AA,,46,37.2888114877,127.1075276503,-10.789213,-18.424826,1,11,2,NONE,,
END_AA,,47,37.2888108211,127.1075304836,-10.538282,-18.499032,1,11,2,NONE,,
END_AA,,48,37.2888100626,127.1075333625,-10.283312,-18.583468,1,11,2,NONE,,
END_AA,,49,37.2888090485,127.1075360647,-10.043991,-18.696358,1,11,2,NONE,,
END_AA,,50,37.2888082575,127.1075388688,-9.795646,-18.784412,1,11,2,NONE,,
END_AA,,51,37.2888074877,127.1075416503,-9.549302,-18.870106,1,11,2,NONE,,
END_AA,,52,37.2888068211,127.1075446503,-9.283607,-18.944312,1,11,2,NONE,,
END_AA,,53,37.2888063211,127.1075473170,-9.047430,-18.999972,1,11,2,NONE,,
END_AA,,54,37.2888054877,127.1075501503,-8.796499,-19.092746,1,11,2,NONE,,
END_AA,,55,37.2888046544,127.1075528170,-8.560322,-19.185509,1,11,2,NONE,,
END_AA,,56,37.2888038211,127.1075556503,-8.309391,-19.278272,1,11,2,NONE,,
END_AA,,57,37.2888031544,127.1075586503,-8.043696,-19.352489,1,11,2,NONE,,
END_AA,,58,37.2888024877,127.1075614836,-7.792764,-19.426706,1,11,2,NONE,,
END_AA,,59,37.2888017270,127.1075643099,-7.542453,-19.511387,1,11,2,NONE,,
END_AA,,60,37.2888008211,127.1075671503,-7.290892,-19.612232,1,11,2,NONE,,
END_AA,,61,37.2887999877,127.1075698170,-7.054716,-19.705006,1,11,2,NONE,,
END_AA,,62,37.2887991544,127.1075723170,-6.833303,-19.797769,1,11,2,NONE,,
END_AA,,63,37.2887983211,127.1075748170,-6.611890,-19.890532,1,11,2,NONE,,
END_AA,,64,37.2887973868,127.1075776678,-6.359409,-19.994538,1,11,2,NONE,,
END_AA,,65,37.2887963211,127.1075799836,-6.154310,-20.113172,1,11,2,NONE,,
END_AA,,66,37.2887954877,127.1075824836,-5.932897,-20.205946,1,11,2,NONE,,
END_AA,,67,37.2887946544,127.1075849836,-5.711485,-20.298709,1,11,2,NONE,,
END_AA,,68,37.2887939877,127.1075876503,-5.475308,-20.372926,1,11,2,NONE,,
END_AA,,69,37.2887933508,127.1075902609,-5.244100,-20.443826,1,11,2,NONE,,
END_AA,,70,37.2887926544,127.1075924836,-5.047246,-20.521349,1,11,2,NONE,,
END_AA,,71,37.2887919877,127.1075944836,-4.870116,-20.595566,1,11,2,NONE,,
END_AA,,72,37.2887913429,127.1075965829,-4.684192,-20.667345,1,11,2,NONE,,
END_AA,,73,37.2887907751,127.1075985713,-4.508089,-20.730553,1,11,2,NONE,,
END_AA,,74,37.2887903211,127.1076009836,-4.294443,-20.781092,1,11,2,NONE,,
END_AA,,75,37.2887898827,127.1076028540,-4.128791,-20.829895,1,11,2,NONE,,
END_AA,,76,37.2887892743,127.1076053012,-3.912055,-20.897622,1,11,2,NONE,,
END_AA,,77,37.2887887267,127.1076076210,-3.706601,-20.958580,1,11,2,NONE,,
END_AA,,78,37.2887878343,127.1076119037,-3.327304,-21.057922,1,11,2,NONE,,
END_AB,,0,37.2888462373,127.1074011406,-21.993556,-14.556503,1,11,2,NONE,,
END_AB,,1,37.2888457169,127.1074027343,-21.852404,-14.614434,1,11,2,NONE,,
END_AB,,2,37.2888451187,127.1074043677,-21.707741,-14.681025,1,11,2,NONE,,
END_AB,,3,37.2888443211,127.1074069836,-21.476070,-14.769812,1,11,2,NONE,,
END_AB,,4,37.2888436544,127.1074094836,-21.254657,-14.844029,1,11,2,NONE,,
END_AB,,5,37.2888428211,127.1074118171,-21.047990,-14.936792,1,11,2,NONE,,
END_AB,,6,37.2888421544,127.1074141503,-20.841350,-15.011009,1,11,2,NONE,,
END_AB,,7,37.2888411544,127.1074166503,-20.619938,-15.122329,1,11,2,NONE,,
END_AB,,8,37.2888404877,127.1074189836,-20.413289,-15.196546,1,11,2,NONE,,
END_AB,,9,37.2888398211,127.1074213170,-20.206631,-15.270752,1,11,2,NONE,,
END_AB,,10,37.2888389877,127.1074236503,-19.999982,-15.363526,1,11,2,NONE,,
END_AB,,11,37.2888381544,127.1074258170,-19.808088,-15.456289,1,11,2,NONE,,
END_AB,,12,37.2888373211,127.1074279836,-19.616203,-15.549052,1,11,2,NONE,,
END_AB,,13,37.2888364877,127.1074301503,-19.424309,-15.641826,1,11,2,NONE,,
END_AB,,14,37.2888356544,127.1074323170,-19.232415,-15.734589,1,11,2,NONE,,
END_AB,,15,37.2888348211,127.1074344836,-19.040530,-15.827352,1,11,2,NONE,,
END_AB,,16,37.2888338973,127.1074364931,-18.862558,-15.930189,1,11,2,NONE,,
END_AB,,17,37.2888328211,127.1074384836,-18.686269,-16.049992,1,11,2,NONE,,
END_AB,,18,37.2888314877,127.1074404836,-18.509139,-16.198426,1,11,2,NONE,,
END_AB,,19,37.2888303211,127.1074423170,-18.346764,-16.328292,1,11,2,NONE,,
END_AB,,20,37.2888291544,127.1074443170,-18.169634,-16.458169,1,11,2,NONE,,
END_AB,,21,37.2888280605,127.1074460782,-18.013653,-16.579942,1,11,2,NONE,,
END_AB,,22,37.2888266544,127.1074479836,-17.844901,-16.736469,1,11,2,NONE,,
END_AB,,23,37.2888251544,127.1074496503,-17.697290,-16.903449,1,11,2,NONE,,
END_AB,,24,37.2888234877,127.1074513170,-17.549678,-17.088986,1,11,2,NONE,,
END_AB,,25,37.2888221544,127.1074529836,-17.402076,-17.237409,1,11,2,NONE,,
END_AB,,26,37.2888208211,127.1074548170,-17.239700,-17.385832,1,11,2,NONE,,
END_AB,,27,37.2888191544,127.1074566503,-17.077334,-17.571369,1,11,2,NONE,,
END_AB,,28,37.2888178211,127.1074583170,-16.929723,-17.719792,1,11,2,NONE,,
END_AB,,29,37.2888163211,127.1074598170,-16.796875,-17.886772,1,11,2,NONE,,
END_AB,,30,37.2888146544,127.1074616503,-16.634509,-18.072309,1,11,2,NONE,,
END_AB,,31,37.2888131544,127.1074633170,-16.486897,-18.239289,1,11,2,NONE,,
END_AB,,32,37.2888116544,127.1074649836,-16.339295,-18.406269,1,11,2,NONE,,
END_AB,,33,37.2888099877,127.1074668170,-16.176919,-18.591806,1,11,2,NONE,,
END_AB,,34,37.2888083211,127.1074684836,-16.029317,-18.777332,1,11,2,NONE,,
END_AB,,35,37.2888066544,127.1074699836,-15.896469,-18.962869,1,11,2,NONE,,
END_AB,,36,37.2888051383,127.1074716002,-15.753295,-19.131641,1,11,2,NONE,,
END_AB,,37,37.2888036544,127.1074734836,-15.586491,-19.296829,1,11,2,NONE,,
END_AB,,38,37.2888023211,127.1074756503,-15.394598,-19.445252,1,11,2,NONE,,
END_AB,,39,37.2888008211,127.1074776503,-15.217467,-19.612232,1,11,2,NONE,,
END_AB,,40,37.2887994877,127.1074796503,-15.040337,-19.760666,1,11,2,NONE,,
END_AB,,41,37.2887981544,127.1074818170,-14.848443,-19.909089,1,11,2,NONE,,
END_AB,,42,37.2887969877,127.1074841503,-14.641794,-20.038966,1,11,2,NONE,,
END_AB,,43,37.2887959877,127.1074864836,-14.435145,-20.150286,1,11,2,NONE,,
END_AB,,44,37.2887949877,127.1074889836,-14.213733,-20.261606,1,11,2,NONE,,
END_AB,,45,37.2887939877,127.1074913170,-14.007075,-20.372926,1,11,2,NONE,,
END_AB,,46,37.2887928211,127.1074938170,-13.785662,-20.502792,1,11,2,NONE,,
END_AB,,47,37.2887918929,127.1074961347,-13.580395,-20.606119,1,11,2,NONE,,
END_AB,,48,37.2887911544,127.1074988170,-13.342837,-20.688329,1,11,2,NONE,,
END_AB,,49,37.2887901544,127.1075014836,-13.106669,-20.799649,1,11,2,NONE,,
END_AB,,50,37.2887891544,127.1075038170,-12.900011,-20.910969,1,11,2,NONE,,
END_AB,,51,37.2887881544,127.1075061503,-12.693362,-21.022289,1,11,2,NONE,,
END_AB,,52,37.2887869877,127.1075086503,-12.471950,-21.152166,1,11,2,NONE,,
END_AB,,53,37.2887861544,127.1075111503,-12.250537,-21.244929,1,11,2,NONE,,
END_AB,,54,37.2887853211,127.1075134836,-12.043888,-21.337692,1,11,2,NONE,,
END_AB,,55,37.2887843499,127.1075161638,-11.806516,-21.445806,1,11,2,NONE,,
END_AB,,56,37.2887834877,127.1075183170,-11.615818,-21.541786,1,11,2,NONE,,
END_AB,,57,37.2887824877,127.1075206503,-11.409169,-21.653106,1,11,2,NONE,,
END_AB,,58,37.2887814877,127.1075231503,-11.187756,-21.764426,1,11,2,NONE,,
END_AB,,59,37.2887804877,127.1075258170,-10.951579,-21.875746,1,11,2,NONE,,
END_AB,,60,37.2887796544,127.1075284836,-10.715412,-21.968509,1,11,2,NONE,,
END_AB,,61,37.2887789877,127.1075313170,-10.464472,-22.042726,1,11,2,NONE,,
END_AB,,62,37.2887781544,127.1075339836,-10.228304,-22.135489,1,11,2,NONE,,
END_AB,,63,37.2887771544,127.1075366503,-9.992127,-22.246809,1,11,2,NONE,,
END_AB,,64,37.2887763211,127.1075393170,-9.755951,-22.339572,1,11,2,NONE,,
END_AB,,65,37.2887756544,127.1075419836,-9.519783,-22.413789,1,11,2,NONE,,
END_AB,,66,37.2887749877,127.1075448170,-9.268843,-22.488006,1,11,2,NONE,,
END_AB,,67,37.2887741544,127.1075474836,-9.032675,-22.580769,1,11,2,NONE,,
END_AB,,68,37.2887733211,127.1075503170,-8.781735,-22.673532,1,11,2,NONE,,
END_AB,,69,37.2887725116,127.1075530694,-8.537968,-22.763645,1,11,2,NONE,,
END_AB,,70,37.2887716544,127.1075558170,-8.294627,-22.859069,1,11,2,NONE,,
END_AB,,71,37.2887709877,127.1075586503,-8.043696,-22.933286,1,11,2,NONE,,
END_AB,,72,37.2887703211,127.1075611503,-7.822283,-23.007492,1,11,2,NONE,,
END_AB,,73,37.2887694877,127.1075638170,-7.586106,-23.100266,1,11,2,NONE,,
END_AB,,74,37.2887688435,127.1075663741,-7.359637,-23.171978,1,11,2,NONE,,
END_AB,,75,37.2887681544,127.1075691503,-7.113762,-23.248689,1,11,2,NONE,,
END_AB,,76,37.2887674877,127.1075718170,-6.877586,-23.322906,1,11,2,NONE,,
END_AB,,77,37.2887668211,127.1075744836,-6.641418,-23.397112,1,11,2,NONE,,
END_AB,,78,37.2887659877,127.1075771503,-6.405241,-23.489886,1,11,2,NONE,,
END_AB,,79,37.2887651544,127.1075798170,-6.169065,-23.582649,1,11,2,NONE,,
END_AB,,80,37.2887643211,127.1075823170,-5.947652,-23.675412,1,11,2,NONE,,
END_AB,,81,37.2887636544,127.1075849836,-5.711485,-23.749629,1,11,2,NONE,,
END_AB,,82,37.2887629877,127.1075878170,-5.460544,-23.823846,1,11,2,NONE,,
END_AB,,83,37.2887623211,127.1075903170,-5.239132,-23.898052,1,11,2,NONE,,
END_AB,,84,37.2887616544,127.1075929836,-5.002964,-23.972269,1,11,2,NONE,,
END_AB,,85,37.2887609877,127.1075953170,-4.796306,-24.046486,1,11,2,NONE,,
END_AB,,86,37.2887604161,127.1075975313,-4.600196,-24.110116,1,11,2,NONE,,
END_AB,,87,37.2887598904,127.1075993314,-4.440770,-24.168637,1,11,2,NONE,,
END_AB,,88,37.2887594010,127.1076009947,-4.293460,-24.223117,1,11,2,NONE,,
END_AB,,89,37.2887586940,127.1076029087,-4.123947,-24.301821,1,11,2,NONE,,
END_AB,,90,37.2887581544,127.1076046503,-3.969702,-24.361889,1,11,2,NONE,,