index,dr_x_m,dr_y_m,dr_yaw_deg,direction,mode,drive_level,event,source_segment_id,source_point_index
0,0.000,-0.000,0.000,1,1,2.00,NONE,SEG01,0
1,0.200,0.001,0.141,1,1,2.00,NONE,SEG01,1
2,0.400,0.001,0.290,1,1,2.00,NONE,SEG01,1
3,0.600,0.001,0.540,1,1,2.00,NONE,SEG01,2
4,0.800,-0.000,0.771,1,1,2.00,NONE,SEG01,2
5,1.000,0.003,0.675,1,1,2.00,NONE,SEG01,2
6,1.200,0.005,0.578,1,1,2.00,NONE,SEG01,3
7,1.400,0.008,0.481,1,1,2.00,NONE,SEG01,3
8,1.600,0.011,0.384,1,1,2.00,NONE,SEG01,3
9,1.800,0.012,0.439,1,1,2.00,NONE,SEG01,3
10,2.000,0.013,0.510,1,1,2.00,NONE,SEG01,3
11,2.200,0.015,0.580,1,1,2.00,NONE,SEG01,4
12,2.400,0.016,0.650,1,1,2.00,NONE,SEG01,4
13,2.600,0.018,0.715,1,1,2.00,NONE,SEG01,4
14,2.800,0.021,0.883,1,1,2.00,NONE,SEG01,4
15,3.000,0.023,1.050,1,1,2.00,NONE,SEG01,5
16,3.200,0.025,1.218,1,1,2.00,NONE,SEG01,5
17,3.400,0.028,1.335,1,1,2.00,NONE,SEG01,5
18,3.600,0.033,1.452,1,1,2.00,NONE,SEG01,5
19,3.800,0.038,1.615,1,1,2.00,NONE,SEG01,6
20,4.000,0.042,1.778,1,1,2.00,NONE,SEG01,6
21,4.200,0.047,1.940,1,1,2.00,NONE,SEG01,6
22,4.400,0.053,1.987,1,1,2.00,NONE,SEG01,6
23,4.599,0.060,2.214,1,1,2.00,NONE,SEG01,6
24,4.799,0.067,2.442,1,1,2.00,NONE,SEG01,7
25,4.999,0.074,2.669,1,1,2.00,NONE,SEG01,7
26,5.199,0.081,2.895,1,1,2.00,NONE,SEG01,7
27,5.399,0.091,2.873,1,1,2.00,NONE,SEG01,7
28,5.599,0.101,2.805,1,1,2.00,NONE,SEG01,7
29,5.798,0.111,2.737,1,1,2.00,NONE,SEG01,8
30,5.998,0.121,2.668,1,1,2.00,NONE,SEG01,8
31,6.198,0.131,2.623,1,1,2.00,NONE,SEG01,8
32,6.398,0.140,2.538,1,1,2.00,NONE,SEG01,8
33,6.597,0.149,2.406,1,1,2.00,NONE,SEG01,8
34,6.797,0.159,2.274,1,1,2.00,NONE,SEG01,9
35,6.997,0.168,2.142,1,1,2.00,NONE,SEG01,9
36,7.197,0.176,2.094,1,1,2.00,NONE,SEG01,9
37,7.397,0.183,1.969,1,1,2.00,NONE,SEG01,9
38,7.596,0.190,1.824,1,1,2.00,NONE,SEG01,10
39,7.796,0.198,1.679,1,1,2.00,NONE,SEG01,10
40,7.996,0.205,1.535,1,1,2.00,NONE,SEG01,10
41,8.196,0.210,1.515,1,1,2.00,NONE,SEG01,10
42,8.396,0.216,1.508,1,1,2.00,NONE,SEG01,10
43,8.596,0.221,1.499,1,1,2.00,NONE,SEG01,11
44,8.796,0.226,1.490,1,1,2.00,NONE,SEG01,11
45,8.996,0.232,1.481,1,1,2.00,NONE,SEG01,11
46,9.196,0.237,1.480,1,1,2.00,NONE,SEG01,11
47,9.396,0.242,1.293,1,1,2.00,NONE,SEG01,11
48,9.596,0.247,1.014,1,1,2.00,NONE,SEG01,12
49,9.796,0.252,0.735,1,1,2.00,NONE,SEG01,12
50,9.996,0.257,0.457,1,1,2.00,NONE,SEG01,12
51,10.196,0.260,0.366,1,1,2.00,NONE,SEG01,12
52,10.396,0.261,0.409,1,1,2.00,NONE,SEG01,12
53,10.596,0.263,0.521,1,1,2.00,NONE,SEG01,13
54,10.796,0.264,0.634,1,1,2.00,NONE,SEG01,13
55,10.995,0.265,0.747,1,1,2.00,NONE,SEG01,13
56,11.195,0.267,0.816,1,1,2.00,NONE,SEG01,13
57,11.395,0.270,0.830,1,1,2.00,NONE,SEG01,13
58,11.595,0.273,0.927,1,1,2.00,NONE,SEG01,13
59,11.795,0.276,1.023,1,1,2.00,NONE,SEG01,14
60,11.995,0.278,1.119,1,1,2.00,NONE,SEG01,14
61,12.195,0.281,1.201,1,1,2.00,NONE,SEG01,14
62,12.395,0.286,1.200,1,1,2.00,NONE,SEG01,14
63,12.595,0.290,1.193,1,1,2.00,NONE,SEG01,14
64,12.795,0.294,1.186,1,1,2.00,NONE,SEG01,15
65,12.995,0.298,1.179,1,1,2.00,NONE,SEG01,15
66,13.195,0.302,1.173,1,1,2.00,NONE,SEG01,15
67,13.395,0.307,1.144,1,1,2.00,NONE,SEG01,15
68,13.595,0.311,1.062,1,1,2.00,NONE,SEG01,15
69,13.795,0.315,0.980,1,1,2.00,NONE,SEG01,16
70,13.995,0.319,0.898,1,1,2.00,NONE,SEG01,16
71,14.195,0.322,0.845,1,1,2.00,NONE,SEG01,16
72,14.395,0.325,0.850,1,1,2.00,NONE,SEG01,16
73,14.595,0.328,0.855,1,1,2.00,NONE,SEG01,17
74,14.795,0.331,0.860,1,1,2.00,NONE,SEG01,17
75,14.995,0.334,0.865,1,1,2.00,NONE,SEG01,17
76,15.195,0.337,0.847,1,1,2.00,NONE,SEG01,17
77,15.395,0.340,0.788,1,1,2.00,NONE,SEG01,17
78,15.595,0.343,0.729,1,1,2.00,NONE,SEG01,18
79,15.795,0.346,0.671,1,1,2.00,NONE,SEG01,18
80,15.995,0.349,0.631,1,1,2.00,NONE,SEG01,18
81,16.195,0.351,0.529,1,1,2.00,NONE,SEG01,18
82,16.395,0.354,0.401,1,1,2.00,NONE,SEG01,19
83,16.595,0.356,0.273,1,1,2.00,NONE,SEG01,19
84,16.795,0.358,0.145,1,1,2.00,NONE,SEG01,19
85,16.995,0.359,0.119,1,1,2.00,NONE,SEG01,19
86,17.195,0.359,0.124,1,1,2.00,NONE,SEG01,19
87,17.395,0.360,0.128,1,1,2.00,NONE,SEG01,20
88,17.595,0.360,0.133,1,1,2.00,NONE,SEG01,20
89,17.795,0.360,0.137,1,1,2.00,NONE,SEG01,20
90,17.995,0.361,0.093,1,1,2.00,NONE,SEG01,20
91,18.195,0.361,-0.194,1,1,2.00,NONE,SEG01,20
92,18.395,0.362,-0.482,1,1,2.00,NONE,SEG01,21
93,18.595,0.362,-0.769,1,1,2.00,NONE,SEG01,21
94,18.795,0.362,-1.012,1,1,2.00,NONE,SEG01,21
95,18.995,0.359,-1.036,1,1,2.00,NONE,SEG01,21
96,19.195,0.355,-1.092,1,1,2.00,NONE,SEG01,21
97,19.395,0.352,-1.149,1,1,2.00,NONE,SEG01,22
98,19.595,0.348,-1.205,1,1,2.00,NONE,SEG01,22
99,19.795,0.344,-1.237,1,1,2.00,NONE,SEG01,22
100,19.994,0.340,-1.324,1,1,2.00,NONE,SEG01,22
101,20.194,0.336,-1.455,1,1,2.00,NONE,SEG01,23
102,20.394,0.331,-1.586,1,1,2.00,NONE,SEG01,23
103,20.594,0.327,-1.718,1,1,2.00,NONE,SEG01,23
104,20.794,0.321,-1.768,1,1,2.00,NONE,SEG01,23
105,20.994,0.315,-1.964,1,1,2.00,NONE,SEG01,23
106,21.194,0.309,-2.160,1,1,2.00,NONE,SEG01,24
107,21.394,0.303,-2.357,1,1,2.00,NONE,SEG01,24
108,21.594,0.297,-2.546,1,1,2.00,NONE,SEG01,24
109,21.794,0.288,-2.543,1,1,2.00,NONE,SEG01,24
110,21.993,0.279,-2.538,1,1,2.00,NONE,SEG01,24
111,22.193,0.270,-2.533,1,1,2.00,NONE,SEG01,25
112,22.393,0.261,-2.528,1,1,2.00,NONE,SEG01,25
113,22.593,0.252,-2.488,1,1,2.00,NONE,SEG01,25
114,22.793,0.243,-2.397,1,1,2.00,NONE,SEG01,25
115,22.993,0.235,-2.305,1,1,2.00,NONE,SEG01,26
116,23.192,0.226,-2.214,1,1,2.00,NONE,SEG01,26
117,23.392,0.218,-2.401,1,1,2.00,NONE,SEG01,26
118,23.592,0.210,-2.806,1,1,2.00,NONE,SEG01,26
119,23.792,0.202,-3.211,1,1,2.00,NONE,SEG01,27
120,23.992,0.195,-3.657,1,1,2.00,NONE,SEG01,27
121,24.191,0.184,-3.952,1,1,2.00,NONE,SEG01,27
122,24.391,0.171,-4.083,1,1,2.00,NONE,SEG01,27
123,24.591,0.158,-4.235,1,1,2.00,NONE,SEG01,28
124,24.790,0.144,-4.381,1,1,2.00,NONE,SEG01,28
125,24.989,0.129,-4.436,1,1,2.00,NONE,SEG01,28
126,25.189,0.114,-4.962,1,1,2.00,NONE,SEG01,29
127,25.388,0.099,-5.545,1,1,2.00,NONE,SEG01,29
128,25.588,0.083,-6.003,1,1,2.00,NONE,SEG01,30
129,25.787,0.067,-6.396,1,1,2.00,NONE,SEG01,30
130,25.986,0.045,-6.319,1,1,2.00,NONE,SEG01,30
131,26.184,0.021,-5.969,1,2,2.00,NONE,SEG02,31
132,26.383,-0.001,-5.674,1,2,2.00,NONE,SEG02,31
133,26.582,-0.022,-5.444,1,2,2.00,NONE,SEG02,32
134,26.781,-0.043,-4.991,1,2,2.00,NONE,SEG02,32
135,26.980,-0.062,-4.676,1,2,2.00,NONE,SEG02,32
136,27.179,-0.080,-4.397,1,2,2.00,NONE,SEG02,33
137,27.378,-0.098,-4.015,1,2,2.00,NONE,SEG02,33
138,27.578,-0.113,-3.734,1,2,2.00,NONE,SEG02,33
139,27.777,-0.127,-3.508,1,2,2.00,NONE,SEG02,34
140,27.977,-0.141,-3.283,1,2,2.00,NONE,SEG02,34
141,28.176,-0.154,-3.005,1,2,2.00,NONE,SEG02,34
142,28.376,-0.165,-2.741,1,2,2.00,NONE,SEG02,34
143,28.576,-0.176,-2.477,1,2,2.00,NONE,SEG02,35
144,28.776,-0.187,-2.213,1,2,2.00,NONE,SEG02,35
145,28.975,-0.196,-2.011,1,2,2.00,NONE,SEG02,35
146,29.175,-0.203,-1.753,1,2,2.00,NONE,SEG02,35
147,29.375,-0.211,-1.494,1,2,2.00,NONE,SEG02,36
148,29.575,-0.218,-1.236,1,2,2.00,NONE,SEG02,36
149,29.775,-0.224,-1.010,1,2,2.00,NONE,SEG02,36
150,29.975,-0.228,-0.659,1,2,2.00,NONE,SEG02,36
151,30.175,-0.231,-0.309,1,2,2.00,NONE,SEG02,37
152,30.375,-0.235,0.042,1,2,2.00,NONE,SEG02,37
153,30.575,-0.238,0.332,1,2,2.00,NONE,SEG02,37
154,30.775,-0.237,0.415,1,2,2.00,NONE,SEG02,37
155,30.975,-0.236,0.513,1,2,2.00,NONE,SEG02,38
156,31.175,-0.235,0.611,1,2,2.00,NONE,SEG02,38
157,31.375,-0.233,0.710,1,2,2.00,NONE,SEG02,38
158,31.575,-0.231,0.774,1,2,2.00,NONE,SEG02,38
159,31.775,-0.229,0.964,1,2,2.00,NONE,SEG02,38
160,31.975,-0.226,1.155,1,2,2.00,NONE,SEG02,39
161,32.175,-0.224,1.345,1,2,2.00,NONE,SEG02,39
162,32.375,-0.220,1.486,1,2,2.00,NONE,SEG02,39
163,32.575,-0.215,1.719,1,2,2.00,NONE,SEG02,39
164,32.774,-0.210,1.957,1,2,2.00,STOP_LINE,SEG02,40
165,32.974,-0.205,2.195,1,2,2.00,NONE,SEG02,40
166,33.174,-0.200,2.444,1,2,2.00,NONE,SEG02,40
167,33.374,-0.191,2.647,1,2,2.00,NONE,SEG02,40
168,33.574,-0.183,2.846,1,2,2.00,NONE,SEG02,41
169,33.774,-0.174,3.044,1,2,2.00,NONE,SEG02,41
170,33.974,-0.166,3.091,1,2,2.00,NONE,SEG02,41
171,34.173,-0.154,2.840,1,2,2.00,NONE,SEG02,41
172,34.373,-0.143,2.589,1,2,2.00,NONE,SEG02,42
173,34.573,-0.132,2.266,1,2,2.00,NONE,SEG02,42
174,34.772,-0.122,1.843,1,2,2.00,NONE,SEG02,42
175,34.972,-0.115,1.531,1,2,2.00,NONE,SEG02,42
176,35.172,-0.107,1.211,1,2,2.00,NONE,SEG02,43
177,35.372,-0.100,0.901,1,2,2.00,NONE,SEG02,43
178,35.572,-0.097,0.831,1,2,2.00,NONE,SEG02,43
179,35.772,-0.093,0.760,1,3,2.00,NONE,SEG03,44
180,35.972,-0.090,0.625,1,3,2.00,NONE,SEG03,44
181,36.172,-0.087,0.529,1,3,2.00,NONE,SEG03,44
182,36.372,-0.085,0.433,1,3,2.00,NONE,SEG03,45
183,36.572,-0.083,0.336,1,3,2.00,NONE,SEG03,45
184,36.772,-0.081,0.148,1,3,2.00,NONE,SEG03,45
185,36.972,-0.080,-0.028,1,3,2.00,NONE,SEG03,45
186,37.172,-0.079,-0.204,1,3,2.00,NONE,SEG03,46
187,37.372,-0.078,-0.380,1,3,2.00,NONE,SEG03,46
188,37.572,-0.079,-0.342,1,3,2.00,NONE,SEG03,46
189,37.772,-0.080,-0.258,1,3,2.00,NONE,SEG03,46
190,37.972,-0.082,-0.175,1,3,2.00,NONE,SEG03,47
191,38.172,-0.083,-0.091,1,3,2.00,NONE,SEG03,47
192,38.372,-0.084,-0.056,1,3,2.00,NONE,SEG03,47
193,38.572,-0.084,-0.002,1,3,2.00,NONE,SEG03,47
194,38.772,-0.084,0.057,1,3,2.00,NONE,SEG03,48
195,38.972,-0.084,0.116,1,3,2.00,NONE,SEG03,48
196,39.172,-0.085,0.175,1,3,2.00,NONE,SEG03,48
197,39.372,-0.084,0.180,1,3,2.00,NONE,SEG03,48
198,39.572,-0.083,0.078,1,3,2.00,NONE,SEG03,48
199,39.772,-0.083,-0.026,1,3,2.00,NONE,SEG03,49
200,39.972,-0.082,-0.130,1,3,2.00,NONE,SEG03,49
201,40.172,-0.082,-0.234,1,3,2.00,NONE,SEG03,49
202,40.372,-0.082,-0.237,1,3,2.00,NONE,SEG03,49
203,40.572,-0.083,-0.418,1,3,2.00,NONE,SEG03,49
204,40.772,-0.084,-0.621,1,3,2.00,NONE,SEG03,50
205,40.972,-0.085,-0.824,1,3,2.00,NONE,SEG03,50
206,41.172,-0.086,-1.027,1,3,2.00,NONE,SEG03,50
207,41.372,-0.089,-1.049,1,3,2.00,NONE,SEG03,50
208,41.572,-0.093,-1.082,1,3,2.00,NONE,SEG03,50
209,41.772,-0.096,-1.123,1,3,2.00,NONE,SEG03,51
210,41.972,-0.100,-1.163,1,3,2.00,NONE,SEG03,51
211,42.172,-0.104,-1.204,1,3,2.00,NONE,SEG03,51
212,42.372,-0.108,-1.211,1,3,2.00,NONE,SEG03,51
213,42.572,-0.112,-1.160,1,3,2.00,NONE,SEG03,51
214,42.772,-0.116,-1.087,1,3,2.00,NONE,SEG03,52
215,42.972,-0.121,-1.015,1,3,2.00,NONE,SEG03,52
216,43.171,-0.125,-0.942,1,3,2.00,NONE,SEG03,52
217,43.371,-0.128,-0.921,1,3,2.00,NONE,SEG03,52
218,43.571,-0.131,-1.067,1,3,2.00,NONE,SEG03,52
219,43.771,-0.135,-1.297,1,3,2.00,NONE,SEG03,53
220,43.971,-0.138,-1.528,1,3,2.00,NONE,SEG03,53
221,44.171,-0.141,-1.758,1,3,2.00,NONE,SEG03,53
222,44.371,-0.146,-1.842,1,3,2.00,NONE,SEG03,53
223,44.571,-0.153,-1.941,1,3,2.00,NONE,SEG03,53
224,44.771,-0.159,-2.100,1,3,2.00,NONE,SEG03,54
225,44.971,-0.166,-2.259,1,3,2.00,NONE,SEG03,54
226,45.171,-0.172,-2.418,1,3,2.00,NONE,SEG03,54
227,45.371,-0.180,-2.478,1,3,2.00,NONE,SEG03,54
228,45.570,-0.189,-2.528,1,3,2.00,NONE,SEG03,54
229,45.770,-0.197,-2.596,1,3,2.00,NONE,SEG03,55
230,45.970,-0.206,-2.664,1,3,2.00,NONE,SEG03,55
231,46.170,-0.214,-2.731,1,3,2.00,NONE,SEG03,55
232,46.370,-0.224,-2.749,1,3,2.00,NONE,SEG03,55
233,46.569,-0.233,-2.822,1,3,2.00,NONE,SEG03,55
234,46.769,-0.243,-2.907,1,3,2.00,NONE,SEG03,56
235,46.969,-0.253,-2.992,1,3,2.00,NONE,SEG03,56
236,47.169,-0.262,-3.077,1,3,2.00,NONE,SEG03,56
237,47.369,-0.273,-3.088,1,3,2.00,NONE,SEG03,56
238,47.568,-0.284,-3.397,1,3,2.00,NONE,SEG03,56
239,47.768,-0.294,-3.737,1,3,2.00,NONE,SEG03,57
240,47.968,-0.305,-4.078,1,3,2.00,NONE,SEG03,57
241,48.167,-0.316,-4.418,1,3,2.00,NONE,SEG03,57
242,48.367,-0.331,-4.450,1,3,2.00,NONE,SEG03,57
243,48.566,-0.347,-4.384,1,3,2.00,NONE,SEG03,57
244,48.766,-0.362,-4.309,1,3,2.00,NONE,SEG03,58
245,48.965,-0.378,-4.234,1,3,2.00,NONE,SEG03,58
246,49.164,-0.393,-4.159,1,3,2.00,NONE,SEG03,58
247,49.364,-0.408,-4.149,1,3,2.00,NONE,SEG03,58
248,49.563,-0.422,-4.061,1,3,2.00,NONE,SEG03,58
249,49.763,-0.437,-3.956,1,3,2.00,NONE,SEG03,59
250,49.962,-0.451,-3.852,1,3,2.00,NONE,SEG03,59
251,50.162,-0.466,-3.748,1,3,2.00,NONE,SEG03,59
252,50.361,-0.479,-3.733,1,3,2.00,NONE,SEG03,59
253,50.561,-0.492,-3.715,1,3,2.00,NONE,SEG03,59
254,50.760,-0.505,-3.692,1,3,2.00,NONE,SEG03,60
255,50.960,-0.518,-3.669,1,3,2.00,NONE,SEG03,60
256,51.160,-0.531,-3.645,1,3,2.00,NONE,SEG03,60
257,51.359,-0.544,-3.640,1,3,2.00,NONE,SEG03,60
258,51.559,-0.556,-3.693,1,3,2.00,NONE,SEG03,60
259,51.758,-0.569,-3.791,1,3,2.00,NONE,SEG03,61
260,51.958,-0.582,-3.889,1,3,2.00,NONE,SEG03,61
261,52.158,-0.594,-3.987,1,3,2.00,NONE,SEG03,61
262,52.357,-0.608,-4.032,1,3,2.00,NONE,SEG03,61
263,52.557,-0.622,-4.049,1,3,2.00,NONE,SEG03,61
264,52.756,-0.636,-4.111,1,3,2.00,NONE,SEG03,61
265,52.956,-0.650,-4.173,1,3,2.00,NONE,SEG03,62
266,53.155,-0.664,-4.235,1,3,2.00,NONE,SEG03,62
267,53.355,-0.678,-4.280,1,3,2.00,NONE,SEG03,62
268,53.554,-0.693,-4.280,1,3,2.00,NONE,SEG03,62
269,53.754,-0.708,-3.819,1,3,2.00,NONE,SEG03,62
270,53.953,-0.723,-3.308,1,3,2.00,NONE,SEG03,63
271,54.152,-0.738,-2.797,1,3,2.00,NONE,SEG03,63
272,54.352,-0.753,-2.286,1,3,2.00,NONE,SEG03,63
273,54.552,-0.762,-2.236,1,3,2.00,NONE,SEG03,63
274,54.751,-0.769,-1.935,1,3,2.00,NONE,SEG03,63
275,54.951,-0.777,-1.438,1,3,2.00,NONE,SEG03,64
276,55.151,-0.785,-0.942,1,3,2.00,NONE,SEG03,64
277,55.351,-0.793,-0.446,1,3,2.00,NONE,SEG03,64
278,55.551,-0.796,-0.250,1,3,2.00,NONE,SEG03,64
279,55.751,-0.797,0.056,1,3,2.00,NONE,SEG03,64
280,55.951,-0.798,1.162,1,3,2.00,NONE,SEG03,64
281,56.151,-0.799,2.269,1,3,2.00,NONE,SEG03,65
282,56.351,-0.800,3.376,1,3,2.00,NONE,SEG03,65
283,56.551,-0.796,4.176,1,3,2.00,NONE,SEG03,65
284,56.750,-0.782,4.176,1,3,2.00,NONE,SEG03,65
285,56.950,-0.767,5.419,1,3,2.00,NONE,SEG03,65
286,57.149,-0.753,6.955,1,3,2.00,NONE,SEG03,66
287,57.349,-0.738,8.491,1,3,2.00,NONE,SEG03,66
288,57.548,-0.724,10.025,1,3,2.00,NONE,SEG03,66
289,57.745,-0.692,10.316,1,3,2.00,NONE,SEG03,66
290,57.942,-0.656,11.197,1,3,2.00,NONE,SEG03,66
291,58.139,-0.620,13.437,1,3,2.00,NONE,SEG03,67
292,58.336,-0.584,15.681,1,3,2.00,NONE,SEG03,67
293,58.533,-0.549,17.922,1,3,2.00,NONE,SEG03,67
294,58.726,-0.501,19.282,1,3,2.00,NONE,SEG03,67
295,58.915,-0.435,19.282,1,3,2.00,NONE,SEG03,67
296,59.104,-0.369,20.919,1,3,2.00,NONE,SEG03,67
297,59.292,-0.303,22.607,1,3,2.00,NONE,SEG03,68
298,59.481,-0.237,24.295,1,3,2.00,NONE,SEG03,68
299,59.670,-0.171,25.981,1,3,2.00,NONE,SEG03,68
300,59.850,-0.084,26.029,1,3,2.00,NONE,SEG03,68
301,60.030,0.004,27.299,1,3,2.00,NONE,SEG03,68
302,60.209,0.092,30.191,1,3,2.00,NONE,SEG03,69
303,60.389,0.180,33.090,1,3,2.00,NONE,SEG03,69
304,60.569,0.267,35.983,1,3,2.00,NONE,SEG03,69
305,60.739,0.370,37.605,1,3,2.00,NONE,SEG03,69
306,60.898,0.492,37.605,1,3,2.00,NONE,SEG03,69
307,61.056,0.614,39.349,1,3,2.00,NONE,SEG03,69
308,61.215,0.736,41.999,1,3,2.00,NONE,SEG03,70
309,61.373,0.858,44.653,1,3,2.00,NONE,SEG03,70
310,61.532,0.980,47.299,1,3,2.00,NONE,SEG03,70
311,61.673,1.120,48.203,1,3,2.00,NONE,SEG03,70
312,61.807,1.269,48.342,1,3,2.00,NONE,SEG03,70
313,61.940,1.418,50.276,1,3,2.00,NONE,SEG03,70
314,62.073,1.568,52.214,1,3,2.00,NONE,SEG03,71
315,62.207,1.717,54.152,1,3,2.00,NONE,SEG03,71
316,62.338,1.867,55.947,1,3,2.00,NONE,SEG03,71
317,62.450,2.033,55.947,1,3,2.00,NONE,SEG03,71
318,62.562,2.198,56.630,1,3,2.00,NONE,SEG03,71
319,62.674,2.364,58.260,1,3,2.00,NONE,SEG03,72
320,62.786,2.530,59.892,1,3,2.00,NONE,SEG03,72
321,62.898,2.695,61.523,1,3,2.00,NONE,SEG03,72
322,63.002,2.866,62.471,1,3,2.00,NONE,SEG03,72
323,63.095,3.043,62.471,1,3,2.00,NONE,SEG03,72
324,63.187,3.221,63.515,1,3,2.00,NONE,SEG03,72
325,63.280,3.398,64.918,1,3,2.00,NONE,SEG03,73
326,63.372,3.575,66.323,1,3,2.00,NONE,SEG03,73
327,63.464,3.753,67.726,1,3,2.00,NONE,SEG03,73
328,63.544,3.936,68.085,1,3,2.00,NONE,SEG03,73
329,63.618,4.122,68.119,1,3,2.00,NONE,SEG03,73
330,63.693,4.307,68.942,1,3,2.00,NONE,SEG03,73
331,63.768,4.493,69.766,1,3,2.00,NONE,SEG03,74
332,63.842,4.678,70.589,1,3,2.00,NONE,SEG03,74
333,63.916,4.864,71.379,1,3,2.00,NONE,SEG03,74
334,63.980,5.054,71.379,1,3,2.00,NONE,SEG03,74
335,64.044,5.243,71.665,1,3,2.00,NONE,SEG03,74
336,64.108,5.433,72.105,1,3,2.00,NONE,SEG03,75
337,64.172,5.622,72.545,1,3,2.00,NONE,SEG03,75
338,64.236,5.812,72.986,1,3,2.00,NONE,SEG03,75
339,64.296,6.003,73.140,1,3,2.00,NONE,SEG03,75
340,64.354,6.194,73.350,1,3,2.00,NONE,SEG03,75
341,64.412,6.385,74.230,1,3,2.00,NONE,SEG03,75
342,64.470,6.577,75.110,1,3,2.00,NONE,SEG03,76
343,64.528,6.768,75.990,1,3,2.00,NONE,SEG03,76
344,64.583,6.960,76.659,1,3,2.00,NONE,SEG03,76
345,64.629,7.155,76.659,1,3,2.00,NONE,SEG03,76
346,64.675,7.350,77.417,1,3,2.00,NONE,SEG03,76
347,64.721,7.544,78.288,1,3,2.00,NONE,SEG03,77
348,64.768,7.739,79.158,1,3,2.00,NONE,SEG03,77
349,64.814,7.933,80.028,1,3,2.00,NONE,SEG03,77
350,64.850,8.130,80.140,1,3,2.00,NONE,SEG03,77
351,64.884,8.327,80.468,1,3,2.00,NONE,SEG03,77
352,64.918,8.524,81.099,1,3,2.00,NONE,SEG03,78
353,64.952,8.721,81.729,1,3,2.00,NONE,SEG03,78
354,64.987,8.918,82.360,1,3,2.00,NONE,SEG03,78
355,65.016,9.116,82.663,1,3,2.00,NONE,SEG03,78
356,65.042,9.314,82.726,1,3,2.00,NONE,SEG03,78
357,65.067,9.513,83.291,1,3,2.00,NONE,SEG03,78
358,65.093,9.711,83.856,1,3,2.00,NONE,SEG03,79
359,65.118,9.909,84.421,1,3,2.00,NONE,SEG03,79
360,65.143,10.108,84.923,1,3,2.00,NONE,SEG03,79
361,65.161,10.307,84.923,1,3,2.00,NONE,SEG03,79
362,65.178,10.506,85.267,1,3,2.00,NONE,SEG03,79
363,65.196,10.706,85.758,1,3,2.00,NONE,SEG03,80
364,65.214,10.905,86.249,1,3,2.00,NONE,SEG03,80
365,65.232,11.104,86.740,1,3,2.00,NONE,SEG03,80
366,65.244,11.304,86.886,1,3,2.00,NONE,SEG03,80
367,65.255,11.503,87.006,1,3,2.00,NONE,SEG03,80
368,65.266,11.703,87.397,1,3,2.00,NONE,SEG03,81
369,65.277,11.903,87.789,1,3,2.00,NONE,SEG03,81
370,65.288,12.102,88.181,1,3,2.00,NONE,SEG03,81
371,65.297,12.302,88.454,1,3,2.00,NONE,SEG03,81
372,65.303,12.502,88.454,1,3,2.00,NONE,SEG03,81
373,65.308,12.702,88.845,1,3,2.00,NONE,SEG03,81
374,65.313,12.902,89.283,1,3,2.00,NONE,SEG03,82
375,65.319,13.102,89.722,1,3,2.00,NONE,SEG03,82
376,65.324,13.302,90.161,1,3,2.00,NONE,SEG03,82
377,65.324,13.502,90.209,1,3,2.00,NONE,SEG03,82
378,65.323,13.702,90.649,1,3,2.00,NONE,SEG03,82
379,65.323,13.902,91.557,1,3,2.00,NONE,SEG03,83
380,65.322,14.102,92.465,1,3,2.00,NONE,SEG03,83
381,65.321,14.302,93.372,1,3,2.00,NONE,SEG03,83
382,65.314,14.502,93.840,1,3,2.00,NONE,SEG03,83
383,65.301,14.701,93.979,1,3,2.00,NONE,SEG03,83
384,65.287,14.901,95.292,1,3,2.00,NONE,SEG03,83
385,65.274,15.100,96.606,1,3,2.00,NONE,SEG03,84
386,65.261,15.300,97.920,1,3,2.00,NONE,SEG03,84
387,65.245,15.499,99.094,1,3,2.00,NONE,SEG03,84
388,65.214,15.697,99.094,1,3,2.00,NONE,SEG03,84
389,65.182,15.894,100.335,1,3,2.00,NONE,SEG03,84
390,65.151,16.092,101.976,1,3,2.00,NONE,SEG03,85
391,65.119,16.289,103.617,1,3,2.00,NONE,SEG03,85
392,65.087,16.487,105.257,1,3,2.00,NONE,SEG03,85
393,65.039,16.680,105.655,1,3,2.00,NONE,SEG03,85
394,64.985,16.873,106.446,1,3,2.00,NONE,SEG03,85
395,64.931,17.065,108.319,1,3,2.00,NONE,SEG03,86
396,64.877,17.258,110.194,1,3,2.00,NONE,SEG03,86
397,64.823,17.451,112.067,1,3,2.00,NONE,SEG03,86
398,64.759,17.640,113.149,1,3,2.00,NONE,SEG03,86
399,64.680,17.823,113.257,1,3,2.00,NONE,SEG03,86
400,64.601,18.007,115.231,1,3,2.00,NONE,SEG03,86
401,64.523,18.191,117.210,1,3,2.00,NONE,SEG03,87
402,64.444,18.375,119.189,1,3,2.00,NONE,SEG03,87
403,64.364,18.558,121.056,1,3,2.00,NONE,SEG03,87
404,64.261,18.730,121.056,1,3,2.00,NONE,SEG03,87
405,64.158,18.901,122.240,1,3,2.00,NONE,SEG03,87
406,64.055,19.072,124.015,1,3,2.00,NONE,SEG03,88
407,63.951,19.244,125.792,1,3,2.00,NONE,SEG03,88
408,63.848,19.415,127.566,1,3,2.00,NONE,SEG03,88
409,63.731,19.577,128.156,1,3,2.00,NONE,SEG03,88
410,63.608,19.734,128.712,1,3,2.00,NONE,SEG03,88
411,63.484,19.891,130.502,1,3,2.00,NONE,SEG03,88
412,63.361,20.049,132.295,1,3,2.00,NONE,SEG03,89
413,63.237,20.206,134.086,1,3,2.00,NONE,SEG03,89
414,63.108,20.358,135.320,1,3,2.00,NONE,SEG03,89
415,62.966,20.499,135.336,1,3,2.00,NONE,SEG03,89
416,62.823,20.639,137.010,1,3,2.00,NONE,SEG03,89
417,62.681,20.780,138.686,1,3,2.00,NONE,SEG03,90
418,62.539,20.921,140.363,1,3,2.00,NONE,SEG03,90
419,62.397,21.061,142.020,1,3,2.00,NONE,SEG03,90
420,62.239,21.184,142.020,1,3,2.00,NONE,SEG03,90
421,62.081,21.307,143.302,1,3,2.00,NONE,SEG03,90
422,61.924,21.430,144.996,1,3,2.00,NONE,SEG03,91
423,61.766,21.553,146.690,1,3,2.00,NONE,SEG03,91
424,61.608,21.676,148.382,1,3,2.00,NONE,SEG03,91
425,61.441,21.785,148.793,1,3,2.00,NONE,SEG03,91
426,61.270,21.888,149.610,1,3,2.00,NONE,SEG03,91
427,61.099,21.992,150.992,1,3,2.00,NONE,SEG03,92
428,60.927,22.096,152.374,1,3,2.00,NONE,SEG03,92
429,60.756,22.199,153.756,1,3,2.00,NONE,SEG03,92
430,60.580,22.293,154.320,1,3,2.00,NONE,SEG03,92
431,60.400,22.380,154.904,1,3,2.00,NONE,SEG03,92
432,60.219,22.466,156.178,1,3,2.00,NONE,SEG03,93
433,60.039,22.553,157.453,1,3,2.00,NONE,SEG03,93
434,59.859,22.640,158.728,1,3,2.00,NONE,SEG03,93
435,59.676,22.719,159.418,1,3,2.00,NONE,SEG03,93
436,59.488,22.789,159.772,1,3,2.00,NONE,SEG03,93
437,59.301,22.859,160.800,1,3,2.00,NONE,SEG03,93
438,59.114,22.930,161.828,1,3,2.00,NONE,SEG03,94
439,58.927,23.000,162.856,1,3,2.00,NONE,SEG03,94
440,58.738,23.066,163.531,1,3,2.00,NONE,SEG03,94
441,58.546,23.122,163.800,1,3,2.00,NONE,SEG03,94
442,58.354,23.179,164.852,1,3,2.00,NONE,SEG03,94
443,58.162,23.236,165.904,1,3,2.00,NONE,SEG03,95
444,57.971,23.292,166.956,1,3,2.00,NONE,SEG03,95
445,57.778,23.346,167.739,1,3,2.00,NONE,SEG03,95
446,57.582,23.388,167.915,1,3,2.00,NONE,SEG03,95
447,57.387,23.430,168.783,1,3,2.00,NONE,SEG03,95
448,57.192,23.473,169.651,1,3,2.00,NONE,SEG03,96
449,56.996,23.515,170.519,1,3,2.00,NONE,SEG03,96
450,56.800,23.555,171.210,1,3,2.00,NONE,SEG03,96
451,56.603,23.586,171.389,1,3,2.00,NONE,SEG03,96
452,56.405,23.617,172.312,1,3,2.00,NONE,SEG03,96
453,56.207,23.647,173.234,1,3,2.00,NONE,SEG03,97
454,56.010,23.678,174.157,1,3,2.00,NONE,SEG03,97
455,55.812,23.706,174.900,1,3,2.00,NONE,SEG03,97
456,55.612,23.724,175.095,1,3,2.00,NONE,SEG03,97
457,55.413,23.741,176.188,1,3,2.00,NONE,SEG03,97
458,55.214,23.759,177.282,1,3,2.00,NONE,SEG03,98
459,55.015,23.777,178.376,1,3,2.00,NONE,SEG03,98
460,54.815,23.792,179.275,1,3,2.00,NONE,SEG03,98
461,54.615,23.795,179.493,1,3,2.00,NONE,SEG03,98
462,54.416,23.797,-179.091,1,3,2.00,NONE,SEG03,98
463,54.216,23.800,-177.673,1,3,2.00,NONE,SEG03,99
464,54.016,23.802,-176.255,1,3,2.00,NONE,SEG03,99
465,53.816,23.802,-175.057,1,3,2.00,NONE,SEG03,99
466,53.616,23.784,-174.992,1,3,2.00,NONE,SEG03,99
467,53.417,23.767,-173.058,1,3,2.00,NONE,SEG03,99
468,53.218,23.750,-171.120,1,3,2.00,NONE,SEG03,100
469,53.019,23.733,-169.181,1,3,2.00,NONE,SEG03,100
470,52.820,23.715,-167.312,1,3,2.00,NONE,SEG03,100
471,52.624,23.671,-167.312,1,3,2.00,NONE,SEG03,100
472,52.429,23.627,-165.265,1,3,2.00,NONE,SEG03,100
473,52.234,23.583,-162.620,1,3,2.00,NONE,SEG03,101
474,52.039,23.539,-159.971,1,3,2.00,NONE,SEG03,101
475,51.844,23.495,-157.332,1,3,2.00,NONE,SEG03,101
476,51.658,23.424,-156.737,1,3,2.00,NONE,SEG03,101
477,51.474,23.345,-155.170,1,3,2.00,NONE,SEG03,101
478,51.290,23.266,-151.905,1,3,2.00,NONE,SEG03,102
479,51.106,23.187,-148.628,1,3,2.00,NONE,SEG03,102
480,50.923,23.108,-145.361,1,3,2.00,NONE,SEG03,102
481,50.750,23.010,-143.662,1,3,2.00,NONE,SEG03,102
482,50.589,22.892,-143.137,1,3,2.00,NONE,SEG03,102
483,50.428,22.773,-140.272,1,3,2.00,NONE,SEG03,102
484,50.266,22.655,-137.395,1,3,2.00,NONE,SEG03,103
485,50.105,22.536,-134.520,1,3,2.00,NONE,SEG03,103
486,49.949,22.412,-132.179,1,3,2.00,NONE,SEG03,103
487,49.815,22.264,-132.073,1,3,2.00,NONE,SEG03,103
488,49.680,22.116,-129.041,1,3,2.00,NONE,SEG03,103
489,49.546,21.968,-125.992,1,3,2.00,NONE,SEG03,104
490,49.412,21.819,-122.943,1,3,2.00,NONE,SEG03,104
491,49.279,21.670,-120.016,1,3,2.00,NONE,SEG03,104
492,49.179,21.497,-120.016,1,3,2.00,NONE,SEG03,104
493,49.079,21.324,-117.792,1,3,2.00,NONE,SEG03,104
494,48.979,21.151,-115.205,1,3,2.00,NONE,SEG03,105
495,48.879,20.978,-112.617,1,3,2.00,NONE,SEG03,105
496,48.779,20.804,-110.038,1,3,2.00,NONE,SEG03,105
497,48.707,20.618,-109.682,1,3,2.00,NONE,SEG03,105
498,48.639,20.430,-108.868,1,3,2.00,NONE,SEG03,105
499,48.572,20.242,-107.500,1,3,2.00,NONE,SEG03,106
500,48.505,20.053,-106.131,1,3,2.00,NONE,SEG03,106
501,48.437,19.865,-104.764,1,3,2.00,NONE,SEG03,106
502,48.381,19.673,-104.211,1,3,2.00,NONE,SEG03,106
503,48.332,19.479,-103.853,1,3,2.00,NONE,SEG03,106
504,48.283,19.286,-103.119,1,3,2.00,NONE,SEG03,107
505,48.233,19.092,-102.385,1,3,2.00,NONE,SEG03,107
506,48.184,18.898,-101.650,1,3,2.00,NONE,SEG03,107
507,48.140,18.703,-101.274,1,3,2.00,NONE,SEG03,107
508,48.101,18.507,-101.158,1,3,2.00,NONE,SEG03,107
509,48.062,18.310,-100.954,1,3,2.00,NONE,SEG03,108
510,48.023,18.114,-100.750,1,3,2.00,NONE,SEG03,108
511,47.984,17.918,-100.546,1,3,2.00,NONE,SEG03,108
512,47.946,17.722,-100.457,1,3,2.00,NONE,SEG03,108
513,47.910,17.525,-100.383,1,3,2.00,NONE,SEG03,108
514,47.874,17.328,-100.227,1,3,2.00,NONE,SEG03,109
515,47.837,17.132,-100.071,1,3,2.00,NONE,SEG03,109
516,47.801,16.935,-99.915,1,3,2.00,NONE,SEG03,109
517,47.766,16.738,-99.833,1,3,2.00,NONE,SEG03,109
518,47.732,16.541,-99.655,1,3,2.00,NONE,SEG03,109
519,47.697,16.344,-99.247,1,3,2.00,NONE,SEG03,109
520,47.663,16.147,-98.840,1,3,2.00,NONE,SEG03,110
521,47.629,15.950,-98.432,1,3,2.00,NONE,SEG03,110
522,47.597,15.752,-98.203,1,3,2.00,NONE,SEG03,110
523,47.569,15.555,-97.947,1,3,2.00,NONE,SEG03,110
524,47.540,15.357,-97.438,1,3,2.00,NONE,SEG03,110
525,47.512,15.159,-96.929,1,3,2.00,NONE,SEG03,111
526,47.483,14.961,-96.420,1,3,2.00,NONE,SEG03,111
527,47.458,14.762,-96.166,1,3,2.00,NONE,SEG03,111
528,47.437,14.563,-96.753,1,3,2.00,NONE,SEG03,111
529,47.415,14.365,-97.802,1,3,2.00,NONE,SEG03,112
530,47.394,14.166,-98.852,1,3,2.00,NONE,SEG03,112
531,47.372,13.967,-99.902,1,3,2.00,NONE,SEG03,112
532,47.343,13.769,-100.365,1,3,2.00,NONE,SEG03,112
533,47.307,13.572,-101.436,1,3,2.00,NONE,SEG03,112
534,47.271,13.376,-103.016,1,3,2.00,NONE,SEG03,113
535,47.235,13.179,-104.597,1,3,2.00,NONE,SEG03,113
536,47.199,12.982,-106.177,1,3,2.00,NONE,SEG03,113
537,47.148,12.789,-106.693,1,3,2.00,NONE,SEG03,113
538,47.091,12.597,-108.812,1,3,2.00,NONE,SEG03,113
539,47.033,12.406,-110.937,1,3,2.00,NONE,SEG03,114
540,46.976,12.214,-113.061,1,3,2.00,NONE,SEG03,114
541,46.918,12.023,-115.173,1,3,2.00,NONE,SEG03,114
542,46.833,11.842,-117.158,1,3,2.00,NONE,SEG03,114
543,46.748,11.661,-120.372,1,3,2.00,NONE,SEG03,114
544,46.663,11.480,-123.593,1,3,2.00,NONE,SEG03,115
545,46.578,11.299,-126.813,1,3,2.00,NONE,SEG03,115
546,46.470,11.132,-129.955,1,3,2.00,NONE,SEG03,115
547,46.346,10.975,-133.691,1,3,2.00,NONE,SEG03,115
548,46.223,10.817,-137.441,1,3,2.00,NONE,SEG03,116
549,46.100,10.660,-141.186,1,3,2.00,NONE,SEG03,116
550,45.958,10.521,-144.230,1,3,2.00,NONE,SEG03,116
551,45.798,10.401,-147.111,1,3,2.00,NONE,SEG03,116
552,45.639,10.280,-150.001,1,3,2.00,NONE,SEG03,117
553,45.479,10.160,-152.890,1,3,2.00,NONE,SEG03,117
554,45.310,10.054,-155.734,1,3,2.00,NONE,SEG03,117
555,45.130,9.968,-158.352,1,3,2.00,NONE,SEG03,117
556,44.949,9.882,-160.976,1,3,2.00,NONE,SEG03,118
557,44.769,9.796,-163.599,1,3,2.00,NONE,SEG03,118
558,44.582,9.726,-166.023,1,3,2.00,NONE,SEG03,118
559,44.389,9.674,-168.005,1,3,2.00,NONE,SEG03,118
560,44.196,9.622,-169.990,1,3,2.00,NONE,SEG03,119
561,44.003,9.570,-171.973,1,3,2.00,NONE,SEG03,119
562,43.807,9.533,-173.465,1,3,2.00,NONE,SEG03,119
563,43.608,9.508,-174.913,1,3,2.00,NONE,SEG03,119
564,43.410,9.483,-176.362,1,3,2.00,NONE,SEG03,120
565,43.211,9.459,-177.810,1,3,2.00,NONE,SEG03,120
566,43.012,9.442,-178.729,1,3,2.00,NONE,SEG03,120
567,42.813,9.437,-179.572,1,3,2.00,NONE,SEG03,120
568,42.613,9.433,179.584,1,3,2.00,NONE,SEG03,121
569,42.413,9.428,178.740,1,3,2.00,NONE,SEG03,121
570,42.213,9.424,177.907,1,3,2.00,NONE,SEG03,121
571,42.013,9.431,177.626,1,3,2.00,NONE,SEG03,121
572,41.813,9.439,177.008,1,3,2.00,NONE,SEG03,121
573,41.613,9.446,176.390,1,3,2.00,NONE,SEG03,122
574,41.413,9.453,175.772,1,3,2.00,NONE,SEG03,122
575,41.214,9.464,175.435,1,3,2.00,NONE,SEG03,122
576,41.014,9.480,175.133,1,3,2.00,NONE,SEG03,122
577,40.815,9.496,174.705,1,3,2.00,NONE,SEG03,123
578,40.615,9.512,174.277,1,3,2.00,NONE,SEG03,123
579,40.416,9.528,173.848,1,3,2.00,NONE,SEG03,123
580,40.217,9.548,173.722,1,3,2.00,NONE,SEG03,123
581,40.018,9.570,173.353,1,3,2.00,NONE,SEG03,123
582,39.820,9.592,172.911,1,3,2.00,NONE,SEG03,124
583,39.621,9.614,172.470,1,3,2.00,NONE,SEG03,124
584,39.422,9.636,172.028,1,3,2.00,NONE,SEG03,124
585,39.224,9.663,171.947,1,3,2.00,NONE,SEG03,124
586,39.026,9.691,171.603,1,3,2.00,NONE,SEG03,124
587,38.828,9.719,171.258,1,3,2.00,NONE,SEG03,125
588,38.630,9.747,170.914,1,3,2.00,NONE,SEG03,125
589,38.432,9.775,170.578,1,3,2.00,NONE,SEG03,125
590,38.234,9.807,170.437,1,3,2.00,NONE,SEG03,125
591,38.037,9.840,169.867,1,3,2.00,NONE,SEG03,125
592,37.840,9.873,169.298,1,3,2.00,NONE,SEG03,126
593,37.642,9.906,168.728,1,3,2.00,NONE,SEG03,126
594,37.446,9.940,168.301,1,3,2.00,NONE,SEG03,126
595,37.250,9.981,168.080,1,3,2.00,NONE,SEG03,126
596,37.054,10.021,167.587,1,3,2.00,NONE,SEG03,126
597,36.858,10.062,167.095,1,3,2.00,NONE,SEG03,127
598,36.662,10.103,166.603,1,3,2.00,NONE,SEG03,127
599,36.467,10.146,166.332,1,3,2.00,NONE,SEG03,127
600,36.273,10.193,165.995,1,3,2.00,NONE,SEG03,127
601,36.078,10.241,165.488,1,3,2.00,NONE,SEG03,128
602,35.884,10.288,164.982,1,3,2.00,NONE,SEG03,128
603,35.690,10.335,164.475,1,3,2.00,NONE,SEG03,128
604,35.496,10.387,164.305,1,3,2.00,NONE,SEG03,128
605,35.304,10.441,163.746,1,3,2.00,NONE,SEG03,128
606,35.111,10.495,163.108,1,3,2.00,NONE,SEG03,129
607,34.919,10.549,162.471,1,3,2.00,NONE,SEG03,129
608,34.726,10.603,161.833,1,3,2.00,NONE,SEG03,129
609,34.536,10.665,161.755,1,3,2.00,NONE,SEG03,129
610,34.346,10.728,161.226,1,3,2.00,NONE,SEG03,129
611,34.156,10.790,160.682,1,3,2.00,NONE,SEG03,130
612,33.966,10.853,160.138,1,3,2.00,NONE,SEG03,130
613,33.776,10.915,159.593,1,3,2.00,NONE,SEG03,130
614,33.589,10.985,159.578,1,3,2.00,NONE,SEG03,130
615,33.401,11.055,158.225,1,3,2.00,NONE,SEG03,130
616,33.214,11.125,156.720,1,3,2.00,NONE,SEG03,131
617,33.026,11.194,155.215,1,3,2.00,NONE,SEG03,131
618,32.839,11.264,153.711,1,3,2.00,NONE,SEG03,131
619,32.659,11.351,153.560,1,3,2.00,NONE,SEG03,131
620,32.480,11.440,152.469,1,3,2.00,NONE,SEG03,131
621,32.301,11.529,150.917,1,3,2.00,NONE,SEG03,132
622,32.122,11.618,149.365,1,3,2.00,NONE,SEG03,132
623,31.943,11.708,147.814,1,3,2.00,NONE,SEG03,132
624,31.771,11.810,147.354,1,3,2.00,NONE,SEG03,132
625,31.603,11.918,146.603,1,3,2.00,NONE,SEG03,132
626,31.434,12.026,145.121,1,3,2.00,NONE,SEG03,133
627,31.266,12.133,143.638,1,3,2.00,NONE,SEG03,133
628,31.098,12.241,142.155,1,3,2.00,NONE,SEG03,133
629,30.935,12.358,141.424,1,3,2.00,NONE,SEG03,133
630,30.779,12.482,141.068,1,3,2.00,NONE,SEG03,133
631,30.623,12.607,139.642,1,3,2.00,NONE,SEG03,133
632,30.466,12.732,138.215,1,3,2.00,NONE,SEG03,134
633,30.310,12.857,136.788,1,3,2.00,NONE,SEG03,134
634,30.157,12.985,135.718,1,3,2.00,NONE,SEG03,134
635,30.014,13.125,135.718,1,3,2.00,NONE,SEG03,134
636,29.870,13.264,133.550,1,3,2.00,NONE,SEG03,134
637,29.727,13.404,131.082,1,3,2.00,NONE,SEG03,135
638,29.584,13.544,128.613,1,3,2.00,NONE,SEG03,135
639,29.441,13.683,126.152,1,3,2.00,NONE,SEG03,135
640,29.321,13.843,125.857,1,3,2.00,NONE,SEG03,135
641,29.203,14.005,124.619,1,3,2.00,NONE,SEG03,135
642,29.086,14.167,122.407,1,3,2.00,NONE,SEG03,136
643,28.969,14.329,120.192,1,3,2.00,NONE,SEG03,136
644,28.852,14.491,117.980,1,3,2.00,NONE,SEG03,136
645,28.750,14.662,117.007,1,3,2.00,NONE,SEG03,136
646,28.659,14.840,115.989,1,3,2.00,NONE,SEG03,136
647,28.568,15.018,114.155,1,3,2.00,NONE,SEG03,137
648,28.477,15.197,112.319,1,3,2.00,NONE,SEG03,137
649,28.386,15.375,110.486,1,3,2.00,NONE,SEG03,137
650,28.308,15.559,109.670,1,3,2.00,NONE,SEG03,137
651,28.241,15.747,108.178,1,3,2.00,NONE,SEG03,137
652,28.174,15.935,105.924,1,3,2.00,NONE,SEG03,138
653,28.107,16.124,103.669,1,3,2.00,NONE,SEG03,138
654,28.039,16.312,101.417,1,3,2.00,NONE,SEG03,138
655,27.992,16.506,100.658,1,3,2.00,NONE,SEG03,138
656,27.955,16.702,98.984,1,3,2.00,NONE,SEG03,138
657,27.918,16.899,96.738,1,3,2.00,NONE,SEG03,139
658,27.881,17.095,94.490,1,3,2.00,NONE,SEG03,139
659,27.844,17.292,92.247,1,3,2.00,NONE,SEG03,139
660,27.830,17.491,91.674,1,3,2.00,NONE,SEG03,139
661,27.824,17.691,90.686,1,3,2.00,NONE,SEG03,139
662,27.818,17.891,89.698,1,3,2.00,NONE,SEG03,140
663,27.813,18.091,88.710,1,3,2.00,NONE,SEG03,140
664,27.807,18.291,87.726,1,3,2.00,NONE,SEG03,140
665,27.815,18.491,87.645,1,3,2.00,NONE,SEG03,140
666,27.823,18.690,87.388,1,3,2.00,NONE,SEG03,140
667,27.831,18.890,87.131,1,3,2.00,NONE,SEG03,141
668,27.839,19.090,86.874,1,3,2.00,NONE,SEG03,141
669,27.848,19.290,86.699,1,3,2.00,NONE,SEG03,141
670,27.859,19.489,86.664,1,3,2.00,NONE,SEG03,141
671,27.871,19.689,86.612,1,3,2.00,NONE,SEG03,141
672,27.882,19.889,86.560,1,3,2.00,NONE,SEG03,142
673,27.894,20.088,86.507,1,3,2.00,NONE,SEG03,142
674,27.906,20.288,86.489,1,3,2.00,NONE,SEG03,142
675,27.918,20.488,86.510,1,3,2.00,NONE,SEG03,142
676,27.930,20.687,86.534,1,3,2.00,NONE,SEG03,143
677,27.942,20.887,86.558,1,3,2.00,NONE,SEG03,143
678,27.955,21.087,86.582,1,3,2.00,NONE,SEG03,143
679,27.967,21.286,86.623,1,3,2.00,NONE,SEG03,143
680,27.979,21.486,86.872,1,3,2.00,NONE,SEG03,143
681,27.990,21.686,87.121,1,3,2.00,NONE,SEG03,144
682,28.002,21.885,87.370,1,3,2.00,NONE,SEG03,144
683,28.014,22.085,87.582,1,3,2.00,NONE,SEG03,144
684,28.022,22.285,87.476,1,3,2.00,NONE,SEG03,144
685,28.031,22.485,87.224,1,3,2.00,NONE,SEG03,144
686,28.039,22.684,86.973,1,3,2.00,NONE,SEG03,145
687,28.048,22.884,86.721,1,3,2.00,NONE,SEG03,145
688,28.057,23.084,86.576,1,3,2.00,NONE,SEG03,145
689,28.069,23.284,86.587,1,3,2.00,NONE,SEG03,145
690,28.081,23.483,86.598,1,3,2.00,NONE,SEG03,146
691,28.093,23.683,86.610,1,3,2.00,NONE,SEG03,146
692,28.105,23.882,86.518,1,3,2.00,NONE,SEG03,146
693,28.117,24.082,86.111,1,3,2.00,NONE,SEG03,146
694,28.129,24.282,85.704,1,3,2.00,NONE,SEG03,147
695,28.141,24.481,85.233,1,3,2.00,NONE,SEG03,147
696,28.154,24.681,84.778,1,3,2.00,NONE,SEG03,147
697,28.171,24.880,84.291,1,3,2.00,NONE,SEG03,147
698,28.189,25.079,83.042,1,3,2.00,NONE,SEG03,148
699,28.207,25.279,81.843,1,3,2.00,NONE,SEG03,148
700,28.227,25.478,80.674,1,3,2.00,NONE,SEG03,149
701,28.251,25.676,79.842,1,3,2.00,NONE,SEG03,149
702,28.286,25.873,80.217,1,3,2.00,NONE,SEG03,150
703,28.320,26.070,80.768,1,3,2.00,NONE,SEG03,150
704,28.356,26.267,81.375,1,3,2.00,NONE,SEG03,150
705,28.392,26.464,82.208,1,3,2.00,NONE,SEG03,151
706,28.421,26.661,82.844,1,3,2.00,NONE,SEG03,151
707,28.449,26.859,83.318,1,3,2.00,NONE,SEG03,152
708,28.476,27.058,83.793,1,3,2.00,NONE,SEG03,152
709,28.500,27.256,84.111,1,3,2.00,NONE,SEG03,152
710,28.521,27.455,84.409,1,3,2.00,NONE,SEG03,152
711,28.542,27.654,84.706,1,3,2.00,NONE,SEG03,153
712,28.563,27.853,85.004,1,3,2.00,NONE,SEG03,153
713,28.582,28.052,85.232,1,3,2.00,NONE,SEG03,153
714,28.599,28.251,85.258,1,3,2.00,NONE,SEG03,153
715,28.616,28.450,85.604,1,3,2.00,NONE,SEG03,153
716,28.632,28.650,85.949,1,4,2.00,NONE,SEG04,154
717,28.649,28.849,86.295,1,4,2.00,NONE,SEG04,154
718,28.665,29.048,86.614,1,4,2.00,NONE,SEG04,154
719,28.677,29.248,86.614,1,4,2.00,NONE,SEG04,154
720,28.689,29.448,86.745,1,4,2.00,NONE,SEG04,154
721,28.701,29.647,86.948,1,4,2.00,NONE,SEG04,155
722,28.712,29.847,87.151,1,4,2.00,NONE,SEG04,155
723,28.724,30.047,87.354,1,4,2.00,NONE,SEG04,155
724,28.734,30.246,87.426,1,4,2.00,NONE,SEG04,155
725,28.743,30.446,87.403,1,4,2.00,NONE,SEG04,155
726,28.752,30.646,87.233,1,4,2.00,NONE,SEG04,155
727,28.761,30.846,87.063,1,4,2.00,NONE,SEG04,156
728,28.770,31.046,86.894,1,4,2.00,NONE,SEG04,156
729,28.779,31.245,86.747,1,4,2.00,NONE,SEG04,156
730,28.791,31.445,86.747,1,4,2.00,NONE,SEG04,156
731,28.802,31.645,86.556,1,4,2.00,NONE,SEG04,156
732,28.814,31.844,86.263,1,4,2.00,STOP_LINE,SEG04,157
733,28.825,32.044,85.970,1,4,2.00,NONE,SEG04,157
734,28.836,32.244,85.677,1,4,2.00,NONE,SEG04,157
735,28.850,32.443,85.575,1,4,2.00,NONE,SEG04,157
736,28.866,32.643,85.522,1,4,2.00,NONE,SEG04,157
737,28.881,32.842,85.311,1,4,2.00,NONE,SEG04,157
738,28.897,33.041,85.101,1,4,2.00,NONE,SEG04,158
739,28.912,33.241,84.891,1,4,2.00,NONE,SEG04,158
740,28.928,33.440,84.734,1,4,2.00,NONE,SEG04,158
741,28.946,33.639,84.734,1,4,2.00,NONE,SEG04,158
742,28.965,33.839,84.685,1,4,2.00,NONE,SEG04,158
743,28.983,34.038,84.632,1,4,2.00,NONE,SEG04,159
744,29.002,34.237,84.578,1,4,2.00,NONE,SEG04,159
745,29.020,34.436,84.525,1,4,2.00,NONE,SEG04,159
746,29.039,34.635,84.520,1,4,2.00,NONE,SEG04,159
747,29.058,34.834,84.519,1,4,2.00,NONE,SEG04,159
748,29.077,35.033,84.518,1,4,2.00,NONE,SEG04,160
749,29.096,35.232,84.516,1,4,2.00,NONE,SEG04,160
750,29.115,35.431,84.515,1,4,2.00,NONE,SEG04,160
751,29.134,35.630,84.514,1,8,2.00,NONE,SEG08,485
752,29.154,35.830,84.550,1,8,2.00,NONE,SEG08,485
753,29.173,36.029,84.726,1,8,2.00,NONE,SEG08,485
754,29.192,36.228,84.902,1,4,2.00,NONE,SEG04,161
755,29.211,36.427,85.079,1,4,2.00,NONE,SEG04,161
756,29.230,36.626,85.220,1,4,2.00,NONE,SEG04,161
757,29.246,36.825,85.220,1,4,2.00,NONE,SEG04,161
758,29.263,37.025,85.304,1,4,2.00,NONE,SEG04,161
759,29.280,37.224,85.405,1,4,2.00,NONE,SEG04,162
760,29.296,37.423,85.506,1,4,2.00,NONE,SEG04,162
761,29.313,37.622,85.607,1,4,2.00,NONE,SEG04,162
762,29.328,37.822,85.624,1,4,2.00,NONE,SEG04,162
763,29.344,38.021,85.649,1,4,2.00,NONE,SEG04,162
764,29.359,38.221,85.704,1,4,2.00,NONE,SEG04,163
765,29.374,38.420,85.760,1,4,2.00,NONE,SEG04,163
766,29.389,38.620,85.815,1,4,2.00,NONE,SEG04,163
767,29.404,38.819,85.845,1,4,2.00,NONE,SEG04,163
768,29.419,39.018,85.852,1,4,2.00,NONE,SEG04,163
769,29.433,39.218,85.959,1,4,2.00,NONE,SEG04,163
770,29.448,39.417,86.065,1,4,2.00,NONE,SEG04,164
771,29.462,39.617,86.171,1,4,2.00,NONE,SEG04,164
772,29.477,39.816,86.271,1,4,2.00,NONE,SEG04,164
773,29.490,40.016,86.271,1,4,2.00,NONE,SEG04,164
774,29.503,40.216,86.418,1,4,2.00,NONE,SEG04,164
775,29.516,40.415,86.630,1,4,2.00,NONE,SEG04,165
776,29.529,40.615,86.843,1,4,2.00,NONE,SEG04,165
777,29.542,40.814,87.055,1,4,2.00,NONE,SEG04,165
778,29.553,41.014,87.121,1,4,2.00,NONE,SEG04,165
779,29.563,41.214,87.135,1,4,2.00,NONE,SEG04,165
780,29.573,41.413,87.177,1,4,2.00,NONE,SEG04,166
781,29.583,41.613,87.219,1,4,2.00,NONE,SEG04,166
782,29.593,41.813,87.262,1,4,2.00,NONE,SEG04,166
783,29.603,42.013,87.289,1,4,2.00,NONE,SEG04,166
784,29.612,42.212,87.289,1,4,2.00,NONE,SEG04,166
785,29.622,42.412,87.248,1,4,2.00,NONE,SEG04,166
786,29.631,42.612,87.204,1,4,2.00,NONE,SEG04,167
787,29.641,42.812,87.161,1,4,2.00,NONE,SEG04,167
788,29.650,43.012,87.118,1,4,2.00,NONE,SEG04,167
789,29.660,43.211,87.117,1,4,2.00,NONE,SEG04,167
790,29.670,43.411,87.029,1,4,2.00,NONE,SEG04,167
791,29.680,43.611,86.886,1,4,2.00,NONE,SEG04,168
792,29.690,43.811,86.743,1,4,2.00,NONE,SEG04,168
793,29.700,44.010,86.600,1,4,2.00,NONE,SEG04,168
794,29.712,44.210,86.545,1,4,2.00,NONE,SEG04,168
795,29.724,44.410,86.527,1,4,2.00,NONE,SEG04,168
796,29.736,44.609,86.472,1,4,2.00,NONE,SEG04,168
797,29.748,44.809,86.416,1,4,2.00,NONE,SEG04,169
798,29.760,45.009,86.361,1,4,2.00,NONE,SEG04,169
799,29.772,45.208,86.324,1,4,2.00,NONE,SEG04,169
800,29.785,45.408,86.327,1,4,2.00,NONE,SEG04,169
801,29.798,45.607,86.360,1,4,2.00,NONE,SEG04,169
802,29.811,45.807,86.394,1,4,2.00,NONE,SEG04,170
803,29.823,46.007,86.427,1,4,2.00,NONE,SEG04,170
804,29.836,46.206,86.458,1,4,2.00,NONE,SEG04,170
805,29.849,46.406,86.458,1,4,2.00,NONE,SEG04,170
806,29.861,46.605,86.460,1,4,2.00,NONE,SEG04,170
807,29.873,46.805,86.462,1,4,2.00,NONE,SEG04,171
808,29.886,47.005,86.465,1,4,2.00,NONE,SEG04,171
809,29.898,47.204,86.467,1,4,2.00,NONE,SEG04,171
810,29.910,47.404,86.468,1,4,2.00,NONE,SEG04,171
811,29.923,47.603,86.466,1,4,2.00,NONE,SEG04,171
812,29.935,47.803,86.464,1,4,2.00,NONE,SEG04,172
813,29.947,48.003,86.462,1,4,2.00,NONE,SEG04,172
814,29.960,48.202,86.460,1,4,2.00,NONE,SEG04,172
815,29.972,48.402,86.459,1,4,2.00,NONE,SEG04,172
816,29.984,48.602,86.440,1,4,2.00,NONE,SEG04,172
817,29.997,48.801,86.394,1,4,2.00,NONE,SEG04,173
818,30.009,49.001,86.347,1,4,2.00,NONE,SEG04,173
819,30.021,49.200,86.301,1,4,2.00,NONE,SEG04,173
820,30.034,49.400,86.273,1,4,2.00,NONE,SEG04,173
821,30.047,49.600,86.259,1,4,2.00,NONE,SEG04,173
822,30.060,49.799,86.130,1,4,2.00,NONE,SEG04,173
823,30.073,49.999,86.000,1,4,2.00,NONE,SEG04,174
824,30.086,50.198,85.871,1,4,2.00,NONE,SEG04,174
825,30.099,50.398,85.755,1,4,2.00,NONE,SEG04,174
826,30.114,50.597,85.755,1,4,2.00,NONE,SEG04,174
827,30.129,50.797,85.621,1,4,2.00,NONE,SEG04,174
828,30.144,50.996,85.446,1,4,2.00,NONE,SEG04,175
829,30.158,51.196,85.271,1,4,2.00,NONE,SEG04,175
830,30.173,51.395,85.096,1,4,2.00,NONE,SEG04,175
831,30.190,51.594,85.054,1,4,2.00,NONE,SEG04,175
832,30.207,51.794,85.014,1,4,2.00,NONE,SEG04,175
833,30.224,51.993,84.904,1,4,2.00,NONE,SEG04,176
834,30.242,52.192,84.794,1,4,2.00,NONE,SEG04,176
835,30.259,52.391,84.684,1,4,2.00,NONE,SEG04,176
836,30.277,52.591,84.615,1,4,2.00,NONE,SEG04,176
837,30.295,52.790,84.615,1,4,2.00,NONE,SEG04,176
838,30.314,52.989,84.552,1,4,2.00,NONE,SEG04,176
839,30.333,53.188,84.486,1,4,2.00,NONE,SEG04,177
840,30.352,53.387,84.421,1,4,2.00,NONE,SEG04,177
841,30.370,53.586,84.355,1,4,2.00,NONE,SEG04,177
842,30.390,53.785,84.352,1,4,2.00,NONE,SEG04,177
843,30.410,53.984,84.365,1,4,2.00,NONE,SEG04,177
844,30.429,54.183,84.390,1,4,2.00,NONE,SEG04,178
845,30.449,54.382,84.414,1,4,2.00,NONE,SEG04,178
846,30.469,54.581,84.438,1,4,2.00,NONE,SEG04,178
847,30.488,54.780,84.449,1,4,2.00,NONE,SEG04,178
848,30.508,54.979,84.411,1,4,2.00,NONE,SEG04,178
849,30.527,55.179,84.090,1,4,2.00,NONE,SEG04,178
850,30.546,55.378,83.768,1,4,2.00,NONE,SEG04,179
851,30.566,55.577,83.447,1,4,2.00,NONE,SEG04,179
852,30.586,55.776,83.164,1,4,2.00,NONE,SEG04,179
853,30.609,55.974,83.164,1,4,2.00,NONE,SEG04,179
854,30.633,56.173,82.641,1,4,2.00,NONE,SEG04,179
855,30.657,56.371,81.927,1,4,2.00,NONE,SEG04,180
856,30.681,56.570,81.213,1,4,2.00,NONE,SEG04,180
857,30.705,56.769,80.499,1,4,2.00,NONE,SEG04,180
858,30.736,56.966,80.308,1,4,2.00,NONE,SEG04,180
859,30.769,57.163,80.013,1,4,2.00,NONE,SEG04,180
860,30.803,57.360,79.171,1,4,2.00,NONE,SEG04,181
861,30.837,57.558,78.330,1,4,2.00,NONE,SEG04,181
862,30.870,57.755,77.488,1,4,2.00,NONE,SEG04,181
863,30.908,57.951,76.942,1,4,2.00,NONE,SEG04,181
864,30.953,58.146,76.914,1,4,2.00,NONE,SEG04,181
865,30.998,58.341,75.748,1,4,2.00,NONE,SEG04,181
866,31.044,58.535,74.582,1,4,2.00,NONE,SEG04,182
867,31.089,58.730,73.416,1,4,2.00,NONE,SEG04,182
868,31.134,58.925,72.279,1,4,2.00,NONE,SEG04,182
869,31.195,59.116,72.279,1,4,2.00,NONE,SEG04,182
870,31.256,59.306,71.039,1,4,2.00,NONE,SEG04,182
871,31.317,59.497,69.439,1,5,2.00,NONE,SEG05,183
872,31.378,59.687,67.839,1,5,2.00,NONE,SEG05,183
873,31.439,59.878,66.240,1,5,2.00,NONE,SEG05,183
874,31.516,60.062,65.882,1,5,2.00,NONE,SEG05,183
875,31.598,60.244,64.810,1,5,2.00,NONE,SEG05,183
876,31.679,60.427,62.944,1,5,2.00,NONE,SEG05,184
877,31.761,60.610,61.076,1,5,2.00,NONE,SEG05,184
878,31.843,60.792,59.210,1,5,2.00,NONE,SEG05,184
879,31.938,60.968,58.415,1,5,2.00,NONE,SEG05,184
880,32.042,61.138,57.323,1,5,2.00,NONE,SEG05,184
881,32.147,61.308,55.070,1,5,2.00,NONE,SEG05,185
882,32.252,61.479,52.813,1,5,2.00,NONE,SEG05,185
883,32.357,61.649,50.559,1,5,2.00,NONE,SEG05,185
884,32.474,61.811,49.398,1,5,2.00,NONE,SEG05,185
885,32.604,61.962,48.074,1,5,2.00,NONE,SEG05,185
886,32.734,62.114,45.725,1,5,2.00,NONE,SEG05,186
887,32.864,62.266,43.373,1,5,2.00,NONE,SEG05,186
888,32.994,62.418,41.025,1,5,2.00,NONE,SEG05,186
889,33.137,62.557,40.000,1,5,2.00,NONE,SEG05,186
890,33.291,62.685,38.402,1,5,2.00,NONE,SEG05,186
891,33.444,62.814,36.155,1,5,2.00,NONE,SEG05,187
892,33.597,62.942,33.906,1,5,2.00,NONE,SEG05,187
893,33.750,63.071,31.662,1,5,2.00,NONE,SEG05,187
894,33.916,63.181,31.015,1,5,2.00,NONE,SEG05,187
895,34.088,63.284,29.178,1,5,2.00,NONE,SEG05,187
896,34.259,63.387,27.041,1,5,2.00,NONE,SEG05,188
897,34.431,63.491,24.903,1,5,2.00,NONE,SEG05,188
898,34.602,63.594,22.770,1,5,2.00,NONE,SEG05,188
899,34.785,63.674,22.473,1,5,2.00,NONE,SEG05,188
900,34.970,63.750,20.397,1,5,2.00,NONE,SEG05,188
901,35.155,63.827,18.297,1,5,2.00,NONE,SEG05,189
902,35.339,63.903,16.197,1,5,2.00,NONE,SEG05,189
903,35.524,63.980,14.102,1,5,2.00,NONE,SEG05,189
904,35.718,64.028,13.778,1,5,2.00,NONE,SEG05,189
905,35.912,64.077,11.396,1,5,2.00,NONE,SEG05,189
906,36.106,64.126,9.007,1,5,2.00,NONE,SEG05,190
907,36.300,64.174,6.620,1,5,2.00,NONE,SEG05,190
908,36.495,64.219,4.543,1,5,2.00,NONE,SEG05,190
909,36.694,64.235,3.497,1,5,2.00,NONE,SEG05,190
910,36.893,64.251,0.549,1,5,2.00,NONE,SEG05,190
911,37.093,64.266,-2.408,1,5,2.00,NONE,SEG05,191
912,37.292,64.282,-5.361,1,5,2.00,NONE,SEG05,191
913,37.491,64.284,-7.264,1,5,2.00,NONE,SEG05,191
914,37.690,64.258,-9.134,1,5,2.00,NONE,SEG05,191
915,37.888,64.233,-12.179,1,5,2.00,NONE,SEG05,191
916,38.086,64.208,-15.231,1,5,2.00,NONE,SEG05,192
917,38.285,64.183,-18.272,1,5,2.00,NONE,SEG05,192
918,38.477,64.132,-19.445,1,5,2.00,NONE,SEG05,192
919,38.666,64.065,-21.854,1,5,2.00,NONE,SEG05,192
920,38.854,63.999,-24.717,1,5,2.00,NONE,SEG05,193
921,39.043,63.932,-27.583,1,5,2.00,NONE,SEG05,193
922,39.232,63.866,-30.436,1,5,2.00,NONE,SEG05,193
923,39.406,63.769,-30.881,1,5,2.00,NONE,SEG05,193
924,39.578,63.666,-32.538,1,5,2.00,NONE,SEG05,193
925,39.749,63.563,-34.650,1,5,2.00,NONE,SEG05,194
926,39.921,63.461,-36.763,1,5,2.00,NONE,SEG05,194
927,40.092,63.358,-38.872,1,5,2.00,NONE,SEG05,194
928,40.251,63.236,-39.324,1,5,2.00,NONE,SEG05,194
929,40.406,63.110,-40.308,1,5,2.00,NONE,SEG05,194
930,40.560,62.983,-42.281,1,5,2.00,NONE,SEG05,195
931,40.715,62.856,-44.257,1,5,2.00,NONE,SEG05,195
932,40.870,62.730,-46.230,1,5,2.00,NONE,SEG05,195
933,41.015,62.593,-47.219,1,5,2.00,NONE,SEG05,195
934,41.151,62.446,-47.614,1,5,2.00,NONE,SEG05,195
935,41.287,62.299,-49.764,1,5,2.00,NONE,SEG05,195
936,41.423,62.152,-51.920,1,5,2.00,NONE,SEG05,196
937,41.558,62.006,-54.075,1,5,2.00,NONE,SEG05,196
938,41.690,61.855,-55.831,1,5,2.00,NONE,SEG05,196
939,41.802,61.690,-55.831,1,5,2.00,NONE,SEG05,196
940,41.915,61.524,-57.348,1,5,2.00,NONE,SEG05,196
941,42.027,61.359,-59.232,1,5,2.00,NONE,SEG05,197
942,42.139,61.194,-61.118,1,5,2.00,NONE,SEG05,197
943,42.252,61.028,-63.000,1,5,2.00,NONE,SEG05,197
944,42.346,60.852,-63.366,1,5,2.00,NONE,SEG05,197
945,42.435,60.673,-65.019,1,5,2.00,NONE,SEG05,197
946,42.525,60.494,-67.990,1,5,2.00,NONE,SEG05,198
947,42.615,60.316,-70.968,1,5,2.00,NONE,SEG05,198
948,42.704,60.137,-73.936,1,5,2.00,NONE,SEG05,198
949,42.772,59.950,-75.253,1,5,2.00,NONE,SEG05,198
950,42.823,59.756,-76.748,1,5,2.00,NONE,SEG05,198
951,42.874,59.563,-79.358,1,5,2.00,NONE,SEG05,199
952,42.925,59.370,-81.972,1,5,2.00,NONE,SEG05,199
953,42.976,59.176,-84.580,1,5,2.00,NONE,SEG05,199
954,43.007,58.979,-85.693,1,5,2.00,NONE,SEG05,199
955,43.022,58.780,-86.122,1,5,2.00,NONE,SEG05,199
956,43.037,58.580,-87.263,1,5,2.00,NONE,SEG05,199
957,43.052,58.381,-88.406,1,5,2.00,NONE,SEG05,200
958,43.067,58.182,-89.548,1,5,2.00,NONE,SEG05,200
959,43.076,57.982,-90.261,1,5,2.00,NONE,SEG05,200
960,43.075,57.782,-90.280,1,5,2.00,NONE,SEG05,200
961,43.074,57.582,-90.714,1,5,2.00,NONE,SEG05,200
962,43.073,57.382,-91.147,1,5,2.00,NONE,SEG05,201
963,43.072,57.182,-91.581,1,5,2.00,NONE,SEG05,201
964,43.071,56.982,-91.995,1,5,2.00,NONE,SEG05,201
965,43.064,56.782,-91.995,1,5,2.00,NONE,SEG05,201
966,43.057,56.582,-91.541,1,5,2.00,NONE,SEG05,201
967,43.050,56.382,-90.931,1,5,2.00,NONE,SEG05,202
968,43.043,56.182,-90.322,1,5,2.00,NONE,SEG05,202
969,43.036,55.983,-89.713,1,5,2.00,NONE,SEG05,202
970,43.035,55.783,-89.558,1,5,2.00,NONE,SEG05,202
971,43.037,55.583,-89.037,1,5,2.00,NONE,SEG05,202
972,43.038,55.383,-87.291,1,5,2.00,NONE,SEG05,203
973,43.040,55.183,-85.542,1,5,2.00,NONE,SEG05,203
974,43.042,54.983,-83.795,1,5,2.00,NONE,SEG05,203
975,43.050,54.783,-82.569,1,5,2.00,NONE,SEG05,203
976,43.076,54.585,-82.569,1,5,2.00,NONE,SEG05,203
977,43.102,54.387,-80.945,1,5,2.00,NONE,SEG05,203
978,43.128,54.188,-78.939,1,5,2.00,NONE,SEG05,204
979,43.154,53.990,-76.931,1,5,2.00,NONE,SEG05,204
980,43.180,53.792,-74.927,1,5,2.00,NONE,SEG05,204
981,43.228,53.598,-74.547,1,5,2.00,NONE,SEG05,204
982,43.281,53.405,-73.240,1,5,2.00,NONE,SEG05,204
983,43.334,53.212,-71.354,1,5,2.00,NONE,SEG05,205
984,43.388,53.019,-69.467,1,5,2.00,NONE,SEG05,205
985,43.441,52.827,-67.583,1,5,2.00,NONE,SEG05,205
986,43.511,52.640,-67.005,1,5,2.00,NONE,SEG05,205
987,43.590,52.456,-65.620,1,5,2.00,NONE,SEG05,205
988,43.668,52.272,-63.456,1,5,2.00,NONE,SEG05,206
989,43.746,52.088,-61.290,1,5,2.00,NONE,SEG05,206
990,43.824,51.903,-59.128,1,5,2.00,NONE,SEG05,206
991,43.919,51.728,-58.351,1,5,2.00,NONE,SEG05,206
992,44.024,51.558,-57.147,1,5,2.00,NONE,SEG05,206
993,44.129,51.388,-55.280,1,5,2.00,NONE,SEG05,207
994,44.234,51.217,-53.412,1,5,2.00,NONE,SEG05,207
995,44.339,51.047,-51.546,1,5,2.00,NONE,SEG05,207
996,44.458,50.887,-50.884,1,5,2.00,NONE,SEG05,207
997,44.584,50.731,-49.630,1,5,2.00,NONE,SEG05,207
998,44.710,50.576,-47.954,1,5,2.00,NONE,SEG05,208
999,44.836,50.421,-46.276,1,5,2.00,NONE,SEG05,208
1000,44.962,50.266,-44.601,1,5,2.00,NONE,SEG05,208
1001,45.101,50.123,-44.179,1,5,2.00,NONE,SEG05,208
1002,45.245,49.983,-43.172,1,5,2.00,NONE,SEG05,208
1003,45.388,49.844,-41.936,1,5,2.00,NONE,SEG05,209
1004,45.532,49.704,-40.700,1,5,2.00,NONE,SEG05,209
1005,45.675,49.565,-39.466,1,5,2.00,NONE,SEG05,209
1006,45.828,49.436,-39.238,1,5,2.00,NONE,SEG05,209
1007,45.983,49.310,-38.018,1,5,2.00,NONE,SEG05,209
1008,46.138,49.183,-36.219,1,5,2.00,NONE,SEG05,210
1009,46.293,49.057,-34.419,1,5,2.00,NONE,SEG05,210
1010,46.448,48.930,-32.622,1,5,2.00,NONE,SEG05,210
1011,46.612,48.817,-32.044,1,5,2.00,NONE,SEG05,210
1012,46.782,48.711,-30.976,1,5,2.00,NONE,SEG05,210
1013,46.951,48.605,-28.979,1,5,2.00,NONE,SEG05,211
1014,47.121,48.499,-26.979,1,5,2.00,NONE,SEG05,211
1015,47.290,48.393,-24.981,1,5,2.00,NONE,SEG05,211
1016,47.467,48.300,-24.052,1,5,2.00,NONE,SEG05,211
1017,47.650,48.218,-23.294,1,5,2.00,NONE,SEG05,211
1018,47.832,48.137,-21.352,1,5,2.00,NONE,SEG05,211
1019,48.015,48.055,-19.408,1,5,2.00,NONE,SEG05,212
1020,48.198,47.974,-17.466,1,5,2.00,NONE,SEG05,212
1021,48.384,47.902,-16.282,1,5,2.00,NONE,SEG05,212
1022,48.576,47.846,-15.826,1,5,2.00,NONE,SEG05,212
1023,48.768,47.790,-13.729,1,5,2.00,NONE,SEG05,212
1024,48.960,47.734,-11.627,1,5,2.00,NONE,SEG05,213
1025,49.152,47.678,-9.527,1,5,2.00,NONE,SEG05,213
1026,49.345,47.628,-7.885,1,5,2.00,NONE,SEG05,213
1027,49.543,47.601,-7.740,1,5,2.00,NONE,SEG05,213
1028,49.741,47.573,-5.639,1,5,2.00,NONE,SEG05,213
1029,49.939,47.546,-3.532,1,5,2.00,NONE,SEG05,214
1030,50.137,47.518,-1.426,1,5,2.00,NONE,SEG05,214
1031,50.336,47.493,0.531,1,5,2.00,NONE,SEG05,214
1032,50.536,47.495,0.531,1,5,2.00,NONE,SEG05,214
1033,50.736,47.497,2.180,1,5,2.00,NONE,SEG05,214
1034,50.936,47.499,3.988,1,5,2.00,NONE,SEG05,215
1035,51.136,47.500,5.796,1,5,2.00,NONE,SEG05,215
1036,51.336,47.502,7.601,1,5,2.00,NONE,SEG05,215
1037,51.534,47.527,7.757,1,5,2.00,NONE,SEG05,215
1038,51.732,47.554,8.888,1,5,2.00,NONE,SEG05,215
1039,51.930,47.581,10.342,1,5,2.00,NONE,SEG05,216
1040,52.128,47.608,11.796,1,5,2.00,NONE,SEG05,216
1041,52.327,47.635,13.248,1,5,2.00,NONE,SEG05,216
1042,52.522,47.678,13.570,1,5,2.00,NONE,SEG05,216
1043,52.716,47.724,15.252,1,5,2.00,NONE,SEG05,216
1044,52.911,47.771,17.515,1,5,2.00,NONE,SEG05,217
1045,53.105,47.818,19.780,1,5,2.00,NONE,SEG05,217
1046,53.300,47.865,22.040,1,5,2.00,NONE,SEG05,217
1047,53.487,47.934,22.619,1,5,2.00,NONE,SEG05,217
1048,53.671,48.011,23.221,1,5,2.00,NONE,SEG05,217
1049,53.856,48.088,24.253,1,5,2.00,NONE,SEG05,218
1050,54.041,48.165,25.285,1,5,2.00,NONE,SEG05,218
1051,54.225,48.242,26.317,1,5,2.00,NONE,SEG05,218
1052,54.406,48.327,26.747,1,5,2.00,NONE,SEG05,218
1053,54.585,48.417,27.181,1,5,2.00,NONE,SEG05,218
1054,54.763,48.507,28.084,1,5,2.00,NONE,SEG05,219
1055,54.942,48.597,28.987,1,5,2.00,NONE,SEG05,219
1056,55.121,48.687,29.890,1,5,2.00,NONE,SEG05,219
1057,55.296,48.782,30.358,1,5,2.00,NONE,SEG05,219
1058,55.469,48.883,30.341,1,5,2.00,NONE,SEG05,219
1059,55.642,48.984,30.302,1,5,2.00,NONE,SEG05,219
1060,55.814,49.085,30.264,1,5,2.00,NONE,SEG05,220
1061,55.987,49.186,30.225,1,5,2.00,NONE,SEG05,220
1062,56.159,49.287,30.203,1,5,2.00,NONE,SEG05,220
1063,56.332,49.388,30.112,1,5,2.00,NONE,SEG05,220
1064,56.505,49.489,29.913,1,5,2.00,NONE,SEG05,220
1065,56.678,49.589,29.714,1,5,2.00,NONE,SEG05,221
1066,56.851,49.690,29.514,1,5,2.00,NONE,SEG05,221
1067,57.024,49.789,29.406,1,5,2.00,NONE,SEG05,221
1068,57.198,49.887,28.531,1,5,2.00,NONE,SEG05,221
1069,57.373,49.986,26.776,1,5,2.00,NONE,SEG05,221
1070,57.547,50.084,25.019,1,5,2.00,NONE,SEG05,222
1071,57.721,50.182,23.263,1,5,2.00,NONE,SEG05,222
1072,57.901,50.269,22.383,1,5,2.00,NONE,SEG05,222
1073,58.086,50.345,20.943,1,5,2.00,NONE,SEG05,222
1074,58.271,50.422,19.156,1,5,2.00,NONE,SEG05,223
1075,58.456,50.498,17.368,1,5,2.00,NONE,SEG05,223
1076,58.640,50.574,15.582,1,5,2.00,NONE,SEG05,223
1077,58.832,50.631,14.879,1,5,2.00,NONE,SEG05,223
1078,59.025,50.684,12.539,1,5,2.00,NONE,SEG05,223
1079,59.218,50.736,10.193,1,5,2.00,NONE,SEG05,224
1080,59.411,50.789,7.847,1,5,2.00,NONE,SEG05,224
1081,59.605,50.836,5.865,1,5,2.00,NONE,SEG05,224
1082,59.804,50.857,4.849,1,5,2.00,NONE,SEG05,224
1083,60.003,50.877,2.969,1,5,2.00,NONE,SEG05,224
1084,60.202,50.898,1.086,1,5,2.00,NONE,SEG05,225
1085,60.400,50.918,-0.794,1,5,2.00,NONE,SEG05,225
1086,60.600,50.924,-1.659,1,5,2.00,NONE,SEG05,225
1087,60.800,50.919,-3.887,1,5,2.00,NONE,SEG05,225
1088,61.000,50.913,-6.262,1,5,2.00,NONE,SEG05,226
1089,61.200,50.907,-8.638,1,5,2.00,NONE,SEG05,226
1090,61.400,50.901,-11.006,1,5,2.00,NONE,SEG05,226
1091,61.596,50.865,-11.643,1,5,2.00,NONE,SEG05,226
1092,61.792,50.826,-13.136,1,5,2.00,NONE,SEG05,226
1093,61.989,50.787,-14.631,1,5,2.00,NONE,SEG05,227
1094,62.185,50.749,-16.125,1,5,2.00,NONE,SEG05,227
1095,62.379,50.703,-17.122,1,5,2.00,NONE,SEG05,227
1096,62.570,50.644,-17.947,1,5,2.00,NONE,SEG05,227
1097,62.762,50.585,-19.213,1,5,2.00,NONE,SEG05,227
1098,62.953,50.527,-20.479,1,5,2.00,NONE,SEG05,228
1099,63.144,50.468,-21.745,1,5,2.00,NONE,SEG05,228
1100,63.331,50.398,-22.185,1,5,2.00,NONE,SEG05,228
1101,63.516,50.322,-23.490,1,5,2.00,NONE,SEG05,228
1102,63.701,50.247,-24.798,1,5,2.00,NONE,SEG05,229
1103,63.887,50.171,-26.106,1,5,2.00,NONE,SEG05,229
1104,64.072,50.096,-27.413,1,5,2.00,NONE,SEG05,229
1105,64.249,50.004,-27.970,1,5,2.00,NONE,SEG05,229
1106,64.427,49.912,-29.641,1,5,2.00,NONE,SEG05,229
1107,64.604,49.820,-31.315,1,5,2.00,NONE,SEG05,230
1108,64.782,49.728,-32.987,1,5,2.00,NONE,SEG05,230
1109,64.956,49.629,-34.105,1,5,2.00,NONE,SEG05,230
1110,65.121,49.517,-34.950,1,5,2.00,NONE,SEG05,230
1111,65.287,49.405,-36.214,1,5,2.00,NONE,SEG05,230
1112,65.452,49.292,-37.479,1,5,2.00,NONE,SEG05,231
1113,65.618,49.180,-38.742,1,5,2.00,NONE,SEG05,231
1114,65.777,49.059,-39.162,1,5,2.00,NONE,SEG05,231
1115,65.932,48.932,-40.868,1,5,2.00,NONE,SEG05,231
1116,66.087,48.806,-42.640,1,5,2.00,NONE,SEG05,232
1117,66.242,48.680,-44.412,1,5,2.00,NONE,SEG05,232
1118,66.397,48.553,-46.182,1,5,2.00,NONE,SEG05,232
1119,66.536,48.410,-46.506,1,5,2.00,NONE,SEG05,232
1120,66.674,48.265,-48.143,1,5,2.00,NONE,SEG05,232
1121,66.812,48.121,-49.783,1,5,2.00,NONE,SEG05,233
1122,66.951,47.976,-51.422,1,5,2.00,NONE,SEG05,233
1123,67.086,47.829,-52.799,1,5,2.00,NONE,SEG05,233
1124,67.207,47.670,-53.241,1,5,2.00,NONE,SEG05,233
1125,67.328,47.511,-54.744,1,5,2.00,NONE,SEG05,233
1126,67.449,47.352,-56.249,1,5,2.00,NONE,SEG05,234
1127,67.570,47.192,-57.752,1,5,2.00,NONE,SEG05,234
1128,67.686,47.030,-58.813,1,5,2.00,NONE,SEG05,234
1129,67.789,46.858,-59.405,1,5,2.00,NONE,SEG05,234
1130,67.893,46.687,-60.817,1,5,2.00,NONE,SEG05,234
1131,67.997,46.516,-62.230,1,5,2.00,NONE,SEG05,235
1132,68.100,46.345,-63.643,1,5,2.00,NONE,SEG05,235
1133,68.196,46.170,-64.464,1,5,2.00,NONE,SEG05,235
1134,68.283,45.990,-65.342,1,5,2.00,NONE,SEG05,235
1135,68.369,45.809,-66.865,1,5,2.00,NONE,SEG05,235
1136,68.455,45.629,-68.389,1,5,2.00,NONE,SEG05,236
1137,68.541,45.448,-69.911,1,5,2.00,NONE,SEG05,236
1138,68.616,45.263,-70.555,1,5,2.00,NONE,SEG05,236
1139,68.683,45.075,-72.027,1,5,2.00,NONE,SEG05,236
1140,68.749,44.886,-73.921,1,5,2.00,NONE,SEG05,237
1141,68.816,44.697,-75.816,1,5,2.00,NONE,SEG05,237
1142,68.882,44.509,-77.708,1,5,2.00,NONE,SEG05,237
1143,68.929,44.315,-78.165,1,5,2.00,NONE,SEG05,237
1144,68.970,44.119,-79.908,1,5,2.00,NONE,SEG05,237
1145,69.012,43.923,-81.654,1,5,2.00,NONE,SEG05,238
1146,69.053,43.727,-83.400,1,5,2.00,NONE,SEG05,238
1147,69.093,43.532,-85.105,1,5,2.00,NONE,SEG05,238
1148,69.110,43.332,-85.613,1,5,2.00,NONE,SEG05,238
1149,69.127,43.133,-87.396,1,5,2.00,NONE,SEG05,238
1150,69.145,42.934,-89.182,1,5,2.00,NONE,SEG05,239
1151,69.162,42.735,-90.966,1,5,2.00,NONE,SEG05,239
1152,69.172,42.535,-92.242,1,5,2.00,NONE,SEG05,239
1153,69.164,42.335,-93.164,1,5,2.00,NONE,SEG05,239
1154,69.156,42.135,-94.784,1,5,2.00,NONE,SEG05,239
1155,69.148,41.936,-96.406,1,5,2.00,NONE,SEG05,240
1156,69.140,41.736,-98.025,1,5,2.00,NONE,SEG05,240
1157,69.120,41.537,-98.723,1,5,2.00,NONE,SEG05,240
1158,69.089,41.339,-100.358,1,5,2.00,NONE,SEG05,240
1159,69.059,41.142,-102.218,1,5,2.00,NONE,SEG05,241
1160,69.029,40.944,-104.079,1,5,2.00,NONE,SEG05,241
1161,68.998,40.746,-105.937,1,5,2.00,NONE,SEG05,241
1162,68.946,40.554,-106.588,1,5,2.00,NONE,SEG05,241
1163,68.890,40.362,-108.598,1,5,2.00,NONE,SEG05,241
1164,68.834,40.169,-110.613,1,5,2.00,NONE,SEG05,242
1165,68.779,39.977,-112.626,1,5,2.00,NONE,SEG05,242
1166,68.718,39.787,-114.208,1,5,2.00,NONE,SEG05,242
1167,68.636,39.605,-115.662,1,5,2.00,NONE,SEG05,242
1168,68.554,39.422,-118.019,1,5,2.00,NONE,SEG05,242
1169,68.472,39.240,-120.379,1,5,2.00,NONE,SEG05,243
1170,68.389,39.058,-122.734,1,5,2.00,NONE,SEG05,243
1171,68.290,38.885,-123.976,1,5,2.00,NONE,SEG05,243
1172,68.179,38.718,-126.409,1,5,2.00,NONE,SEG05,243
1173,68.068,38.552,-128.849,1,5,2.00,NONE,SEG05,244
1174,67.957,38.385,-131.289,1,5,2.00,NONE,SEG05,244
1175,67.843,38.222,-133.381,1,5,2.00,NONE,SEG05,244
1176,67.706,38.077,-135.076,1,5,2.00,NONE,SEG05,244
1177,67.568,37.931,-137.529,1,5,2.00,NONE,SEG05,244
1178,67.431,37.786,-139.986,1,5,2.00,NONE,SEG05,245
1179,67.293,37.640,-142.437,1,5,2.00,NONE,SEG05,245
1180,67.140,37.513,-143.525,1,5,2.00,NONE,SEG05,245
1181,66.980,37.393,-145.660,1,5,2.00,NONE,SEG05,245
1182,66.820,37.273,-147.800,1,5,2.00,NONE,SEG05,246
1183,66.660,37.153,-149.939,1,5,2.00,NONE,SEG05,246
1184,66.497,37.037,-151.743,1,5,2.00,NONE,SEG05,246
1185,66.321,36.943,-152.664,1,5,2.00,NONE,SEG05,246
1186,66.145,36.848,-154.448,1,5,2.00,NONE,SEG05,246
1187,65.969,36.753,-156.234,1,5,2.00,NONE,SEG05,247
1188,65.793,36.659,-158.018,1,5,2.00,NONE,SEG05,247
1189,65.611,36.576,-158.880,1,5,2.00,NONE,SEG05,247
1190,65.425,36.503,-160.011,1,5,2.00,NONE,SEG05,247
1191,65.238,36.431,-161.447,1,5,2.00,NONE,SEG05,248
1192,65.052,36.359,-162.884,1,5,2.00,NONE,SEG05,248
1193,64.865,36.287,-164.319,1,5,2.00,NONE,SEG05,248
1194,64.673,36.230,-164.623,1,5,2.00,NONE,SEG05,248
1195,64.481,36.177,-165.831,1,5,2.00,NONE,SEG05,248
1196,64.288,36.124,-167.096,1,5,2.00,NONE,SEG05,249
1197,64.095,36.071,-168.360,1,5,2.00,NONE,SEG05,249
1198,63.902,36.018,-169.623,1,5,2.00,NONE,SEG05,249
1199,63.705,35.981,-169.734,1,5,2.00,NONE,SEG05,249
1200,63.509,35.946,-170.799,1,5,2.00,NONE,SEG05,249
1201,63.312,35.910,-171.864,1,5,2.00,NONE,SEG05,250
1202,63.115,35.874,-172.929,1,5,2.00,NONE,SEG05,250
1203,62.918,35.839,-173.938,1,5,2.00,NONE,SEG05,250
1204,62.719,35.818,-174.030,1,5,2.00,NONE,SEG05,250
1205,62.521,35.797,-174.906,1,5,2.00,NONE,SEG05,250
1206,62.322,35.776,-175.782,1,5,2.00,NONE,SEG05,251
1207,62.123,35.754,-176.658,1,5,2.00,NONE,SEG05,251
1208,61.924,35.735,-177.441,1,5,2.00,NONE,SEG05,251
1209,61.724,35.726,-177.487,1,5,2.00,NONE,SEG05,251
1210,61.524,35.717,-177.976,1,5,2.00,NONE,SEG05,251
1211,61.324,35.708,-178.466,1,5,2.00,NONE,SEG05,252
1212,61.125,35.699,-178.956,1,5,2.00,NONE,SEG05,252
1213,60.925,35.691,-179.399,1,5,2.00,NONE,SEG05,252
1214,60.725,35.688,-179.399,1,5,2.00,NONE,SEG05,252
1215,60.525,35.686,-179.755,1,5,2.00,NONE,SEG05,252
1216,60.325,35.684,179.888,1,5,2.00,NONE,SEG05,253
1217,60.125,35.682,179.531,1,5,2.00,NONE,SEG05,253
1218,59.925,35.680,179.173,1,5,2.00,NONE,SEG05,253
1219,59.725,35.683,179.172,1,5,2.00,NONE,SEG05,253
1220,59.525,35.686,178.911,1,5,2.00,NONE,SEG05,253
1221,59.325,35.689,178.619,1,6,2.00,NONE,SEG06,254
1222,59.125,35.692,178.328,1,6,2.00,NONE,SEG06,254
1223,58.925,35.694,178.036,1,6,2.00,NONE,SEG06,254
1224,58.725,35.701,178.006,1,6,2.00,NONE,SEG06,254
1225,58.525,35.708,177.883,1,6,2.00,NONE,SEG06,254
1226,58.325,35.715,177.727,1,6,2.00,NONE,SEG06,255
1227,58.125,35.722,177.571,1,6,2.00,NONE,SEG06,255
1228,57.926,35.729,177.415,1,6,2.00,NONE,SEG06,255
1229,57.726,35.738,177.382,1,6,2.00,NONE,SEG06,255
1230,57.526,35.747,177.294,1,6,2.00,NONE,SEG06,255
1231,57.326,35.756,177.157,1,6,2.00,NONE,SEG06,256
1232,57.126,35.765,177.019,1,6,2.00,NONE,SEG06,256
1233,56.927,35.774,176.882,1,6,2.00,NONE,SEG06,256
1234,56.727,35.784,176.832,1,6,2.00,NONE,SEG06,256
1235,56.527,35.795,176.777,1,6,2.00,NONE,SEG06,256
1236,56.327,35.807,176.657,1,6,2.00,NONE,SEG06,257
1237,56.128,35.818,176.538,1,6,2.00,NONE,SEG06,257
1238,55.928,35.829,176.419,1,6,2.00,NONE,SEG06,257
1239,55.728,35.840,176.354,1,6,2.00,NONE,SEG06,257
1240,55.529,35.853,176.325,1,6,2.00,NONE,SEG06,257
1241,55.329,35.866,176.228,1,6,2.00,NONE,SEG06,257
1242,55.130,35.879,176.131,1,6,2.00,NONE,SEG06,258
1243,54.930,35.891,176.034,1,6,2.00,NONE,SEG06,258
1244,54.730,35.904,175.967,1,6,2.00,NONE,SEG06,258
1245,54.531,35.919,175.960,1,6,2.00,NONE,SEG06,258
1246,54.331,35.933,175.911,1,6,2.00,NONE,SEG06,258
1247,54.132,35.947,175.863,1,6,2.00,NONE,SEG06,259
1248,53.932,35.961,175.815,1,6,2.00,NONE,SEG06,259
1249,53.733,35.975,175.774,1,6,2.00,NONE,SEG06,259
1250,53.533,35.990,175.774,1,6,2.00,NONE,SEG06,259
1251,53.334,36.004,175.640,1,6,2.00,NONE,SEG06,259
1252,53.135,36.019,175.506,1,6,2.00,NONE,SEG06,260
1253,52.935,36.034,175.372,1,6,2.00,NONE,SEG06,260
1254,52.736,36.049,175.237,1,6,2.00,NONE,SEG06,260
1255,52.536,36.065,175.237,1,6,2.00,NONE,SEG06,260
1256,52.337,36.082,175.290,1,6,2.00,NONE,SEG06,260
1257,52.138,36.098,175.351,1,6,2.00,NONE,SEG06,261
1258,51.938,36.115,175.411,1,6,2.00,NONE,SEG06,261
1259,51.739,36.132,175.472,1,6,2.00,NONE,SEG06,261
1260,51.540,36.147,175.479,1,6,2.00,NONE,SEG06,261
1261,51.340,36.163,175.524,1,6,2.00,NONE,SEG06,261
1262,51.141,36.179,175.580,1,6,2.00,NONE,SEG06,262
1263,50.942,36.195,175.637,1,6,2.00,NONE,SEG06,262
1264,50.742,36.211,175.693,1,6,2.00,NONE,SEG06,262
1265,50.543,36.226,175.705,1,6,2.00,NONE,SEG06,262
1266,50.343,36.241,175.748,1,6,2.00,NONE,SEG06,262
1267,50.144,36.256,175.809,1,6,2.00,NONE,SEG06,263
1268,49.945,36.271,175.869,1,6,2.00,NONE,SEG06,263
1269,49.745,36.286,175.929,1,6,2.00,NONE,SEG06,263
1270,49.546,36.300,175.946,1,6,2.00,NONE,SEG06,263
1271,49.346,36.314,175.852,1,6,2.00,NONE,SEG06,263
1272,49.147,36.328,175.710,1,6,2.00,NONE,SEG06,264
1273,48.947,36.342,175.567,1,6,2.00,NONE,SEG06,264
1274,48.748,36.357,175.425,1,6,2.00,NONE,SEG06,264
1275,48.548,36.372,175.377,1,6,2.00,NONE,SEG06,264
1276,48.349,36.388,175.371,1,6,2.00,NONE,SEG06,264
1277,48.149,36.404,175.362,1,6,2.00,NONE,SEG06,265
1278,47.950,36.420,175.353,1,6,2.00,NONE,SEG06,265
1279,47.751,36.436,175.344,1,6,2.00,NONE,SEG06,265
1280,47.551,36.453,175.341,1,6,2.00,NONE,SEG06,265
1281,47.352,36.469,175.365,1,6,2.00,NONE,SEG06,265
1282,47.153,36.485,175.404,1,6,2.00,NONE,SEG06,266
1283,46.953,36.501,175.443,1,6,2.00,NONE,SEG06,266
1284,46.754,36.518,175.482,1,6,2.00,NONE,SEG06,266
1285,46.555,36.534,175.496,1,6,2.00,NONE,SEG06,266
1286,46.355,36.549,175.470,1,6,2.00,NONE,SEG06,266
1287,46.156,36.565,175.430,1,6,2.00,NONE,SEG06,267
1288,45.957,36.581,175.391,1,6,2.00,NONE,SEG06,267
1289,45.757,36.596,175.352,1,6,2.00,NONE,SEG06,267
1290,45.558,36.612,175.339,1,6,2.00,NONE,SEG06,267
1291,45.358,36.629,175.408,1,6,2.00,NONE,SEG06,267
1292,45.159,36.645,175.504,1,6,2.00,NONE,SEG06,268
1293,44.960,36.661,175.601,1,6,2.00,NONE,SEG06,268
1294,44.760,36.677,175.698,1,6,2.00,NONE,SEG06,268
1295,44.561,36.693,175.726,1,6,2.00,NONE,SEG06,268
1296,44.362,36.708,175.865,1,6,2.00,NONE,SEG06,268
1297,44.162,36.723,176.056,1,6,2.00,NONE,SEG06,269
1298,43.963,36.737,176.248,1,6,2.00,NONE,SEG06,269
1299,43.763,36.752,176.440,1,6,2.00,NONE,SEG06,269
1300,43.564,36.765,176.493,1,6,2.00,NONE,SEG06,269
1301,43.364,36.778,176.615,1,6,2.00,NONE,SEG06,269
1302,43.164,36.790,176.794,1,6,2.00,NONE,SEG06,270
1303,42.965,36.802,176.972,1,6,2.00,NONE,SEG06,270
1304,42.765,36.814,177.150,1,6,2.00,NONE,SEG06,270
1305,42.565,36.825,177.206,1,6,2.00,NONE,SEG06,270
1306,42.366,36.835,177.156,1,6,2.00,NONE,SEG06,270
1307,42.166,36.844,177.070,1,6,2.00,NONE,SEG06,271
1308,41.966,36.854,176.984,1,6,2.00,NONE,SEG06,271
1309,41.766,36.864,176.898,1,6,2.00,NONE,SEG06,271
1310,41.567,36.874,176.861,1,6,2.00,NONE,SEG06,271
1311,41.367,36.885,176.867,1,6,2.00,NONE,SEG06,271
1312,41.167,36.896,176.880,1,6,2.00,NONE,SEG06,272
1313,40.968,36.907,176.892,1,6,2.00,NONE,SEG06,272
1314,40.768,36.918,176.904,1,6,2.00,NONE,SEG06,272
1315,40.568,36.929,176.910,1,6,2.00,NONE,SEG06,272
1316,40.369,36.940,176.907,1,6,2.00,NONE,SEG06,272
1317,40.169,36.950,176.902,1,6,2.00,NONE,SEG06,273
1318,39.969,36.961,176.896,1,6,2.00,NONE,SEG06,273
1319,39.769,36.972,176.891,1,6,2.00,NONE,SEG06,273
1320,39.570,36.983,176.888,1,6,2.00,NONE,SEG06,273
1321,39.370,36.994,176.803,1,6,2.00,NONE,SEG06,273
1322,39.170,37.005,176.695,1,6,2.00,NONE,SEG06,274
1323,38.971,37.015,176.588,1,6,2.00,NONE,SEG06,274
1324,38.771,37.026,176.480,1,6,2.00,NONE,SEG06,274
1325,38.571,37.038,176.409,1,6,2.00,NONE,SEG06,274
1326,38.372,37.051,176.237,1,6,2.00,NONE,SEG06,274
1327,38.172,37.063,176.065,1,6,2.00,STOP_LINE,SEG06,275
1328,37.972,37.075,175.893,1,6,2.00,NONE,SEG06,275
1329,37.773,37.088,175.770,1,6,2.00,NONE,SEG06,275
1330,37.573,37.103,175.722,1,6,2.00,NONE,SEG06,275
1331,37.374,37.118,175.670,1,6,2.00,NONE,SEG06,276
1332,37.174,37.133,175.617,1,6,2.00,NONE,SEG06,276
1333,36.975,37.147,175.565,1,6,2.00,NONE,SEG06,276
1334,36.776,37.163,175.597,1,6,2.00,NONE,SEG06,276
1335,36.576,37.178,175.667,1,6,2.00,NONE,SEG06,276
1336,36.377,37.194,175.738,1,6,2.00,NONE,SEG06,277
1337,36.177,37.209,175.808,1,6,2.00,NONE,SEG06,277
1338,35.978,37.224,175.840,1,6,2.00,NONE,SEG06,277
1339,35.778,37.239,175.728,1,6,2.00,NONE,SEG06,277
1340,35.579,37.253,175.617,1,6,2.00,NONE,SEG06,278
1341,35.380,37.268,175.505,1,6,2.00,NONE,SEG06,278
1342,35.180,37.282,175.396,1,6,2.00,NONE,SEG06,278
1343,34.981,37.298,175.401,1,6,2.00,NONE,SEG06,278
1344,34.781,37.314,175.417,1,6,2.00,NONE,SEG06,278
1345,34.582,37.330,175.432,1,6,2.00,NONE,SEG06,279
1346,34.383,37.347,175.448,1,6,2.00,NONE,SEG06,279
1347,34.183,37.363,175.458,1,6,2.00,NONE,SEG06,279
1348,33.984,37.378,175.600,1,6,2.00,NONE,SEG06,279
1349,33.785,37.394,175.890,1,6,2.00,NONE,SEG06,279
1350,33.585,37.410,176.179,1,6,2.00,NONE,SEG06,280
1351,33.386,37.426,176.469,1,6,2.00,NONE,SEG06,280
1352,33.186,37.440,176.615,1,6,2.00,NONE,SEG06,280
1353,32.987,37.452,176.739,1,6,2.00,NONE,SEG06,280
1354,32.787,37.463,176.952,1,6,2.00,NONE,SEG06,281
1355,32.587,37.475,177.164,1,6,2.00,NONE,SEG06,281
1356,32.388,37.487,177.377,1,6,2.00,NONE,SEG06,281
1357,32.188,37.497,177.465,1,6,2.00,NONE,SEG06,281
1358,31.988,37.506,177.382,1,6,2.00,NONE,SEG06,281
1359,31.788,37.515,177.264,1,6,2.00,NONE,SEG06,282
1360,31.589,37.524,177.145,1,6,2.00,NONE,SEG06,282
1361,31.389,37.532,177.026,1,6,2.00,NONE,SEG06,282
1362,31.189,37.542,176.991,1,6,2.00,NONE,SEG06,282
1363,30.989,37.553,176.971,1,6,2.00,NONE,SEG06,282
1364,30.790,37.563,176.949,1,6,2.00,NONE,SEG06,283
1365,30.590,37.574,176.927,1,6,2.00,NONE,SEG06,283
1366,30.390,37.584,176.906,1,6,2.00,NONE,SEG06,283
1367,30.190,37.595,176.987,1,6,2.00,NONE,SEG06,283
1368,29.991,37.606,177.297,1,6,2.00,NONE,SEG06,283
1369,29.791,37.617,177.607,1,6,2.00,NONE,SEG06,284
1370,29.591,37.628,177.917,1,6,2.00,NONE,SEG06,284
1371,29.391,37.637,178.145,1,6,2.00,NONE,SEG06,284
1372,29.192,37.644,178.268,1,4,2.00,NONE,SEG04,162
1373,28.992,37.650,178.418,1,4,2.00,NONE,SEG04,162
1374,28.792,37.657,178.569,1,6,2.00,NONE,SEG06,285
1375,28.592,37.663,178.719,1,6,2.00,NONE,SEG06,285
1376,28.392,37.668,178.715,1,6,2.00,NONE,SEG06,285
1377,28.192,37.672,178.658,1,6,2.00,NONE,SEG06,285
1378,27.992,37.677,178.602,1,6,2.00,NONE,SEG06,286
1379,27.792,37.681,178.545,1,6,2.00,NONE,SEG06,286
1380,27.592,37.686,178.406,1,6,2.00,NONE,SEG06,286
1381,27.392,37.691,178.086,1,6,2.00,NONE,SEG06,286
1382,27.192,37.696,177.766,1,8,2.00,NONE,SEG08,482
1383,26.992,37.701,177.446,1,6,2.00,NONE,SEG06,287
1384,26.792,37.708,177.213,1,6,2.00,NONE,SEG06,287
1385,26.593,37.718,177.007,1,6,2.00,NONE,SEG06,287
1386,26.393,37.727,176.801,1,6,2.00,NONE,SEG06,288
1387,26.193,37.737,176.595,1,6,2.00,NONE,SEG06,288
1388,25.993,37.747,176.416,1,6,2.00,NONE,SEG06,288
1389,25.794,37.759,176.261,1,6,2.00,NONE,SEG06,288
1390,25.594,37.772,176.063,1,6,2.00,NONE,SEG06,288
1391,25.395,37.785,175.866,1,6,2.00,NONE,SEG06,289
1392,25.195,37.797,175.668,1,6,2.00,NONE,SEG06,289
1393,24.996,37.812,175.586,1,6,2.00,NONE,SEG06,289
1394,24.796,37.827,175.390,1,6,2.00,NONE,SEG06,289
1395,24.597,37.842,175.194,1,6,2.00,NONE,SEG06,290
1396,24.397,37.857,174.998,1,6,2.00,NONE,SEG06,290
1397,24.198,37.873,174.841,1,6,2.00,NONE,SEG06,290
1398,23.999,37.891,174.690,1,6,2.00,NONE,SEG06,290
1399,23.800,37.909,174.423,1,6,2.00,NONE,SEG06,290
1400,23.600,37.927,174.156,1,6,2.00,NONE,SEG06,291
1401,23.401,37.945,173.890,1,6,2.00,NONE,SEG06,291
1402,23.202,37.965,173.846,1,6,2.00,NONE,SEG06,291
1403,23.003,37.987,174.009,1,6,2.00,NONE,SEG06,291
1404,22.805,38.009,174.171,1,6,2.00,NONE,SEG06,292
1405,22.606,38.030,174.334,1,6,2.00,NONE,SEG06,292
1406,22.407,38.051,173.947,1,6,2.00,NONE,SEG06,292
1407,22.208,38.070,173.339,1,6,2.00,NONE,SEG06,292
1408,22.009,38.090,172.730,1,6,2.00,NONE,SEG06,293
1409,21.810,38.109,171.159,1,6,2.00,NONE,SEG06,293
1410,21.611,38.135,169.452,1,6,2.00,NONE,SEG06,293
1411,21.413,38.163,167.870,1,6,2.00,NONE,SEG06,294
1412,21.215,38.191,163.896,1,6,2.00,NONE,SEG06,294
1413,21.020,38.232,160.355,1,6,2.00,NONE,SEG06,294
1414,20.826,38.282,156.855,1,7,2.00,NONE,SEG07,295
1415,20.632,38.331,152.033,1,7,2.00,NONE,SEG07,295
1416,20.450,38.412,149.607,1,7,2.00,NONE,SEG07,295
1417,20.270,38.500,146.716,1,7,2.00,NONE,SEG07,296
1418,20.094,38.594,142.709,1,7,2.00,NONE,SEG07,296
1419,19.928,38.705,140.032,1,7,2.00,NONE,SEG07,296
1420,19.761,38.816,137.351,1,7,2.00,NONE,SEG07,297
1421,19.603,38.937,133.615,1,7,2.00,NONE,SEG07,297
1422,19.460,39.077,131.477,1,7,2.00,NONE,SEG07,297
1423,19.317,39.217,129.338,1,7,2.00,NONE,SEG07,298
1424,19.174,39.356,126.017,1,7,2.00,NONE,SEG07,298
1425,19.053,39.515,123.043,1,7,2.00,NONE,SEG07,298
1426,18.932,39.675,120.137,1,7,2.00,NONE,SEG07,299
1427,18.811,39.834,117.228,1,7,2.00,NONE,SEG07,299
1428,18.705,40.002,113.835,1,7,2.00,NONE,SEG07,299
1429,18.618,40.183,111.701,1,7,2.00,NONE,SEG07,299
1430,18.532,40.363,109.566,1,7,2.00,NONE,SEG07,300
1431,18.446,40.543,107.432,1,7,2.00,NONE,SEG07,300
1432,18.382,40.732,104.942,1,7,2.00,NONE,SEG07,300
1433,18.323,40.924,102.702,1,7,2.00,NONE,SEG07,300
1434,18.265,41.115,100.461,1,7,2.00,NONE,SEG07,301
1435,18.206,41.306,98.225,1,7,2.00,NONE,SEG07,301
1436,18.176,41.504,96.510,1,7,2.00,NONE,SEG07,301
1437,18.148,41.702,94.761,1,7,2.00,NONE,SEG07,301
1438,18.120,41.900,93.011,1,7,2.00,NONE,SEG07,302
1439,18.092,42.098,91.264,1,7,2.00,NONE,SEG07,302
1440,18.085,42.298,90.472,1,7,2.00,NONE,SEG07,302
1441,18.082,42.498,89.709,1,7,2.00,NONE,SEG07,302
1442,18.078,42.698,88.945,1,7,2.00,NONE,SEG07,303
1443,18.074,42.897,88.182,1,7,2.00,NONE,SEG07,303
1444,18.079,43.097,88.031,1,7,2.00,NONE,SEG07,303
1445,18.086,43.297,88.111,1,7,2.00,NONE,SEG07,303
1446,18.093,43.497,88.192,1,7,2.00,NONE,SEG07,304
1447,18.100,43.697,88.272,1,7,2.00,NONE,SEG07,304
1448,18.106,43.897,88.321,1,7,2.00,NONE,SEG07,304
1449,18.112,44.097,88.253,1,7,2.00,NONE,SEG07,304
1450,18.118,44.297,88.166,1,7,2.00,NONE,SEG07,305
1451,18.124,44.497,88.078,1,7,2.00,NONE,SEG07,305
1452,18.130,44.697,87.991,1,7,2.00,NONE,SEG07,305
1453,18.137,44.896,87.973,1,7,2.00,NONE,SEG07,305
1454,18.144,45.096,88.081,1,7,2.00,NONE,SEG07,305
1455,18.151,45.296,88.189,1,7,2.00,NONE,SEG07,306
1456,18.158,45.496,88.297,1,7,2.00,NONE,SEG07,306
1457,18.165,45.696,88.403,1,7,2.00,NONE,SEG07,306
1458,18.170,45.896,88.412,1,7,2.00,NONE,SEG07,306
1459,18.176,46.096,88.463,1,7,2.00,NONE,SEG07,306
1460,18.182,46.296,88.513,1,7,2.00,NONE,SEG07,307
1461,18.187,46.496,88.563,1,7,2.00,NONE,SEG07,307
1462,18.193,46.696,88.604,1,7,2.00,NONE,SEG07,307
1463,18.197,46.896,88.628,1,7,2.00,NONE,SEG07,307
1464,18.202,47.095,88.734,1,7,2.00,NONE,SEG07,307
1465,18.207,47.295,88.839,1,7,2.00,NONE,SEG07,308
1466,18.212,47.495,88.944,1,7,2.00,NONE,SEG07,308
1467,18.217,47.695,89.024,1,7,2.00,NONE,SEG07,308
1468,18.220,47.895,89.044,1,7,2.00,NONE,SEG07,308
1469,18.223,48.095,89.154,1,7,2.00,NONE,SEG07,308
1470,18.227,48.295,89.265,1,7,2.00,NONE,SEG07,309
1471,18.230,48.495,89.376,1,7,2.00,NONE,SEG07,309
1472,18.233,48.695,89.467,1,7,2.00,NONE,SEG07,309
1473,18.235,48.895,89.472,1,7,2.00,NONE,SEG07,309
1474,18.237,49.095,89.540,1,7,2.00,NONE,SEG07,309
1475,18.239,49.295,89.608,1,7,2.00,NONE,SEG07,310
1476,18.241,49.495,89.676,1,7,2.00,NONE,SEG07,310
1477,18.243,49.695,89.739,1,7,2.00,NONE,SEG07,310
1478,18.243,49.895,89.735,1,7,2.00,NONE,SEG07,310
1479,18.244,50.095,89.687,1,7,2.00,NONE,SEG07,310
1480,18.245,50.295,89.638,1,7,2.00,NONE,SEG07,311
1481,18.246,50.495,89.590,1,7,2.00,NONE,SEG07,311
1482,18.247,50.695,89.545,1,7,2.00,NONE,SEG07,311
1483,18.249,50.895,89.546,1,7,2.00,NONE,SEG07,311
1484,18.250,51.095,89.580,1,7,2.00,NONE,SEG07,311
1485,18.252,51.295,89.614,1,7,2.00,NONE,SEG07,312
1486,18.254,51.495,89.648,1,7,2.00,NONE,SEG07,312
1487,18.255,51.695,89.680,1,7,2.00,NONE,SEG07,312
1488,18.256,51.895,89.680,1,7,2.00,NONE,SEG07,312
1489,18.257,52.095,89.967,1,7,2.00,NONE,SEG07,312
1490,18.258,52.295,90.257,1,7,2.00,NONE,SEG07,313
1491,18.260,52.495,90.547,1,7,2.00,NONE,SEG07,313
1492,18.261,52.695,90.838,1,7,2.00,NONE,SEG07,313
1493,18.258,52.895,90.841,1,7,2.00,NONE,SEG07,313
1494,18.255,53.095,91.001,1,7,2.00,NONE,SEG07,313
1495,18.252,53.295,91.172,1,7,2.00,NONE,SEG07,314
1496,18.249,53.495,91.344,1,7,2.00,NONE,SEG07,314
1497,18.246,53.695,91.516,1,7,2.00,NONE,SEG07,314
1498,18.241,53.895,91.528,1,7,2.00,NONE,SEG07,314
1499,18.236,54.095,91.472,1,7,2.00,NONE,SEG07,314
1500,18.230,54.295,91.409,1,7,2.00,NONE,SEG07,315
1501,18.225,54.495,91.347,1,7,2.00,NONE,SEG07,315
1502,18.220,54.695,91.284,1,7,2.00,NONE,SEG07,315
1503,18.215,54.895,91.277,1,7,2.00,NONE,SEG07,315
1504,18.211,55.094,91.219,1,7,2.00,NONE,SEG07,315
1505,18.206,55.294,91.150,1,7,2.00,NONE,SEG07,316
1506,18.202,55.494,91.080,1,7,2.00,NONE,SEG07,316
1507,18.197,55.694,91.011,1,7,2.00,NONE,SEG07,316
1508,18.194,55.894,90.999,1,7,2.00,NONE,SEG07,316
1509,18.190,56.094,90.933,1,7,2.00,NONE,SEG07,316
1510,18.187,56.294,90.861,1,7,2.00,NONE,SEG07,317
1511,18.183,56.494,90.789,1,7,2.00,NONE,SEG07,317
1512,18.180,56.694,90.717,1,7,2.00,NONE,SEG07,317
1513,18.177,56.894,90.512,1,7,2.00,NONE,SEG07,317
1514,18.175,57.094,90.112,1,7,2.00,NONE,SEG07,317
1515,18.172,57.294,89.712,1,7,2.00,NONE,SEG07,318
1516,18.170,57.494,89.312,1,7,2.00,NONE,SEG07,318
1517,18.170,57.694,88.782,1,7,2.00,NONE,SEG07,318
1518,18.173,57.894,88.095,1,7,2.00,NONE,SEG07,318
1519,18.176,58.094,87.407,1,7,2.00,NONE,SEG07,319
1520,18.179,58.294,86.720,1,7,2.00,NONE,SEG07,319
1521,18.187,58.494,86.214,1,7,2.00,NONE,SEG07,319
1522,18.200,58.693,86.006,1,7,2.00,NONE,SEG07,319
1523,18.212,58.893,85.797,1,7,2.00,NONE,SEG07,320
1524,18.225,59.093,85.607,1,7,2.00,NONE,SEG07,320
1525,18.240,59.292,85.664,1,7,2.00,NONE,SEG07,320
1526,18.255,59.491,85.781,1,7,2.00,NONE,SEG07,320
1527,18.271,59.691,85.898,1,7,2.00,NONE,SEG07,321
1528,18.286,59.890,85.996,1,7,2.00,NONE,SEG07,321
1529,18.300,60.090,85.996,1,7,2.00,NONE,SEG07,321
1530,18.314,60.289,85.995,1,7,2.00,NONE,SEG07,322
1531,18.328,60.489,86.037,1,7,2.00,NONE,SEG07,322
1532,18.342,60.688,86.125,1,7,2.00,NONE,SEG07,328
1533,18.356,60.888,89.836,1,7,2.00,NONE,SEG07,323
1534,18.370,61.087,135.241,1,7,2.00,NONE,SEG07,323
1535,18.383,61.287,-101.620,1,7,2.00,NONE,SEG07,327
1536,18.396,61.486,-98.378,1,7,2.00,NONE,SEG07,324
1537,18.380,61.500,-97.086,1,7,2.00,NONE,SEG07,326
1538,18.355,61.302,-97.225,1,7,2.00,NONE,SEG07,326
1539,18.331,61.103,-98.534,1,7,2.00,NONE,SEG07,327
1540,18.306,60.904,-99.751,1,7,2.00,NONE,SEG07,323
1541,18.282,60.706,-100.969,1,7,2.00,NONE,SEG07,328
1542,18.254,60.508,-102.912,1,7,2.00,NONE,SEG07,328
1543,18.213,60.312,-104.063,1,7,2.00,NONE,SEG07,322
1544,18.171,60.117,-105.214,1,7,2.00,NONE,SEG07,329
1545,18.130,59.921,-106.461,1,7,2.00,NONE,SEG07,329
1546,18.075,59.729,-107.964,1,7,2.00,NONE,SEG07,329
1547,18.018,59.537,-109.253,1,7,2.00,NONE,SEG07,329
1548,17.961,59.345,-110.542,1,7,2.00,NONE,SEG07,330
1549,17.903,59.154,-111.748,1,7,2.00,NONE,SEG07,330
1550,17.829,58.968,-113.504,1,7,2.00,NONE,SEG07,330
1551,17.755,58.783,-115.264,1,7,2.00,NONE,SEG07,331
1552,17.681,58.597,-117.024,1,7,2.00,NONE,SEG07,331
1553,17.606,58.411,-118.766,1,7,2.00,NONE,SEG07,331
1554,17.510,58.236,-120.267,1,7,2.00,NONE,SEG07,331
1555,17.414,58.060,-122.777,1,7,2.00,NONE,SEG07,331
1556,17.318,57.885,-125.292,1,7,2.00,NONE,SEG07,332
1557,17.222,57.710,-127.803,1,7,2.00,NONE,SEG07,332
1558,17.108,57.546,-129.428,1,7,2.00,NONE,SEG07,332
1559,16.983,57.390,-132.602,1,7,2.00,NONE,SEG07,332
1560,16.857,57.234,-135.791,1,7,2.00,NONE,SEG07,333
1561,16.732,57.079,-138.977,1,7,2.00,NONE,SEG07,333
1562,16.601,56.929,-141.534,1,7,2.00,NONE,SEG07,333
1563,16.444,56.804,-144.716,1,7,2.00,NONE,SEG07,333
1564,16.287,56.680,-148.108,1,7,2.00,NONE,SEG07,334
1565,16.131,56.555,-151.501,1,7,2.00,NONE,SEG07,334
1566,15.974,56.431,-154.875,1,7,2.00,NONE,SEG07,334
1567,15.794,56.344,-157.116,1,7,2.00,NONE,SEG07,334
1568,15.613,56.260,-160.149,1,7,2.00,NONE,SEG07,334
1569,15.431,56.176,-163.186,1,7,2.00,NONE,SEG07,335
1570,15.250,56.091,-166.215,1,7,2.00,NONE,SEG07,335
1571,15.060,56.034,-167.777,1,7,2.00,NONE,SEG07,335
1572,14.865,55.990,-170.270,1,7,2.00,NONE,SEG07,335
1573,14.669,55.945,-172.771,1,7,2.00,NONE,SEG07,336
1574,14.474,55.901,-175.270,1,7,2.00,NONE,SEG07,336
1575,14.278,55.865,-177.172,1,7,2.00,NONE,SEG07,336
1576,14.079,55.855,-178.119,1,7,2.00,NONE,SEG07,336
1577,13.879,55.845,-179.602,1,7,2.00,NONE,SEG07,355
1578,13.679,55.835,178.914,1,7,2.00,NONE,SEG07,337
1579,13.479,55.825,177.431,1,7,2.00,NONE,SEG07,337
1580,13.280,55.829,176.877,1,7,2.00,NONE,SEG07,337
1581,13.080,55.840,176.433,1,7,2.00,NONE,SEG07,354
1582,12.880,55.850,175.989,1,7,2.00,NONE,SEG07,354
1583,12.680,55.861,175.545,1,7,2.00,NONE,SEG07,338
1584,12.481,55.872,175.118,1,7,2.00,NONE,SEG07,338
1585,12.281,55.889,175.056,1,7,2.00,NONE,SEG07,353
1586,12.082,55.906,174.973,1,7,2.00,NONE,SEG07,353
1587,11.883,55.923,174.890,1,7,2.00,NONE,SEG07,339
1588,11.684,55.940,174.839,1,7,2.00,NONE,SEG07,339
1589,11.484,55.958,175.049,1,7,2.00,NONE,SEG07,339
1590,11.285,55.976,175.280,1,7,2.00,NONE,SEG07,352
1591,11.086,55.995,175.456,1,7,2.00,NONE,SEG07,340
1592,10.887,56.012,175.479,1,7,2.00,NONE,SEG07,340
1593,10.687,56.027,175.258,1,7,2.00,NONE,SEG07,351
1594,10.488,56.042,174.897,1,7,2.00,NONE,SEG07,341
1595,10.289,56.058,174.552,1,7,2.00,NONE,SEG07,341
1596,10.089,56.075,174.278,1,7,2.00,NONE,SEG07,350
1597,9.890,56.093,173.631,1,7,2.00,NONE,SEG07,342
1598,9.691,56.113,171.998,1,7,2.00,NONE,SEG07,343
1599,9.492,56.134,167.713,1,7,2.00,NONE,SEG07,349
1600,9.293,56.155,1.871,1,7,2.00,NONE,SEG07,344
1601,9.095,56.182,-4.089,1,7,2.00,NONE,SEG07,345
1602,8.991,56.208,-5.764,1,7,2.00,NONE,SEG07,347
1603,9.190,56.188,-5.990,1,7,2.00,NONE,SEG07,348
1604,9.389,56.170,-6.426,1,7,2.00,NONE,SEG07,344
1605,9.588,56.151,-6.837,1,7,2.00,NONE,SEG07,343
1606,9.787,56.128,-6.944,1,7,2.00,NONE,SEG07,342
1607,9.985,56.105,-7.161,1,7,2.00,NONE,SEG07,342
1608,10.184,56.081,-7.355,1,7,2.00,NONE,SEG07,350
1609,10.382,56.056,-7.515,1,7,2.00,NONE,SEG07,341
1610,10.581,56.031,-7.691,1,7,2.00,NONE,SEG07,351
1611,10.779,56.005,-7.804,1,7,2.00,NONE,SEG07,340
1612,10.977,55.978,-7.865,1,7,2.00,NONE,SEG07,340
1613,11.175,55.951,-7.927,1,7,2.00,NONE,SEG07,352
1614,11.374,55.924,-8.010,1,7,2.00,NONE,SEG07,352
1615,11.572,55.896,-8.145,1,7,2.00,NONE,SEG07,339
1616,11.770,55.869,-8.281,1,7,2.00,NONE,SEG07,339
1617,11.968,55.841,-8.416,1,7,2.00,NONE,SEG07,353
1618,12.166,55.813,-8.516,1,7,2.00,NONE,SEG07,353
1619,12.364,55.783,-8.767,1,7,2.00,NONE,SEG07,338
1620,12.561,55.753,-9.020,1,7,2.00,NONE,SEG07,338
1621,12.759,55.724,-9.272,1,7,2.00,NONE,SEG07,354
1622,12.957,55.694,-9.524,1,7,2.00,NONE,SEG07,354
1623,13.154,55.661,-9.883,1,7,2.00,NONE,SEG07,354
1624,13.351,55.628,-10.686,1,7,2.00,NONE,SEG07,337
1625,13.549,55.595,-11.489,1,7,2.00,NONE,SEG07,337
1626,13.746,55.562,-12.293,1,7,2.00,NONE,SEG07,355
1627,13.942,55.524,-12.738,1,7,2.00,NONE,SEG07,355
1628,14.137,55.480,-13.697,1,7,2.00,NONE,SEG07,355
1629,14.332,55.436,-14.776,1,7,2.00,NONE,SEG07,356
1630,14.527,55.392,-15.856,1,7,2.00,NONE,SEG07,356
1631,14.723,55.347,-16.936,1,7,2.00,NONE,SEG07,356
1632,14.914,55.290,-18.231,1,7,2.00,NONE,SEG07,356
1633,15.105,55.232,-20.460,1,7,2.00,NONE,SEG07,356
1634,15.297,55.173,-22.692,1,7,2.00,NONE,SEG07,357
1635,15.488,55.114,-24.924,1,7,2.00,NONE,SEG07,357
1636,15.673,55.041,-27.354,1,7,2.00,NONE,SEG07,357
1637,15.853,54.953,-31.031,1,7,2.00,NONE,SEG07,357
1638,16.033,54.865,-34.728,1,7,2.00,NONE,SEG07,358
1639,16.212,54.778,-38.427,1,7,2.00,NONE,SEG07,358
1640,16.382,54.674,-42.531,1,7,2.00,NONE,SEG07,358
1641,16.533,54.544,-47.572,1,7,2.00,NONE,SEG07,358
1642,16.685,54.413,-52.664,1,7,2.00,NONE,SEG07,359
1643,16.837,54.283,-57.749,1,7,2.00,NONE,SEG07,359
1644,16.969,54.137,-62.530,1,7,2.00,NONE,SEG07,359
1645,17.066,53.962,-65.876,1,7,2.00,NONE,SEG07,359
1646,17.163,53.787,-69.234,1,7,2.00,NONE,SEG07,360
1647,17.260,53.612,-72.584,1,7,2.00,NONE,SEG07,360
1648,17.337,53.429,-74.781,1,7,2.00,NONE,SEG07,360
1649,17.391,53.237,-76.748,1,7,2.00,NONE,SEG07,360
1650,17.445,53.044,-78.719,1,7,2.00,NONE,SEG07,361
1651,17.499,52.851,-80.688,1,7,2.00,NONE,SEG07,361
1652,17.547,52.658,-82.229,1,7,2.00,NONE,SEG07,361
1653,17.574,52.459,-82.772,1,7,2.00,NONE,SEG07,361
1654,17.601,52.261,-84.030,1,7,2.00,NONE,SEG07,361
1655,17.628,52.063,-85.288,1,7,2.00,NONE,SEG07,362
1656,17.655,51.865,-86.546,1,7,2.00,NONE,SEG07,362
1657,17.675,51.666,-87.260,1,7,2.00,NONE,SEG07,362
1658,17.684,51.466,-87.427,1,7,2.00,NONE,SEG07,362
1659,17.694,51.267,-87.976,1,7,2.00,NONE,SEG07,362
1660,17.703,51.067,-88.526,1,7,2.00,NONE,SEG07,363
1661,17.713,50.867,-89.075,1,7,2.00,NONE,SEG07,363
1662,17.720,50.667,-89.458,1,7,2.00,NONE,SEG07,363
1663,17.722,50.467,-89.471,1,7,2.00,NONE,SEG07,363
1664,17.724,50.267,-89.610,1,7,2.00,NONE,SEG07,363
1665,17.726,50.067,-89.749,1,7,2.00,NONE,SEG07,364
1666,17.728,49.867,-89.888,1,7,2.00,NONE,SEG07,364
1667,17.730,49.667,-90.013,1,7,2.00,NONE,SEG07,364
1668,17.729,49.467,-90.013,1,7,2.00,NONE,SEG07,364
1669,17.729,49.267,-90.193,1,7,2.00,NONE,SEG07,364
1670,17.729,49.067,-90.414,1,7,2.00,NONE,SEG07,365
1671,17.729,48.867,-90.636,1,7,2.00,NONE,SEG07,365
1672,17.729,48.667,-90.857,1,7,2.00,NONE,SEG07,365
1673,17.727,48.467,-90.899,1,7,2.00,NONE,SEG07,365
1674,17.724,48.267,-91.043,1,7,2.00,NONE,SEG07,365
1675,17.720,48.067,-91.307,1,7,2.00,NONE,SEG07,366
1676,17.717,47.867,-91.570,1,7,2.00,NONE,SEG07,366
1677,17.714,47.667,-91.834,1,7,2.00,NONE,SEG07,366
1678,17.709,47.467,-91.953,1,7,2.00,NONE,SEG07,366
1679,17.702,47.268,-92.102,1,7,2.00,NONE,SEG07,366
1680,17.695,47.068,-92.534,1,7,2.00,NONE,SEG07,366
1681,17.689,46.868,-92.965,1,7,2.00,NONE,SEG07,367
1682,17.682,46.668,-93.396,1,7,2.00,NONE,SEG07,367
1683,17.673,46.468,-93.679,1,7,2.00,NONE,SEG07,367
1684,17.660,46.269,-93.740,1,7,2.00,NONE,SEG07,367
1685,17.647,46.069,-94.136,1,7,2.00,NONE,SEG07,367
1686,17.634,45.869,-94.532,1,7,2.00,NONE,SEG07,368
1687,17.622,45.670,-94.928,1,7,2.00,NONE,SEG07,368
1688,17.608,45.470,-95.262,1,7,2.00,NONE,SEG07,368
1689,17.590,45.271,-95.262,1,7,2.00,NONE,SEG07,368
1690,17.571,45.072,-95.808,1,7,2.00,NONE,SEG07,368
1691,17.553,44.873,-96.373,1,7,2.00,NONE,SEG07,369
1692,17.534,44.674,-96.937,1,7,2.00,NONE,SEG07,369
1693,17.516,44.474,-97.502,1,7,2.00,NONE,SEG07,369
1694,17.490,44.276,-97.520,1,7,2.00,NONE,SEG07,369
1695,17.464,44.078,-98.369,1,7,2.00,NONE,SEG07,369
1696,17.438,43.880,-99.330,1,7,2.00,NONE,SEG07,370
1697,17.412,43.681,-100.291,1,7,2.00,NONE,SEG07,370
1698,17.386,43.483,-101.252,1,7,2.00,NONE,SEG07,370
1699,17.348,43.287,-101.363,1,7,2.00,NONE,SEG07,370
1700,17.308,43.091,-102.722,1,7,2.00,NONE,SEG07,370
1701,17.269,42.895,-104.210,1,7,2.00,NONE,SEG07,371
1702,17.229,42.698,-105.698,1,7,2.00,NONE,SEG07,371
1703,17.190,42.502,-107.185,1,7,2.00,NONE,SEG07,371
1704,17.132,42.311,-107.430,1,7,2.00,NONE,SEG07,371
1705,17.073,42.120,-109.411,1,7,2.00,NONE,SEG07,371
1706,17.013,41.929,-111.396,1,7,2.00,NONE,SEG07,372
1707,16.954,41.738,-113.382,1,7,2.00,NONE,SEG07,372
1708,16.893,41.548,-115.245,1,7,2.00,NONE,SEG07,372
1709,16.807,41.367,-116.266,1,7,2.00,NONE,SEG07,372
1710,16.722,41.186,-119.001,1,7,2.00,NONE,SEG07,372
1711,16.637,41.005,-121.743,1,7,2.00,NONE,SEG07,373
1712,16.551,40.824,-124.481,1,7,2.00,NONE,SEG07,373
1713,16.454,40.651,-126.195,1,7,2.00,NONE,SEG07,373
1714,16.336,40.489,-128.832,1,7,2.00,NONE,SEG07,373
1715,16.218,40.328,-131.876,1,7,2.00,NONE,SEG07,374
1716,16.100,40.166,-134.923,1,7,2.00,NONE,SEG07,374
1717,15.982,40.005,-137.958,1,7,2.00,NONE,SEG07,374
1718,15.836,39.868,-139.580,1,7,2.00,NONE,SEG07,374
1719,15.687,39.735,-143.036,1,7,2.00,NONE,SEG07,374
1720,15.537,39.602,-146.508,1,7,2.00,NONE,SEG07,375
1721,15.388,39.470,-149.971,1,7,2.00,NONE,SEG07,375
1722,15.229,39.351,-152.202,1,7,2.00,NONE,SEG07,375
1723,15.052,39.257,-154.455,1,7,2.00,NONE,SEG07,375
1724,14.875,39.164,-157.509,1,7,2.00,NONE,SEG07,376
1725,14.698,39.071,-160.569,1,7,2.00,NONE,SEG07,376
1726,14.521,38.977,-163.615,1,7,2.00,NONE,SEG07,376
1727,14.333,38.913,-164.411,1,7,2.00,NONE,SEG07,376
1728,14.140,38.860,-166.626,1,7,2.00,NONE,SEG07,376
1729,13.947,38.806,-168.998,1,7,2.00,NONE,SEG07,377
1730,13.755,38.752,-171.371,1,7,2.00,NONE,SEG07,377
1731,13.562,38.698,-173.737,1,7,2.00,NONE,SEG07,377
1732,13.364,38.675,-173.888,1,7,2.00,NONE,SEG07,377
1733,13.165,38.654,-175.209,1,7,2.00,NONE,SEG07,377
1734,12.966,38.632,-176.747,1,7,2.00,NONE,SEG07,378
1735,12.767,38.611,-178.286,1,7,2.00,NONE,SEG07,378
1736,12.568,38.590,-179.822,1,7,2.00,NONE,SEG07,378
1737,12.368,38.587,179.962,1,7,2.00,NONE,SEG07,378
1738,12.168,38.587,179.112,1,7,2.00,NONE,SEG07,378
1739,11.968,38.587,177.869,1,7,2.00,NONE,SEG07,379
1740,11.768,38.587,176.625,1,7,2.00,NONE,SEG07,379
1741,11.568,38.587,175.383,1,7,2.00,NONE,SEG07,379
1742,11.369,38.599,174.990,1,7,2.00,NONE,SEG07,379
1743,11.170,38.617,174.603,1,7,2.00,NONE,SEG07,379
1744,10.970,38.634,174.102,1,7,2.00,NONE,SEG07,380
1745,10.771,38.652,173.601,1,7,2.00,NONE,SEG07,380
1746,10.572,38.669,173.100,1,7,2.00,NONE,SEG07,380
1747,10.373,38.692,172.856,1,7,2.00,NONE,SEG07,380
1748,10.175,38.717,172.565,1,7,2.00,NONE,SEG07,380
1749,9.976,38.741,172.275,1,7,2.00,NONE,SEG07,381
1750,9.778,38.765,171.984,1,7,2.00,NONE,SEG07,381
1751,9.579,38.792,171.359,1,7,2.00,NONE,SEG07,381
1752,9.381,38.820,170.857,1,7,2.00,NONE,SEG07,381
1753,9.183,38.849,170.255,1,7,2.00,NONE,SEG07,382
1754,8.986,38.877,169.245,1,7,2.00,NONE,SEG07,382
1755,8.789,38.912,168.591,1,7,2.00,NONE,SEG07,382
1756,8.592,38.947,167.328,1,7,2.00,NONE,SEG07,383
1757,8.395,38.984,166.163,1,7,2.00,NONE,SEG07,383
1758,8.200,39.026,164.903,1,7,2.00,NONE,SEG07,384
1759,8.005,39.070,163.684,1,7,2.00,NONE,SEG07,384
1760,7.812,39.123,162.998,1,8,2.00,NONE,SEG08,385
1761,7.619,39.175,161.677,1,8,2.00,NONE,SEG08,385
1762,7.428,39.234,160.861,1,8,2.00,NONE,SEG08,385
1763,7.237,39.295,160.112,1,8,2.00,NONE,SEG08,386
1764,7.047,39.356,158.502,1,8,2.00,NONE,SEG08,386
1765,6.859,39.427,157.257,1,8,2.00,NONE,SEG08,386
1766,6.672,39.497,156.012,1,8,2.00,NONE,SEG08,387
1767,6.485,39.567,154.767,1,8,2.00,NONE,SEG08,387
1768,6.303,39.649,153.662,1,8,2.00,NONE,SEG08,387
1769,6.122,39.736,152.641,1,8,2.00,NONE,SEG08,387
1770,5.942,39.822,151.621,1,8,2.00,NONE,SEG08,388
1771,5.761,39.908,150.601,1,8,2.00,NONE,SEG08,388
1772,5.586,40.004,150.013,1,8,2.00,NONE,SEG08,388
1773,5.412,40.103,148.507,1,8,2.00,NONE,SEG08,388
1774,5.238,40.202,146.999,1,8,2.00,NONE,SEG08,389
1775,5.064,40.300,145.492,1,8,2.00,NONE,SEG08,389
1776,4.894,40.404,144.390,1,8,2.00,NONE,SEG08,389
1777,4.731,40.520,142.834,1,8,2.00,NONE,SEG08,389
1778,4.568,40.637,140.108,1,8,2.00,NONE,SEG08,389
1779,4.406,40.753,137.376,1,8,2.00,NONE,SEG08,390
1780,4.243,40.870,134.652,1,8,2.00,NONE,SEG08,390
1781,4.095,41.003,133.483,1,8,2.00,NONE,SEG08,390
1782,3.957,41.148,132.300,1,8,2.00,NONE,SEG08,390
1783,3.819,41.293,129.851,1,8,2.00,NONE,SEG08,391
1784,3.682,41.438,127.398,1,8,2.00,NONE,SEG08,391
1785,3.544,41.583,124.949,1,8,2.00,NONE,SEG08,391
1786,3.419,41.738,123.684,1,8,2.00,NONE,SEG08,391
1787,3.309,41.905,123.102,1,8,2.00,NONE,SEG08,391
1788,3.198,42.071,121.009,1,8,2.00,NONE,SEG08,391
1789,3.087,42.238,118.912,1,8,2.00,NONE,SEG08,392
1790,2.976,42.404,116.816,1,8,2.00,NONE,SEG08,392
1791,2.872,42.574,115.304,1,8,2.00,NONE,SEG08,392
1792,2.786,42.755,115.247,1,8,2.00,NONE,SEG08,392
1793,2.701,42.936,113.234,1,8,2.00,NONE,SEG08,392
1794,2.615,43.117,111.216,1,8,2.00,NONE,SEG08,393
1795,2.530,43.298,109.198,1,8,2.00,NONE,SEG08,393
1796,2.445,43.479,107.241,1,8,2.00,NONE,SEG08,393
1797,2.386,43.670,107.241,1,8,2.00,NONE,SEG08,393
1798,2.327,43.861,105.856,1,8,2.00,NONE,SEG08,393
1799,2.267,44.052,103.602,1,8,2.00,NONE,SEG08,394
1800,2.208,44.243,101.345,1,8,2.00,NONE,SEG08,394
1801,2.149,44.434,99.093,1,8,2.00,NONE,SEG08,394
1802,2.108,44.629,98.225,1,8,2.00,NONE,SEG08,394
1803,2.080,44.827,97.758,1,8,2.00,NONE,SEG08,394
1804,2.051,45.025,96.042,1,8,2.00,NONE,SEG08,394
1805,2.022,45.223,94.323,1,8,2.00,NONE,SEG08,395
1806,1.994,45.421,92.605,1,8,2.00,NONE,SEG08,395
1807,1.972,45.619,91.355,1,8,2.00,NONE,SEG08,395
1808,1.967,45.819,91.331,1,8,2.00,NONE,SEG08,395
1809,1.962,46.019,90.568,1,8,2.00,NONE,SEG08,395
1810,1.958,46.219,89.805,1,8,2.00,NONE,SEG08,396
1811,1.953,46.419,89.042,1,8,2.00,NONE,SEG08,396
1812,1.948,46.619,88.303,1,8,2.00,NONE,SEG08,396
1813,1.954,46.819,88.303,1,8,2.00,NONE,SEG08,396
1814,1.960,47.019,87.929,1,8,2.00,NONE,SEG08,396
1815,1.966,47.219,87.492,1,8,2.00,NONE,SEG08,397
1816,1.972,47.419,87.055,1,8,2.00,NONE,SEG08,397
1817,1.978,47.619,86.618,1,8,2.00,NONE,SEG08,397
1818,1.989,47.818,86.555,1,8,2.00,NONE,SEG08,397
1819,2.001,48.018,86.447,1,8,2.00,NONE,SEG08,397
1820,2.013,48.218,86.284,1,8,2.00,NONE,SEG08,398
1821,2.025,48.417,86.122,1,8,2.00,NONE,SEG08,398
1822,2.037,48.617,85.959,1,8,2.00,NONE,SEG08,398
1823,2.051,48.816,85.905,1,8,2.00,NONE,SEG08,398
1824,2.065,49.016,85.965,1,8,2.00,NONE,SEG08,398
1825,2.079,49.215,86.107,1,8,2.00,NONE,SEG08,399
1826,2.094,49.415,86.249,1,8,2.00,NONE,SEG08,399
1827,2.108,49.614,86.391,1,8,2.00,NONE,SEG08,399
1828,2.121,49.814,86.474,1,8,2.00,NONE,SEG08,399
1829,2.134,50.014,86.467,1,8,2.00,NONE,SEG08,399
1830,2.146,50.213,86.291,1,8,2.00,NONE,SEG08,399
1831,2.158,50.413,86.114,1,8,2.00,NONE,SEG08,400
1832,2.171,50.612,85.937,1,8,2.00,NONE,SEG08,400
1833,2.183,50.812,85.767,1,8,2.00,NONE,SEG08,400
1834,2.198,51.011,85.767,1,8,2.00,NONE,SEG08,400
1835,2.212,51.211,85.767,1,8,2.00,NONE,SEG08,400
1836,2.227,51.410,85.767,1,8,2.00,NONE,SEG08,401
1837,2.242,51.610,85.766,1,8,2.00,NONE,SEG08,401
1838,2.257,51.809,85.766,1,8,2.00,NONE,SEG08,401
1839,2.272,52.009,85.766,1,8,2.00,NONE,SEG08,401
1840,2.286,52.208,85.846,1,8,2.00,NONE,SEG08,401
1841,2.301,52.408,85.949,1,8,2.00,NONE,SEG08,402
1842,2.316,52.607,86.053,1,8,2.00,NONE,SEG08,402
1843,2.331,52.807,86.156,1,8,2.00,NONE,SEG08,402
1844,2.344,53.006,86.179,1,8,2.00,NONE,SEG08,402
1845,2.358,53.206,86.321,1,8,2.00,NONE,SEG08,402
1846,2.371,53.405,86.486,1,8,2.00,NONE,SEG08,403
1847,2.384,53.605,86.652,1,8,2.00,NONE,SEG08,403
1848,2.398,53.804,86.817,1,8,2.00,NONE,SEG08,403
1849,2.409,54.004,86.835,1,8,2.00,NONE,SEG08,403
1850,2.420,54.204,86.803,1,8,2.00,NONE,SEG08,403
1851,2.431,54.403,86.771,1,8,2.00,NONE,SEG08,404
1852,2.442,54.603,86.740,1,8,2.00,NONE,SEG08,404
1853,2.453,54.803,86.714,1,8,2.00,NONE,SEG08,404
1854,2.465,55.002,86.580,1,8,2.00,NONE,SEG08,404
1855,2.476,55.202,86.314,1,8,2.00,NONE,SEG08,404
1856,2.487,55.402,86.048,1,8,2.00,NONE,SEG08,405
1857,2.499,55.601,85.782,1,8,2.00,NONE,SEG08,405
1858,2.512,55.801,85.650,1,8,2.00,NONE,SEG08,405
1859,2.527,56.000,85.579,1,8,2.00,NONE,SEG08,405
1860,2.543,56.200,85.462,1,8,2.00,NONE,SEG08,406
1861,2.558,56.399,85.345,1,8,2.00,NONE,SEG08,406
1862,2.573,56.599,85.229,1,8,2.00,NONE,SEG08,406
1863,2.589,56.798,85.183,1,8,2.00,NONE,SEG08,406
1864,2.606,56.997,85.175,1,8,2.00,NONE,SEG08,406
1865,2.623,57.197,85.146,1,8,2.00,NONE,SEG08,406
1866,2.639,57.396,85.116,1,8,2.00,NONE,SEG08,407
1867,2.656,57.595,85.087,1,8,2.00,NONE,SEG08,407
1868,2.673,57.794,85.067,1,8,2.00,NONE,SEG08,407
1869,2.690,57.994,85.067,1,8,2.00,NONE,SEG08,407
1870,2.708,58.193,84.819,1,8,2.00,NONE,SEG08,407
1871,2.725,58.392,84.490,1,8,2.00,NONE,SEG08,408
1872,2.742,58.592,84.161,1,8,2.00,NONE,SEG08,408
1873,2.759,58.791,83.832,1,8,2.00,NONE,SEG08,408
1874,2.780,58.990,83.751,1,8,2.00,NONE,SEG08,408
1875,2.802,59.189,83.751,1,8,2.00,NONE,SEG08,408
1876,2.823,59.387,83.650,1,8,2.00,NONE,SEG08,408
1877,2.845,59.586,83.549,1,8,2.00,NONE,SEG08,409
1878,2.867,59.785,83.448,1,8,2.00,NONE,SEG08,409
1879,2.889,59.984,83.347,1,8,2.00,NONE,SEG08,409
1880,2.912,60.182,83.347,1,8,2.00,NONE,SEG08,409
1881,2.935,60.381,83.345,1,8,2.00,NONE,SEG08,409
1882,2.958,60.580,83.334,1,8,2.00,NONE,SEG08,410
1883,2.981,60.778,83.322,1,8,2.00,NONE,SEG08,410
1884,3.005,60.977,83.311,1,8,2.00,NONE,SEG08,410
1885,3.028,61.176,83.301,1,8,2.00,NONE,SEG08,410
1886,3.051,61.374,83.301,1,8,2.00,NONE,SEG08,410
1887,3.074,61.573,83.246,1,8,2.00,NONE,SEG08,410
1888,3.098,61.772,82.956,1,8,2.00,NONE,SEG08,411
1889,3.121,61.970,82.667,1,8,2.00,NONE,SEG08,411
1890,3.144,62.169,82.377,1,8,2.00,NONE,SEG08,411
1891,3.168,62.367,82.143,1,8,2.00,NONE,SEG08,411
1892,3.196,62.566,82.143,1,8,2.00,NONE,SEG08,411
1893,3.223,62.764,81.727,1,8,2.00,NONE,SEG08,411
1894,3.250,62.962,80.735,1,8,2.00,NONE,SEG08,412
1895,3.278,63.160,79.742,1,8,2.00,NONE,SEG08,412
1896,3.305,63.358,78.750,1,8,2.00,NONE,SEG08,412
1897,3.338,63.555,78.173,1,8,2.00,NONE,SEG08,412
1898,3.379,63.751,78.173,1,8,2.00,NONE,SEG08,412
1899,3.420,63.947,77.563,1,8,2.00,NONE,SEG08,412
1900,3.461,64.142,76.738,1,8,2.00,NONE,SEG08,413
1901,3.502,64.338,75.913,1,8,2.00,NONE,SEG08,413
1902,3.543,64.534,75.088,1,8,2.00,NONE,SEG08,413
1903,3.592,64.728,74.873,1,8,2.00,NONE,SEG08,413
1904,3.645,64.921,74.678,1,8,2.00,NONE,SEG08,413
1905,3.697,65.114,73.266,1,8,2.00,NONE,SEG08,413
1906,3.749,65.307,71.853,1,8,2.00,NONE,SEG08,414
1907,3.801,65.500,70.440,1,8,2.00,NONE,SEG08,414
1908,3.856,65.692,69.222,1,8,2.00,NONE,SEG08,414
1909,3.927,65.879,69.222,1,8,2.00,NONE,SEG08,414
1910,3.998,66.066,68.163,1,8,2.00,NONE,SEG08,414
1911,4.069,66.253,66.750,1,8,2.00,NONE,SEG08,415
1912,4.140,66.440,65.336,1,8,2.00,NONE,SEG08,415
1913,4.211,66.627,63.924,1,8,2.00,NONE,SEG08,415
1914,4.295,66.808,63.571,1,8,2.00,NONE,SEG08,415
1915,4.384,66.987,61.877,1,8,2.00,NONE,SEG08,415
1916,4.473,67.166,59.347,1,8,2.00,NONE,SEG08,416
1917,4.562,67.346,56.814,1,8,2.00,NONE,SEG08,416
1918,4.651,67.525,54.288,1,8,2.00,NONE,SEG08,416
1919,4.760,67.691,53.454,1,8,2.00,NONE,SEG08,416
1920,4.880,67.852,52.146,1,8,2.00,NONE,SEG08,416
1921,4.999,68.013,50.336,1,8,2.00,NONE,SEG08,417
1922,5.118,68.173,48.524,1,8,2.00,NONE,SEG08,417
1923,5.237,68.334,46.715,1,8,2.00,NONE,SEG08,417
1924,5.370,68.483,46.213,1,8,2.00,NONE,SEG08,417
1925,5.508,68.627,43.768,1,8,2.00,NONE,SEG08,417
1926,5.647,68.772,40.878,1,8,2.00,NONE,SEG08,418
1927,5.785,68.916,37.986,1,8,2.00,NONE,SEG08,418
1928,5.923,69.061,35.106,1,8,2.00,NONE,SEG08,418
1929,6.084,69.179,34.670,1,8,2.00,NONE,SEG08,418
1930,6.248,69.293,33.301,1,8,2.00,NONE,SEG08,418
1931,6.413,69.407,31.091,1,8,2.00,NONE,SEG08,419
1932,6.577,69.520,28.879,1,8,2.00,NONE,SEG08,419
1933,6.742,69.634,26.671,1,8,2.00,NONE,SEG08,419
1934,6.916,69.731,25.830,1,8,2.00,NONE,SEG08,419
1935,7.096,69.818,25.440,1,8,2.00,NONE,SEG08,419
1936,7.276,69.906,23.244,1,8,2.00,NONE,SEG08,419
1937,7.456,69.993,21.043,1,8,2.00,NONE,SEG08,420
1938,7.636,70.080,18.842,1,8,2.00,NONE,SEG08,420
1939,7.818,70.162,17.035,1,8,2.00,NONE,SEG08,420
1940,8.009,70.221,17.035,1,8,2.00,NONE,SEG08,420
1941,8.201,70.279,16.131,1,8,2.00,NONE,SEG08,420
1942,8.392,70.338,14.250,1,8,2.00,NONE,SEG08,421
1943,8.583,70.396,12.367,1,8,2.00,NONE,SEG08,421
1944,8.774,70.455,10.486,1,8,2.00,NONE,SEG08,421
1945,8.968,70.501,9.510,1,8,2.00,NONE,SEG08,421
1946,9.166,70.534,9.510,1,8,2.00,NONE,SEG08,421
1947,9.363,70.567,8.244,1,8,2.00,NONE,SEG08,421
1948,9.560,70.600,6.727,1,8,2.00,NONE,SEG08,422
1949,9.757,70.633,5.209,1,8,2.00,NONE,SEG08,422
1950,9.955,70.667,3.693,1,8,2.00,NONE,SEG08,422
1951,10.154,70.682,3.442,1,8,2.00,NONE,SEG08,422
1952,10.353,70.694,3.360,1,8,2.00,NONE,SEG08,422
1953,10.553,70.706,2.386,1,8,2.00,NONE,SEG08,422
1954,10.753,70.718,1.412,1,8,2.00,NONE,SEG08,423
1955,10.952,70.730,0.437,1,8,2.00,NONE,SEG08,423
1956,11.152,70.741,-0.455,1,8,2.00,NONE,SEG08,423
1957,11.352,70.739,-0.455,1,8,2.00,NONE,SEG08,423
1958,11.552,70.738,-0.823,1,8,2.00,NONE,SEG08,423
1959,11.752,70.736,-1.272,1,8,2.00,NONE,SEG08,424
1960,11.952,70.735,-1.720,1,8,2.00,NONE,SEG08,424
1961,12.152,70.733,-2.168,1,8,2.00,NONE,SEG08,424
1962,12.352,70.726,-2.248,1,8,2.00,NONE,SEG08,424
1963,12.552,70.718,-2.721,1,8,2.00,NONE,SEG08,424
1964,12.752,70.711,-3.348,1,8,2.00,NONE,SEG08,425
1965,12.951,70.703,-3.975,1,8,2.00,NONE,SEG08,425
1966,13.151,70.695,-4.602,1,8,2.00,NONE,SEG08,425
1967,13.351,70.680,-4.756,1,8,2.00,NONE,SEG08,425
1968,13.550,70.664,-4.752,1,8,2.00,NONE,SEG08,425
1969,13.749,70.647,-4.745,1,8,2.00,NONE,SEG08,426
1970,13.949,70.631,-4.739,1,8,2.00,NONE,SEG08,426
1971,14.148,70.614,-4.732,1,8,2.00,NONE,SEG08,426
1972,14.347,70.598,-4.730,1,8,2.00,NONE,SEG08,426
1973,14.547,70.581,-4.506,1,8,2.00,NONE,SEG08,426
1974,14.746,70.565,-4.147,1,8,2.00,NONE,SEG08,427
1975,14.945,70.548,-3.789,1,8,2.00,NONE,SEG08,427
1976,15.145,70.532,-3.431,1,8,2.00,NONE,SEG08,427
1977,15.344,70.518,-3.298,1,8,2.00,NONE,SEG08,427
1978,15.544,70.507,-3.341,1,8,2.00,NONE,SEG08,427
1979,15.743,70.495,-3.417,1,8,2.00,NONE,SEG08,428
1980,15.943,70.484,-3.493,1,8,2.00,NONE,SEG08,428
1981,16.143,70.472,-3.569,1,8,2.00,NONE,SEG08,428
1982,16.342,70.460,-3.602,1,8,2.00,NONE,SEG08,428
1983,16.542,70.448,-3.666,1,8,2.00,NONE,SEG08,428
1984,16.742,70.435,-3.823,1,8,2.00,NONE,SEG08,428
1985,16.941,70.422,-3.980,1,8,2.00,NONE,SEG08,429
1986,17.141,70.410,-4.136,1,8,2.00,NONE,SEG08,429
1987,17.340,70.396,-4.230,1,8,2.00,NONE,SEG08,429
1988,17.540,70.382,-4.167,1,8,2.00,NONE,SEG08,429
1989,17.739,70.367,-4.000,1,8,2.00,NONE,SEG08,429
1990,17.939,70.352,-3.833,1,8,2.00,NONE,SEG08,430
1991,18.138,70.337,-3.666,1,8,2.00,NONE,SEG08,430
1992,18.338,70.324,-3.562,1,8,2.00,NONE,SEG08,430
1993,18.537,70.311,-3.517,1,8,2.00,NONE,SEG08,430
1994,18.737,70.299,-3.457,1,8,2.00,NONE,SEG08,431
1995,18.937,70.286,-3.397,1,8,2.00,NONE,SEG08,431
1996,19.136,70.274,-3.337,1,8,2.00,NONE,SEG08,431
1997,19.336,70.262,-3.448,1,8,2.00,NONE,SEG08,431
1998,19.535,70.250,-3.654,1,8,2.00,NONE,SEG08,431
1999,19.735,70.239,-3.860,1,8,2.00,NONE,SEG08,432
2000,19.935,70.227,-4.066,1,8,2.00,NONE,SEG08,432
2001,20.134,70.214,-4.411,1,8,2.00,NONE,SEG08,432
2002,20.334,70.199,-4.710,1,8,2.00,NONE,SEG08,432
2003,20.533,70.185,-5.010,1,8,2.00,NONE,SEG08,433
2004,20.733,70.171,-5.392,1,8,2.00,NONE,SEG08,433
2005,20.932,70.152,-5.816,1,8,2.00,NONE,SEG08,433
2006,21.131,70.134,-6.205,1,8,2.00,NONE,SEG08,434
2007,21.330,70.115,-6.594,1,8,2.00,NONE,SEG08,434
2008,21.529,70.095,-7.049,1,8,2.00,NONE,SEG08,434
2009,21.728,70.071,-7.302,1,8,2.00,NONE,SEG08,434
2010,21.926,70.047,-7.555,1,8,2.00,NONE,SEG08,435
2011,22.125,70.023,-7.807,1,8,2.00,NONE,SEG08,435
2012,22.323,69.997,-8.079,1,8,2.00,NONE,SEG08,435
2013,22.521,69.970,-8.328,1,8,2.00,NONE,SEG08,435
2014,22.719,69.942,-8.577,1,8,2.00,NONE,SEG08,436
2015,22.917,69.915,-8.825,1,8,2.00,NONE,SEG08,436
2016,23.115,69.885,-8.921,1,8,2.00,NONE,SEG08,436
2017,23.313,69.854,-8.975,1,8,2.00,NONE,SEG08,436
2018,23.510,69.823,-9.029,1,8,2.00,NONE,SEG08,437
2019,23.708,69.792,-9.083,1,8,2.00,NONE,SEG08,437
2020,23.906,69.761,-9.124,1,8,2.00,NONE,SEG08,437
2021,24.103,69.729,-9.446,1,8,2.00,NONE,SEG08,437
2022,24.300,69.697,-10.721,1,8,2.00,NONE,SEG08,437
2023,24.498,69.666,-11.997,1,8,2.00,NONE,SEG08,438
2024,24.695,69.634,-13.272,1,8,2.00,NONE,SEG08,438
2025,24.892,69.598,-14.225,1,8,2.00,NONE,SEG08,438
2026,25.086,69.549,-14.225,1,8,2.00,NONE,SEG08,438
2027,25.280,69.499,-17.770,1,8,2.00,NONE,SEG08,438
2028,25.474,69.450,-21.374,1,8,2.00,NONE,SEG08,439
2029,25.667,69.401,-24.979,1,8,2.00,NONE,SEG08,439
2030,25.861,69.352,-28.555,1,8,2.00,NONE,SEG08,439
2031,26.037,69.257,-28.587,1,8,2.00,NONE,SEG08,439
2032,26.213,69.161,-31.117,1,8,2.00,NONE,SEG08,439
2033,26.388,69.065,-34.966,1,8,2.00,NONE,SEG08,440
2034,26.564,68.970,-38.827,1,8,2.00,NONE,SEG08,440
2035,26.740,68.874,-42.665,1,8,2.00,NONE,SEG08,440
2036,26.894,68.750,-43.977,1,8,2.00,NONE,SEG08,440
2037,27.038,68.611,-47.444,1,8,2.00,NONE,SEG08,440
2038,27.182,68.472,-51.894,1,8,2.00,NONE,SEG08,441
2039,27.326,68.333,-56.355,1,8,2.00,NONE,SEG08,441
2040,27.470,68.194,-60.774,1,8,2.00,NONE,SEG08,441
2041,27.576,68.026,-61.734,1,8,2.00,NONE,SEG08,441
2042,27.670,67.850,-66.014,1,8,2.00,NONE,SEG08,441
2043,27.765,67.674,-70.449,1,8,2.00,NONE,SEG08,442
2044,27.860,67.498,-74.885,1,8,2.00,NONE,SEG08,442
2045,27.954,67.322,-79.269,1,8,2.00,NONE,SEG08,442
2046,27.993,67.126,-79.374,1,8,2.00,NONE,SEG08,442
2047,28.030,66.929,-81.858,1,8,2.00,NONE,SEG08,442
2048,28.066,66.733,-85.133,1,8,2.00,NONE,SEG08,443
2049,28.103,66.536,-88.413,1,8,2.00,NONE,SEG08,443
2050,28.140,66.340,-91.678,1,8,2.00,NONE,SEG08,443
2051,28.143,66.140,-92.461,1,8,2.00,NONE,SEG08,443
2052,28.134,65.941,-93.001,1,8,2.00,NONE,SEG08,443
2053,28.125,65.741,-94.464,1,8,2.00,NONE,SEG08,444
2054,28.117,65.541,-95.928,1,8,2.00,NONE,SEG08,444
2055,28.108,65.341,-97.392,1,8,2.00,NONE,SEG08,444
2056,28.092,65.142,-98.315,1,8,2.00,NONE,SEG08,444
2057,28.063,64.944,-98.025,1,8,2.00,NONE,SEG08,444
2058,28.034,64.746,-97.459,1,8,2.00,NONE,SEG08,444
2059,28.005,64.548,-96.893,1,8,2.00,NONE,SEG08,445
2060,27.977,64.351,-96.327,1,8,2.00,NONE,SEG08,445
2061,27.952,64.152,-96.051,1,8,2.00,NONE,SEG08,445
2062,27.931,63.953,-95.878,1,8,2.00,NONE,SEG08,445
2063,27.909,63.754,-95.600,1,8,2.00,NONE,SEG08,446
2064,27.888,63.555,-95.322,1,8,2.00,NONE,SEG08,446
2065,27.867,63.357,-95.045,1,8,2.00,NONE,SEG08,446
2066,27.849,63.157,-94.941,1,8,2.00,NONE,SEG08,446
2067,27.831,62.958,-94.718,1,8,2.00,NONE,SEG08,446
2068,27.814,62.759,-94.435,1,8,2.00,NONE,SEG08,447
2069,27.797,62.560,-94.152,1,8,2.00,NONE,SEG08,447
2070,27.780,62.360,-93.869,1,8,2.00,NONE,SEG08,447
2071,27.766,62.161,-93.795,1,8,2.00,NONE,SEG08,447
2072,27.752,61.961,-93.709,1,8,2.00,NONE,SEG08,447
2073,27.739,61.762,-93.623,1,8,2.00,NONE,SEG08,448
2074,27.726,61.562,-93.537,1,8,2.00,NONE,SEG08,448
2075,27.713,61.363,-93.464,1,8,2.00,NONE,SEG08,448
2076,27.701,61.163,-93.401,1,8,2.00,NONE,SEG08,448
2077,27.688,60.963,-93.268,1,8,2.00,NONE,SEG08,448
2078,27.676,60.764,-93.135,1,8,2.00,NONE,SEG08,449
2079,27.664,60.564,-93.003,1,8,2.00,NONE,SEG08,449
2080,27.653,60.364,-92.932,1,8,2.00,NONE,SEG08,449
2081,27.643,60.165,-93.095,1,8,2.00,NONE,SEG08,449
2082,27.633,59.965,-93.336,1,8,2.00,NONE,SEG08,450
2083,27.622,59.765,-93.577,1,8,2.00,NONE,SEG08,450
2084,27.612,59.566,-93.819,1,8,2.00,NONE,SEG08,450
2085,27.600,59.366,-93.898,1,8,2.00,NONE,SEG08,450
2086,27.586,59.166,-93.928,1,8,2.00,NONE,SEG08,450
2087,27.572,58.967,-93.962,1,8,2.00,NONE,SEG08,451
2088,27.559,58.767,-93.995,1,8,2.00,NONE,SEG08,451
2089,27.545,58.568,-94.029,1,8,2.00,NONE,SEG08,451
2090,27.531,58.368,-94.040,1,8,2.00,NONE,SEG08,451
2091,27.517,58.169,-94.090,1,8,2.00,NONE,SEG08,451
2092,27.503,57.969,-94.140,1,8,2.00,NONE,SEG08,452
2093,27.489,57.770,-94.190,1,8,2.00,NONE,SEG08,452
2094,27.475,57.570,-94.232,1,8,2.00,NONE,SEG08,452
2095,27.460,57.371,-94.240,1,8,2.00,NONE,SEG08,452
2096,27.445,57.171,-94.262,1,8,2.00,NONE,SEG08,452
2097,27.431,56.972,-94.284,1,8,2.00,NONE,SEG08,453
2098,27.416,56.772,-94.307,1,8,2.00,NONE,SEG08,453
2099,27.401,56.573,-94.321,1,8,2.00,NONE,SEG08,453
2100,27.386,56.374,-94.369,1,8,2.00,NONE,SEG08,453
2101,27.371,56.174,-94.449,1,8,2.00,NONE,SEG08,453
2102,27.356,55.975,-94.528,1,8,2.00,NONE,SEG08,454
2103,27.341,55.775,-94.608,1,8,2.00,NONE,SEG08,454
2104,27.325,55.576,-94.639,1,8,2.00,NONE,SEG08,454
2105,27.309,55.377,-94.675,1,8,2.00,NONE,SEG08,454
2106,27.293,55.177,-94.721,1,8,2.00,NONE,SEG08,455
2107,27.276,54.978,-94.766,1,8,2.00,NONE,SEG08,455
2108,27.260,54.778,-94.812,1,8,2.00,NONE,SEG08,455
2109,27.244,54.579,-94.820,1,8,2.00,NONE,SEG08,455
2110,27.227,54.380,-94.768,1,8,2.00,NONE,SEG08,455
2111,27.210,54.181,-94.714,1,8,2.00,NONE,SEG08,456
2112,27.193,53.981,-94.659,1,8,2.00,NONE,SEG08,456
2113,27.176,53.782,-94.605,1,8,2.00,NONE,SEG08,456
2114,27.160,53.583,-94.607,1,8,2.00,NONE,SEG08,456
2115,27.144,53.383,-94.650,1,8,2.00,NONE,SEG08,456
2116,27.128,53.184,-94.693,1,8,2.00,NONE,SEG08,457
2117,27.112,52.985,-94.736,1,8,2.00,NONE,SEG08,457
2118,27.096,52.785,-94.774,1,8,2.00,NONE,SEG08,457
2119,27.079,52.586,-94.772,1,8,2.00,NONE,SEG08,457
2120,27.063,52.387,-94.762,1,8,2.00,NONE,SEG08,457
2121,27.046,52.187,-94.752,1,8,2.00,NONE,SEG08,458
2122,27.029,51.988,-94.743,1,8,2.00,NONE,SEG08,458
2123,27.013,51.789,-94.736,1,8,2.00,NONE,SEG08,458
2124,26.996,51.589,-94.792,1,8,2.00,NONE,SEG08,458
2125,26.980,51.390,-94.924,1,8,2.00,NONE,SEG08,458
2126,26.963,51.191,-95.056,1,8,2.00,NONE,SEG08,459
2127,26.947,50.991,-95.188,1,8,2.00,NONE,SEG08,459
2128,26.930,50.792,-95.265,1,8,2.00,NONE,SEG08,459
2129,26.911,50.593,-95.141,1,8,2.00,NONE,SEG08,459
2130,26.893,50.394,-95.007,1,8,2.00,NONE,SEG08,460
2131,26.874,50.195,-94.873,1,8,2.00,NONE,SEG08,460
2132,26.856,49.996,-94.760,1,8,2.00,NONE,SEG08,460
2133,26.839,49.796,-94.880,1,8,2.00,NONE,SEG08,460
2134,26.823,49.597,-95.011,1,8,2.00,NONE,SEG08,461
2135,26.806,49.398,-95.126,1,8,2.00,NONE,SEG08,461
2136,26.790,49.198,-95.096,1,8,2.00,NONE,SEG08,461
2137,26.771,48.999,-94.956,1,8,2.00,NONE,SEG08,461
2138,26.753,48.800,-94.822,1,8,2.00,NONE,SEG08,462
2139,26.735,48.601,-94.705,1,8,2.00,NONE,SEG08,462
2140,26.719,48.402,-94.813,1,8,2.00,NONE,SEG08,462
2141,26.702,48.202,-94.991,1,8,2.00,NONE,SEG08,463
2142,26.686,48.003,-95.327,1,8,2.00,NONE,SEG08,463
2143,26.669,47.804,-95.617,1,8,2.00,NONE,SEG08,464
2144,26.652,47.604,-95.709,1,8,2.00,NONE,SEG08,465
2145,26.633,47.405,-95.764,1,8,2.00,NONE,SEG08,465
2146,26.612,47.206,-95.956,1,8,2.00,NONE,SEG08,466
2147,26.591,47.007,-96.192,1,8,2.00,NONE,SEG08,466
2148,26.572,46.808,-96.670,1,8,2.00,NONE,SEG08,467
2149,26.552,46.609,-97.158,1,8,2.00,NONE,SEG08,467
2150,26.529,46.411,-97.445,1,8,2.00,NONE,SEG08,467
2151,26.505,46.212,-97.842,1,8,2.00,NONE,SEG08,468
2152,26.479,46.014,-98.093,1,8,2.00,NONE,SEG08,468
2153,26.453,45.816,-98.291,1,8,2.00,NONE,SEG08,469
2154,26.425,45.617,-98.449,1,8,2.00,NONE,SEG08,469
2155,26.396,45.420,-98.612,1,8,2.00,NONE,SEG08,470
2156,26.366,45.222,-98.765,1,8,2.00,NONE,SEG08,470
2157,26.337,45.024,-98.908,1,8,2.00,NONE,SEG08,471
2158,26.307,44.826,-98.873,1,8,2.00,NONE,SEG08,471
2159,26.276,44.629,-98.504,1,8,2.00,NONE,SEG08,472
2160,26.245,44.431,-98.149,1,8,2.00,NONE,SEG08,472
2161,26.213,44.234,-97.722,1,8,2.00,STOP_LINE,SEG08,473
2162,26.184,44.036,-97.247,1,8,2.00,NONE,SEG08,473
2163,26.158,43.838,-96.991,1,8,2.00,NONE,SEG08,473
2164,26.131,43.639,-96.719,1,8,2.00,NONE,SEG08,474
2165,26.106,43.441,-96.333,1,8,2.00,NONE,SEG08,474
2166,26.083,43.242,-96.114,1,8,2.00,NONE,SEG08,474
2167,26.060,43.043,-95.894,1,8,2.00,NONE,SEG08,475
2168,26.038,42.845,-95.457,1,8,2.00,NONE,SEG08,475
2169,26.018,42.646,-95.060,1,8,2.00,NONE,SEG08,475
2170,25.998,42.447,-94.662,1,8,2.00,NONE,SEG08,476
2171,25.978,42.248,-94.265,1,8,2.00,NONE,SEG08,476
2172,25.961,42.048,-92.960,1,8,2.00,NONE,SEG08,476
2173,25.947,41.849,-91.808,1,8,2.00,NONE,SEG08,476
2174,25.933,41.649,-90.656,1,8,2.00,NONE,SEG08,477
2175,25.919,41.450,-89.426,1,8,2.00,NONE,SEG08,477
2176,25.920,41.250,-87.825,1,8,2.00,NONE,SEG08,477
2177,25.922,41.050,-86.231,1,8,2.00,NONE,SEG08,478
2178,25.924,40.850,-84.637,1,8,2.00,NONE,SEG08,478
2179,25.927,40.650,-82.279,1,8,2.00,NONE,SEG08,478
2180,25.950,40.452,-80.381,1,8,2.00,NONE,SEG08,478
2181,25.974,40.253,-78.482,1,8,2.00,NONE,SEG08,479
2182,25.998,40.054,-76.582,1,8,2.00,NONE,SEG08,479
2183,26.034,39.858,-74.767,1,8,2.00,NONE,SEG08,479
2184,26.084,39.664,-72.897,1,8,2.00,NONE,SEG08,479
2185,26.134,39.471,-71.025,1,8,2.00,NONE,SEG08,480
2186,26.184,39.277,-69.154,1,8,2.00,NONE,SEG08,480
2187,26.244,39.087,-67.892,1,8,2.00,NONE,SEG08,480
2188,26.319,38.901,-65.974,1,8,2.00,NONE,SEG08,480
2189,26.393,38.716,-64.052,1,8,2.00,NONE,SEG08,481
2190,26.468,38.530,-62.130,1,8,2.00,NONE,SEG08,481
2191,26.545,38.346,-60.368,1,8,2.00,NONE,SEG08,481
2192,26.644,38.172,-59.542,1,8,2.00,NONE,SEG08,481
2193,26.743,37.998,-57.617,1,6,2.00,NONE,SEG06,287
2194,26.842,37.824,-55.691,1,6,2.00,NONE,SEG06,287
2195,26.940,37.650,-53.766,1,6,2.00,NONE,SEG06,287
2196,27.049,37.483,-52.668,1,8,2.00,NONE,SEG08,482
2197,27.170,37.324,-51.032,1,8,2.00,NONE,SEG08,482
2198,27.291,37.165,-48.816,1,8,2.00,NONE,SEG08,483
2199,27.413,37.006,-46.598,1,8,2.00,NONE,SEG08,483
2200,27.534,36.847,-44.385,1,8,2.00,NONE,SEG08,483
2201,27.672,36.703,-43.807,1,8,2.00,NONE,SEG08,483
2202,27.817,36.564,-41.688,1,8,2.00,NONE,SEG08,483
2203,27.961,36.426,-39.282,1,8,2.00,NONE,SEG08,484
2204,28.105,36.287,-36.874,1,8,2.00,NONE,SEG08,484
2205,28.250,36.149,-34.473,1,8,2.00,NONE,SEG08,484
2206,28.413,36.034,-34.150,1,8,2.00,NONE,SEG08,484
2207,28.578,35.921,-32.009,1,8,2.00,NONE,SEG08,484
2208,28.743,35.809,-29.861,1,8,2.00,NONE,SEG08,485
2209,28.909,35.696,-27.714,1,8,2.00,NONE,SEG08,485
2210,29.075,35.585,-25.614,1,8,2.00,NONE,SEG08,485
2211,29.255,35.498,-25.493,1,4,2.00,NONE,SEG04,160
2212,29.435,35.412,-23.739,1,4,2.00,NONE,SEG04,160
2213,29.616,35.325,-21.982,1,8,2.00,NONE,SEG08,486
2214,29.796,35.239,-20.225,1,8,2.00,NONE,SEG08,486
2215,29.977,35.154,-18.592,1,8,2.00,NONE,SEG08,486
2216,30.167,35.090,-18.592,1,8,2.00,NONE,SEG08,486
2217,30.356,35.026,-17.254,1,8,2.00,NONE,SEG08,486
2218,30.546,34.962,-15.884,1,8,2.00,NONE,SEG08,487
2219,30.735,34.899,-14.513,1,8,2.00,NONE,SEG08,487
2220,30.925,34.835,-13.144,1,8,2.00,NONE,SEG08,487
2221,31.119,34.789,-13.113,1,8,2.00,NONE,SEG08,487
2222,31.314,34.744,-12.555,1,8,2.00,NONE,SEG08,487
2223,31.509,34.698,-11.786,1,8,2.00,NONE,SEG08,488
2224,31.704,34.653,-11.017,1,8,2.00,NONE,SEG08,488
2225,31.899,34.608,-10.249,1,8,2.00,NONE,SEG08,488
2226,32.095,34.570,-10.038,1,8,2.00,NONE,SEG08,488
2227,32.292,34.535,-9.809,1,8,2.00,NONE,SEG08,488
2228,32.489,34.500,-9.235,1,8,2.00,NONE,SEG08,489
2229,32.686,34.465,-8.661,1,8,2.00,NONE,SEG08,489
2230,32.883,34.430,-8.088,1,8,2.00,NONE,SEG08,489
2231,33.080,34.399,-7.743,1,8,2.00,NONE,SEG08,489
2232,33.278,34.372,-7.727,1,8,2.00,NONE,SEG08,489
2233,33.477,34.345,-7.509,1,8,2.00,NONE,SEG08,489
2234,33.675,34.318,-7.291,1,8,2.00,NONE,SEG08,490
2235,33.873,34.291,-7.072,1,8,2.00,NONE,SEG08,490
2236,34.071,34.264,-6.869,1,8,2.00,NONE,SEG08,490
2237,34.270,34.240,-6.869,1,8,2.00,NONE,SEG08,490
2238,34.468,34.216,-6.583,1,8,2.00,NONE,SEG08,490
2239,34.667,34.192,-6.202,1,8,2.00,NONE,SEG08,491
2240,34.865,34.169,-5.820,1,8,2.00,NONE,SEG08,491
2241,35.064,34.145,-5.439,1,8,2.00,NONE,SEG08,491
2242,35.263,34.125,-5.345,1,8,2.00,NONE,SEG08,491
2243,35.462,34.106,-5.326,1,8,2.00,NONE,SEG08,491
2244,35.661,34.087,-5.280,1,8,2.00,NONE,SEG08,492
2245,35.860,34.069,-5.235,1,8,2.00,NONE,SEG08,492
2246,36.059,34.050,-5.189,1,8,2.00,NONE,SEG08,492
2247,36.259,34.032,-5.163,1,8,2.00,NONE,SEG08,492
2248,36.458,34.014,-5.163,1,8,2.00,NONE,SEG08,492
2249,36.657,33.996,-4.716,1,8,2.00,NONE,SEG08,492
2250,36.856,33.978,-4.264,1,8,2.00,NONE,SEG08,493
2251,37.055,33.960,-3.811,1,8,2.00,NONE,SEG08,493
2252,37.255,33.942,-3.359,1,8,2.00,NONE,SEG08,493
2253,37.454,33.930,-3.353,1,8,2.00,NONE,SEG08,493
2254,37.654,33.918,-3.253,1,8,2.00,NONE,SEG08,493
2255,37.853,33.907,-3.074,1,8,2.00,NONE,SEG08,494
2256,38.053,33.895,-2.895,1,8,2.00,NONE,SEG08,494
2257,38.253,33.883,-2.717,1,8,2.00,NONE,SEG08,494
2258,38.453,33.873,-2.637,1,8,2.00,NONE,SEG08,494
2259,38.652,33.864,-2.634,1,8,2.00,NONE,SEG08,494
2260,38.852,33.855,-2.606,1,8,2.00,NONE,SEG08,494
2261,39.052,33.845,-2.579,1,8,2.00,NONE,SEG08,495
2262,39.252,33.836,-2.551,1,8,2.00,NONE,SEG08,495
2263,39.451,33.827,-2.528,1,8,2.00,NONE,SEG08,495
2264,39.651,33.818,-2.528,1,8,2.00,NONE,SEG08,495
2265,39.851,33.809,-2.582,1,8,2.00,NONE,SEG08,495
2266,40.051,33.801,-2.665,1,8,2.00,NONE,SEG08,496
2267,40.251,33.792,-2.749,1,8,2.00,NONE,SEG08,496
2268,40.450,33.783,-2.832,1,8,2.00,NONE,SEG08,496
2269,40.650,33.773,-2.861,1,8,2.00,NONE,SEG08,496
2270,40.850,33.763,-2.821,1,8,2.00,NONE,SEG08,496
2271,41.050,33.753,-2.633,1,8,2.00,NONE,SEG08,496
2272,41.250,33.743,-2.444,1,8,2.00,NONE,SEG08,497
2273,41.449,33.733,-2.256,1,8,2.00,NONE,SEG08,497
2274,41.649,33.724,-2.108,1,8,2.00,NONE,SEG08,497
2275,41.849,33.717,-2.108,1,8,2.00,NONE,SEG08,497
2276,42.049,33.709,-2.246,1,8,2.00,NONE,SEG08,497
2277,42.249,33.702,-2.398,1,8,2.00,NONE,SEG08,498
2278,42.448,33.695,-2.550,1,8,2.00,NONE,SEG08,498
2279,42.648,33.687,-2.701,1,8,2.00,NONE,SEG08,498
2280,42.848,33.678,-2.716,1,8,2.00,NONE,SEG08,498
2281,43.048,33.668,-2.798,1,8,2.00,NONE,SEG08,498
2282,43.248,33.659,-2.927,1,8,2.00,NONE,SEG08,499
2283,43.447,33.649,-3.056,1,8,2.00,NONE,SEG08,499
2284,43.647,33.640,-3.184,1,8,2.00,NONE,SEG08,499
2285,43.847,33.629,-3.231,1,8,2.00,NONE,SEG08,499
2286,44.047,33.618,-3.314,1,8,2.00,NONE,SEG08,499
2287,44.246,33.607,-3.493,1,8,2.00,NONE,SEG08,500
2288,44.446,33.596,-3.672,1,8,2.00,NONE,SEG08,500
2289,44.646,33.584,-3.851,1,8,2.00,NONE,SEG08,500
2290,44.845,33.572,-3.946,1,8,2.00,NONE,SEG08,500
2291,45.045,33.558,-4.060,1,8,2.00,NONE,SEG08,500
2292,45.244,33.544,-4.310,1,8,2.00,NONE,SEG08,500
2293,45.444,33.531,-4.560,1,8,2.00,NONE,SEG08,501
2294,45.643,33.517,-4.810,1,8,2.00,NONE,SEG08,501
2295,45.843,33.501,-4.946,1,8,2.00,NONE,SEG08,501
2296,46.042,33.484,-5.008,1,8,2.00,NONE,SEG08,501
2297,46.241,33.467,-5.133,1,8,2.00,NONE,SEG08,501
2298,46.441,33.450,-5.259,1,8,2.00,NONE,SEG08,502
2299,46.640,33.432,-5.384,1,8,2.00,NONE,SEG08,502
2300,46.839,33.414,-5.448,1,8,2.00,NONE,SEG08,502
2301,47.038,33.395,-5.525,1,8,2.00,NONE,SEG08,502
2302,47.237,33.376,-5.680,1,8,2.00,NONE,SEG08,502
2303,47.436,33.357,-5.836,1,8,2.00,NONE,SEG08,503
2304,47.635,33.338,-5.992,1,8,2.00,NONE,SEG08,503
2305,47.834,33.318,-6.071,1,8,2.00,NONE,SEG08,503
2306,48.033,33.297,-6.104,1,8,2.00,NONE,SEG08,503
2307,48.232,33.276,-6.177,1,8,2.00,NONE,SEG08,503
2308,48.431,33.255,-6.251,1,8,2.00,NONE,SEG08,504
2309,48.630,33.234,-6.324,1,8,2.00,NONE,SEG08,504
2310,48.829,33.212,-6.364,1,8,2.00,NONE,SEG08,504
2311,49.027,33.190,-6.368,1,8,2.00,NONE,SEG08,504
2312,49.226,33.168,-6.378,1,8,2.00,NONE,SEG08,504
2313,49.425,33.146,-6.388,1,8,2.00,NONE,SEG08,505
2314,49.624,33.123,-6.399,1,8,2.00,NONE,SEG08,505
2315,49.823,33.101,-6.406,1,8,2.00,NONE,SEG08,505
2316,50.021,33.079,-6.402,1,8,2.00,NONE,SEG08,505
2317,50.220,33.057,-6.360,1,8,2.00,NONE,SEG08,505
2318,50.419,33.034,-6.318,1,8,2.00,NONE,SEG08,506
2319,50.618,33.012,-6.277,1,8,2.00,NONE,SEG08,506
2320,50.816,32.990,-6.240,1,8,2.00,NONE,SEG08,506
2321,51.015,32.968,-6.240,1,8,2.00,NONE,SEG08,506
2322,51.214,32.946,-6.012,1,8,2.00,NONE,SEG08,506
2323,51.413,32.925,-5.735,1,8,2.00,NONE,SEG08,507
2324,51.612,32.903,-5.458,1,8,2.00,NONE,SEG08,507
2325,51.810,32.881,-5.180,1,8,2.00,NONE,SEG08,507
2326,52.010,32.862,-5.131,1,8,2.00,NONE,SEG08,507
2327,52.209,32.845,-5.017,1,8,2.00,NONE,SEG08,507
2328,52.408,32.827,-4.811,1,8,2.00,NONE,SEG08,508
2329,52.607,32.809,-4.605,1,8,2.00,NONE,SEG08,508
2330,52.806,32.791,-4.399,1,8,2.00,NONE,SEG08,508
2331,53.006,32.775,-4.308,1,8,2.00,NONE,SEG08,508
2332,53.205,32.760,-4.276,1,8,2.00,NONE,SEG08,508
2333,53.405,32.745,-4.172,1,8,2.00,NONE,SEG08,508
2334,53.604,32.730,-4.069,1,8,2.00,NONE,SEG08,509
2335,53.803,32.715,-3.965,1,8,2.00,NONE,SEG08,509
2336,54.003,32.700,-3.893,1,8,2.00,NONE,SEG08,509
2337,54.202,32.686,-3.894,1,8,2.00,NONE,SEG08,509
2338,54.402,32.673,-3.904,1,8,2.00,NONE,SEG08,509
2339,54.601,32.659,-3.914,1,8,2.00,NONE,SEG08,510
2340,54.801,32.646,-3.924,1,8,2.00,NONE,SEG08,510
2341,55.001,32.632,-3.934,1,8,2.00,NONE,SEG08,510
2342,55.200,32.618,-3.934,1,8,2.00,NONE,SEG08,510
2343,55.400,32.605,-4.014,1,8,2.00,NONE,SEG08,510
2344,55.599,32.591,-4.106,1,8,2.00,NONE,SEG08,511
2345,55.799,32.577,-4.198,1,8,2.00,NONE,SEG08,511
2346,55.998,32.563,-4.290,1,8,2.00,NONE,SEG08,511
2347,56.198,32.549,-4.302,1,8,2.00,NONE,SEG08,511
2348,56.397,32.534,-4.394,1,8,2.00,NONE,SEG08,511
2349,56.597,32.519,-4.528,1,8,2.00,NONE,SEG08,512
2350,56.796,32.504,-4.661,1,8,2.00,NONE,SEG08,512
2351,56.995,32.489,-4.795,1,8,2.00,NONE,SEG08,512
2352,57.195,32.472,-4.837,1,8,2.00,NONE,SEG08,512
2353,57.394,32.455,-4.832,1,8,2.00,NONE,SEG08,512
2354,57.593,32.439,-4.822,1,8,2.00,NONE,SEG08,513
2355,57.793,32.422,-4.812,1,8,2.00,NONE,SEG08,513
2356,57.992,32.405,-4.802,1,8,2.00,NONE,SEG08,513
2357,58.191,32.388,-4.797,1,8,2.00,NONE,SEG08,513
2358,58.390,32.371,-4.757,1,8,2.00,NONE,SEG08,513
2359,58.590,32.355,-4.633,1,8,2.00,NONE,SEG08,513
2360,58.789,32.338,-4.509,1,8,2.00,NONE,SEG08,514
2361,58.988,32.321,-4.386,1,8,2.00,NONE,SEG08,514
2362,59.188,32.305,-4.302,1,8,2.00,NONE,SEG08,514
2363,59.387,32.290,-4.275,1,8,2.00,NONE,SEG08,514
2364,59.587,32.275,-4.075,1,8,2.00,NONE,SEG08,514
2365,59.786,32.260,-3.876,1,8,2.00,NONE,SEG08,515
2366,59.985,32.245,-3.677,1,8,2.00,NONE,SEG08,515
2367,60.185,32.230,-3.505,1,8,2.00,NONE,SEG08,515
2368,60.385,32.218,-3.505,1,8,2.00,NONE,SEG08,515
2369,60.584,32.206,-3.294,1,8,2.00,NONE,SEG08,515
2370,60.784,32.194,-3.073,1,8,2.00,NONE,SEG08,516
2371,60.983,32.181,-2.851,1,8,2.00,NONE,SEG08,516
2372,61.183,32.169,-2.629,1,8,2.00,NONE,SEG08,516
2373,61.383,32.160,-2.618,1,8,2.00,NONE,SEG08,516
2374,61.583,32.151,-2.597,1,8,2.00,NONE,SEG08,516
2375,61.782,32.142,-2.569,1,8,2.00,NONE,SEG08,517
2376,61.982,32.133,-2.540,1,8,2.00,NONE,SEG08,517
2377,62.182,32.123,-2.512,1,8,2.00,NONE,SEG08,517
2378,62.382,32.115,-2.505,1,8,2.00,NONE,SEG08,517
2379,62.582,32.106,-2.509,1,8,2.00,NONE,SEG08,517
2380,62.781,32.097,-2.519,1,8,2.00,NONE,SEG08,518
2381,62.981,32.088,-2.528,1,8,2.00,NONE,SEG08,518
2382,63.181,32.080,-2.538,1,8,2.00,NONE,SEG08,518
2383,63.381,32.071,-2.543,1,8,2.00,NONE,SEG08,518
2384,63.581,32.062,-2.511,1,8,2.00,NONE,SEG08,518
2385,63.780,32.053,-2.393,1,8,2.00,NONE,SEG08,518
2386,63.980,32.044,-2.275,1,8,2.00,NONE,SEG08,519
2387,64.180,32.035,-2.156,1,8,2.00,NONE,SEG08,519
2388,64.380,32.027,-2.069,1,8,2.00,NONE,SEG08,519
2389,64.580,32.020,-2.067,1,8,2.00,NONE,SEG08,519
2390,64.780,32.012,-1.910,1,8,2.00,NONE,SEG08,519
2391,64.979,32.005,-1.752,1,8,2.00,NONE,SEG08,520
2392,65.179,31.998,-1.594,1,8,2.00,NONE,SEG08,520
2393,65.379,31.991,-1.438,1,8,2.00,NONE,SEG08,520
2394,65.579,31.986,-1.438,1,8,2.00,NONE,SEG08,520
2395,65.779,31.981,-1.380,1,8,2.00,NONE,SEG08,520
2396,65.979,31.976,-1.303,1,8,2.00,NONE,SEG08,521
2397,66.179,31.971,-1.227,1,8,2.00,NONE,SEG08,521
2398,66.379,31.966,-1.151,1,8,2.00,NONE,SEG08,521
2399,66.579,31.961,-1.132,1,8,2.00,NONE,SEG08,521
2400,66.779,31.958,-0.931,1,8,2.00,NONE,SEG08,521
2401,66.979,31.954,-0.573,1,8,2.00,NONE,SEG08,522
2402,67.179,31.950,-0.216,1,8,2.00,NONE,SEG08,522
2403,67.379,31.946,0.141,1,8,2.00,NONE,SEG08,522
2404,67.579,31.945,0.297,1,8,2.00,NONE,SEG08,522
2405,67.779,31.946,0.494,1,8,2.00,NONE,SEG08,522
2406,67.979,31.947,0.983,1,8,2.00,NONE,SEG08,522
2407,68.179,31.948,1.473,1,8,2.00,NONE,SEG08,523
2408,68.379,31.949,1.962,1,8,2.00,NONE,SEG08,523
2409,68.579,31.952,2.255,1,8,2.00,NONE,SEG08,523
2410,68.778,31.960,2.483,1,8,2.00,NONE,SEG08,523
2411,68.978,31.968,3.314,1,8,2.00,NONE,SEG08,523
2412,69.178,31.976,4.145,1,8,2.00,NONE,SEG08,524
2413,69.378,31.984,4.976,1,8,2.00,NONE,SEG08,524
2414,69.578,31.995,5.580,1,8,2.00,NONE,SEG08,524
2415,69.777,32.014,5.966,1,8,2.00,NONE,SEG08,524
2416,69.976,32.034,7.480,1,8,2.00,NONE,SEG08,524
2417,70.175,32.053,8.996,1,8,2.00,NONE,SEG08,525
2418,70.374,32.073,10.510,1,8,2.00,NONE,SEG08,525
2419,70.572,32.098,11.638,1,8,2.00,NONE,SEG08,525
2420,70.768,32.138,12.617,1,8,2.00,NONE,SEG08,525
2421,70.964,32.178,14.808,1,8,2.00,NONE,SEG08,525
2422,71.160,32.219,17.002,1,8,2.00,NONE,SEG08,526
2423,71.356,32.259,19.193,1,8,2.00,NONE,SEG08,526
2424,71.548,32.312,20.405,1,8,2.00,NONE,SEG08,526
2425,71.735,32.382,22.407,1,8,2.00,NONE,SEG08,526
2426,71.923,32.452,24.710,1,8,2.00,NONE,SEG08,527
2427,72.110,32.522,27.014,1,8,2.00,NONE,SEG08,527
2428,72.298,32.591,29.313,1,8,2.00,NONE,SEG08,527
2429,72.473,32.686,30.657,1,8,2.00,NONE,SEG08,527
2430,72.647,32.785,33.100,1,8,2.00,NONE,SEG08,527
2431,72.821,32.884,35.548,1,8,2.00,NONE,SEG08,528
2432,72.995,32.983,37.992,1,8,2.00,NONE,SEG08,528
2433,73.160,33.094,39.385,1,8,2.00,NONE,SEG08,528
2434,73.315,33.220,41.626,1,8,2.00,NONE,SEG08,528
2435,73.470,33.347,43.901,1,8,2.00,NONE,SEG08,529
2436,73.624,33.474,46.177,1,8,2.00,NONE,SEG08,529
2437,73.779,33.601,48.445,1,8,2.00,NONE,SEG08,529
2438,73.912,33.751,49.242,1,8,2.00,NONE,SEG08,529
2439,74.044,33.900,50.932,1,8,2.00,NONE,SEG08,529
2440,74.177,34.050,52.623,1,8,2.00,NONE,SEG08,530
2441,74.309,34.200,54.313,1,8,2.00,NONE,SEG08,530
2442,74.434,34.356,55.233,1,8,2.00,NONE,SEG08,530
2443,74.548,34.520,56.164,1,8,2.00,NONE,SEG08,530
2444,74.662,34.685,57.343,1,8,2.00,NONE,SEG08,531
2445,74.776,34.849,58.522,1,8,2.00,NONE,SEG08,531
2446,74.890,35.013,59.701,1,8,2.00,NONE,SEG08,531
2447,74.993,35.185,59.949,1,8,2.00,NONE,SEG08,531
2448,75.093,35.358,60.889,1,8,2.00,NONE,SEG08,531
2449,75.193,35.531,61.845,1,8,2.00,NONE,SEG08,532
2450,75.293,35.704,62.801,1,8,2.00,NONE,SEG08,532
2451,75.394,35.877,63.756,1,8,2.00,NONE,SEG08,532
2452,75.482,36.056,63.858,1,8,2.00,NONE,SEG08,532
2453,75.570,36.236,64.640,1,8,2.00,NONE,SEG08,532
2454,75.659,36.415,65.422,1,8,2.00,NONE,SEG08,533
2455,75.747,36.595,66.204,1,8,2.00,NONE,SEG08,533
2456,75.835,36.775,66.899,1,8,2.00,NONE,SEG08,533
2457,75.913,36.958,67.100,1,8,2.00,NONE,SEG08,533
2458,75.991,37.142,68.131,1,8,2.00,NONE,SEG08,533
2459,76.070,37.326,69.163,1,8,2.00,NONE,SEG08,534
2460,76.148,37.510,70.195,1,8,2.00,NONE,SEG08,534
2461,76.224,37.695,71.025,1,8,2.00,NONE,SEG08,534
2462,76.289,37.884,71.310,1,8,2.00,NONE,SEG08,534
2463,76.354,38.074,72.239,1,8,2.00,NONE,SEG08,534
2464,76.419,38.263,73.169,1,8,2.00,NONE,SEG08,535
2465,76.484,38.452,74.098,1,8,2.00,NONE,SEG08,535
2466,76.546,38.642,74.742,1,8,2.00,NONE,SEG08,535
2467,76.598,38.835,74.954,1,8,2.00,NONE,SEG08,535
2468,76.651,39.028,75.487,1,8,2.00,NONE,SEG08,535
2469,76.704,39.221,76.021,1,8,2.00,NONE,SEG08,536
2470,76.756,39.414,76.555,1,8,2.00,NONE,SEG08,536
2471,76.806,39.608,76.877,1,8,2.00,NONE,SEG08,536
2472,76.851,39.802,77.120,1,8,2.00,NONE,SEG08,536
2473,76.897,39.997,77.669,1,8,2.00,NONE,SEG08,536
2474,76.942,40.192,78.218,1,8,2.00,NONE,SEG08,537
2475,76.988,40.387,78.766,1,8,2.00,NONE,SEG08,537
2476,77.030,40.582,79.073,1,8,2.00,NONE,SEG08,537
2477,77.068,40.779,79.251,1,8,2.00,NONE,SEG08,537
2478,77.105,40.975,79.689,1,8,2.00,NONE,SEG08,537
2479,77.143,41.171,80.128,1,8,2.00,NONE,SEG08,538
2480,77.181,41.368,80.567,1,8,2.00,NONE,SEG08,538
2481,77.217,41.565,80.828,1,8,2.00,NONE,SEG08,538
2482,77.249,41.762,80.893,1,8,2.00,NONE,SEG08,538
2483,77.281,41.959,81.112,1,8,2.00,NONE,SEG08,538
2484,77.312,42.157,81.331,1,8,2.00,NONE,SEG08,539
2485,77.344,42.354,81.549,1,8,2.00,NONE,SEG08,539
2486,77.375,42.552,81.703,1,8,2.00,NONE,SEG08,539
2487,77.404,42.750,81.705,1,8,2.00,NONE,SEG08,539
2488,77.433,42.948,81.718,1,8,2.00,NONE,SEG08,539
2489,77.462,43.146,81.731,1,8,2.00,NONE,SEG08,540
2490,77.491,43.344,81.744,1,8,2.00,NONE,SEG08,540
2491,77.520,43.541,81.755,1,8,2.00,NONE,SEG08,540
2492,77.548,43.739,81.760,1,8,2.00,NONE,SEG08,540
2493,77.577,43.937,81.889,1,8,2.00,NONE,SEG08,540
2494,77.606,44.135,82.019,1,8,2.00,NONE,SEG08,541
2495,77.634,44.333,82.148,1,8,2.00,NONE,SEG08,541
2496,77.663,44.531,82.273,1,8,2.00,NONE,SEG08,541
2497,77.690,44.729,82.329,1,8,2.00,NONE,SEG08,541
2498,77.717,44.927,82.598,1,8,2.00,NONE,SEG08,541
2499,77.744,45.126,82.866,1,8,2.00,NONE,SEG08,542
2500,77.770,45.324,83.135,1,8,2.00,NONE,SEG08,542
2501,77.797,45.522,83.347,1,8,2.00,NONE,SEG08,542
2502,77.820,45.721,83.382,1,8,2.00,NONE,SEG08,542
2503,77.843,45.919,83.643,1,8,2.00,NONE,SEG08,542
2504,77.866,46.118,83.904,1,8,2.00,NONE,SEG08,543
2505,77.889,46.317,84.165,1,8,2.00,NONE,SEG08,543
2506,77.912,46.515,84.389,1,8,2.00,NONE,SEG08,543
2507,77.932,46.714,84.369,1,8,2.00,NONE,SEG08,543
2508,77.951,46.914,84.227,1,8,2.00,NONE,SEG08,543
2509,77.971,47.113,84.085,1,8,2.00,NONE,SEG08,544
2510,77.990,47.312,83.944,1,8,2.00,NONE,SEG08,544
2511,78.010,47.511,83.823,1,8,2.00,NONE,SEG08,544
2512,78.032,47.709,83.840,1,8,2.00,NONE,SEG08,544
2513,78.053,47.908,83.901,1,8,2.00,NONE,SEG08,544
2514,78.075,48.107,83.963,1,8,2.00,NONE,SEG08,545
2515,78.096,48.306,84.025,1,8,2.00,NONE,SEG08,545
2516,78.117,48.505,84.069,1,8,2.00,NONE,SEG08,545
2517,78.138,48.704,84.078,1,8,2.00,NONE,SEG08,545
2518,78.159,48.903,84.091,1,8,2.00,NONE,SEG08,546
2519,78.179,49.102,84.103,1,8,2.00,NONE,SEG08,546
2520,78.200,49.301,84.115,1,8,2.00,NONE,SEG08,546
2521,78.221,49.500,84.076,1,8,2.00,NONE,SEG08,546
2522,78.241,49.698,84.014,1,8,2.00,NONE,SEG08,546
2523,78.262,49.897,83.953,1,8,2.00,NONE,SEG08,547
2524,78.282,50.096,83.835,1,8,2.00,NONE,SEG08,547
2525,78.303,50.295,83.613,1,8,2.00,NONE,SEG08,547
2526,78.324,50.494,83.411,1,8,2.00,NONE,SEG08,547
2527,78.346,50.693,83.199,1,8,2.00,NONE,SEG08,548
2528,78.368,50.892,82.842,1,8,2.00,NONE,SEG08,548
2529,78.392,51.090,82.632,1,8,2.00,NONE,SEG08,548
2530,78.416,51.289,82.416,1,8,2.00,NONE,SEG08,549
2531,78.441,51.487,82.001,1,8,2.00,NONE,SEG08,549
2532,78.468,51.685,81.788,1,8,2.00,NONE,SEG08,549
2533,78.495,51.884,81.575,1,8,2.00,NONE,SEG08,550
2534,78.522,52.082,81.194,1,8,2.00,NONE,SEG08,550
2535,78.552,52.280,81.011,1,8,2.00,NONE,SEG08,550
2536,78.582,52.477,80.828,1,9,2.00,NONE,SEG09,551
2537,78.612,52.675,80.780,1,9,2.00,NONE,SEG09,551
2538,78.644,52.872,81.002,1,9,2.00,NONE,SEG09,551
2539,78.677,53.070,81.232,1,9,2.00,NONE,SEG09,552
2540,78.709,53.267,81.463,1,9,2.00,NONE,SEG09,552
2541,78.740,53.465,81.466,1,9,2.00,NONE,SEG09,552
2542,78.769,53.662,81.369,1,9,2.00,NONE,SEG09,552
2543,78.799,53.860,81.272,1,9,2.00,NONE,SEG09,553
2544,78.828,54.058,81.283,1,9,2.00,NONE,SEG09,553
2545,78.859,54.256,81.778,1,9,2.00,NONE,SEG09,553
2546,78.890,54.453,82.277,1,9,2.00,NONE,SEG09,554
2547,78.920,54.651,82.776,1,9,2.00,NONE,SEG09,554
2548,78.949,54.849,83.135,1,9,2.00,NONE,SEG09,554
2549,78.973,55.047,83.056,1,9,2.00,NONE,SEG09,554
2550,78.997,55.246,82.977,1,9,2.00,NONE,SEG09,555
2551,79.021,55.445,82.898,1,9,2.00,NONE,SEG09,555
2552,79.045,55.643,83.012,1,9,2.00,NONE,SEG09,555
2553,79.070,55.842,83.356,1,9,2.00,NONE,SEG09,555
2554,79.095,56.040,83.699,1,9,2.00,NONE,SEG09,556
2555,79.120,56.238,84.043,1,9,2.00,NONE,SEG09,556
2556,79.142,56.437,84.208,1,9,2.00,NONE,SEG09,556
2557,79.163,56.636,84.155,1,9,2.00,NONE,SEG09,556
2558,79.183,56.835,84.103,1,9,2.00,NONE,SEG09,557
2559,79.203,57.034,84.050,1,9,2.00,NONE,SEG09,557
2560,79.223,57.233,84.068,1,9,2.00,NONE,SEG09,557
2561,79.244,57.432,84.451,1,9,2.00,NONE,SEG09,557
2562,79.265,57.631,84.835,1,9,2.00,NONE,SEG09,558
2563,79.286,57.830,85.218,1,9,2.00,NONE,SEG09,558
2564,79.306,58.029,85.550,1,9,2.00,NONE,SEG09,558
2565,79.321,58.228,85.378,1,9,2.00,NONE,SEG09,558
2566,79.337,58.428,85.184,1,9,2.00,NONE,SEG09,559
2567,79.352,58.627,84.991,1,9,2.00,NONE,SEG09,559
2568,79.368,58.826,84.797,1,9,2.00,NONE,SEG09,559
2569,79.386,59.026,85.040,1,9,2.00,NONE,SEG09,559
2570,79.404,59.225,85.454,1,9,2.00,NONE,SEG09,559
2571,79.422,59.424,85.868,1,9,2.00,NONE,SEG09,560
2572,79.440,59.623,86.281,1,9,2.00,NONE,SEG09,560
2573,79.455,59.823,86.506,1,9,2.00,NONE,SEG09,560
2574,79.467,60.022,86.768,1,9,2.00,NONE,SEG09,560
2575,79.480,60.222,87.030,1,9,2.00,NONE,SEG09,561
2576,79.492,60.421,87.292,1,9,2.00,NONE,SEG09,561
2577,79.504,60.621,87.478,1,9,2.00,NONE,SEG09,561
2578,79.513,60.821,88.061,1,9,2.00,NONE,SEG09,561
2579,79.521,61.021,89.024,1,9,2.00,NONE,SEG09,561
2580,79.530,61.220,89.988,1,9,2.00,NONE,SEG10,562
2581,79.539,61.420,90.952,1,9,2.00,NONE,SEG10,562
2582,79.540,61.620,91.333,1,9,2.00,NONE,SEG10,562
2583,79.535,61.820,92.304,1,9,2.00,NONE,SEG10,562
2584,79.530,62.020,93.463,1,9,2.00,NONE,SEG10,563
2585,79.526,62.220,94.622,1,9,2.00,NONE,SEG10,563
2586,79.521,62.420,95.781,1,9,2.00,NONE,SEG10,563
2587,79.503,62.619,95.968,1,9,2.00,NONE,SEG10,563
2588,79.482,62.818,97.446,1,9,2.00,NONE,SEG10,563
2589,79.461,63.017,99.045,1,9,2.00,NONE,SEG10,564
2590,79.440,63.216,100.644,1,9,2.00,NONE,SEG10,564
2591,79.420,63.415,102.241,1,9,2.00,NONE,SEG10,564
2592,79.378,63.610,102.360,1,9,2.00,NONE,SEG10,564
2593,79.336,63.806,104.494,1,9,2.00,NONE,SEG10,564
2594,79.293,64.001,106.926,1,9,2.00,NONE,SEG10,565
2595,79.250,64.196,109.360,1,9,2.00,NONE,SEG10,565
2596,79.207,64.392,111.785,1,9,2.00,NONE,SEG10,565
2597,79.136,64.578,112.078,1,9,2.00,NONE,SEG10,565
2598,79.061,64.764,114.114,1,9,2.00,NONE,SEG10,565
2599,78.986,64.949,117.027,1,9,2.00,NONE,SEG10,566
2600,78.910,65.134,119.945,1,9,2.00,NONE,SEG10,566
2601,78.835,65.320,122.852,1,9,2.00,NONE,SEG10,566
2602,78.735,65.492,123.725,1,9,2.00,NONE,SEG10,566
2603,78.624,65.658,125.552,1,9,2.00,NONE,SEG10,566
2604,78.513,65.824,127.979,1,9,2.00,NONE,SEG10,567
2605,78.402,65.991,130.407,1,9,2.00,NONE,SEG10,567
2606,78.291,66.157,132.828,1,9,2.00,NONE,SEG10,567
2607,78.160,66.308,133.424,1,9,2.00,NONE,SEG10,567
2608,78.022,66.453,135.129,1,9,2.00,NONE,SEG10,567
2609,77.885,66.598,137.249,1,9,2.00,NONE,SEG10,568
2610,77.747,66.743,139.371,1,9,2.00,NONE,SEG10,568
2611,77.610,66.889,141.488,1,9,2.00,NONE,SEG10,568
2612,77.456,67.016,141.900,1,9,2.00,NONE,SEG10,568
2613,77.299,67.140,143.116,1,9,2.00,NONE,SEG10,568
2614,77.142,67.263,144.774,1,9,2.00,NONE,SEG10,569
2615,76.984,67.386,146.432,1,9,2.00,NONE,SEG10,569
2616,76.827,67.510,148.089,1,9,2.00,NONE,SEG10,569
2617,76.660,67.619,148.530,1,9,2.00,NONE,SEG10,569
2618,76.489,67.724,149.323,1,9,2.00,NONE,SEG10,569
2619,76.319,67.828,150.730,1,9,2.00,NONE,SEG10,570
2620,76.148,67.933,152.137,1,9,2.00,NONE,SEG10,570
2621,75.978,68.037,153.544,1,9,2.00,NONE,SEG10,570
2622,75.802,68.132,154.158,1,9,2.00,NONE,SEG10,570
2623,75.622,68.219,154.613,1,9,2.00,NONE,SEG10,570
2624,75.442,68.306,155.429,1,9,2.00,NONE,SEG10,571
2625,75.262,68.393,156.245,1,9,2.00,NONE,SEG10,571
2626,75.082,68.480,157.061,1,9,2.00,NONE,SEG10,571
2627,74.899,68.562,157.421,1,9,2.00,NONE,SEG10,571
2628,74.714,68.639,157.794,1,9,2.00,NONE,SEG10,571
2629,74.530,68.715,158.706,1,9,2.00,NONE,SEG10,571
2630,74.345,68.792,159.618,1,9,2.00,NONE,SEG10,572
2631,74.160,68.869,160.530,1,9,2.00,NONE,SEG10,572
2632,73.974,68.941,161.068,1,9,2.00,NONE,SEG10,572
2633,73.785,69.006,161.372,1,9,2.00,NONE,SEG10,572
2634,73.595,69.071,162.594,1,9,2.00,NONE,SEG10,572
2635,73.406,69.136,163.817,1,9,2.00,NONE,SEG10,573
2636,73.217,69.200,165.040,1,9,2.00,NONE,SEG10,573
2637,73.027,69.261,165.958,1,9,2.00,NONE,SEG10,573
2638,72.833,69.310,166.034,1,9,2.00,NONE,SEG10,573
2639,72.639,69.358,166.734,1,9,2.00,NONE,SEG10,573
2640,72.445,69.407,167.435,1,9,2.00,NONE,SEG10,574
2641,72.251,69.455,168.136,1,9,2.00,NONE,SEG10,574
2642,72.056,69.503,168.760,1,9,2.00,NONE,SEG10,574
2643,71.860,69.542,168.760,1,9,2.00,NONE,SEG10,574
2644,71.664,69.581,169.001,1,9,2.00,NONE,SEG10,574
2645,71.468,69.620,169.263,1,9,2.00,NONE,SEG10,575
2646,71.272,69.659,169.526,1,9,2.00,NONE,SEG10,575
2647,71.076,69.698,169.789,1,9,2.00,NONE,SEG10,575
2648,70.879,69.733,169.810,1,9,2.00,NONE,SEG10,575
2649,70.682,69.769,169.956,1,9,2.00,NONE,SEG10,575
2650,70.485,69.804,170.191,1,9,2.00,NONE,SEG10,576
2651,70.288,69.840,170.426,1,9,2.00,NONE,SEG10,576
2652,70.091,69.875,170.661,1,9,2.00,NONE,SEG10,576
2653,69.894,69.908,170.751,1,9,2.00,NONE,SEG10,576
2654,69.697,69.941,170.878,1,9,2.00,NONE,SEG10,576
2655,69.499,69.973,171.181,1,9,2.00,NONE,SEG10,577
2656,69.302,70.005,171.484,1,9,2.00,NONE,SEG10,577
2657,69.105,70.037,171.786,1,9,2.00,NONE,SEG10,577
2658,68.907,70.067,171.962,1,9,2.00,NONE,SEG10,577
2659,68.709,70.095,172.067,1,9,2.00,NONE,SEG10,577
2660,68.511,70.123,172.372,1,9,2.00,NONE,SEG10,577
2661,68.313,70.151,172.677,1,9,2.00,NONE,SEG10,578
2662,68.115,70.179,172.982,1,9,2.00,NONE,SEG10,578
2663,67.917,70.206,173.182,1,9,2.00,NONE,SEG10,578
2664,67.718,70.229,173.268,1,9,2.00,NONE,SEG10,578
2665,67.519,70.253,173.533,1,9,2.00,NONE,SEG10,578
2666,67.321,70.277,173.797,1,9,2.00,NONE,SEG10,579
2667,67.122,70.301,174.062,1,9,2.00,NONE,SEG10,579
2668,66.924,70.323,174.239,1,9,2.00,NONE,SEG10,579
2669,66.725,70.343,174.268,1,9,2.00,NONE,SEG10,579
2670,66.526,70.363,174.426,1,9,2.00,NONE,SEG10,579
2671,66.327,70.383,174.584,1,9,2.00,NONE,SEG10,580
2672,66.128,70.404,174.742,1,9,2.00,NONE,SEG10,580
2673,65.929,70.423,174.871,1,9,2.00,NONE,SEG10,580
2674,65.729,70.441,174.871,1,9,2.00,NONE,SEG10,580
2675,65.530,70.459,174.943,1,9,2.00,NONE,SEG10,580
2676,65.331,70.477,175.024,1,9,2.00,NONE,SEG10,581
2677,65.132,70.495,175.106,1,9,2.00,NONE,SEG10,581
2678,64.933,70.513,175.188,1,9,2.00,NONE,SEG10,581
2679,64.733,70.529,175.198,1,9,2.00,NONE,SEG10,581
2680,64.534,70.546,175.223,1,9,2.00,NONE,SEG10,581
2681,64.335,70.563,175.272,1,9,2.00,NONE,SEG10,582
2682,64.135,70.580,175.321,1,9,2.00,NONE,SEG10,582
2683,63.936,70.596,175.370,1,9,2.00,NONE,SEG10,582
2684,63.737,70.613,175.394,1,9,2.00,NONE,SEG10,582
2685,63.537,70.629,175.394,1,9,2.00,NONE,SEG10,582
2686,63.338,70.645,175.251,1,9,2.00,NONE,SEG10,582
2687,63.139,70.661,175.064,1,9,2.00,NONE,SEG10,583
2688,62.939,70.677,174.876,1,9,2.00,NONE,SEG10,583
2689,62.740,70.693,174.689,1,9,2.00,NONE,SEG10,583
2690,62.541,70.711,174.643,1,9,2.00,NONE,SEG10,583
2691,62.342,70.730,174.643,1,9,2.00,NONE,SEG10,583
2692,62.143,70.749,174.549,1,9,2.00,NONE,SEG10,583
2693,61.943,70.767,174.453,1,9,2.00,NONE,SEG10,584
2694,61.744,70.786,174.358,1,9,2.00,NONE,SEG10,584
2695,61.545,70.805,174.262,1,9,2.00,NONE,SEG10,584
2696,61.346,70.825,174.261,1,9,2.00,NONE,SEG10,584
2697,61.147,70.845,174.354,1,9,2.00,NONE,SEG10,584
2698,60.948,70.865,174.600,1,9,2.00,NONE,SEG10,585
2699,60.749,70.885,174.845,1,9,2.00,NONE,SEG10,585
2700,60.550,70.905,175.091,1,9,2.00,NONE,SEG10,585
2701,60.351,70.923,175.244,1,9,2.00,NONE,SEG10,585
2702,60.152,70.940,175.244,1,9,2.00,NONE,SEG10,585
2703,59.952,70.956,175.566,1,9,2.00,NONE,SEG10,585
2704,59.753,70.973,175.917,1,9,2.00,NONE,SEG10,586
2705,59.554,70.990,176.267,1,9,2.00,NONE,SEG10,586
2706,59.354,71.006,176.617,1,9,2.00,NONE,SEG10,586
2707,59.155,71.018,176.646,1,9,2.00,NONE,SEG10,586
2708,58.955,71.030,176.722,1,9,2.00,NONE,SEG10,586
2709,58.756,71.042,176.869,1,9,2.00,NONE,SEG10,587
2710,58.556,71.053,177.017,1,9,2.00,NONE,SEG10,587
2711,58.356,71.065,177.164,1,9,2.00,NONE,SEG10,587
2712,58.157,71.076,177.234,1,9,2.00,NONE,SEG10,587
2713,57.957,71.085,177.302,1,9,2.00,NONE,SEG10,587
2714,57.757,71.095,177.524,1,9,2.00,NONE,SEG10,587
2715,57.557,71.105,177.747,1,9,2.00,NONE,SEG10,588
2716,57.357,71.114,177.970,1,9,2.00,NONE,SEG10,588
2717,57.158,71.123,178.125,1,9,2.00,NONE,SEG10,588
2718,56.958,71.130,178.083,1,9,2.00,NONE,SEG10,588
2719,56.758,71.136,177.975,1,9,2.00,NONE,SEG10,588
2720,56.558,71.143,177.868,1,9,2.00,NONE,SEG10,589
2721,56.358,71.149,177.760,1,9,2.00,NONE,SEG10,589
2722,56.158,71.156,177.695,1,9,2.00,NONE,SEG10,589
2723,55.958,71.164,177.714,1,9,2.00,NONE,SEG10,589
2724,55.759,71.172,177.802,1,9,2.00,NONE,SEG10,589
2725,55.559,71.180,177.890,1,9,2.00,NONE,SEG10,590
2726,55.359,71.188,177.978,1,9,2.00,NONE,SEG10,590
2727,55.159,71.196,178.047,1,9,2.00,NONE,SEG10,590
2728,54.959,71.203,178.046,1,9,2.00,NONE,SEG10,590
2729,54.759,71.210,177.869,1,9,2.00,NONE,SEG10,590
2730,54.559,71.217,177.691,1,9,2.00,NONE,SEG10,591
2731,54.359,71.224,177.513,1,9,2.00,NONE,SEG10,591
2732,54.160,71.230,177.337,1,9,2.00,NONE,SEG10,591
2733,53.960,71.240,177.337,1,9,2.00,NONE,SEG10,591
2734,53.760,71.249,177.353,1,9,2.00,NONE,SEG10,591
2735,53.560,71.258,177.371,1,9,2.00,NONE,SEG10,592
2736,53.360,71.268,177.390,1,9,2.00,NONE,SEG10,592
2737,53.161,71.277,177.408,1,9,2.00,NONE,SEG10,592
2738,52.961,71.286,177.411,1,9,2.00,NONE,SEG10,592
2739,52.761,71.295,177.434,1,9,2.00,NONE,SEG10,592
2740,52.561,71.304,177.461,1,9,2.00,NONE,SEG10,593
2741,52.361,71.313,177.488,1,9,2.00,NONE,SEG10,593
2742,52.162,71.322,177.515,1,9,2.00,NONE,SEG10,593
2743,51.962,71.331,177.520,1,9,2.00,NONE,SEG10,593
2744,51.762,71.339,177.501,1,9,2.00,NONE,SEG10,593
2745,51.562,71.348,177.465,1,9,2.00,NONE,SEG10,594
2746,51.362,71.357,177.430,1,9,2.00,NONE,SEG10,594
2747,51.163,71.365,177.394,1,9,2.00,NONE,SEG10,594
2748,50.963,71.374,177.378,1,9,2.00,NONE,SEG10,594
2749,50.763,71.383,177.412,1,9,2.00,NONE,SEG10,594
2750,50.563,71.393,177.482,1,9,2.00,NONE,SEG10,595
2751,50.363,71.402,177.552,1,9,2.00,NONE,SEG10,595
2752,50.164,71.411,177.622,1,9,2.00,NONE,SEG10,595
2753,49.964,71.420,177.659,1,9,2.00,NONE,SEG10,595
2754,49.764,71.428,177.662,1,9,2.00,NONE,SEG10,595
2755,49.564,71.436,177.672,1,9,2.00,NONE,SEG10,595
2756,49.364,71.444,177.681,1,9,2.00,NONE,SEG10,596
2757,49.165,71.452,177.690,1,9,2.00,NONE,SEG10,596
2758,48.965,71.460,177.696,1,9,2.00,NONE,SEG10,596
2759,48.765,71.468,177.650,1,9,2.00,NONE,SEG10,596
2760,48.565,71.476,177.473,1,9,2.00,NONE,SEG10,596
2761,48.365,71.484,177.296,1,9,2.00,NONE,SEG10,597
2762,48.165,71.493,177.119,1,9,2.00,NONE,SEG10,597
2763,47.966,71.501,176.987,1,9,2.00,NONE,SEG10,597
2764,47.766,71.512,176.973,1,9,2.00,NONE,SEG10,597
2765,47.566,71.522,176.857,1,9,2.00,NONE,SEG10,597
2766,47.366,71.533,176.740,1,9,2.00,NONE,SEG10,598
2767,47.167,71.543,176.624,1,9,2.00,NONE,SEG10,598
2768,46.967,71.554,176.521,1,9,2.00,NONE,SEG10,598
2769,46.767,71.566,176.521,1,9,2.00,NONE,SEG10,598
2770,46.568,71.578,176.622,1,9,2.00,NONE,SEG10,598
2771,46.368,71.590,176.737,1,9,2.00,NONE,SEG10,599
2772,46.168,71.603,176.852,1,9,2.00,NONE,SEG10,599
2773,45.969,71.615,176.967,1,9,2.00,NONE,SEG10,599
2774,45.769,71.625,176.981,1,9,2.00,NONE,SEG10,599
2775,45.569,71.636,176.700,1,9,2.00,NONE,SEG10,599
2776,45.370,71.646,176.238,1,9,2.00,NONE,SEG10,600
2777,45.170,71.657,175.775,1,9,2.00,NONE,SEG10,600
2778,44.970,71.668,175.313,1,9,2.00,NONE,SEG10,600
2779,44.771,71.682,175.132,1,9,2.00,NONE,SEG10,600
2780,44.571,71.699,175.111,1,9,2.00,NONE,SEG10,600
2781,44.372,71.716,175.056,1,9,2.00,NONE,SEG10,600
2782,44.173,71.733,175.001,1,9,2.00,NONE,SEG10,601
2783,43.974,71.750,174.946,1,9,2.00,NONE,SEG10,601
2784,43.774,71.767,174.912,1,9,2.00,NONE,SEG10,601
2785,43.575,71.785,174.912,1,9,2.00,NONE,SEG10,601
2786,43.376,71.803,174.835,1,9,2.00,NONE,SEG10,601
2787,43.177,71.820,174.741,1,9,2.00,NONE,SEG10,602
2788,42.977,71.838,174.647,1,9,2.00,NONE,SEG10,602
2789,42.778,71.856,174.553,1,9,2.00,NONE,SEG10,602
2790,42.579,71.875,174.535,1,9,2.00,NONE,SEG10,602
2791,42.380,71.894,174.531,1,9,2.00,NONE,SEG10,602
2792,42.181,71.913,174.483,1,9,2.00,NONE,SEG10,602
2793,41.982,71.932,174.435,1,9,2.00,NONE,SEG10,603
2794,41.783,71.951,174.388,1,9,2.00,NONE,SEG10,603
2795,41.584,71.970,174.344,1,9,2.00,NONE,SEG10,603
2796,41.385,71.990,174.344,1,9,2.00,NONE,SEG10,603
2797,41.186,72.009,174.346,1,9,2.00,NONE,SEG10,603
2798,40.987,72.029,174.391,1,9,2.00,NONE,SEG10,604
2799,40.788,72.049,174.435,1,9,2.00,NONE,SEG10,604
2800,40.589,72.068,174.480,1,9,2.00,NONE,SEG10,604
2801,40.390,72.088,174.523,1,9,2.00,NONE,SEG10,604
2802,40.190,72.107,174.523,1,9,2.00,NONE,SEG10,604
2803,39.991,72.126,174.523,1,9,2.00,NONE,SEG10,604
2804,39.792,72.145,174.604,1,9,2.00,NONE,SEG10,604
2805,39.593,72.164,174.738,1,9,2.00,NONE,SEG10,605
2806,39.394,72.184,174.871,1,9,2.00,NONE,SEG10,605
2807,39.195,72.203,175.005,1,9,2.00,NONE,SEG10,605
2808,38.996,72.221,175.057,1,9,2.00,NONE,SEG10,605
2809,38.797,72.238,175.057,1,9,2.00,NONE,SEG10,605
2810,38.597,72.255,175.061,1,9,2.00,NONE,SEG10,605
2811,38.398,72.272,175.273,1,9,2.00,NONE,SEG10,606
2812,38.199,72.290,175.484,1,9,2.00,NONE,SEG10,606
2813,38.000,72.307,175.696,1,9,2.00,NONE,SEG10,606
2814,37.800,72.324,175.903,1,9,2.00,NONE,SEG10,606
2815,37.601,72.338,175.903,1,9,2.00,NONE,SEG10,606
2816,37.401,72.353,175.903,1,9,2.00,NONE,SEG10,606
2817,37.202,72.367,175.915,1,9,2.00,NONE,SEG10,606
2818,37.002,72.381,175.947,1,9,2.00,NONE,SEG10,607
2819,36.803,72.395,175.978,1,9,2.00,NONE,SEG10,607
2820,36.603,72.410,176.009,1,9,2.00,NONE,SEG10,607
2821,36.404,72.424,176.028,1,9,2.00,NONE,SEG10,607
2822,36.204,72.438,176.028,1,9,2.00,NONE,SEG10,607
2823,36.005,72.452,176.028,1,9,2.00,NONE,SEG10,607
2824,35.805,72.465,176.075,1,9,2.00,NONE,SEG10,608
2825,35.606,72.479,176.137,1,9,2.00,NONE,SEG10,608
2826,35.406,72.493,176.199,1,9,2.00,NONE,SEG10,608
2827,35.207,72.507,176.261,1,9,2.00,NONE,SEG10,608
2828,35.007,72.520,176.275,1,9,2.00,NONE,SEG10,608
2829,34.808,72.533,176.275,1,9,2.00,NONE,SEG10,608
2830,34.608,72.546,176.265,1,9,2.00,NONE,SEG10,608
2831,34.408,72.559,176.212,1,9,2.00,NONE,SEG10,609
2832,34.209,72.572,176.159,1,9,2.00,NONE,SEG10,609
2833,34.009,72.585,176.106,1,9,2.00,NONE,SEG10,609
2834,33.810,72.598,176.064,1,9,2.00,NONE,SEG10,609
2835,33.610,72.612,176.064,1,9,2.00,NONE,SEG10,609
2836,33.411,72.626,176.064,1,9,2.00,NONE,SEG10,609
2837,33.211,72.639,176.047,1,9,2.00,NONE,SEG10,610
2838,33.012,72.653,176.029,1,9,2.00,NONE,SEG10,610
2839,32.812,72.667,176.012,1,9,2.00,NONE,SEG10,610
2840,32.613,72.681,175.994,1,9,2.00,NONE,SEG10,610
2841,32.413,72.695,175.993,1,9,2.00,NONE,SEG10,610
2842,32.214,72.709,175.993,1,9,2.00,NONE,SEG10,610
2843,32.014,72.723,175.814,1,9,2.00,NONE,SEG10,610
2844,31.815,72.737,175.511,1,9,2.00,NONE,SEG10,611
2845,31.615,72.750,175.208,1,9,2.00,NONE,SEG10,611
2846,31.415,72.764,174.905,1,9,2.00,NONE,SEG10,611
2847,31.216,72.781,174.782,1,9,2.00,NONE,SEG10,611
2848,31.017,72.799,174.782,1,9,2.00,NONE,SEG10,611
2849,30.818,72.817,174.761,1,9,2.00,NONE,SEG10,611
2850,30.619,72.835,174.691,1,9,2.00,NONE,SEG10,612
2851,30.420,72.854,174.622,1,9,2.00,NONE,SEG10,612
2852,30.220,72.872,174.552,1,9,2.00,NONE,SEG10,612
2853,30.021,72.890,174.504,1,9,2.00,NONE,SEG10,612
2854,29.822,72.910,174.504,1,9,2.00,NONE,SEG10,612
2855,29.623,72.929,174.502,1,9,2.00,NONE,SEG10,612
2856,29.424,72.948,174.451,1,9,2.00,NONE,SEG10,613
2857,29.225,72.967,174.399,1,9,2.00,NONE,SEG10,613
2858,29.026,72.986,174.348,1,9,2.00,NONE,SEG10,613
2859,28.827,73.005,174.299,1,9,2.00,NONE,SEG10,613
2860,28.628,73.025,174.299,1,9,2.00,NONE,SEG10,613
2861,28.429,73.045,174.299,1,9,2.00,NONE,SEG10,613
2862,28.230,73.065,174.453,1,9,2.00,NONE,SEG10,613
2863,28.031,73.085,174.633,1,9,2.00,NONE,SEG10,614
2864,27.832,73.105,174.813,1,9,2.00,NONE,SEG10,614
2865,27.633,73.125,174.993,1,9,2.00,NONE,SEG10,614
2866,27.433,73.142,175.018,1,9,2.00,NONE,SEG10,614
2867,27.234,73.160,175.018,1,9,2.00,NONE,SEG10,614
2868,27.035,73.177,175.026,1,9,2.00,NONE,SEG10,614
2869,26.836,73.194,175.038,1,9,2.00,NONE,SEG10,615
2870,26.636,73.212,175.050,1,9,2.00,NONE,SEG10,615
2871,26.437,73.229,175.062,1,9,2.00,NONE,SEG10,615
2872,26.238,73.246,175.067,1,9,2.00,NONE,SEG10,615
2873,26.039,73.264,175.067,1,9,2.00,NONE,SEG10,615
2874,25.839,73.281,175.085,1,9,2.00,NONE,SEG10,615
2875,25.640,73.298,175.131,1,9,2.00,NONE,SEG10,616
2876,25.441,73.315,175.177,1,9,2.00,NONE,SEG10,616
2877,25.242,73.332,175.223,1,9,2.00,NONE,SEG10,616
2878,25.042,73.349,175.251,1,9,2.00,NONE,SEG10,616
2879,24.843,73.366,175.251,1,9,2.00,NONE,SEG10,616
2880,24.644,73.382,175.264,1,9,2.00,NONE,SEG10,616
2881,24.444,73.399,175.338,1,9,2.00,NONE,SEG10,617
2882,24.245,73.416,175.413,1,9,2.00,NONE,SEG10,617
2883,24.046,73.432,175.487,1,9,2.00,NONE,SEG10,617
2884,23.846,73.448,175.548,1,9,2.00,NONE,SEG10,617
2885,23.647,73.464,175.548,1,9,2.00,NONE,SEG10,617
2886,23.448,73.480,175.548,1,9,2.00,NONE,SEG10,617
2887,23.248,73.495,175.547,1,9,2.00,NONE,SEG10,618
2888,23.049,73.511,175.545,1,9,2.00,NONE,SEG10,618
2889,22.849,73.526,175.544,1,9,2.00,NONE,SEG10,618
2890,22.650,73.542,175.542,1,9,2.00,NONE,SEG10,618
2891,22.451,73.557,175.542,1,9,2.00,NONE,SEG10,618
2892,22.251,73.573,175.542,1,9,2.00,NONE,SEG10,618
2893,22.052,73.588,175.518,1,9,2.00,NONE,SEG10,618
2894,21.853,73.604,175.476,1,9,2.00,NONE,SEG10,619
2895,21.653,73.619,175.434,1,9,2.00,NONE,SEG10,619
2896,21.454,73.635,175.392,1,9,2.00,NONE,SEG10,619
2897,21.254,73.651,175.375,1,9,2.00,NONE,SEG10,619
2898,21.055,73.667,175.375,1,9,2.00,NONE,SEG10,619
2899,20.856,73.683,175.477,1,9,2.00,NONE,SEG10,619
2900,20.656,73.699,175.744,1,9,2.00,NONE,SEG10,620
2901,20.457,73.715,176.011,1,9,2.00,NONE,SEG10,620
2902,20.258,73.731,176.278,1,9,2.00,NONE,SEG10,620
2903,20.058,73.746,176.443,1,9,2.00,NONE,SEG10,620
2904,19.859,73.759,176.443,1,9,2.00,NONE,SEG10,620
2905,19.659,73.771,176.556,1,9,2.00,NONE,SEG10,620
2906,19.459,73.783,176.864,1,9,2.00,NONE,SEG10,621
2907,19.260,73.796,177.172,1,9,2.00,NONE,SEG10,621
2908,19.060,73.808,177.480,1,9,2.00,NONE,SEG10,621
2909,18.860,73.819,177.675,1,9,2.00,NONE,SEG10,621
2910,18.661,73.827,177.675,1,9,2.00,NONE,SEG10,621
2911,18.461,73.835,177.807,1,9,2.00,NONE,SEG10,621
2912,18.261,73.843,178.067,1,9,2.00,NONE,SEG10,622
2913,18.061,73.851,178.327,1,9,2.00,NONE,SEG10,622
2914,17.861,73.860,178.586,1,9,2.00,NONE,SEG10,622
2915,17.661,73.866,178.715,1,9,2.00,NONE,SEG10,622
2916,17.461,73.870,178.715,1,9,2.00,NONE,SEG10,622
2917,17.261,73.875,178.811,1,9,2.00,NONE,SEG10,622
2918,17.061,73.879,178.959,1,9,2.00,NONE,SEG10,623
2919,16.862,73.884,179.107,1,9,2.00,NONE,SEG10,623
2920,16.662,73.888,179.256,1,9,2.00,NONE,SEG10,623
2921,16.462,73.891,179.308,1,9,2.00,NONE,SEG10,623
2922,16.262,73.894,179.308,1,9,2.00,NONE,SEG10,623
2923,16.062,73.896,179.247,1,9,2.00,NONE,SEG10,623
2924,15.862,73.899,179.178,1,9,2.00,NONE,SEG10,624
2925,15.662,73.901,179.108,1,9,2.00,NONE,SEG10,624
2926,15.462,73.903,179.038,1,9,2.00,NONE,SEG10,624
2927,15.262,73.907,179.030,1,9,2.00,NONE,SEG10,624
2928,15.062,73.910,179.024,1,9,2.00,NONE,SEG10,624
2929,14.862,73.914,178.791,1,9,2.00,NONE,SEG10,624
2930,14.662,73.917,178.558,1,9,2.00,NONE,SEG10,625
2931,14.462,73.920,178.324,1,9,2.00,NONE,SEG10,625
2932,14.262,73.924,178.097,1,9,2.00,NONE,SEG10,625
2933,14.062,73.930,178.097,1,9,2.00,NONE,SEG10,625
2934,13.862,73.937,178.085,1,9,2.00,NONE,SEG10,625
2935,13.662,73.944,177.883,1,9,2.00,NONE,SEG10,626
2936,13.462,73.950,177.682,1,9,2.00,NONE,SEG10,626
2937,13.262,73.957,177.480,1,9,2.00,NONE,SEG10,626
2938,13.063,73.964,177.289,1,9,2.00,NONE,SEG10,626
2939,12.863,73.973,177.289,1,9,2.00,NONE,SEG10,626
2940,12.663,73.983,177.283,1,9,2.00,NONE,SEG10,626
2941,12.463,73.992,177.057,1,9,2.00,NONE,SEG10,627
2942,12.263,74.002,176.831,1,9,2.00,NONE,SEG10,627
2943,12.064,74.011,176.604,1,9,2.00,NONE,SEG10,627
2944,11.864,74.021,176.384,1,9,2.00,NONE,SEG10,627
2945,11.664,74.033,176.384,1,9,2.00,NONE,SEG10,627
2946,11.465,74.046,176.384,1,9,2.00,NONE,SEG10,627
2947,11.265,74.058,176.394,1,9,2.00,NONE,SEG10,627
2948,11.065,74.071,176.405,1,9,2.00,NONE,SEG10,628
2949,10.866,74.084,176.416,1,9,2.00,NONE,SEG10,628
2950,10.666,74.096,176.427,1,9,2.00,NONE,SEG10,628
2951,10.467,74.109,176.428,1,9,2.00,NONE,SEG10,628
2952,10.267,74.121,176.428,1,9,2.00,NONE,SEG10,628
2953,10.067,74.134,176.498,1,9,2.00,NONE,SEG10,628
2954,9.868,74.146,176.616,1,9,2.00,NONE,SEG10,629
2955,9.668,74.159,176.734,1,9,2.00,NONE,SEG10,629
2956,9.469,74.171,176.852,1,9,2.00,NONE,SEG10,629
2957,9.269,74.183,176.900,1,9,2.00,NONE,SEG10,629
2958,9.069,74.193,176.900,1,9,2.00,NONE,SEG10,629
2959,8.870,74.204,177.240,1,9,2.00,NONE,SEG10,629
2960,8.670,74.215,178.166,1,9,2.00,NONE,SEG10,630
2961,8.470,74.226,179.093,1,9,2.00,NONE,SEG10,630
2962,8.270,74.237,-179.981,1,9,2.00,NONE,SEG10,630
2963,8.071,74.243,-179.395,1,9,2.00,NONE,SEG10,630
2964,7.871,74.241,-179.395,1,9,2.00,NONE,SEG10,630
2965,7.671,74.238,-179.218,1,9,2.00,NONE,SEG10,630
2966,7.471,74.236,-177.907,1,9,2.00,NONE,SEG10,631
2967,7.271,74.234,-176.595,1,9,2.00,NONE,SEG10,631
2968,7.071,74.232,-175.284,1,9,2.00,NONE,SEG10,631
2969,6.871,74.228,-174.150,1,9,2.00,NONE,SEG10,631
2970,6.672,74.207,-174.150,1,9,2.00,NONE,SEG10,631
2971,6.473,74.187,-174.083,1,9,2.00,NONE,SEG10,631
2972,6.274,74.166,-172.094,1,9,2.00,NONE,SEG10,632
2973,6.075,74.146,-170.100,1,9,2.00,NONE,SEG10,632
2974,5.876,74.126,-168.106,1,9,2.00,NONE,SEG10,632
2975,5.677,74.104,-166.184,1,9,2.00,NONE,SEG10,632
2976,5.483,74.057,-166.184,1,9,2.00,NONE,SEG10,632
2977,5.289,74.009,-165.966,1,9,2.00,NONE,SEG10,632
2978,5.095,73.961,-163.445,1,9,2.00,NONE,SEG10,633
2979,4.900,73.913,-160.915,1,9,2.00,NONE,SEG10,633
2980,4.706,73.866,-158.386,1,9,2.00,NONE,SEG10,633
2981,4.513,73.815,-156.083,1,9,2.00,NONE,SEG10,633
2982,4.330,73.734,-156.083,1,9,2.00,NONE,SEG10,633
2983,4.147,73.653,-155.034,1,9,2.00,NONE,SEG10,633
2984,3.964,73.572,-152.589,1,9,2.00,NONE,SEG10,634
2985,3.782,73.491,-150.139,1,9,2.00,NONE,SEG10,634
2986,3.599,73.409,-147.693,1,9,2.00,NONE,SEG10,634
2987,3.423,73.316,-146.296,1,9,2.00,NONE,SEG10,634
2988,3.257,73.205,-146.296,1,9,2.00,NONE,SEG10,634
2989,3.090,73.094,-144.545,1,9,2.00,NONE,SEG10,634
2990,2.924,72.983,-141.954,1,9,2.00,NONE,SEG10,635
2991,2.757,72.872,-139.359,1,9,2.00,NONE,SEG10,635
2992,2.591,72.761,-136.772,1,9,2.00,NONE,SEG10,635
2993,2.440,72.631,-135.935,1,9,2.00,NONE,SEG10,635
2994,2.296,72.492,-135.646,1,9,2.00,NONE,SEG10,635
2995,2.153,72.353,-133.374,1,9,2.00,NONE,SEG10,635
2996,2.009,72.214,-131.095,1,9,2.00,NONE,SEG10,636
2997,1.865,72.074,-128.817,1,9,2.00,NONE,SEG10,636
2998,1.724,71.933,-126.833,1,9,2.00,NONE,SEG10,636
2999,1.605,71.773,-126.833,1,9,2.00,NONE,SEG10,636
3000,1.485,71.613,-125.493,1,9,2.00,NONE,SEG10,636
3001,1.365,71.452,-123.113,1,9,2.00,NONE,SEG10,637
3002,1.245,71.292,-120.728,1,9,2.00,NONE,SEG10,637
3003,1.125,71.132,-118.349,1,9,2.00,NONE,SEG10,637
3004,1.021,70.962,-117.308,1,9,2.00,NONE,SEG10,637
3005,0.929,70.785,-117.308,1,9,2.00,NONE,SEG10,637
3006,0.837,70.607,-115.945,1,9,2.00,NONE,SEG10,637
3007,0.746,70.429,-114.510,1,9,2.00,NONE,SEG10,638
3008,0.654,70.251,-113.074,1,9,2.00,NONE,SEG10,638
3009,0.562,70.074,-111.641,1,9,2.00,NONE,SEG10,638
3010,0.488,69.888,-111.571,1,9,2.00,NONE,SEG10,638
3011,0.414,69.702,-111.130,1,9,2.00,NONE,SEG10,638
3012,0.341,69.516,-109.591,1,9,2.00,NONE,SEG10,639
3013,0.267,69.330,-108.051,1,9,2.00,NONE,SEG10,639
3014,0.194,69.144,-106.511,1,9,2.00,NONE,SEG10,639
3015,0.126,68.956,-105.413,1,9,2.00,NONE,SEG10,639
3016,0.073,68.763,-105.413,1,9,2.00,NONE,SEG10,639
3017,0.019,68.571,-104.990,1,9,2.00,NONE,SEG10,639
3018,-0.034,68.378,-104.347,1,9,2.00,NONE,SEG10,640
3019,-0.087,68.185,-103.704,1,9,2.00,NONE,SEG10,640
3020,-0.140,67.992,-103.061,1,9,2.00,NONE,SEG10,640
3021,-0.187,67.798,-102.841,1,9,2.00,NONE,SEG10,640
3022,-0.232,67.603,-102.841,1,9,2.00,NONE,SEG10,640
3023,-0.276,67.408,-102.244,1,9,2.00,NONE,SEG10,640
3024,-0.321,67.213,-101.634,1,9,2.00,NONE,SEG10,641
3025,-0.365,67.018,-101.025,1,9,2.00,NONE,SEG10,641
3026,-0.410,66.823,-100.416,1,9,2.00,NONE,SEG10,641
3027,-0.446,66.626,-100.403,1,9,2.00,NONE,SEG10,641
3028,-0.482,66.430,-100.334,1,9,2.00,NONE,SEG10,641
3029,-0.518,66.233,-100.111,1,9,2.00,NONE,SEG10,642
3030,-0.554,66.036,-99.889,1,9,2.00,NONE,SEG10,642
3031,-0.590,65.839,-99.667,1,9,2.00,NONE,SEG10,642
3032,-0.626,65.643,-99.515,1,9,2.00,NONE,SEG10,642
3033,-0.659,65.445,-99.515,1,9,2.00,NONE,SEG10,642
3034,-0.692,65.248,-99.276,1,9,2.00,NONE,SEG10,642
3035,-0.725,65.051,-98.919,1,9,2.00,NONE,SEG10,643
3036,-0.758,64.854,-98.563,1,9,2.00,NONE,SEG10,643
3037,-0.791,64.656,-98.206,1,9,2.00,NONE,SEG10,643
3038,-0.821,64.459,-98.089,1,9,2.00,NONE,SEG10,643
3039,-0.849,64.261,-98.078,1,9,2.00,NONE,SEG10,643
3040,-0.877,64.063,-97.964,1,9,2.00,NONE,SEG10,643
3041,-0.905,63.865,-97.849,1,9,2.00,NONE,SEG10,644
3042,-0.933,63.667,-97.735,1,9,2.00,NONE,SEG10,644
3043,-0.961,63.468,-97.632,1,9,2.00,NONE,SEG10,644
3044,-0.988,63.270,-97.632,1,9,2.00,NONE,SEG10,644
3045,-1.014,63.072,-97.483,1,9,2.00,NONE,SEG10,644
3046,-1.041,62.874,-97.096,1,9,2.00,NONE,SEG10,645
3047,-1.067,62.676,-96.709,1,9,2.00,NONE,SEG10,645
3048,-1.094,62.477,-96.322,1,9,2.00,NONE,SEG10,645
3049,-1.118,62.279,-96.085,1,9,2.00,NONE,SEG10,645
3050,-1.140,62.080,-96.085,1,9,2.00,NONE,SEG10,645
3051,-1.161,61.881,-95.828,1,9,2.00,NONE,SEG10,645
3052,-1.182,61.682,-95.427,1,9,2.00,NONE,SEG10,646
3053,-1.203,61.483,-95.027,1,9,2.00,NONE,SEG10,646
3054,-1.224,61.285,-94.626,1,9,2.00,NONE,SEG10,646
3055,-1.242,61.085,-94.482,1,9,2.00,NONE,SEG10,646
3056,-1.258,60.886,-94.482,1,9,2.00,NONE,SEG10,646
3057,-1.273,60.687,-94.265,1,9,2.00,NONE,SEG10,646
3058,-1.289,60.487,-94.031,1,9,2.00,NONE,SEG10,647
3059,-1.305,60.288,-93.797,1,9,2.00,NONE,SEG10,647
3060,-1.320,60.088,-93.563,1,9,2.00,NONE,SEG10,647
3061,-1.333,59.889,-93.547,1,9,2.00,NONE,SEG10,647
3062,-1.345,59.689,-93.483,1,9,2.00,NONE,SEG10,647
3063,-1.358,59.490,-93.192,1,9,2.00,NONE,SEG10,648
3064,-1.370,59.290,-92.902,1,9,2.00,NONE,SEG10,648
3065,-1.382,59.090,-92.612,1,9,2.00,NONE,SEG10,648
3066,-1.394,58.891,-92.386,1,9,2.00,NONE,SEG10,648
3067,-1.402,58.691,-92.386,1,9,2.00,NONE,SEG10,648
3068,-1.410,58.491,-92.248,1,9,2.00,NONE,SEG10,648
3069,-1.419,58.291,-91.959,1,9,2.00,NONE,SEG10,649
3070,-1.427,58.091,-91.669,1,9,2.00,NONE,SEG10,649
3071,-1.435,57.892,-91.380,1,9,2.00,NONE,SEG10,649
3072,-1.442,57.692,-91.229,1,9,2.00,NONE,SEG10,649
3073,-1.446,57.492,-91.229,1,9,2.00,NONE,SEG10,649
3074,-1.450,57.292,-91.244,1,9,2.00,NONE,SEG10,649
3075,-1.455,57.092,-91.261,1,9,2.00,NONE,SEG10,650
3076,-1.459,56.892,-91.278,1,9,2.00,NONE,SEG10,650
3077,-1.463,56.692,-91.294,1,9,2.00,NONE,SEG10,650
3078,-1.468,56.492,-91.296,1,9,2.00,NONE,SEG10,650
3079,-1.472,56.292,-91.345,1,9,2.00,NONE,SEG10,650
3080,-1.477,56.092,-91.469,1,9,2.00,NONE,SEG10,651
3081,-1.481,55.892,-91.594,1,9,2.00,NONE,SEG10,651
3082,-1.486,55.692,-91.718,1,9,2.00,NONE,SEG10,651
3083,-1.491,55.492,-91.794,1,9,2.00,NONE,SEG10,651
3084,-1.497,55.292,-91.792,1,9,2.00,NONE,SEG10,651
3085,-1.504,55.092,-91.761,1,9,2.00,NONE,SEG10,651
3086,-1.510,54.892,-91.730,1,9,2.00,NONE,SEG10,652
3087,-1.516,54.693,-91.700,1,9,2.00,NONE,SEG10,652
3088,-1.522,54.493,-91.671,1,9,2.00,NONE,SEG10,652
3089,-1.528,54.293,-91.675,1,9,2.00,NONE,SEG10,652
3090,-1.534,54.093,-91.825,1,9,2.00,NONE,SEG10,652
3091,-1.540,53.893,-91.975,1,9,2.00,NONE,SEG10,653
3092,-1.546,53.693,-92.126,1,9,2.00,NONE,SEG10,653
3093,-1.552,53.493,-92.273,1,9,2.00,NONE,SEG10,653
3094,-1.560,53.293,-92.273,1,9,2.00,NONE,SEG10,653
3095,-1.567,53.093,-92.491,1,9,2.00,NONE,SEG10,653
3096,-1.575,52.894,-92.711,1,9,2.00,NONE,SEG10,654
3097,-1.583,52.694,-92.932,1,9,2.00,NONE,SEG10,654
3098,-1.591,52.494,-93.153,1,9,2.00,NONE,SEG10,654
3099,-1.602,52.294,-93.156,1,9,2.00,NONE,SEG10,654
3100,-1.613,52.094,-93.161,1,9,2.00,NONE,SEG10,654
3101,-1.624,51.895,-93.165,1,9,2.00,NONE,SEG10,655
3102,-1.635,51.695,-93.170,1,9,2.00,NONE,SEG10,655
3103,-1.646,51.495,-93.175,1,9,2.00,NONE,SEG10,655
3104,-1.657,51.296,-93.175,1,9,2.00,NONE,SEG10,655
3105,-1.668,51.096,-93.237,1,9,2.00,NONE,SEG10,655
3106,-1.680,50.896,-93.299,1,9,2.00,NONE,SEG10,656
3107,-1.691,50.697,-93.361,1,9,2.00,NONE,SEG10,656
3108,-1.702,50.497,-93.423,1,9,2.00,NONE,SEG10,656
3109,-1.714,50.297,-93.425,1,9,2.00,NONE,SEG10,656
3110,-1.726,50.098,-93.522,1,9,2.00,NONE,SEG10,656
3111,-1.737,49.898,-93.619,1,9,2.00,NONE,SEG10,657
3112,-1.749,49.698,-93.716,1,9,2.00,NONE,SEG10,657
3113,-1.761,49.499,-93.812,1,9,2.00,NONE,SEG10,657
3114,-1.775,49.299,-93.818,1,9,2.00,NONE,SEG10,657
3115,-1.788,49.100,-93.880,1,9,2.00,NONE,SEG10,657
3116,-1.801,48.900,-93.943,1,9,2.00,NONE,SEG10,658
3117,-1.815,48.700,-94.005,1,9,2.00,NONE,SEG10,658
3118,-1.828,48.501,-94.061,1,9,2.00,NONE,SEG10,658
3119,-1.842,48.301,-94.076,1,9,2.00,NONE,SEG10,658
3120,-1.856,48.102,-94.112,1,9,2.00,NONE,SEG10,658
3121,-1.870,47.902,-94.148,1,9,2.00,NONE,SEG10,659
3122,-1.885,47.703,-94.184,1,9,2.00,NONE,SEG10,659
3123,-1.899,47.503,-94.226,1,9,2.00,NONE,SEG10,659
3124,-1.914,47.304,-94.312,1,9,2.00,NONE,SEG10,659
3125,-1.928,47.105,-94.398,1,9,2.00,NONE,SEG10,660
3126,-1.943,46.905,-94.484,1,9,2.00,NONE,SEG10,660
3127,-1.958,46.706,-94.507,1,9,2.00,NONE,SEG10,660
3128,-1.974,46.506,-94.410,1,9,2.00,NONE,SEG10,660
3129,-1.990,46.307,-94.313,1,9,2.00,NONE,SEG10,661
3130,-2.006,46.108,-94.216,1,9,2.00,NONE,SEG10,661
3131,-2.021,45.908,-94.061,1,9,2.00,NONE,SEG10,661
3132,-2.035,45.709,-93.894,1,9,2.00,NONE,SEG10,661
3133,-2.050,45.509,-93.727,1,9,2.00,NONE,SEG10,662
3134,-2.064,45.310,-93.561,1,9,2.00,NONE,SEG10,662
3135,-2.077,45.110,-93.464,1,9,2.00,NONE,SEG10,662
3136,-2.090,44.910,-93.426,1,9,2.00,NONE,SEG10,662
3137,-2.102,44.711,-93.387,1,9,2.00,NONE,SEG10,663
3138,-2.114,44.511,-93.349,1,9,2.00,NONE,SEG10,663
3139,-2.126,44.312,-93.216,1,9,2.00,NONE,SEG10,663
3140,-2.137,44.112,-93.068,1,9,2.00,NONE,SEG10,663
3141,-2.149,43.912,-92.920,1,10,2.00,NONE,SEG11,664
3142,-2.161,43.713,-92.773,1,10,2.00,NONE,SEG11,664
3143,-2.171,43.513,-92.558,1,10,2.00,NONE,SEG11,664
3144,-2.180,43.313,-92.213,1,10,2.00,NONE,SEG11,664
3145,-2.190,43.113,-91.868,1,10,2.00,NONE,SEG11,665
3146,-2.199,42.914,-91.522,1,10,2.00,NONE,SEG11,665
3147,-2.206,42.714,-91.367,1,10,2.00,NONE,SEG11,665
3148,-2.211,42.514,-91.042,1,10,2.00,NONE,SEG11,665
3149,-2.216,42.314,-90.530,1,10,2.00,NONE,SEG11,666
3150,-2.221,42.114,-90.017,1,10,2.00,NONE,SEG11,666
3151,-2.225,41.914,-89.505,1,10,2.00,NONE,SEG11,666
3152,-2.226,41.714,-89.319,1,10,2.00,NONE,SEG11,666
3153,-2.223,41.514,-88.752,1,10,2.00,NONE,SEG11,666
3154,-2.221,41.314,-87.916,1,10,2.00,NONE,SEG11,667
3155,-2.219,41.114,-87.079,1,10,2.00,NONE,SEG11,667
3156,-2.216,40.914,-86.244,1,10,2.00,NONE,SEG11,667
3157,-2.206,40.714,-85.975,1,10,2.00,NONE,SEG11,667
3158,-2.192,40.515,-85.195,1,10,2.00,NONE,SEG11,667
3159,-2.178,40.315,-83.681,1,10,2.00,NONE,SEG11,668
3160,-2.164,40.116,-82.166,1,10,2.00,NONE,SEG11,668
3161,-2.150,39.916,-80.653,1,10,2.00,NONE,SEG11,668
3162,-2.125,39.718,-79.920,1,10,2.00,NONE,SEG11,668
3163,-2.090,39.521,-79.669,1,10,2.00,NONE,SEG11,668
3164,-2.055,39.324,-78.215,1,10,2.00,NONE,SEG11,668
3165,-2.020,39.127,-76.760,1,10,2.00,NONE,SEG11,669
3166,-1.985,38.930,-75.305,1,10,2.00,NONE,SEG11,669
3167,-1.946,38.734,-74.102,1,10,2.00,NONE,SEG11,669
3168,-1.892,38.542,-74.102,1,10,2.00,NONE,SEG11,669
3169,-1.837,38.350,-72.169,1,10,2.00,NONE,SEG11,669
3170,-1.782,38.157,-69.505,1,10,2.00,NONE,SEG11,670
3171,-1.727,37.965,-66.837,1,10,2.00,NONE,SEG11,670
3172,-1.673,37.773,-64.177,1,10,2.00,NONE,SEG11,670
3173,-1.593,37.590,-63.449,1,10,2.00,NONE,SEG11,670
3174,-1.503,37.411,-61.741,1,10,2.00,NONE,SEG11,670
3175,-1.414,37.232,-59.426,1,10,2.00,NONE,SEG11,671
3176,-1.324,37.053,-57.110,1,10,2.00,NONE,SEG11,671
3177,-1.235,36.874,-54.800,1,10,2.00,NONE,SEG11,671
3178,-1.125,36.708,-54.197,1,10,2.00,NONE,SEG11,671
3179,-1.008,36.546,-52.213,1,10,2.00,NONE,SEG11,671
3180,-0.891,36.383,-49.734,1,10,2.00,NONE,SEG11,672
3181,-0.774,36.221,-47.254,1,10,2.00,NONE,SEG11,672
3182,-0.657,36.059,-44.781,1,10,2.00,NONE,SEG11,672
3183,-0.519,35.915,-44.291,1,10,2.00,NONE,SEG11,672
3184,-0.376,35.775,-42.680,1,10,2.00,NONE,SEG11,672
3185,-0.233,35.635,-40.950,1,10,2.00,NONE,SEG11,673
3186,-0.090,35.496,-39.219,1,10,2.00,NONE,SEG11,673
3187,0.053,35.356,-37.491,1,10,2.00,NONE,SEG11,673
3188,0.211,35.234,-37.217,1,10,2.00,NONE,SEG11,673
3189,0.370,35.112,-35.964,1,10,2.00,NONE,SEG11,673
3190,0.529,34.991,-34.709,1,10,2.00,NONE,SEG11,674
3191,0.688,34.869,-33.455,1,10,2.00,NONE,SEG11,674
3192,0.848,34.750,-32.358,1,10,2.00,NONE,SEG11,674
3193,1.017,34.643,-32.380,1,10,2.00,NONE,SEG11,674
3194,1.186,34.536,-32.474,1,10,2.00,NONE,SEG11,674
3195,1.355,34.429,-32.567,1,10,2.00,NONE,SEG11,675
3196,1.524,34.322,-32.660,1,10,2.00,NONE,SEG11,675
3197,1.693,34.214,-32.731,1,10,2.00,NONE,SEG11,675
3198,1.861,34.106,-32.826,1,10,2.00,NONE,SEG11,675
3199,2.029,33.998,-33.216,1,10,2.00,NONE,SEG11,675
3200,2.197,33.890,-33.606,1,10,2.00,NONE,SEG11,676
3201,2.366,33.782,-33.997,1,10,2.00,NONE,SEG11,676
3202,2.533,33.672,-34.292,1,10,2.00,NONE,SEG11,676
3203,2.698,33.560,-34.459,1,10,2.00,NONE,SEG11,676
3204,2.864,33.447,-35.395,1,10,2.00,NONE,SEG11,676
3205,3.029,33.334,-36.332,1,10,2.00,NONE,SEG11,677
3206,3.194,33.222,-37.269,1,10,2.00,NONE,SEG11,677
3207,3.358,33.107,-38.038,1,10,2.00,NONE,SEG11,677
3208,3.516,32.984,-38.365,1,10,2.00,NONE,SEG11,677
3209,3.673,32.861,-39.540,1,10,2.00,NONE,SEG11,677
3210,3.831,32.737,-40.714,1,10,2.00,NONE,SEG11,678
3211,3.988,32.614,-41.889,1,10,2.00,NONE,SEG11,678
3212,4.143,32.487,-42.736,1,10,2.00,NONE,SEG11,678
3213,4.290,32.352,-43.564,1,10,2.00,NONE,SEG11,678
3214,4.436,32.216,-45.118,1,10,2.00,NONE,SEG11,678
3215,4.583,32.080,-46.673,1,10,2.00,NONE,SEG11,679
3216,4.730,31.945,-48.227,1,10,2.00,NONE,SEG11,679
3217,4.869,31.801,-49.033,1,10,2.00,NONE,SEG11,679
3218,5.000,31.650,-49.590,1,10,2.00,NONE,SEG11,679
3219,5.132,31.499,-50.146,1,10,2.00,NONE,SEG11,680
3220,5.263,31.348,-50.702,1,10,2.00,NONE,SEG11,680
3221,5.393,31.197,-51.033,1,10,2.00,NONE,SEG11,680
3222,5.519,31.041,-50.503,1,10,2.00,NONE,SEG11,680
3223,5.644,30.885,-49.973,1,10,2.00,NONE,SEG11,681
3224,5.769,30.729,-49.443,1,10,2.00,NONE,SEG11,681
3225,5.896,30.575,-47.432,1,10,2.00,NONE,SEG11,681
3226,6.027,30.424,-45.793,1,10,2.00,NONE,SEG11,681
3227,6.159,30.273,-43.532,1,10,2.00,NONE,SEG11,682
3228,6.290,30.122,-38.594,1,10,2.00,NONE,SEG11,682
3229,6.437,29.986,-35.247,1,10,2.00,NONE,SEG11,682
3230,6.584,29.851,-27.669,1,10,2.00,NONE,SEG11,683
3231,6.737,29.723,-19.567,1,10,2.00,NONE,SEG11,683
3232,6.911,29.625,-11.895,1,10,2.00,NONE,SEG11,683
3233,7.086,29.527,-2.015,1,10,2.00,NONE,SEG11,684
3234,7.279,29.486,4.552,1,10,2.00,NONE,SEG11,684
3235,7.477,29.459,13.482,1,10,2.00,NONE,SEG11,685
3236,7.675,29.463,20.224,1,10,2.00,NONE,SEG11,685
3237,7.871,29.498,29.009,1,10,2.00,NONE,SEG11,686
3238,8.064,29.547,36.841,1,10,2.00,NONE,SEG11,686
3239,8.240,29.641,43.022,1,10,2.00,NONE,SEG11,687
3240,8.417,29.735,50.352,1,10,2.00,NONE,SEG11,687
3241,8.557,29.878,53.368,1,10,2.00,NONE,SEG11,687
3242,8.697,30.021,56.871,1,10,2.00,NONE,SEG11,688
3243,8.817,30.179,58.795,1,10,2.00,NONE,SEG11,688
3244,8.925,30.348,59.505,1,10,2.00,NONE,SEG11,689
3245,9.032,30.517,59.899,1,10,2.00,NONE,SEG11,689
3246,9.133,30.689,59.322,1,10,2.00,NONE,SEG11,689
3247,9.232,30.863,58.533,1,10,2.00,NONE,SEG11,690
3248,9.330,31.037,57.743,1,10,2.00,NONE,SEG11,690
3249,9.433,31.209,56.015,1,10,2.00,NONE,SEG11,690
3250,9.541,31.377,54.288,1,10,2.00,NONE,SEG11,690
3251,9.649,31.545,52.560,1,10,2.00,NONE,SEG11,691
3252,9.757,31.713,50.833,1,10,2.00,NONE,SEG11,691
3253,9.880,31.871,48.889,1,10,2.00,NONE,SEG11,691
3254,10.007,32.025,46.651,1,10,2.00,NONE,SEG11,691
3255,10.135,32.179,44.410,1,10,2.00,NONE,SEG11,692
3256,10.262,32.333,42.173,1,10,2.00,NONE,SEG11,692
3257,10.405,32.473,40.818,1,10,2.00,NONE,SEG11,692
3258,10.555,32.605,38.445,1,10,2.00,NONE,SEG11,692
3259,10.705,32.738,36.065,1,10,2.00,NONE,SEG11,693
3260,10.855,32.870,33.688,1,10,2.00,NONE,SEG11,693
3261,11.010,32.996,31.908,1,10,2.00,NONE,SEG11,693
3262,11.179,33.101,30.557,1,10,2.00,NONE,SEG11,693
3263,11.349,33.207,28.342,1,10,2.00,NONE,SEG11,693
3264,11.519,33.313,26.124,1,10,2.00,NONE,SEG11,694
3265,11.689,33.418,23.911,1,10,2.00,NONE,SEG11,694
3266,11.867,33.507,23.048,1,10,2.00,NONE,SEG11,694
3267,12.051,33.586,21.535,1,10,2.00,NONE,SEG11,694
3268,12.235,33.664,19.593,1,10,2.00,NONE,SEG11,695
3269,12.419,33.742,17.650,1,10,2.00,NONE,SEG11,695
3270,12.603,33.821,15.711,1,10,2.00,NONE,SEG11,695
3271,12.794,33.879,15.284,1,10,2.00,NONE,SEG11,695
3272,12.987,33.932,13.923,1,10,2.00,NONE,SEG11,695
3273,13.180,33.985,12.322,1,10,2.00,NONE,SEG11,696
3274,13.373,34.037,10.721,1,10,2.00,NONE,SEG11,696
3275,13.566,34.090,9.122,1,10,2.00,NONE,SEG11,696
3276,13.763,34.124,8.883,1,10,2.00,NONE,SEG11,696
3277,13.960,34.155,7.770,1,10,2.00,NONE,SEG11,696
3278,14.158,34.186,6.584,1,10,2.00,NONE,SEG11,697
3279,14.356,34.217,5.398,1,10,2.00,NONE,SEG11,697
3280,14.553,34.248,4.212,1,10,2.00,NONE,SEG11,697
3281,14.753,34.263,3.896,1,10,2.00,NONE,SEG11,697
3282,14.952,34.278,2.941,1,10,2.00,NONE,SEG11,697
3283,15.152,34.292,1.987,1,10,2.00,NONE,SEG11,698
3284,15.351,34.306,1.032,1,10,2.00,NONE,SEG11,698
3285,15.551,34.317,0.254,1,10,2.00,NONE,SEG11,698
3286,15.751,34.319,-0.568,1,10,2.00,NONE,SEG11,698
3287,15.951,34.320,-1.391,1,10,2.00,NONE,SEG11,699
3288,16.151,34.321,-2.213,1,10,2.00,NONE,SEG11,699
3289,16.351,34.321,-3.279,1,10,2.00,NONE,SEG11,699
3290,16.550,34.311,-4.017,1,10,2.00,NONE,SEG11,699
3291,16.750,34.300,-4.755,1,10,2.00,NONE,SEG11,700
3292,16.950,34.290,-5.584,1,10,2.00,NONE,SEG11,700
3293,17.149,34.275,-6.412,1,10,2.00,NONE,SEG11,700
3294,17.348,34.255,-6.813,1,10,2.00,NONE,SEG11,700
3295,17.547,34.234,-7.297,1,10,2.00,NONE,SEG11,701
3296,17.746,34.212,-8.165,1,10,2.00,NONE,SEG11,701
3297,17.944,34.186,-8.721,1,10,2.00,NONE,SEG11,701
3298,18.142,34.160,-9.278,1,11,2.00,NONE,SEG12,702
3299,18.340,34.132,-9.537,1,11,2.00,NONE,SEG12,702
3300,18.538,34.098,-9.217,1,11,2.00,NONE,SEG12,702
3301,18.735,34.065,-8.898,1,11,2.00,NONE,SEG12,703
3302,18.932,34.031,-8.579,1,11,2.00,NONE,SEG12,703
3303,19.129,34.000,-8.833,1,11,2.00,NONE,SEG12,703
3304,19.327,33.970,-9.486,1,11,2.00,NONE,SEG12,703
3305,19.525,33.941,-10.139,1,11,2.00,NONE,SEG12,704
3306,19.723,33.911,-10.793,1,11,2.00,NONE,SEG12,704
3307,19.920,33.877,-11.087,1,11,2.00,NONE,SEG12,704
3308,20.116,33.839,-11.512,1,11,2.00,NONE,SEG12,704
3309,20.312,33.800,-11.945,1,11,2.00,STOP_LINE,SEG12,705
3310,20.509,33.762,-12.378,1,11,2.00,NONE,SEG12,705
3311,20.705,33.723,-12.812,1,11,2.00,NONE,SEG12,705
3312,20.900,33.679,-12.821,1,11,2.00,NONE,SEG12,705
3313,21.095,33.635,-14.713,1,11,2.00,NONE,SEG12,705
3314,21.290,33.590,-16.909,1,11,2.00,NONE,SEG12,706
3315,21.485,33.546,-19.105,1,11,2.00,NONE,SEG12,706
3316,21.680,33.501,-21.296,1,11,2.00,NONE,SEG12,706
3317,21.867,33.432,-21.596,1,11,2.00,NONE,SEG12,706
3318,22.053,33.358,-22.178,1,11,2.00,NONE,SEG12,706
3319,22.239,33.285,-24.942,1,11,2.00,NONE,SEG12,707
3320,22.425,33.211,-27.717,1,11,2.00,NONE,SEG12,707
3321,22.611,33.137,-30.489,1,11,2.00,NONE,SEG12,707
3322,22.793,33.057,-32.673,1,11,2.00,NONE,SEG12,707
3323,22.962,32.949,-32.673,1,11,2.00,NONE,SEG12,707
3324,23.130,32.841,-35.667,1,11,2.00,NONE,SEG12,707
3325,23.298,32.733,-40.113,1,11,2.00,NONE,SEG12,708
3326,23.467,32.625,-44.576,1,11,2.00,NONE,SEG12,708
3327,23.635,32.517,-49.004,1,11,2.00,NONE,SEG12,708
3328,23.776,32.378,-50.443,1,11,2.00,NONE,SEG12,708
3329,23.903,32.224,-51.359,1,11,2.00,NONE,SEG12,708
3330,24.031,32.069,-54.789,1,11,2.00,NONE,SEG12,708
3331,24.158,31.915,-58.239,1,11,2.00,NONE,SEG12,709
3332,24.285,31.761,-61.681,1,11,2.00,NONE,SEG12,709
3333,24.402,31.600,-64.199,1,11,2.00,NONE,SEG12,709
3334,24.489,31.420,-64.199,1,11,2.00,NONE,SEG12,709
3335,24.576,31.240,-66.736,1,11,2.00,NONE,SEG12,709
3336,24.663,31.060,-70.350,1,11,2.00,NONE,SEG12,710
3337,24.750,30.880,-73.972,1,11,2.00,NONE,SEG12,710
3338,24.837,30.700,-77.574,1,11,2.00,NONE,SEG12,710
3339,24.891,30.508,-78.642,1,11,2.00,NONE,SEG12,710
3340,24.930,30.312,-78.642,1,11,2.00,NONE,SEG12,710
3341,24.970,30.116,-80.723,1,11,2.00,NONE,SEG12,710
3342,25.009,29.920,-83.584,1,11,2.00,NONE,SEG12,711
3343,25.049,29.724,-86.449,1,11,2.00,NONE,SEG12,711
3344,25.088,29.528,-89.303,1,11,2.00,NONE,SEG12,711
3345,25.099,29.329,-90.079,1,11,2.00,NONE,SEG12,711
3346,25.098,29.129,-90.079,1,11,2.00,NONE,SEG12,711
3347,25.098,28.929,-91.216,1,11,2.00,NONE,SEG12,711
3348,25.098,28.729,-92.846,1,11,2.00,NONE,SEG12,712
3349,25.097,28.529,-94.477,1,11,2.00,NONE,SEG12,712
3350,25.097,28.329,-96.106,1,11,2.00,NONE,SEG12,712
3351,25.081,28.130,-96.598,1,11,2.00,NONE,SEG12,712
3352,25.058,27.931,-96.598,1,11,2.00,NONE,SEG12,712
3353,25.035,27.733,-96.632,1,11,2.00,NONE,SEG12,712
3354,25.012,27.534,-96.702,1,11,2.00,NONE,SEG12,713
3355,24.989,27.335,-96.772,1,11,2.00,NONE,SEG12,713
3356,24.966,27.137,-96.841,1,11,2.00,NONE,SEG12,713
3357,24.943,26.938,-96.877,1,11,2.00,NONE,SEG12,713
3358,24.919,26.739,-96.877,1,11,2.00,NONE,SEG12,713
3359,24.895,26.541,-97.146,1,11,2.00,NONE,SEG12,713
3360,24.871,26.342,-97.682,1,11,2.00,NONE,SEG12,714
3361,24.847,26.144,-98.217,1,11,2.00,NONE,SEG12,714
3362,24.823,25.945,-98.752,1,11,2.00,NONE,SEG12,714
3363,24.795,25.747,-99.019,1,11,2.00,NONE,SEG12,714
3364,24.764,25.550,-99.019,1,11,2.00,NONE,SEG12,714
3365,24.733,25.352,-100.164,1,11,2.00,NONE,SEG12,714
3366,24.701,25.154,-101.819,1,11,2.00,NONE,SEG12,715
3367,24.670,24.957,-103.474,1,11,2.00,NONE,SEG12,715
3368,24.639,24.759,-105.128,1,11,2.00,NONE,SEG12,715
3369,24.592,24.565,-105.636,1,11,2.00,NONE,SEG12,715
3370,24.538,24.373,-105.960,1,11,2.00,NONE,SEG12,715
3371,24.484,24.180,-108.744,1,11,2.00,NONE,SEG12,715
3372,24.430,23.987,-111.540,1,11,2.00,NONE,SEG12,716
3373,24.376,23.795,-114.334,1,11,2.00,NONE,SEG12,716
3374,24.318,23.604,-116.795,1,11,2.00,NONE,SEG12,716
3375,24.228,23.425,-116.795,1,11,2.00,NONE,SEG12,716
3376,24.138,23.247,-119.422,1,11,2.00,NONE,SEG12,716
3377,24.047,23.068,-122.459,1,11,2.00,NONE,SEG12,717
3378,23.957,22.890,-125.498,1,11,2.00,NONE,SEG12,717
3379,23.867,22.711,-128.522,1,11,2.00,NONE,SEG12,717
3380,23.746,22.553,-128.921,1,11,2.00,NONE,SEG12,717
3381,23.620,22.397,-131.930,1,11,2.00,NONE,SEG12,717
3382,23.495,22.241,-135.175,1,11,2.00,NONE,SEG12,718
3383,23.369,22.086,-138.422,1,11,2.00,NONE,SEG12,718
3384,23.244,21.930,-141.650,1,11,2.00,NONE,SEG12,718
3385,23.088,21.805,-141.870,1,11,2.00,NONE,SEG12,718
3386,22.931,21.681,-144.109,1,11,2.00,NONE,SEG12,718
3387,22.774,21.558,-147.045,1,11,2.00,NONE,SEG12,719
3388,22.616,21.434,-149.984,1,11,2.00,NONE,SEG12,719
3389,22.459,21.311,-152.912,1,11,2.00,NONE,SEG12,719
3390,22.285,21.213,-153.602,1,11,2.00,NONE,SEG12,719
3391,22.106,21.125,-154.284,1,11,2.00,NONE,SEG12,719
3392,21.927,21.036,-156.304,1,11,2.00,NONE,SEG12,720
3393,21.748,20.947,-158.328,1,11,2.00,NONE,SEG12,720
3394,21.569,20.858,-160.349,1,11,2.00,NONE,SEG12,720
3395,21.386,20.778,-161.688,1,11,2.00,NONE,SEG12,720
3396,21.196,20.715,-161.688,1,11,2.00,NONE,SEG12,720
3397,21.006,20.652,-162.524,1,11,2.00,NONE,SEG12,720
3398,20.816,20.589,-163.662,1,11,2.00,NONE,SEG12,721
3399,20.626,20.526,-164.800,1,11,2.00,NONE,SEG12,721
3400,20.436,20.463,-165.937,1,11,2.00,NONE,SEG12,721
3401,20.243,20.412,-166.238,1,11,2.00,NONE,SEG12,721
3402,20.049,20.364,-166.425,1,11,2.00,NONE,SEG12,721
3403,19.855,20.317,-167.740,1,11,2.00,NONE,SEG12,721
3404,19.661,20.269,-169.057,1,11,2.00,NONE,SEG12,722
3405,19.466,20.222,-170.373,1,11,2.00,NONE,SEG12,722
3406,19.272,20.176,-171.502,1,11,2.00,NONE,SEG12,722
3407,19.074,20.147,-171.502,1,11,2.00,NONE,SEG12,722
3408,18.876,20.117,-171.886,1,11,2.00,NONE,SEG12,722
3409,18.678,20.088,-173.061,1,11,2.00,NONE,SEG12,723
3410,18.480,20.058,-174.237,1,11,2.00,NONE,SEG12,723
3411,18.283,20.029,-175.412,1,11,2.00,NONE,SEG12,723
3412,18.084,20.004,-176.204,1,11,2.00,NONE,SEG12,723
3413,17.885,19.991,-176.204,1,11,2.00,NONE,SEG12,723
3414,17.685,19.978,-176.416,1,11,2.00,NONE,SEG12,723
3415,17.485,19.965,-177.141,1,11,2.00,STOP_LINE,SEG12,724
3416,17.286,19.952,-177.866,1,11,2.00,NONE,SEG12,724
3417,17.086,19.938,-178.591,1,11,2.00,NONE,SEG12,724
3418,16.887,19.928,-179.105,1,11,2.00,NONE,SEG12,724
3419,16.687,19.925,-179.105,1,11,2.00,NONE,SEG12,724
3420,16.487,19.922,-179.311,1,11,2.00,NONE,SEG12,724
3421,16.287,19.919,-179.874,1,11,2.00,NONE,SEG12,725
3422,16.087,19.915,179.563,1,11,2.00,NONE,SEG12,725
3423,15.887,19.912,179.000,1,11,2.00,NONE,SEG12,725
3424,15.687,19.912,178.643,1,11,2.00,NONE,SEG12,725
3425,15.487,19.917,178.643,1,11,2.00,NONE,SEG12,725
3426,15.287,19.922,178.507,1,11,2.00,NONE,SEG12,725
3427,15.087,19.926,178.170,1,11,2.00,NONE,SEG12,726
3428,14.887,19.931,177.834,1,11,2.00,NONE,SEG12,726
3429,14.687,19.936,177.497,1,11,2.00,NONE,SEG12,726
3430,14.487,19.942,177.295,1,11,2.00,NONE,SEG12,726
3431,14.287,19.952,177.295,1,11,2.00,NONE,SEG12,726
3432,14.088,19.961,177.260,1,11,2.00,NONE,SEG12,726
3433,13.888,19.971,177.178,1,11,2.00,NONE,SEG12,727
3434,13.688,19.980,177.095,1,11,2.00,NONE,SEG12,727
3435,13.488,19.990,177.013,1,11,2.00,NONE,SEG12,727
3436,13.289,20.000,176.965,1,11,2.00,NONE,SEG12,727
3437,13.089,20.010,176.965,1,11,2.00,NONE,SEG12,727
3438,12.889,20.021,176.826,1,11,2.00,NONE,SEG12,727
3439,12.689,20.031,176.538,1,11,2.00,NONE,SEG12,728
3440,12.490,20.042,176.250,1,11,2.00,NONE,SEG12,728
3441,12.290,20.052,175.962,1,11,2.00,NONE,SEG12,728
3442,12.090,20.065,175.813,1,11,2.00,NONE,SEG12,728
3443,11.891,20.080,175.813,1,11,2.00,NONE,SEG12,728
3444,11.691,20.094,175.995,1,11,2.00,NONE,SEG12,728
3445,11.492,20.109,176.322,1,11,2.00,NONE,SEG12,729
3446,11.293,20.123,176.649,1,11,2.00,NONE,SEG12,729
3447,11.093,20.138,176.976,1,11,2.00,NONE,SEG12,729
3448,10.893,20.150,177.122,1,11,2.00,NONE,SEG12,729
3449,10.694,20.160,177.122,1,11,2.00,NONE,SEG12,729
3450,10.494,20.170,177.009,1,11,2.00,NONE,SEG12,729
3451,10.294,20.180,176.755,1,11,2.00,NONE,SEG12,730
3452,10.094,20.190,176.501,1,11,2.00,NONE,SEG12,730
3453,9.895,20.200,176.247,1,11,2.00,NONE,SEG12,730
3454,9.695,20.212,176.106,1,11,2.00,NONE,SEG12,730
3455,9.496,20.226,176.106,1,11,2.00,NONE,SEG12,730
3456,9.296,20.239,176.135,1,11,2.00,NONE,SEG12,730
3457,9.096,20.253,176.247,1,11,2.00,NONE,SEG12,731
3458,8.897,20.266,176.359,1,11,2.00,NONE,SEG12,731
3459,8.697,20.280,176.471,1,11,2.00,NONE,SEG12,731
3460,8.498,20.293,176.554,1,11,2.00,NONE,SEG12,731
3461,8.298,20.305,176.554,1,11,2.00,NONE,SEG12,731
3462,8.099,20.317,176.556,1,11,2.00,NONE,SEG12,731
3463,7.899,20.329,176.624,1,11,2.00,NONE,SEG12,732
3464,7.699,20.341,176.692,1,11,2.00,NONE,SEG12,732
3465,7.500,20.353,176.759,1,11,2.00,NONE,SEG12,732
3466,7.300,20.365,176.825,1,11,2.00,NONE,SEG12,732
3467,7.100,20.376,176.825,1,11,2.00,NONE,SEG12,732
3468,6.901,20.387,176.825,1,11,2.00,NONE,SEG12,732
3469,6.701,20.398,176.895,1,11,2.00,NONE,SEG12,732
3470,6.501,20.409,176.975,1,11,2.00,NONE,SEG12,733
3471,6.301,20.420,177.056,1,11,2.00,NONE,SEG12,733
3472,6.102,20.432,177.136,1,11,2.00,NONE,SEG12,733
3473,5.902,20.442,177.147,1,11,2.00,NONE,SEG12,733
3474,5.702,20.452,177.147,1,11,2.00,NONE,SEG12,733
3475,5.503,20.462,176.984,1,11,2.00,NONE,SEG12,733
3476,5.303,20.472,176.817,1,11,2.00,NONE,SEG12,734
3477,5.103,20.481,176.651,1,11,2.00,NONE,SEG12,734
3478,4.903,20.491,176.484,1,11,2.00,NONE,SEG12,734
3479,4.704,20.504,176.479,1,11,2.00,NONE,SEG12,734
3480,4.504,20.516,176.582,1,11,2.00,NONE,SEG12,734
3481,4.304,20.528,176.879,1,11,2.00,NONE,SEG12,735
3482,4.105,20.541,177.175,1,11,2.00,NONE,SEG12,735
3483,3.905,20.553,177.472,1,11,2.00,NONE,SEG12,735
3484,3.705,20.564,177.666,1,11,2.00,NONE,SEG12,735
3485,3.506,20.572,177.681,1,11,2.00,NONE,SEG12,735
3486,3.306,20.580,177.759,1,11,2.00,NONE,SEG12,735
3487,3.106,20.588,177.838,1,11,2.00,NONE,SEG12,736
3488,2.906,20.596,177.916,1,11,2.00,NONE,SEG12,736
3489,2.706,20.604,177.979,1,11,2.00,NONE,SEG12,736
3490,2.506,20.611,177.979,1,11,2.00,NONE,SEG12,736
3491,2.307,20.618,177.966,1,11,2.00,NONE,SEG12,736
3492,2.107,20.625,177.953,1,11,2.00,NONE,SEG12,737
3493,1.907,20.632,177.940,1,11,2.00,NONE,SEG12,737
3494,1.707,20.639,177.928,1,11,2.00,NONE,SEG12,737
3495,1.507,20.647,177.929,1,11,2.00,NONE,SEG12,737
3496,1.307,20.654,178.120,1,11,2.00,NONE,SEG12,737
3497,1.107,20.661,178.311,1,11,2.00,NONE,SEG12,738
3498,0.907,20.668,178.503,1,11,2.00,NONE,SEG12,738
3499,0.708,20.676,178.693,1,11,2.00,NONE,SEG12,738
3500,0.508,20.680,178.665,1,11,2.00,NONE,SEG12,738
3501,0.308,20.685,178.486,1,11,2.00,NONE,SEG12,738
3502,0.108,20.689,178.307,1,11,2.00,NONE,SEG12,739
3503,-0.092,20.694,178.128,1,11,2.00,NONE,SEG12,739
3504,-0.292,20.699,177.978,1,11,2.00,NONE,SEG12,739
3505,-0.492,20.706,177.901,1,11,2.00,NONE,SEG12,739
3506,-0.692,20.713,177.663,1,11,2.00,NONE,SEG12,739
3507,-0.892,20.720,177.425,1,11,2.00,NONE,SEG12,740
3508,-1.092,20.727,177.187,1,11,2.00,NONE,SEG12,740
3509,-1.291,20.735,177.025,1,11,2.00,NONE,SEG12,740
3510,-1.491,20.746,176.977,1,11,2.00,NONE,SEG12,740
3511,-1.691,20.756,176.716,1,11,2.00,NONE,SEG12,740
3512,-1.891,20.766,176.456,1,11,2.00,NONE,SEG12,741
3513,-2.090,20.777,176.195,1,11,2.00,NONE,SEG12,741
3514,-2.290,20.788,175.982,1,11,2.00,NONE,SEG12,741
3515,-2.490,20.802,175.947,1,11,2.00,NONE,SEG12,741
3516,-2.689,20.816,175.769,1,11,2.00,NONE,SEG12,741
3517,-2.889,20.830,175.591,1,11,2.00,NONE,SEG12,742
3518,-3.088,20.844,175.413,1,11,2.00,NONE,SEG12,742
3519,-3.288,20.858,175.271,1,11,2.00,NONE,SEG12,742
3520,-3.487,20.875,175.218,1,11,2.00,NONE,SEG12,742
3521,-3.686,20.891,175.144,1,11,2.00,NONE,SEG12,742
3522,-3.886,20.908,175.026,1,11,2.00,NONE,SEG12,743
3523,-4.085,20.924,174.782,1,11,2.00,NONE,SEG12,743
3524,-4.284,20.941,174.590,1,11,2.00,NONE,SEG12,743
3525,-4.483,20.959,174.447,1,11,2.00,NONE,SEG12,744
3526,-4.683,20.977,174.294,1,11,2.00,NONE,SEG12,744
3527,-4.882,20.997,174.294,1,11,2.00,NONE,SEG12,744
3528,-5.081,21.017,174.294,1,11,2.00,NONE,SEG12,745
3529,-5.140,21.023,174.294,1,11,2.00,NONE,SEG12,745
