index,dr_x_m,dr_y_m,dr_yaw_deg,direction,mode,drive_level,event,source_segment_id,source_point_index
0,0.000,-0.000,0.000,1,1,2.00,NONE,SEG01,0
1,0.200,-0.000,0.048,1,1,2.00,NONE,SEG01,0
2,0.400,-0.001,0.009,1,1,2.00,NONE,SEG01,1
3,0.600,-0.001,-0.070,1,1,2.00,NONE,SEG01,1
4,0.800,-0.000,-0.178,1,1,2.00,NONE,SEG01,2
5,1.000,0.000,-0.265,1,1,2.00,NONE,SEG01,2
6,1.200,-0.001,-0.279,1,1,2.00,NONE,SEG01,2
7,1.400,-0.002,-0.305,1,1,2.00,NONE,SEG01,2
8,1.600,-0.002,-0.332,1,1,2.00,NONE,SEG01,3
9,1.800,-0.003,-0.358,1,1,2.00,NONE,SEG01,3
10,2.000,-0.005,-0.372,1,1,2.00,NONE,SEG01,3
11,2.200,-0.006,-0.506,1,1,2.00,NONE,SEG01,3
12,2.400,-0.007,-0.678,1,1,2.00,NONE,SEG01,4
13,2.600,-0.008,-0.850,1,1,2.00,NONE,SEG01,4
14,2.800,-0.010,-1.022,1,1,2.00,NONE,SEG01,4
15,3.000,-0.013,-1.071,1,1,2.00,NONE,SEG01,4
16,3.200,-0.017,-1.110,1,1,2.00,NONE,SEG01,4
17,3.400,-0.020,-1.149,1,1,2.00,NONE,SEG01,5
18,3.600,-0.024,-1.188,1,1,2.00,NONE,SEG01,5
19,3.800,-0.028,-1.214,1,1,2.00,NONE,SEG01,5
20,4.000,-0.032,-1.176,1,1,2.00,NONE,SEG01,5
21,4.200,-0.036,-1.137,1,1,2.00,NONE,SEG01,6
22,4.400,-0.041,-1.097,1,1,2.00,NONE,SEG01,6
23,4.600,-0.045,-1.058,1,1,2.00,NONE,SEG01,6
24,4.800,-0.049,-0.949,1,1,2.00,NONE,SEG01,6
25,5.000,-0.052,-0.761,1,1,2.00,NONE,SEG01,6
26,5.200,-0.056,-0.572,1,1,2.00,NONE,SEG01,7
27,5.399,-0.060,-0.384,1,1,2.00,NONE,SEG01,7
28,5.599,-0.062,-0.302,1,1,2.00,NONE,SEG01,7
29,5.799,-0.063,-0.114,1,1,2.00,NONE,SEG01,7
30,5.999,-0.064,0.075,1,1,2.00,NONE,SEG01,8
31,6.199,-0.065,0.263,1,1,2.00,NONE,SEG01,8
32,6.399,-0.066,0.452,1,1,2.00,NONE,SEG01,8
33,6.599,-0.064,0.505,1,1,2.00,NONE,SEG01,8
34,6.799,-0.063,0.621,1,1,2.00,NONE,SEG01,8
35,6.999,-0.061,0.737,1,1,2.00,NONE,SEG01,9
36,7.199,-0.060,0.853,1,1,2.00,NONE,SEG01,9
37,7.399,-0.057,0.918,1,1,2.00,NONE,SEG01,9
38,7.599,-0.054,1.124,1,1,2.00,NONE,SEG01,9
39,7.799,-0.051,1.455,1,1,2.00,NONE,SEG01,10
40,7.999,-0.048,1.787,1,1,2.00,NONE,SEG01,10
41,8.199,-0.045,2.118,1,1,2.00,NONE,SEG01,10
42,8.399,-0.038,2.243,1,1,2.00,NONE,SEG01,10
43,8.599,-0.031,2.286,1,1,2.00,NONE,SEG01,10
44,8.799,-0.023,2.347,1,1,2.00,NONE,SEG01,11
45,8.999,-0.015,2.408,1,1,2.00,NONE,SEG01,11
46,9.199,-0.007,2.468,1,1,2.00,NONE,SEG01,11
47,9.398,0.001,2.487,1,1,2.00,NONE,SEG01,11
48,9.598,0.010,2.366,1,1,2.00,NONE,SEG01,11
49,9.798,0.019,2.160,1,1,2.00,NONE,SEG01,12
50,9.998,0.027,1.953,1,1,2.00,NONE,SEG01,12
51,10.198,0.036,1.747,1,1,2.00,NONE,SEG01,12
52,10.398,0.043,1.660,1,1,2.00,NONE,SEG01,12
53,10.597,0.049,1.657,1,1,2.00,NONE,SEG01,12
54,10.797,0.055,1.649,1,1,2.00,NONE,SEG01,12
55,10.997,0.060,1.641,1,1,2.00,NONE,SEG01,13
56,11.197,0.066,1.633,1,1,2.00,NONE,SEG01,13
57,11.397,0.072,1.628,1,1,2.00,NONE,SEG01,13
58,11.597,0.078,1.633,1,1,2.00,NONE,SEG01,13
59,11.797,0.083,1.666,1,1,2.00,NONE,SEG01,13
60,11.997,0.089,1.699,1,1,2.00,NONE,SEG01,14
61,12.197,0.095,1.731,1,1,2.00,NONE,SEG01,14
62,12.397,0.100,1.760,1,1,2.00,NONE,SEG01,14
63,12.597,0.107,1.759,1,1,2.00,NONE,SEG01,14
64,12.797,0.113,1.723,1,1,2.00,NONE,SEG01,14
65,12.996,0.119,1.688,1,1,2.00,NONE,SEG01,15
66,13.196,0.125,1.653,1,1,2.00,NONE,SEG01,15
67,13.396,0.131,1.618,1,1,2.00,NONE,SEG01,15
68,13.596,0.137,1.618,1,1,2.00,NONE,SEG01,15
69,13.796,0.142,1.553,1,1,2.00,NONE,SEG01,15
70,13.996,0.148,1.471,1,1,2.00,NONE,SEG01,16
71,14.196,0.154,1.389,1,1,2.00,NONE,SEG01,16
72,14.396,0.159,1.307,1,1,2.00,NONE,SEG01,16
73,14.596,0.164,1.290,1,1,2.00,NONE,SEG01,16
74,14.796,0.169,1.345,1,1,2.00,NONE,SEG01,16
75,14.996,0.173,1.420,1,1,2.00,NONE,SEG01,17
76,15.196,0.178,1.494,1,1,2.00,NONE,SEG01,17
77,15.396,0.182,1.569,1,1,2.00,NONE,SEG01,17
78,15.596,0.187,1.588,1,1,2.00,NONE,SEG01,17
79,15.795,0.193,1.663,1,1,2.00,NONE,SEG01,17
80,15.995,0.198,1.753,1,1,2.00,NONE,SEG01,18
81,16.195,0.204,1.842,1,1,2.00,NONE,SEG01,18
82,16.395,0.210,1.931,1,1,2.00,NONE,SEG01,18
83,16.595,0.216,1.943,1,1,2.00,NONE,SEG01,18
84,16.795,0.223,1.926,1,1,2.00,NONE,SEG01,18
85,16.995,0.230,1.909,1,1,2.00,NONE,SEG01,19
86,17.195,0.236,1.892,1,1,2.00,NONE,SEG01,19
87,17.395,0.243,1.877,1,1,2.00,NONE,SEG01,19
88,17.595,0.250,1.784,1,1,2.00,NONE,SEG01,19
89,17.794,0.256,1.518,1,1,2.00,NONE,SEG01,19
90,17.994,0.263,1.253,1,1,2.00,NONE,SEG01,20
91,18.194,0.269,0.988,1,1,2.00,NONE,SEG01,20
92,18.394,0.275,0.816,1,1,2.00,NONE,SEG01,20
93,18.594,0.278,0.908,1,1,2.00,NONE,SEG01,20
94,18.794,0.280,1.031,1,1,2.00,NONE,SEG01,21
95,18.994,0.283,1.154,1,1,2.00,NONE,SEG01,21
96,19.194,0.286,1.277,1,1,2.00,NONE,SEG01,21
97,19.394,0.290,1.326,1,1,2.00,NONE,SEG01,21
98,19.594,0.295,1.448,1,1,2.00,NONE,SEG01,21
99,19.794,0.299,1.569,1,1,2.00,NONE,SEG01,22
100,19.994,0.304,1.691,1,1,2.00,NONE,SEG01,22
101,20.194,0.309,1.795,1,1,2.00,NONE,SEG01,22
102,20.394,0.315,1.757,1,1,2.00,NONE,SEG01,22
103,20.594,0.321,1.694,1,1,2.00,NONE,SEG01,22
104,20.793,0.328,1.632,1,1,2.00,NONE,SEG01,23
105,20.993,0.334,1.569,1,1,2.00,NONE,SEG01,23
106,21.193,0.340,1.545,1,1,2.00,NONE,SEG01,23
107,21.393,0.345,1.282,1,1,2.00,NONE,SEG01,23
108,21.593,0.350,1.018,1,1,2.00,NONE,SEG01,24
109,21.793,0.356,0.754,1,1,2.00,NONE,SEG01,24
110,21.993,0.361,0.490,1,1,2.00,NONE,SEG01,24
111,22.193,0.363,0.529,1,1,2.00,NONE,SEG01,24
112,22.393,0.365,0.609,1,1,2.00,NONE,SEG01,24
113,22.593,0.366,0.688,1,1,2.00,NONE,SEG01,25
114,22.793,0.368,0.767,1,1,2.00,NONE,SEG01,25
115,22.993,0.370,0.654,1,1,2.00,NONE,SEG01,25
116,23.193,0.373,0.281,1,1,2.00,NONE,SEG01,25
117,23.393,0.376,-0.091,1,1,2.00,NONE,SEG01,26
118,23.593,0.379,-0.463,1,1,2.00,NONE,SEG01,26
119,23.793,0.379,-0.941,1,1,2.00,NONE,SEG01,26
120,23.993,0.377,-1.264,1,1,2.00,NONE,SEG01,26
121,24.193,0.375,-1.588,1,1,2.00,NONE,SEG01,27
122,24.393,0.372,-2.279,1,1,2.00,NONE,SEG01,27
123,24.593,0.366,-2.805,1,1,2.00,NONE,SEG01,27
124,24.793,0.359,-3.246,1,1,2.00,NONE,SEG01,28
125,24.993,0.352,-3.284,1,1,2.00,NONE,SEG01,28
126,25.192,0.340,-2.955,1,1,2.00,NONE,SEG01,28
127,25.392,0.327,-2.534,1,1,2.00,NONE,SEG01,29
128,25.591,0.314,-2.134,1,1,2.00,NONE,SEG01,29
129,25.791,0.307,-2.137,1,1,2.00,NONE,SEG01,29
130,25.991,0.299,-2.080,1,2,2.00,NONE,SEG02,30
131,26.191,0.292,-1.977,1,2,2.00,NONE,SEG02,30
132,26.391,0.284,-1.871,1,2,2.00,NONE,SEG02,30
133,26.591,0.277,-1.675,1,2,2.00,NONE,SEG02,31
134,26.790,0.270,-1.397,1,2,2.00,NONE,SEG02,31
135,26.990,0.264,-1.165,1,2,2.00,NONE,SEG02,31
136,27.190,0.258,-0.932,1,2,2.00,NONE,SEG02,32
137,27.390,0.253,-0.649,1,2,2.00,NONE,SEG02,32
138,27.590,0.251,-0.439,1,2,2.00,NONE,SEG02,32
139,27.790,0.248,-0.229,1,2,2.00,NONE,SEG02,33
140,27.990,0.245,-0.018,1,2,2.00,NONE,SEG02,33
141,28.190,0.244,-0.057,1,2,2.00,NONE,SEG02,33
142,28.390,0.244,-0.202,1,2,2.00,NONE,SEG02,33
143,28.590,0.245,-0.348,1,2,2.00,NONE,SEG02,34
144,28.790,0.245,-0.494,1,2,2.00,NONE,SEG02,34
145,28.990,0.243,-0.314,1,2,2.00,NONE,SEG02,34
146,29.190,0.242,-0.027,1,2,2.00,NONE,SEG02,34
147,29.390,0.240,0.261,1,2,2.00,NONE,SEG02,35
148,29.590,0.238,0.549,1,2,2.00,NONE,SEG02,35
149,29.790,0.239,0.665,1,2,2.00,NONE,SEG02,35
150,29.990,0.241,0.761,1,2,2.00,NONE,SEG02,35
151,30.190,0.243,0.857,1,2,2.00,NONE,SEG02,36
152,30.390,0.246,0.953,1,2,2.00,NONE,SEG02,36
153,30.590,0.248,1.043,1,2,2.00,NONE,SEG02,36
154,30.790,0.252,1.311,1,2,2.00,NONE,SEG02,36
155,30.990,0.255,1.579,1,2,2.00,NONE,SEG02,37
156,31.190,0.259,1.847,1,2,2.00,NONE,SEG02,37
157,31.390,0.263,2.075,1,2,2.00,NONE,SEG02,37
158,31.590,0.270,2.208,1,2,2.00,NONE,SEG02,37
159,31.790,0.277,2.375,1,2,2.00,NONE,SEG02,37
160,31.990,0.285,2.543,1,2,2.00,NONE,SEG02,38
161,32.189,0.292,2.710,1,2,2.00,NONE,SEG02,38
162,32.389,0.301,2.848,1,2,2.00,NONE,SEG02,38
163,32.589,0.311,3.047,1,2,2.00,NONE,SEG02,38
164,32.789,0.320,3.245,1,2,2.00,STOP_LINE,SEG02,39
165,32.989,0.330,3.444,1,2,2.00,NONE,SEG02,39
166,33.188,0.341,3.560,1,2,2.00,NONE,SEG02,39
167,33.388,0.353,3.599,1,2,2.00,NONE,SEG02,39
168,33.587,0.365,3.638,1,2,2.00,NONE,SEG02,40
169,33.787,0.378,3.677,1,2,2.00,NONE,SEG02,40
170,33.987,0.390,3.684,1,2,2.00,NONE,SEG02,40
171,34.186,0.403,3.673,1,2,2.00,NONE,SEG02,40
172,34.386,0.416,3.663,1,2,2.00,NONE,SEG02,41
173,34.585,0.429,3.343,1,2,2.00,NONE,SEG02,41
174,34.785,0.442,2.894,1,2,2.00,NONE,SEG02,41
175,34.985,0.455,2.444,1,2,2.00,NONE,SEG02,42
176,35.184,0.467,1.913,1,2,2.00,NONE,SEG02,42
177,35.384,0.476,1.577,1,2,2.00,NONE,SEG02,42
178,35.584,0.482,1.382,1,3,2.00,NONE,SEG03,43
179,35.784,0.489,1.188,1,3,2.00,NONE,SEG03,43
180,35.984,0.494,1.095,1,3,2.00,NONE,SEG03,43
181,36.184,0.498,1.116,1,3,2.00,NONE,SEG03,43
182,36.384,0.502,1.136,1,3,2.00,NONE,SEG03,44
183,36.584,0.505,1.115,1,3,2.00,NONE,SEG03,44
184,36.784,0.509,0.942,1,3,2.00,NONE,SEG03,44
185,36.984,0.513,0.770,1,3,2.00,NONE,SEG03,45
186,37.183,0.517,0.597,1,3,2.00,NONE,SEG03,45
187,37.383,0.521,0.465,1,3,2.00,NONE,SEG03,45
188,37.583,0.522,0.539,1,3,2.00,NONE,SEG03,45
189,37.783,0.524,0.624,1,3,2.00,NONE,SEG03,46
190,37.983,0.526,0.708,1,3,2.00,NONE,SEG03,46
191,38.183,0.527,0.793,1,3,2.00,NONE,SEG03,46
192,38.383,0.530,0.816,1,3,2.00,NONE,SEG03,46
193,38.583,0.533,0.875,1,3,2.00,NONE,SEG03,46
194,38.783,0.536,0.934,1,3,2.00,NONE,SEG03,47
195,38.983,0.538,0.993,1,3,2.00,NONE,SEG03,47
196,39.183,0.541,1.039,1,3,2.00,NONE,SEG03,47
197,39.383,0.545,1.011,1,3,2.00,NONE,SEG03,47
198,39.583,0.549,0.906,1,3,2.00,NONE,SEG03,47
199,39.783,0.552,0.801,1,3,2.00,NONE,SEG03,48
200,39.983,0.556,0.696,1,3,2.00,NONE,SEG03,48
201,40.183,0.559,0.620,1,3,2.00,NONE,SEG03,48
202,40.383,0.561,0.582,1,3,2.00,NONE,SEG03,48
203,40.583,0.563,0.383,1,3,2.00,NONE,SEG03,48
204,40.783,0.566,0.183,1,3,2.00,NONE,SEG03,49
205,40.983,0.568,-0.017,1,3,2.00,NONE,SEG03,49
206,41.183,0.569,-0.179,1,3,2.00,NONE,SEG03,49
207,41.383,0.569,-0.184,1,3,2.00,NONE,SEG03,49
208,41.583,0.568,-0.229,1,3,2.00,NONE,SEG03,49
209,41.783,0.568,-0.274,1,3,2.00,NONE,SEG03,50
210,41.983,0.567,-0.318,1,3,2.00,NONE,SEG03,50
211,42.183,0.566,-0.358,1,3,2.00,NONE,SEG03,50
212,42.383,0.565,-0.359,1,3,2.00,NONE,SEG03,50
213,42.583,0.564,-0.637,1,3,2.00,NONE,SEG03,50
214,42.783,0.562,-0.915,1,3,2.00,NONE,SEG03,51
215,42.983,0.561,-1.193,1,3,2.00,NONE,SEG03,51
216,43.183,0.560,-1.471,1,3,2.00,NONE,SEG03,51
217,43.383,0.555,-1.471,1,3,2.00,NONE,SEG03,51
218,43.583,0.550,-1.660,1,3,2.00,NONE,SEG03,51
219,43.783,0.545,-1.887,1,3,2.00,NONE,SEG03,52
220,43.983,0.539,-2.114,1,3,2.00,NONE,SEG03,52
221,44.183,0.534,-2.340,1,3,2.00,NONE,SEG03,52
222,44.383,0.527,-2.378,1,3,2.00,NONE,SEG03,52
223,44.582,0.518,-2.483,1,3,2.00,NONE,SEG03,52
224,44.782,0.510,-2.628,1,3,2.00,NONE,SEG03,53
225,44.982,0.502,-2.772,1,3,2.00,NONE,SEG03,53
226,45.182,0.493,-2.917,1,3,2.00,NONE,SEG03,53
227,45.382,0.484,-2.956,1,3,2.00,NONE,SEG03,53
228,45.581,0.473,-3.092,1,3,2.00,NONE,SEG03,53
229,45.781,0.463,-3.289,1,3,2.00,NONE,SEG03,54
230,45.981,0.453,-3.486,1,3,2.00,NONE,SEG03,54
231,46.181,0.442,-3.683,1,3,2.00,NONE,SEG03,54
232,46.380,0.430,-3.744,1,3,2.00,NONE,SEG03,54
233,46.580,0.417,-3.780,1,3,2.00,NONE,SEG03,54
234,46.779,0.404,-3.843,1,3,2.00,NONE,SEG03,55
235,46.979,0.391,-3.906,1,3,2.00,NONE,SEG03,55
236,47.179,0.378,-3.969,1,3,2.00,NONE,SEG03,55
237,47.378,0.364,-3.995,1,3,2.00,NONE,SEG03,55
238,47.578,0.350,-3.955,1,3,2.00,NONE,SEG03,55
239,47.777,0.336,-3.878,1,3,2.00,NONE,SEG03,56
240,47.977,0.322,-3.801,1,3,2.00,NONE,SEG03,56
241,48.176,0.309,-3.724,1,3,2.00,NONE,SEG03,56
242,48.376,0.295,-3.687,1,3,2.00,NONE,SEG03,56
243,48.575,0.282,-3.659,1,3,2.00,NONE,SEG03,56
244,48.775,0.269,-3.607,1,3,2.00,NONE,SEG03,57
245,48.974,0.257,-3.556,1,3,2.00,NONE,SEG03,57
246,49.174,0.244,-3.505,1,3,2.00,NONE,SEG03,57
247,49.374,0.231,-3.482,1,3,2.00,NONE,SEG03,57
248,49.573,0.219,-3.391,1,3,2.00,NONE,SEG03,57
249,49.773,0.207,-3.205,1,3,2.00,NONE,SEG03,58
250,49.973,0.195,-3.019,1,3,2.00,NONE,SEG03,58
251,50.172,0.183,-2.834,1,3,2.00,NONE,SEG03,58
252,50.372,0.172,-2.740,1,3,2.00,NONE,SEG03,58
253,50.572,0.162,-2.690,1,3,2.00,NONE,SEG03,58
254,50.771,0.153,-2.553,1,3,2.00,NONE,SEG03,58
255,50.971,0.143,-2.416,1,3,2.00,NONE,SEG03,59
256,51.171,0.134,-2.279,1,3,2.00,NONE,SEG03,59
257,51.371,0.125,-2.193,1,3,2.00,NONE,SEG03,59
258,51.571,0.117,-2.166,1,3,2.00,NONE,SEG03,59
259,51.770,0.109,-2.088,1,3,2.00,NONE,SEG03,59
260,51.970,0.102,-2.011,1,3,2.00,NONE,SEG03,60
261,52.170,0.094,-1.933,1,3,2.00,NONE,SEG03,60
262,52.370,0.087,-1.883,1,3,2.00,NONE,SEG03,60
263,52.570,0.080,-1.896,1,3,2.00,NONE,SEG03,60
264,52.770,0.074,-1.962,1,3,2.00,NONE,SEG03,60
265,52.970,0.067,-2.028,1,3,2.00,NONE,SEG03,61
266,53.170,0.061,-2.094,1,3,2.00,NONE,SEG03,61
267,53.369,0.054,-2.148,1,3,2.00,NONE,SEG03,61
268,53.569,0.046,-2.146,1,3,2.00,NONE,SEG03,61
269,53.769,0.039,-1.963,1,3,2.00,NONE,SEG03,61
270,53.969,0.031,-1.781,1,3,2.00,NONE,SEG03,62
271,54.169,0.024,-1.598,1,3,2.00,NONE,SEG03,62
272,54.369,0.016,-1.417,1,3,2.00,NONE,SEG03,62
273,54.569,0.011,-1.417,1,3,2.00,NONE,SEG03,62
274,54.769,0.006,-1.255,1,3,2.00,NONE,SEG03,62
275,54.969,0.001,-0.999,1,3,2.00,NONE,SEG03,63
276,55.169,-0.003,-0.743,1,3,2.00,NONE,SEG03,63
277,55.368,-0.008,-0.487,1,3,2.00,NONE,SEG03,63
278,55.568,-0.011,-0.392,1,3,2.00,NONE,SEG03,63
279,55.768,-0.012,-0.230,1,3,2.00,NONE,SEG03,63
280,55.968,-0.014,0.769,1,3,2.00,NONE,SEG03,63
281,56.168,-0.015,1.769,1,3,2.00,NONE,SEG03,64
282,56.368,-0.017,2.769,1,3,2.00,NONE,SEG03,64
283,56.568,-0.016,3.605,1,3,2.00,NONE,SEG03,64
284,56.768,-0.003,3.605,1,3,2.00,NONE,SEG03,64
285,56.968,0.009,4.303,1,3,2.00,NONE,SEG03,64
286,57.167,0.022,5.409,1,3,2.00,NONE,SEG03,65
287,57.367,0.035,6.515,1,3,2.00,NONE,SEG03,65
288,57.566,0.047,7.621,1,3,2.00,NONE,SEG03,65
289,57.765,0.069,8.029,1,3,2.00,NONE,SEG03,65
290,57.963,0.097,8.428,1,3,2.00,NONE,SEG03,65
291,58.161,0.125,10.456,1,3,2.00,NONE,SEG03,65
292,58.359,0.153,12.488,1,3,2.00,NONE,SEG03,66
293,58.557,0.181,14.519,1,3,2.00,NONE,SEG03,66
294,58.754,0.215,16.149,1,3,2.00,NONE,SEG03,66
295,58.946,0.270,16.149,1,3,2.00,NONE,SEG03,66
296,59.138,0.326,17.920,1,3,2.00,NONE,SEG03,66
297,59.330,0.381,20.961,1,3,2.00,NONE,SEG03,67
298,59.522,0.437,24.009,1,3,2.00,NONE,SEG03,67
299,59.715,0.493,27.047,1,3,2.00,NONE,SEG03,67
300,59.897,0.571,28.314,1,3,2.00,NONE,SEG03,67
301,60.073,0.666,28.314,1,3,2.00,NONE,SEG03,67
302,60.249,0.761,31.112,1,3,2.00,NONE,SEG03,67
303,60.426,0.856,34.030,1,3,2.00,NONE,SEG03,68
304,60.602,0.951,36.948,1,3,2.00,NONE,SEG03,68
305,60.778,1.045,39.852,1,3,2.00,NONE,SEG03,68
306,60.932,1.173,39.959,1,3,2.00,NONE,SEG03,68
307,61.085,1.301,40.827,1,3,2.00,NONE,SEG03,68
308,61.238,1.430,43.302,1,3,2.00,NONE,SEG03,69
309,61.392,1.558,45.783,1,3,2.00,NONE,SEG03,69
310,61.545,1.686,48.260,1,3,2.00,NONE,SEG03,69
311,61.690,1.823,49.867,1,3,2.00,NONE,SEG03,69
312,61.819,1.976,49.867,1,3,2.00,NONE,SEG03,69
313,61.948,2.129,51.024,1,3,2.00,NONE,SEG03,69
314,62.077,2.282,53.026,1,3,2.00,NONE,SEG03,70
315,62.206,2.435,55.031,1,3,2.00,NONE,SEG03,70
316,62.334,2.588,57.032,1,3,2.00,NONE,SEG03,70
317,62.450,2.750,57.877,1,3,2.00,NONE,SEG03,70
318,62.557,2.920,57.877,1,3,2.00,NONE,SEG03,70
319,62.663,3.089,59.112,1,3,2.00,NONE,SEG03,70
320,62.769,3.259,61.140,1,3,2.00,NONE,SEG03,71
321,62.876,3.428,63.170,1,3,2.00,NONE,SEG03,71
322,62.982,3.597,65.197,1,3,2.00,NONE,SEG03,71
323,63.073,3.775,65.990,1,3,2.00,NONE,SEG03,71
324,63.155,3.957,65.990,1,3,2.00,NONE,SEG03,71
325,63.236,4.140,66.884,1,3,2.00,NONE,SEG03,71
326,63.317,4.323,68.130,1,3,2.00,NONE,SEG03,72
327,63.399,4.506,69.375,1,3,2.00,NONE,SEG03,72
328,63.480,4.688,70.620,1,3,2.00,NONE,SEG03,72
329,63.550,4.876,70.970,1,3,2.00,NONE,SEG03,72
330,63.615,5.065,71.041,1,3,2.00,NONE,SEG03,72
331,63.680,5.254,71.754,1,3,2.00,NONE,SEG03,72
332,63.746,5.443,72.466,1,3,2.00,NONE,SEG03,73
333,63.811,5.632,73.178,1,3,2.00,NONE,SEG03,73
334,63.875,5.821,73.819,1,3,2.00,NONE,SEG03,73
335,63.931,6.013,73.819,1,3,2.00,NONE,SEG03,73
336,63.986,6.205,74.107,1,3,2.00,NONE,SEG03,73
337,64.042,6.397,74.629,1,3,2.00,NONE,SEG03,74
338,64.098,6.589,75.152,1,3,2.00,NONE,SEG03,74
339,64.154,6.782,75.674,1,3,2.00,NONE,SEG03,74
340,64.206,6.975,75.908,1,3,2.00,NONE,SEG03,74
341,64.254,7.169,76.009,1,3,2.00,NONE,SEG03,74
342,64.303,7.363,76.745,1,3,2.00,NONE,SEG03,74
343,64.352,7.557,77.480,1,3,2.00,NONE,SEG03,75
344,64.400,7.751,78.216,1,3,2.00,NONE,SEG03,75
345,64.448,7.945,78.851,1,3,2.00,NONE,SEG03,75
346,64.486,8.141,78.851,1,3,2.00,NONE,SEG03,75
347,64.525,8.337,79.278,1,3,2.00,NONE,SEG03,75
348,64.564,8.534,79.819,1,3,2.00,NONE,SEG03,76
349,64.602,8.730,80.360,1,3,2.00,NONE,SEG03,76
350,64.641,8.926,80.901,1,3,2.00,NONE,SEG03,76
351,64.674,9.123,81.014,1,3,2.00,NONE,SEG03,76
352,64.705,9.321,81.288,1,3,2.00,NONE,SEG03,76
353,64.736,9.518,81.913,1,3,2.00,NONE,SEG03,77
354,64.767,9.716,82.537,1,3,2.00,NONE,SEG03,77
355,64.799,9.913,83.162,1,3,2.00,NONE,SEG03,77
356,64.826,10.112,83.513,1,3,2.00,NONE,SEG03,77
357,64.849,10.310,83.529,1,3,2.00,NONE,SEG03,77
358,64.871,10.509,84.097,1,3,2.00,NONE,SEG03,77
359,64.894,10.708,84.665,1,3,2.00,NONE,SEG03,78
360,64.917,10.906,85.232,1,3,2.00,NONE,SEG03,78
361,64.939,11.105,85.783,1,3,2.00,NONE,SEG03,78
362,64.954,11.305,85.783,1,3,2.00,NONE,SEG03,78
363,64.968,11.504,86.087,1,3,2.00,NONE,SEG03,78
364,64.983,11.704,86.577,1,3,2.00,NONE,SEG03,79
365,64.998,11.903,87.068,1,3,2.00,NONE,SEG03,79
366,65.012,12.102,87.559,1,3,2.00,NONE,SEG03,79
367,65.023,12.302,87.746,1,3,2.00,NONE,SEG03,79
368,65.031,12.502,87.833,1,3,2.00,NONE,SEG03,79
369,65.039,12.702,88.224,1,3,2.00,NONE,SEG03,79
370,65.047,12.902,88.615,1,3,2.00,NONE,SEG03,80
371,65.054,13.102,89.006,1,3,2.00,NONE,SEG03,80
372,65.061,13.301,89.310,1,3,2.00,NONE,SEG03,80
373,65.063,13.501,89.310,1,3,2.00,NONE,SEG03,80
374,65.066,13.701,89.664,1,3,2.00,NONE,SEG03,80
375,65.068,13.901,90.101,1,3,2.00,NONE,SEG03,81
376,65.071,14.101,90.538,1,3,2.00,NONE,SEG03,81
377,65.073,14.301,90.975,1,3,2.00,NONE,SEG03,81
378,65.071,14.501,91.059,1,3,2.00,NONE,SEG03,81
379,65.067,14.701,91.426,1,3,2.00,NONE,SEG03,81
380,65.063,14.901,92.336,1,3,2.00,NONE,SEG03,82
381,65.059,15.101,93.246,1,3,2.00,NONE,SEG03,82
382,65.056,15.301,94.156,1,3,2.00,NONE,SEG03,82
383,65.047,15.501,94.699,1,3,2.00,NONE,SEG03,82
384,65.031,15.700,94.732,1,3,2.00,NONE,SEG03,82
385,65.014,15.900,96.042,1,3,2.00,NONE,SEG03,82
386,64.998,16.099,97.353,1,3,2.00,NONE,SEG03,83
387,64.981,16.298,98.665,1,3,2.00,NONE,SEG03,83
388,64.965,16.497,99.943,1,3,2.00,NONE,SEG03,83
389,64.930,16.694,99.943,1,3,2.00,NONE,SEG03,83
390,64.896,16.891,101.053,1,3,2.00,NONE,SEG03,83
391,64.861,17.088,102.696,1,3,2.00,NONE,SEG03,84
392,64.826,17.285,104.340,1,3,2.00,NONE,SEG03,84
393,64.792,17.482,105.982,1,3,2.00,NONE,SEG03,84
394,64.742,17.676,106.514,1,3,2.00,NONE,SEG03,84
395,64.685,17.868,107.153,1,3,2.00,NONE,SEG03,84
396,64.629,18.059,109.025,1,3,2.00,NONE,SEG03,85
397,64.572,18.251,110.900,1,3,2.00,NONE,SEG03,85
398,64.515,18.443,112.773,1,3,2.00,NONE,SEG03,85
399,64.450,18.632,114.007,1,3,2.00,NONE,SEG03,85
400,64.368,18.814,114.007,1,3,2.00,NONE,SEG03,85
401,64.287,18.997,115.927,1,3,2.00,NONE,SEG03,85
402,64.206,19.180,117.906,1,3,2.00,NONE,SEG03,86
403,64.124,19.362,119.885,1,3,2.00,NONE,SEG03,86
404,64.043,19.545,121.860,1,3,2.00,NONE,SEG03,86
405,63.938,19.715,121.915,1,3,2.00,NONE,SEG03,86
406,63.832,19.885,122.956,1,3,2.00,NONE,SEG03,86
407,63.726,20.055,124.734,1,3,2.00,NONE,SEG03,87
408,63.621,20.224,126.514,1,3,2.00,NONE,SEG03,87
409,63.515,20.394,128.292,1,3,2.00,NONE,SEG03,87
410,63.397,20.556,129.030,1,3,2.00,NONE,SEG03,87
411,63.271,20.711,129.439,1,3,2.00,NONE,SEG03,87
412,63.145,20.866,131.226,1,3,2.00,NONE,SEG03,87
413,63.020,21.022,133.016,1,3,2.00,NONE,SEG03,88
414,62.894,21.177,134.806,1,3,2.00,NONE,SEG03,88
415,62.763,21.329,136.185,1,3,2.00,NONE,SEG03,88
416,62.619,21.467,136.185,1,3,2.00,NONE,SEG03,88
417,62.475,21.605,137.737,1,3,2.00,NONE,SEG03,88
418,62.330,21.744,139.410,1,3,2.00,NONE,SEG03,89
419,62.186,21.882,141.084,1,3,2.00,NONE,SEG03,89
420,62.042,22.021,142.755,1,3,2.00,NONE,SEG03,89
421,61.883,22.143,142.874,1,3,2.00,NONE,SEG03,89
422,61.724,22.264,144.034,1,3,2.00,NONE,SEG03,89
423,61.565,22.384,145.753,1,3,2.00,NONE,SEG03,90
424,61.405,22.505,147.472,1,3,2.00,NONE,SEG03,90
425,61.246,22.626,149.189,1,3,2.00,NONE,SEG03,90
426,61.077,22.733,149.747,1,3,2.00,NONE,SEG03,90
427,60.904,22.834,150.685,1,3,2.00,NONE,SEG03,90
428,60.732,22.934,152.414,1,3,2.00,NONE,SEG03,91
429,60.559,23.035,154.145,1,3,2.00,NONE,SEG03,91
430,60.386,23.136,155.874,1,3,2.00,NONE,SEG03,91
431,60.208,23.225,156.665,1,3,2.00,NONE,SEG03,91
432,60.024,23.304,157.080,1,3,2.00,NONE,SEG03,91
433,59.840,23.384,158.337,1,3,2.00,NONE,SEG03,91
434,59.657,23.463,159.595,1,3,2.00,NONE,SEG03,92
435,59.473,23.542,160.853,1,3,2.00,NONE,SEG03,92
436,59.287,23.616,161.696,1,3,2.00,NONE,SEG03,92
437,59.097,23.679,161.696,1,3,2.00,NONE,SEG03,92
438,58.907,23.741,162.789,1,3,2.00,NONE,SEG03,92
439,58.718,23.804,163.887,1,3,2.00,NONE,SEG03,93
440,58.528,23.867,164.985,1,3,2.00,NONE,SEG03,93
441,58.338,23.930,166.082,1,3,2.00,NONE,SEG03,93
442,58.144,23.978,166.086,1,3,2.00,NONE,SEG03,93
443,57.950,24.026,166.585,1,3,2.00,NONE,SEG03,93
444,57.755,24.074,167.389,1,3,2.00,NONE,SEG03,94
445,57.561,24.122,168.194,1,3,2.00,NONE,SEG03,94
446,57.367,24.170,168.999,1,3,2.00,NONE,SEG03,94
447,57.172,24.212,169.305,1,3,2.00,NONE,SEG03,94
448,56.975,24.249,169.558,1,3,2.00,NONE,SEG03,94
449,56.779,24.286,170.194,1,3,2.00,NONE,SEG03,95
450,56.582,24.323,170.830,1,3,2.00,NONE,SEG03,95
451,56.385,24.360,171.467,1,3,2.00,NONE,SEG03,95
452,56.188,24.394,171.851,1,3,2.00,NONE,SEG03,95
453,55.990,24.422,172.022,1,3,2.00,NONE,SEG03,95
454,55.792,24.450,172.495,1,3,2.00,NONE,SEG03,95
455,55.594,24.479,172.968,1,3,2.00,NONE,SEG03,96
456,55.396,24.507,173.441,1,3,2.00,NONE,SEG03,96
457,55.198,24.533,173.743,1,3,2.00,NONE,SEG03,96
458,54.999,24.555,174.292,1,3,2.00,NONE,SEG03,96
459,54.801,24.577,175.520,1,3,2.00,NONE,SEG03,96
460,54.602,24.599,176.750,1,3,2.00,NONE,SEG03,97
461,54.403,24.620,177.978,1,3,2.00,NONE,SEG03,97
462,54.204,24.635,178.659,1,3,2.00,NONE,SEG03,97
463,54.004,24.639,179.428,1,3,2.00,NONE,SEG03,97
464,53.804,24.644,-179.091,1,3,2.00,NONE,SEG03,97
465,53.604,24.649,-177.610,1,3,2.00,NONE,SEG03,98
466,53.404,24.653,-176.130,1,3,2.00,NONE,SEG03,98
467,53.204,24.647,-175.419,1,3,2.00,NONE,SEG03,98
468,53.005,24.631,-174.462,1,3,2.00,NONE,SEG03,98
469,52.805,24.615,-172.413,1,3,2.00,NONE,SEG03,98
470,52.606,24.599,-170.360,1,3,2.00,NONE,SEG03,99
471,52.407,24.583,-168.310,1,3,2.00,NONE,SEG03,99
472,52.209,24.554,-167.218,1,3,2.00,NONE,SEG03,99
473,52.014,24.510,-166.500,1,3,2.00,NONE,SEG03,99
474,51.819,24.466,-164.153,1,3,2.00,NONE,SEG03,99
475,51.624,24.421,-161.801,1,3,2.00,NONE,SEG03,100
476,51.429,24.377,-159.451,1,3,2.00,NONE,SEG03,100
477,51.237,24.323,-157.820,1,3,2.00,NONE,SEG03,100
478,51.052,24.248,-157.801,1,3,2.00,NONE,SEG03,100
479,50.867,24.172,-154.365,1,3,2.00,NONE,SEG03,100
480,50.682,24.097,-150.904,1,3,2.00,NONE,SEG03,101
481,50.496,24.021,-147.444,1,3,2.00,NONE,SEG03,101
482,50.311,23.946,-144.028,1,3,2.00,NONE,SEG03,101
483,50.149,23.828,-144.028,1,3,2.00,NONE,SEG03,101
484,49.988,23.711,-141.416,1,3,2.00,NONE,SEG03,101
485,49.826,23.593,-137.924,1,3,2.00,NONE,SEG03,102
486,49.664,23.476,-134.425,1,3,2.00,NONE,SEG03,102
487,49.502,23.358,-130.946,1,3,2.00,NONE,SEG03,102
488,49.365,23.214,-130.075,1,3,2.00,NONE,SEG03,102
489,49.236,23.061,-128.159,1,3,2.00,NONE,SEG03,102
490,49.107,22.908,-124.903,1,3,2.00,NONE,SEG03,103
491,48.979,22.755,-121.638,1,3,2.00,NONE,SEG03,103
492,48.850,22.602,-118.385,1,3,2.00,NONE,SEG03,103
493,48.743,22.434,-117.047,1,3,2.00,NONE,SEG03,103
494,48.652,22.256,-116.500,1,3,2.00,NONE,SEG03,103
495,48.561,22.078,-114.492,1,3,2.00,NONE,SEG03,103
496,48.470,21.900,-112.481,1,3,2.00,NONE,SEG03,104
497,48.379,21.722,-110.470,1,3,2.00,NONE,SEG03,104
498,48.296,21.541,-109.009,1,3,2.00,NONE,SEG03,104
499,48.230,21.352,-109.009,1,3,2.00,NONE,SEG03,104
500,48.165,21.163,-107.919,1,3,2.00,NONE,SEG03,104
501,48.100,20.973,-106.530,1,3,2.00,NONE,SEG03,105
502,48.035,20.784,-105.140,1,3,2.00,NONE,SEG03,105
503,47.970,20.595,-103.752,1,3,2.00,NONE,SEG03,105
504,47.919,20.402,-103.453,1,3,2.00,NONE,SEG03,105
505,47.873,20.207,-103.407,1,3,2.00,NONE,SEG03,105
506,47.826,20.013,-102.793,1,3,2.00,NONE,SEG03,105
507,47.780,19.818,-102.178,1,3,2.00,NONE,SEG03,106
508,47.733,19.624,-101.563,1,3,2.00,NONE,SEG03,106
509,47.687,19.429,-100.995,1,3,2.00,NONE,SEG03,106
510,47.649,19.233,-100.995,1,3,2.00,NONE,SEG03,106
511,47.611,19.037,-100.947,1,3,2.00,NONE,SEG03,106
512,47.573,18.840,-100.805,1,3,2.00,NONE,SEG03,107
513,47.535,18.644,-100.662,1,3,2.00,NONE,SEG03,107
514,47.497,18.448,-100.520,1,3,2.00,NONE,SEG03,107
515,47.459,18.251,-100.426,1,3,2.00,NONE,SEG03,107
516,47.423,18.054,-100.426,1,3,2.00,NONE,SEG03,107
517,47.387,17.858,-100.108,1,3,2.00,NONE,SEG03,107
518,47.350,17.661,-99.773,1,3,2.00,NONE,SEG03,108
519,47.314,17.464,-99.438,1,3,2.00,NONE,SEG03,108
520,47.278,17.268,-99.104,1,3,2.00,NONE,SEG03,108
521,47.246,17.070,-99.088,1,3,2.00,NONE,SEG03,108
522,47.215,16.873,-98.921,1,3,2.00,NONE,SEG03,108
523,47.183,16.675,-98.698,1,3,2.00,NONE,SEG03,109
524,47.152,16.478,-98.474,1,3,2.00,NONE,SEG03,109
525,47.120,16.280,-98.250,1,3,2.00,NONE,SEG03,109
526,47.091,16.082,-98.192,1,3,2.00,NONE,SEG03,109
527,47.062,15.884,-98.098,1,3,2.00,NONE,SEG03,109
528,47.034,15.686,-97.973,1,3,2.00,NONE,SEG03,110
529,47.005,15.488,-97.848,1,3,2.00,NONE,SEG03,110
530,46.977,15.291,-97.723,1,3,2.00,NONE,SEG03,110
531,46.949,15.092,-97.692,1,3,2.00,NONE,SEG03,110
532,46.923,14.894,-98.565,1,3,2.00,NONE,SEG03,110
533,46.896,14.696,-99.539,1,3,2.00,NONE,SEG03,111
534,46.869,14.498,-100.513,1,3,2.00,NONE,SEG03,111
535,46.842,14.300,-101.487,1,3,2.00,NONE,SEG03,111
536,46.804,14.103,-102.111,1,3,2.00,NONE,SEG03,111
537,46.763,13.908,-103.885,1,3,2.00,NONE,SEG03,111
538,46.723,13.712,-105.661,1,3,2.00,NONE,SEG03,112
539,46.683,13.516,-107.436,1,3,2.00,NONE,SEG03,112
540,46.636,13.322,-108.688,1,3,2.00,NONE,SEG03,112
541,46.572,13.132,-109.690,1,3,2.00,NONE,SEG03,112
542,46.508,12.943,-111.541,1,3,2.00,NONE,SEG03,112
543,46.444,12.753,-113.393,1,3,2.00,NONE,SEG03,113
544,46.380,12.564,-115.245,1,3,2.00,NONE,SEG03,113
545,46.303,12.380,-116.664,1,3,2.00,NONE,SEG03,113
546,46.215,12.200,-119.395,1,3,2.00,NONE,SEG03,113
547,46.127,12.020,-122.137,1,3,2.00,NONE,SEG03,114
548,46.039,11.841,-124.877,1,3,2.00,NONE,SEG03,114
549,45.944,11.665,-127.678,1,3,2.00,NONE,SEG03,114
550,45.823,11.506,-131.404,1,3,2.00,NONE,SEG03,114
551,45.703,11.346,-135.156,1,3,2.00,NONE,SEG03,115
552,45.583,11.186,-138.912,1,3,2.00,NONE,SEG03,115
553,45.456,11.033,-144.012,1,3,2.00,NONE,SEG03,115
554,45.298,10.910,-147.343,1,3,2.00,NONE,SEG03,115
555,45.141,10.787,-150.686,1,3,2.00,NONE,SEG03,116
556,44.983,10.663,-154.312,1,3,2.00,NONE,SEG03,116
557,44.811,10.564,-158.462,1,3,2.00,NONE,SEG03,116
558,44.629,10.481,-161.335,1,3,2.00,NONE,SEG03,116
559,44.447,10.397,-164.209,1,3,2.00,NONE,SEG03,117
560,44.264,10.317,-168.149,1,3,2.00,NONE,SEG03,117
561,44.070,10.272,-170.210,1,3,2.00,NONE,SEG03,117
562,43.875,10.226,-172.273,1,3,2.00,NONE,SEG03,118
563,43.680,10.180,-174.335,1,3,2.00,NONE,SEG03,118
564,43.483,10.153,-175.991,1,3,2.00,NONE,SEG03,118
565,43.283,10.136,-177.143,1,3,2.00,NONE,SEG03,118
566,43.084,10.119,-178.296,1,3,2.00,NONE,SEG03,119
567,42.885,10.101,-179.449,1,3,2.00,NONE,SEG03,119
568,42.685,10.097,-179.919,1,3,2.00,NONE,SEG03,119
569,42.485,10.096,179.679,1,3,2.00,NONE,SEG03,119
570,42.285,10.095,179.277,1,3,2.00,NONE,SEG03,120
571,42.085,10.094,178.875,1,3,2.00,NONE,SEG03,120
572,41.885,10.096,178.667,1,3,2.00,NONE,SEG03,120
573,41.685,10.101,178.048,1,3,2.00,NONE,SEG03,120
574,41.485,10.105,177.429,1,3,2.00,NONE,SEG03,121
575,41.285,10.109,176.810,1,3,2.00,NONE,SEG03,121
576,41.085,10.115,176.279,1,3,2.00,NONE,SEG03,121
577,40.886,10.128,176.113,1,3,2.00,NONE,SEG03,121
578,40.686,10.141,175.691,1,3,2.00,NONE,SEG03,121
579,40.487,10.154,175.270,1,3,2.00,NONE,SEG03,122
580,40.287,10.167,174.848,1,3,2.00,NONE,SEG03,122
581,40.088,10.182,174.593,1,3,2.00,NONE,SEG03,122
582,39.889,10.201,174.358,1,3,2.00,NONE,SEG03,122
583,39.689,10.220,173.913,1,3,2.00,NONE,SEG03,122
584,39.490,10.239,173.467,1,3,2.00,NONE,SEG03,123
585,39.291,10.257,173.022,1,3,2.00,NONE,SEG03,123
586,39.092,10.280,172.811,1,3,2.00,NONE,SEG03,123
587,38.894,10.305,172.565,1,3,2.00,NONE,SEG03,123
588,38.696,10.330,172.222,1,3,2.00,NONE,SEG03,124
589,38.497,10.355,171.878,1,3,2.00,NONE,SEG03,124
590,38.299,10.380,171.535,1,3,2.00,NONE,SEG03,124
591,38.101,10.408,171.438,1,3,2.00,NONE,SEG03,124
592,37.903,10.438,170.903,1,3,2.00,NONE,SEG03,124
593,37.705,10.468,170.334,1,3,2.00,NONE,SEG03,125
594,37.507,10.497,169.764,1,3,2.00,NONE,SEG03,125
595,37.310,10.527,169.195,1,3,2.00,NONE,SEG03,125
596,37.113,10.564,169.118,1,3,2.00,NONE,SEG03,125
597,36.917,10.602,168.812,1,3,2.00,NONE,SEG03,125
598,36.720,10.640,168.506,1,3,2.00,NONE,SEG03,126
599,36.524,10.677,168.200,1,3,2.00,NONE,SEG03,126
600,36.328,10.715,167.936,1,3,2.00,NONE,SEG03,126
601,36.132,10.757,167.818,1,3,2.00,NONE,SEG03,126
602,35.936,10.799,167.588,1,3,2.00,NONE,SEG03,126
603,35.741,10.841,167.358,1,3,2.00,NONE,SEG03,127
604,35.545,10.883,167.127,1,3,2.00,NONE,SEG03,127
605,35.350,10.926,167.015,1,3,2.00,NONE,SEG03,127
606,35.155,10.971,166.924,1,3,2.00,NONE,SEG03,127
607,34.960,11.016,166.810,1,3,2.00,NONE,SEG03,128
608,34.765,11.061,166.695,1,3,2.00,NONE,SEG03,128
609,34.570,11.106,166.580,1,3,2.00,NONE,SEG03,128
610,34.376,11.152,166.556,1,3,2.00,NONE,SEG03,128
611,34.181,11.198,166.057,1,3,2.00,NONE,SEG03,128
612,33.987,11.245,165.363,1,3,2.00,NONE,SEG03,129
613,33.792,11.291,164.670,1,3,2.00,NONE,SEG03,129
614,33.598,11.338,163.977,1,3,2.00,NONE,SEG03,129
615,33.405,11.391,163.782,1,3,2.00,NONE,SEG03,129
616,33.213,11.447,163.379,1,3,2.00,NONE,SEG03,129
617,33.021,11.503,162.509,1,3,2.00,NONE,SEG03,130
618,32.829,11.559,161.638,1,3,2.00,NONE,SEG03,130
619,32.637,11.615,160.768,1,3,2.00,NONE,SEG03,130
620,32.447,11.676,160.301,1,3,2.00,NONE,SEG03,130
621,32.258,11.743,160.056,1,3,2.00,NONE,SEG03,130
622,32.070,11.811,158.398,1,3,2.00,NONE,SEG03,130
623,31.882,11.878,156.739,1,3,2.00,NONE,SEG03,131
624,31.693,11.945,155.080,1,3,2.00,NONE,SEG03,131
625,31.506,12.016,153.667,1,3,2.00,NONE,SEG03,131
626,31.327,12.105,153.667,1,3,2.00,NONE,SEG03,131
627,31.148,12.193,152.428,1,3,2.00,NONE,SEG03,131
628,30.969,12.282,150.316,1,3,2.00,NONE,SEG03,132
629,30.789,12.371,148.200,1,3,2.00,NONE,SEG03,132
630,30.610,12.460,146.089,1,3,2.00,NONE,SEG03,132
631,30.440,12.563,145.215,1,3,2.00,NONE,SEG03,132
632,30.275,12.677,145.142,1,3,2.00,NONE,SEG03,132
633,30.111,12.791,142.183,1,3,2.00,NONE,SEG03,132
634,29.947,12.905,139.210,1,3,2.00,NONE,SEG03,133
635,29.783,13.020,136.236,1,3,2.00,NONE,SEG03,133
636,29.619,13.134,133.351,1,3,2.00,NONE,SEG03,133
637,29.482,13.280,133.351,1,3,2.00,NONE,SEG03,133
638,29.344,13.425,131.761,1,3,2.00,NONE,SEG03,133
639,29.207,13.571,128.833,1,3,2.00,NONE,SEG03,134
640,29.070,13.716,125.899,1,3,2.00,NONE,SEG03,134
641,28.933,13.862,122.972,1,3,2.00,NONE,SEG03,134
642,28.813,14.020,121.636,1,3,2.00,NONE,SEG03,134
643,28.708,14.191,121.145,1,3,2.00,NONE,SEG03,134
644,28.603,14.361,118.477,1,3,2.00,NONE,SEG03,134
645,28.498,14.531,115.798,1,3,2.00,NONE,SEG03,135
646,28.393,14.702,113.122,1,3,2.00,NONE,SEG03,135
647,28.294,14.875,110.943,1,3,2.00,NONE,SEG03,135
648,28.223,15.062,110.939,1,3,2.00,NONE,SEG03,135
649,28.151,15.248,108.701,1,3,2.00,NONE,SEG03,135
650,28.080,15.435,106.456,1,3,2.00,NONE,SEG03,136
651,28.008,15.622,104.211,1,3,2.00,NONE,SEG03,136
652,27.937,15.809,101.977,1,3,2.00,NONE,SEG03,136
653,27.895,16.004,101.977,1,3,2.00,NONE,SEG03,136
654,27.854,16.200,100.180,1,3,2.00,NONE,SEG03,136
655,27.812,16.396,98.358,1,3,2.00,NONE,SEG03,137
656,27.771,16.591,96.535,1,3,2.00,NONE,SEG03,137
657,27.729,16.787,94.717,1,3,2.00,NONE,SEG03,137
658,27.713,16.986,94.552,1,3,2.00,NONE,SEG03,137
659,27.696,17.186,93.302,1,3,2.00,NONE,SEG03,137
660,27.680,17.385,92.050,1,3,2.00,NONE,SEG03,138
661,27.664,17.584,90.799,1,3,2.00,NONE,SEG03,138
662,27.649,17.784,89.692,1,3,2.00,NONE,SEG03,138
663,27.650,17.984,89.515,1,3,2.00,NONE,SEG03,138
664,27.651,18.184,89.045,1,3,2.00,NONE,SEG03,138
665,27.653,18.384,88.575,1,3,2.00,NONE,SEG03,139
666,27.654,18.584,88.106,1,3,2.00,NONE,SEG03,139
667,27.657,18.784,87.813,1,3,2.00,NONE,SEG03,139
668,27.665,18.983,87.879,1,3,2.00,NONE,SEG03,139
669,27.672,19.183,87.957,1,3,2.00,NONE,SEG03,140
670,27.680,19.383,88.035,1,3,2.00,NONE,SEG03,140
671,27.688,19.583,88.113,1,3,2.00,NONE,SEG03,140
672,27.694,19.783,88.125,1,3,2.00,NONE,SEG03,140
673,27.701,19.983,88.126,1,3,2.00,NONE,SEG03,140
674,27.707,20.183,88.128,1,3,2.00,NONE,SEG03,141
675,27.714,20.383,88.130,1,3,2.00,NONE,SEG03,141
676,27.721,20.582,88.131,1,3,2.00,NONE,SEG03,141
677,27.727,20.782,88.156,1,3,2.00,NONE,SEG03,141
678,27.734,20.982,88.196,1,3,2.00,NONE,SEG03,141
679,27.740,21.182,88.236,1,3,2.00,NONE,SEG03,142
680,27.747,21.382,88.276,1,3,2.00,NONE,SEG03,142
681,27.753,21.582,88.292,1,3,2.00,NONE,SEG03,142
682,27.759,21.782,88.106,1,3,2.00,NONE,SEG03,142
683,27.765,21.982,87.875,1,3,2.00,NONE,SEG03,143
684,27.771,22.182,87.645,1,3,2.00,NONE,SEG03,143
685,27.777,22.382,87.415,1,3,2.00,NONE,SEG03,143
686,27.785,22.581,87.398,1,3,2.00,NONE,SEG03,143
687,27.794,22.781,87.500,1,3,2.00,NONE,SEG03,143
688,27.804,22.981,87.603,1,3,2.00,NONE,SEG03,144
689,27.813,23.181,87.705,1,3,2.00,NONE,SEG03,144
690,27.822,23.381,87.780,1,3,2.00,NONE,SEG03,144
691,27.829,23.580,87.797,1,3,2.00,NONE,SEG03,144
692,27.837,23.780,87.814,1,3,2.00,NONE,SEG03,145
693,27.845,23.980,87.831,1,3,2.00,NONE,SEG03,145
694,27.853,24.180,87.834,1,3,2.00,NONE,SEG03,145
695,27.860,24.380,87.680,1,3,2.00,NONE,SEG03,145
696,27.868,24.580,87.527,1,3,2.00,NONE,SEG03,146
697,27.875,24.780,87.373,1,3,2.00,NONE,SEG03,146
698,27.883,24.979,87.046,1,3,2.00,NONE,SEG03,146
699,27.892,25.179,86.788,1,3,2.00,NONE,SEG03,146
700,27.902,25.379,86.529,1,3,2.00,NONE,SEG03,147
701,27.912,25.579,86.292,1,3,2.00,NONE,SEG03,147
702,27.924,25.778,86.251,1,3,2.00,NONE,SEG03,147
703,27.937,25.978,86.280,1,3,2.00,NONE,SEG03,148
704,27.951,26.177,86.232,1,3,2.00,NONE,SEG03,148
705,27.963,26.377,86.070,1,3,2.00,NONE,SEG03,148
706,27.976,26.577,85.899,1,3,2.00,NONE,SEG03,149
707,27.989,26.776,85.729,1,3,2.00,NONE,SEG03,149
708,28.003,26.976,85.720,1,3,2.00,NONE,SEG03,149
709,28.018,27.175,85.842,1,3,2.00,NONE,SEG03,149
710,28.034,27.375,85.965,1,3,2.00,NONE,SEG03,150
711,28.049,27.574,86.087,1,3,2.00,NONE,SEG03,150
712,28.063,27.773,86.216,1,3,2.00,NONE,SEG03,150
713,28.076,27.973,86.477,1,3,2.00,NONE,SEG03,150
714,28.090,28.173,86.738,1,3,2.00,NONE,SEG03,151
715,28.103,28.372,86.999,1,3,2.00,NONE,SEG03,151
716,28.116,28.572,87.171,1,3,2.00,NONE,SEG03,151
717,28.125,28.771,87.194,1,3,2.00,NONE,SEG03,151
718,28.135,28.971,87.273,1,3,2.00,NONE,SEG03,151
719,28.145,29.171,87.351,1,3,2.00,NONE,SEG03,152
720,28.155,29.371,87.429,1,3,2.00,NONE,SEG03,152
721,28.165,29.571,87.484,1,3,2.00,NONE,SEG03,152
722,28.173,29.770,87.484,1,3,2.00,NONE,SEG03,152
723,28.182,29.970,87.495,1,3,2.00,NONE,SEG03,152
724,28.191,30.170,87.508,1,4,2.00,NONE,SEG04,153
725,28.200,30.370,87.520,1,4,2.00,NONE,SEG04,153
726,28.209,30.570,87.533,1,4,2.00,NONE,SEG04,153
727,28.217,30.769,87.535,1,4,2.00,NONE,SEG04,153
728,28.226,30.969,87.511,1,4,2.00,NONE,SEG04,153
729,28.234,31.169,87.450,1,4,2.00,NONE,SEG04,154
730,28.243,31.369,87.389,1,4,2.00,NONE,SEG04,154
731,28.252,31.569,87.327,1,4,2.00,NONE,SEG04,154
732,28.261,31.768,87.290,1,4,2.00,NONE,SEG04,154
733,28.270,31.968,87.290,1,4,2.00,NONE,SEG04,154
734,28.279,32.168,87.089,1,4,2.00,NONE,SEG04,154
735,28.289,32.368,86.876,1,4,2.00,STOP_LINE,SEG04,155
736,28.298,32.568,86.662,1,4,2.00,NONE,SEG04,155
737,28.308,32.767,86.448,1,4,2.00,NONE,SEG04,155
738,28.320,32.967,86.435,1,4,2.00,NONE,SEG04,155
739,28.332,33.167,86.321,1,4,2.00,NONE,SEG04,155
740,28.345,33.366,86.111,1,4,2.00,NONE,SEG04,156
741,28.357,33.566,85.900,1,4,2.00,NONE,SEG04,156
742,28.370,33.765,85.690,1,4,2.00,NONE,SEG04,156
743,28.384,33.965,85.593,1,4,2.00,NONE,SEG04,156
744,28.399,34.164,85.582,1,4,2.00,NONE,SEG04,156
745,28.415,34.364,85.526,1,4,2.00,NONE,SEG04,156
746,28.430,34.563,85.471,1,4,2.00,NONE,SEG04,157
747,28.445,34.763,85.415,1,4,2.00,NONE,SEG04,157
748,28.461,34.962,85.370,1,4,2.00,NONE,SEG04,157
749,28.477,35.161,85.370,1,4,2.00,NONE,SEG04,157
750,28.493,35.361,85.373,1,4,2.00,NONE,SEG04,157
751,28.509,35.560,85.378,1,8,2.00,NONE,SEG08,478
752,28.525,35.759,85.383,1,4,2.00,NONE,SEG04,158
753,28.542,35.959,85.387,1,4,2.00,NONE,SEG04,158
754,28.558,36.158,85.388,1,4,2.00,NONE,SEG04,158
755,28.574,36.357,85.473,1,4,2.00,NONE,SEG04,158
756,28.590,36.557,85.647,1,4,2.00,NONE,SEG04,159
757,28.606,36.756,85.821,1,4,2.00,NONE,SEG04,159
758,28.622,36.955,85.996,1,4,2.00,NONE,SEG04,159
759,28.637,37.155,86.085,1,4,2.00,NONE,SEG04,159
760,28.651,37.354,86.097,1,4,2.00,NONE,SEG04,159
761,28.664,37.554,86.196,1,4,2.00,NONE,SEG04,159
762,28.678,37.753,86.295,1,4,2.00,NONE,SEG04,160
763,28.691,37.953,86.393,1,4,2.00,NONE,SEG04,160
764,28.705,38.153,86.479,1,4,2.00,NONE,SEG04,160
765,28.717,38.352,86.479,1,4,2.00,NONE,SEG04,160
766,28.730,38.552,86.520,1,4,2.00,NONE,SEG04,160
767,28.742,38.751,86.576,1,4,2.00,NONE,SEG04,161
768,28.754,38.951,86.631,1,4,2.00,NONE,SEG04,161
769,28.766,39.151,86.686,1,4,2.00,NONE,SEG04,161
770,28.778,39.350,86.701,1,4,2.00,NONE,SEG04,161
771,28.790,39.550,86.739,1,4,2.00,NONE,SEG04,161
772,28.801,39.750,86.848,1,4,2.00,NONE,SEG04,162
773,28.813,39.949,86.957,1,4,2.00,NONE,SEG04,162
774,28.824,40.149,87.066,1,4,2.00,NONE,SEG04,162
775,28.835,40.349,87.136,1,4,2.00,NONE,SEG04,162
776,28.845,40.548,87.136,1,4,2.00,NONE,SEG04,162
777,28.855,40.748,87.340,1,4,2.00,NONE,SEG04,162
778,28.865,40.948,87.548,1,4,2.00,NONE,SEG04,163
779,28.875,41.148,87.755,1,4,2.00,NONE,SEG04,163
780,28.885,41.347,87.963,1,4,2.00,NONE,SEG04,163
781,28.892,41.547,87.966,1,4,2.00,NONE,SEG04,163
782,28.899,41.747,87.994,1,4,2.00,NONE,SEG04,163
783,28.906,41.947,88.038,1,4,2.00,NONE,SEG04,164
784,28.913,42.147,88.082,1,4,2.00,NONE,SEG04,164
785,28.921,42.347,88.126,1,4,2.00,NONE,SEG04,164
786,28.927,42.547,88.143,1,4,2.00,NONE,SEG04,164
787,28.934,42.747,88.132,1,4,2.00,NONE,SEG04,164
788,28.940,42.946,88.092,1,4,2.00,NONE,SEG04,164
789,28.947,43.146,88.051,1,4,2.00,NONE,SEG04,165
790,28.953,43.346,88.010,1,4,2.00,NONE,SEG04,165
791,28.960,43.546,87.980,1,4,2.00,NONE,SEG04,165
792,28.967,43.746,87.980,1,4,2.00,NONE,SEG04,165
793,28.974,43.946,87.851,1,4,2.00,NONE,SEG04,165
794,28.981,44.146,87.708,1,4,2.00,NONE,SEG04,166
795,28.988,44.346,87.565,1,4,2.00,NONE,SEG04,166
796,28.995,44.546,87.422,1,4,2.00,NONE,SEG04,166
797,29.004,44.745,87.409,1,4,2.00,NONE,SEG04,166
798,29.013,44.945,87.375,1,4,2.00,NONE,SEG04,166
799,29.022,45.145,87.319,1,4,2.00,NONE,SEG04,167
800,29.031,45.345,87.264,1,4,2.00,NONE,SEG04,167
801,29.040,45.545,87.209,1,4,2.00,NONE,SEG04,167
802,29.050,45.744,87.187,1,4,2.00,NONE,SEG04,167
803,29.059,45.944,87.201,1,4,2.00,NONE,SEG04,167
804,29.069,46.144,87.237,1,4,2.00,NONE,SEG04,167
805,29.079,46.344,87.273,1,4,2.00,NONE,SEG04,168
806,29.089,46.543,87.309,1,4,2.00,NONE,SEG04,168
807,29.099,46.743,87.332,1,4,2.00,NONE,SEG04,168
808,29.108,46.943,87.331,1,4,2.00,NONE,SEG04,168
809,29.117,47.143,87.330,1,4,2.00,NONE,SEG04,168
810,29.126,47.342,87.329,1,4,2.00,NONE,SEG04,169
811,29.136,47.542,87.328,1,4,2.00,NONE,SEG04,169
812,29.145,47.742,87.327,1,4,2.00,NONE,SEG04,169
813,29.154,47.942,87.327,1,4,2.00,NONE,SEG04,169
814,29.164,48.142,87.325,1,4,2.00,NONE,SEG04,169
815,29.173,48.341,87.323,1,4,2.00,NONE,SEG04,170
816,29.182,48.541,87.321,1,4,2.00,NONE,SEG04,170
817,29.192,48.741,87.319,1,4,2.00,NONE,SEG04,170
818,29.201,48.941,87.318,1,4,2.00,NONE,SEG04,170
819,29.210,49.140,87.286,1,4,2.00,NONE,SEG04,170
820,29.220,49.340,87.240,1,4,2.00,NONE,SEG04,171
821,29.229,49.540,87.194,1,4,2.00,NONE,SEG04,171
822,29.238,49.740,87.147,1,4,2.00,NONE,SEG04,171
823,29.248,49.940,87.133,1,4,2.00,NONE,SEG04,171
824,29.258,50.139,87.081,1,4,2.00,NONE,SEG04,171
825,29.268,50.339,86.949,1,4,2.00,NONE,SEG04,172
826,29.278,50.539,86.817,1,4,2.00,NONE,SEG04,172
827,29.288,50.739,86.685,1,4,2.00,NONE,SEG04,172
828,29.299,50.938,86.604,1,4,2.00,NONE,SEG04,172
829,29.311,51.138,86.596,1,4,2.00,NONE,SEG04,172
830,29.323,51.338,86.423,1,4,2.00,NONE,SEG04,172
831,29.335,51.537,86.251,1,4,2.00,NONE,SEG04,173
832,29.346,51.737,86.078,1,4,2.00,NONE,SEG04,173
833,29.358,51.937,85.914,1,4,2.00,NONE,SEG04,173
834,29.373,52.136,85.914,1,4,2.00,NONE,SEG04,173
835,29.387,52.336,85.842,1,4,2.00,NONE,SEG04,173
836,29.401,52.535,85.732,1,4,2.00,NONE,SEG04,174
837,29.415,52.735,85.622,1,4,2.00,NONE,SEG04,174
838,29.430,52.934,85.512,1,4,2.00,NONE,SEG04,174
839,29.445,53.133,85.474,1,4,2.00,NONE,SEG04,174
840,29.461,53.333,85.459,1,4,2.00,NONE,SEG04,174
841,29.476,53.532,85.396,1,4,2.00,NONE,SEG04,174
842,29.492,53.732,85.333,1,4,2.00,NONE,SEG04,175
843,29.508,53.931,85.269,1,4,2.00,NONE,SEG04,175
844,29.524,54.130,85.222,1,4,2.00,NONE,SEG04,175
845,29.541,54.330,85.222,1,4,2.00,NONE,SEG04,175
846,29.557,54.529,85.240,1,4,2.00,NONE,SEG04,175
847,29.574,54.728,85.261,1,4,2.00,NONE,SEG04,176
848,29.591,54.927,85.283,1,4,2.00,NONE,SEG04,176
849,29.607,55.127,85.305,1,4,2.00,NONE,SEG04,176
850,29.624,55.326,85.309,1,4,2.00,NONE,SEG04,176
851,29.640,55.525,85.180,1,4,2.00,NONE,SEG04,176
852,29.656,55.725,84.861,1,4,2.00,NONE,SEG04,177
853,29.673,55.924,84.542,1,4,2.00,NONE,SEG04,177
854,29.689,56.123,84.223,1,4,2.00,NONE,SEG04,177
855,29.707,56.323,84.033,1,4,2.00,NONE,SEG04,177
856,29.728,56.522,84.020,1,4,2.00,NONE,SEG04,177
857,29.749,56.720,83.302,1,4,2.00,NONE,SEG04,177
858,29.770,56.919,82.585,1,4,2.00,NONE,SEG04,178
859,29.790,57.118,81.867,1,4,2.00,NONE,SEG04,178
860,29.811,57.317,81.163,1,4,2.00,NONE,SEG04,178
861,29.842,57.515,81.163,1,4,2.00,NONE,SEG04,178
862,29.873,57.712,80.627,1,4,2.00,NONE,SEG04,178
863,29.904,57.910,79.786,1,4,2.00,NONE,SEG04,179
864,29.934,58.108,78.946,1,4,2.00,NONE,SEG04,179
865,29.965,58.305,78.106,1,4,2.00,NONE,SEG04,179
866,30.003,58.502,77.802,1,4,2.00,NONE,SEG04,179
867,30.045,58.697,77.437,1,4,2.00,NONE,SEG04,179
868,30.088,58.893,76.268,1,4,2.00,NONE,SEG04,179
869,30.130,59.088,75.098,1,4,2.00,NONE,SEG04,180
870,30.172,59.283,73.928,1,4,2.00,NONE,SEG04,180
871,30.219,59.478,73.123,1,4,2.00,NONE,SEG04,180
872,30.277,59.669,73.023,1,4,2.00,NONE,SEG04,180
873,30.335,59.860,71.429,1,4,2.00,NONE,SEG04,180
874,30.394,60.052,69.832,1,4,2.00,NONE,SEG04,181
875,30.452,60.243,68.236,1,4,2.00,NONE,SEG04,181
876,30.511,60.434,66.741,1,4,2.00,NONE,SEG04,181
877,30.590,60.618,66.741,1,4,2.00,NONE,SEG04,181
878,30.669,60.802,65.134,1,4,2.00,NONE,SEG04,181
879,30.748,60.985,63.265,1,5,2.00,NONE,SEG05,182
880,30.827,61.169,61.395,1,5,2.00,NONE,SEG05,182
881,30.906,61.353,59.528,1,5,2.00,NONE,SEG05,182
882,31.005,61.526,59.268,1,5,2.00,NONE,SEG05,182
883,31.107,61.698,57.536,1,5,2.00,NONE,SEG05,182
884,31.209,61.870,55.285,1,5,2.00,NONE,SEG05,183
885,31.311,62.042,53.032,1,5,2.00,NONE,SEG05,183
886,31.414,62.214,50.784,1,5,2.00,NONE,SEG05,183
887,31.536,62.372,50.268,1,5,2.00,NONE,SEG05,183
888,31.663,62.526,48.274,1,5,2.00,NONE,SEG05,183
889,31.791,62.680,45.920,1,5,2.00,NONE,SEG05,184
890,31.919,62.834,43.564,1,5,2.00,NONE,SEG05,184
891,32.047,62.987,41.216,1,5,2.00,NONE,SEG05,184
892,32.195,63.122,40.860,1,5,2.00,NONE,SEG05,184
893,32.346,63.252,38.628,1,5,2.00,NONE,SEG05,184
894,32.497,63.383,36.382,1,5,2.00,NONE,SEG05,185
895,32.648,63.514,34.135,1,5,2.00,NONE,SEG05,185
896,32.800,63.645,31.896,1,5,2.00,NONE,SEG05,185
897,32.969,63.751,31.572,1,5,2.00,NONE,SEG05,185
898,33.139,63.856,29.436,1,5,2.00,NONE,SEG05,185
899,33.309,63.962,27.294,1,5,2.00,NONE,SEG05,186
900,33.479,64.068,25.153,1,5,2.00,NONE,SEG05,186
901,33.651,64.169,23.333,1,5,2.00,NONE,SEG05,186
902,33.834,64.249,22.747,1,5,2.00,NONE,SEG05,186
903,34.018,64.328,20.648,1,5,2.00,NONE,SEG05,186
904,34.202,64.407,18.546,1,5,2.00,NONE,SEG05,187
905,34.385,64.486,16.444,1,5,2.00,NONE,SEG05,187
906,34.572,64.558,14.930,1,5,2.00,NONE,SEG05,187
907,34.765,64.609,13.939,1,5,2.00,NONE,SEG05,187
908,34.958,64.661,11.560,1,5,2.00,NONE,SEG05,187
909,35.151,64.712,9.175,1,5,2.00,NONE,SEG05,188
910,35.345,64.764,6.794,1,5,2.00,NONE,SEG05,188
911,35.540,64.802,5.405,1,5,2.00,NONE,SEG05,188
912,35.739,64.821,3.938,1,5,2.00,NONE,SEG05,188
913,35.939,64.840,1.643,1,5,2.00,NONE,SEG05,189
914,36.138,64.858,-0.655,1,5,2.00,NONE,SEG05,189
915,36.337,64.877,-2.948,1,5,2.00,NONE,SEG05,189
916,36.536,64.876,-3.775,1,5,2.00,NONE,SEG05,189
917,36.736,64.863,-5.566,1,5,2.00,NONE,SEG05,189
918,36.935,64.849,-8.165,1,5,2.00,NONE,SEG05,190
919,37.135,64.836,-10.768,1,5,2.00,NONE,SEG05,190
920,37.334,64.823,-13.363,1,5,2.00,NONE,SEG05,190
921,37.530,64.785,-14.169,1,5,2.00,NONE,SEG05,190
922,37.724,64.736,-15.380,1,5,2.00,NONE,SEG05,190
923,37.918,64.687,-18.091,1,5,2.00,NONE,SEG05,191
924,38.112,64.638,-20.808,1,5,2.00,NONE,SEG05,191
925,38.306,64.589,-23.520,1,5,2.00,NONE,SEG05,191
926,38.494,64.525,-25.020,1,5,2.00,NONE,SEG05,191
927,38.675,64.440,-25.039,1,5,2.00,NONE,SEG05,191
928,38.856,64.355,-27.840,1,5,2.00,NONE,SEG05,191
929,39.038,64.271,-30.656,1,5,2.00,NONE,SEG05,192
930,39.219,64.186,-33.471,1,5,2.00,NONE,SEG05,192
931,39.400,64.101,-36.254,1,5,2.00,NONE,SEG05,192
932,39.561,63.983,-36.254,1,5,2.00,NONE,SEG05,192
933,39.723,63.865,-37.229,1,5,2.00,NONE,SEG05,192
934,39.884,63.747,-39.294,1,5,2.00,NONE,SEG05,193
935,40.045,63.628,-41.362,1,5,2.00,NONE,SEG05,193
936,40.206,63.510,-43.427,1,5,2.00,NONE,SEG05,193
937,40.359,63.382,-44.518,1,5,2.00,NONE,SEG05,193
938,40.502,63.241,-44.518,1,5,2.00,NONE,SEG05,193
939,40.644,63.101,-47.085,1,5,2.00,NONE,SEG05,193
940,40.787,62.961,-49.932,1,5,2.00,NONE,SEG05,194
941,40.929,62.821,-52.781,1,5,2.00,NONE,SEG05,194
942,41.072,62.680,-55.617,1,5,2.00,NONE,SEG05,194
943,41.187,62.517,-55.886,1,5,2.00,NONE,SEG05,194
944,41.299,62.352,-56.875,1,5,2.00,NONE,SEG05,194
945,41.411,62.186,-60.420,1,5,2.00,NONE,SEG05,195
946,41.524,62.020,-63.985,1,5,2.00,NONE,SEG05,195
947,41.636,61.855,-67.543,1,5,2.00,NONE,SEG05,195
948,41.736,61.683,-70.103,1,5,2.00,NONE,SEG05,195
949,41.804,61.495,-70.103,1,5,2.00,NONE,SEG05,195
950,41.872,61.307,-71.904,1,5,2.00,NONE,SEG05,195
951,41.940,61.119,-74.777,1,5,2.00,NONE,SEG05,196
952,42.008,60.931,-77.655,1,5,2.00,NONE,SEG05,196
953,42.076,60.743,-80.524,1,5,2.00,NONE,SEG05,196
954,42.120,60.549,-81.594,1,5,2.00,NONE,SEG05,196
955,42.149,60.351,-81.796,1,5,2.00,NONE,SEG05,196
956,42.178,60.153,-83.313,1,5,2.00,NONE,SEG05,196
957,42.208,59.955,-84.832,1,5,2.00,NONE,SEG05,197
958,42.237,59.757,-86.350,1,5,2.00,NONE,SEG05,197
959,42.263,59.559,-87.665,1,5,2.00,NONE,SEG05,197
960,42.271,59.359,-87.665,1,5,2.00,NONE,SEG05,197
961,42.280,59.159,-88.296,1,5,2.00,NONE,SEG05,197
962,42.288,58.960,-89.338,1,5,2.00,NONE,SEG05,198
963,42.296,58.760,-90.381,1,5,2.00,NONE,SEG05,198
964,42.304,58.560,-91.423,1,5,2.00,NONE,SEG05,198
965,42.303,58.360,-91.834,1,5,2.00,NONE,SEG05,198
966,42.297,58.160,-91.834,1,5,2.00,NONE,SEG05,198
967,42.291,57.960,-92.366,1,5,2.00,NONE,SEG05,198
968,42.284,57.760,-92.951,1,5,2.00,NONE,SEG05,199
969,42.278,57.560,-93.535,1,5,2.00,NONE,SEG05,199
970,42.271,57.361,-94.119,1,5,2.00,NONE,SEG05,199
971,42.258,57.161,-94.172,1,5,2.00,NONE,SEG05,199
972,42.243,56.962,-93.410,1,5,2.00,NONE,SEG05,199
973,42.228,56.762,-92.137,1,5,2.00,NONE,SEG05,200
974,42.214,56.563,-90.863,1,5,2.00,NONE,SEG05,200
975,42.199,56.363,-89.589,1,5,2.00,NONE,SEG05,200
976,42.195,56.163,-89.078,1,5,2.00,NONE,SEG05,200
977,42.199,55.963,-87.877,1,5,2.00,NONE,SEG05,200
978,42.202,55.763,-85.732,1,5,2.00,NONE,SEG05,201
979,42.205,55.564,-83.585,1,5,2.00,NONE,SEG05,201
980,42.208,55.364,-81.441,1,5,2.00,NONE,SEG05,201
981,42.228,55.165,-80.498,1,5,2.00,NONE,SEG05,201
982,42.261,54.968,-79.337,1,5,2.00,NONE,SEG05,201
983,42.294,54.771,-77.585,1,5,2.00,NONE,SEG05,202
984,42.327,54.573,-75.833,1,5,2.00,NONE,SEG05,202
985,42.360,54.376,-74.082,1,5,2.00,NONE,SEG05,202
986,42.409,54.182,-73.491,1,5,2.00,NONE,SEG05,202
987,42.466,53.991,-71.558,1,5,2.00,NONE,SEG05,202
988,42.523,53.799,-69.375,1,5,2.00,NONE,SEG05,203
989,42.580,53.607,-67.192,1,5,2.00,NONE,SEG05,203
990,42.636,53.415,-65.013,1,5,2.00,NONE,SEG05,203
991,42.718,53.233,-64.320,1,5,2.00,NONE,SEG05,203
992,42.804,53.052,-62.462,1,5,2.00,NONE,SEG05,203
993,42.889,52.871,-60.601,1,5,2.00,NONE,SEG05,204
994,42.974,52.691,-58.741,1,5,2.00,NONE,SEG05,204
995,43.065,52.513,-57.329,1,5,2.00,NONE,SEG05,204
996,43.173,52.344,-56.786,1,5,2.00,NONE,SEG05,204
997,43.281,52.176,-54.987,1,5,2.00,NONE,SEG05,204
998,43.389,52.008,-53.185,1,5,2.00,NONE,SEG05,205
999,43.497,51.839,-51.385,1,5,2.00,NONE,SEG05,205
1000,43.611,51.675,-50.128,1,5,2.00,NONE,SEG05,205
1001,43.739,51.522,-49.604,1,5,2.00,NONE,SEG05,205
1002,43.867,51.368,-48.367,1,5,2.00,NONE,SEG05,205
1003,43.995,51.215,-47.128,1,5,2.00,NONE,SEG05,206
1004,44.124,51.061,-45.890,1,5,2.00,NONE,SEG05,206
1005,44.257,50.913,-45.176,1,5,2.00,NONE,SEG05,206
1006,44.398,50.771,-44.543,1,5,2.00,NONE,SEG05,206
1007,44.539,50.629,-42.847,1,5,2.00,NONE,SEG05,206
1008,44.680,50.487,-41.148,1,5,2.00,NONE,SEG05,207
1009,44.821,50.345,-39.451,1,5,2.00,NONE,SEG05,207
1010,44.968,50.210,-38.388,1,5,2.00,NONE,SEG05,207
1011,45.125,50.086,-37.963,1,5,2.00,NONE,SEG05,207
1012,45.282,49.962,-36.165,1,5,2.00,NONE,SEG05,207
1013,45.438,49.837,-34.365,1,5,2.00,NONE,SEG05,208
1014,45.595,49.713,-32.565,1,5,2.00,NONE,SEG05,208
1015,45.755,49.594,-31.192,1,5,2.00,NONE,SEG05,208
1016,45.926,49.490,-31.011,1,5,2.00,NONE,SEG05,208
1017,46.097,49.387,-29.011,1,5,2.00,NONE,SEG05,208
1018,46.268,49.283,-27.006,1,5,2.00,NONE,SEG05,209
1019,46.440,49.180,-25.003,1,5,2.00,NONE,SEG05,209
1020,46.612,49.078,-23.184,1,5,2.00,NONE,SEG05,209
1021,46.796,49.000,-23.184,1,5,2.00,NONE,SEG05,209
1022,46.980,48.921,-21.347,1,5,2.00,NONE,SEG05,209
1023,47.163,48.842,-19.402,1,5,2.00,NONE,SEG05,210
1024,47.347,48.763,-17.457,1,5,2.00,NONE,SEG05,210
1025,47.531,48.685,-15.517,1,5,2.00,NONE,SEG05,210
1026,47.723,48.630,-15.413,1,5,2.00,NONE,SEG05,210
1027,47.916,48.577,-13.788,1,5,2.00,NONE,SEG05,210
1028,48.109,48.524,-11.687,1,5,2.00,NONE,SEG05,211
1029,48.302,48.471,-9.586,1,5,2.00,NONE,SEG05,211
1030,48.495,48.417,-7.488,1,5,2.00,NONE,SEG05,211
1031,48.692,48.386,-7.015,1,5,2.00,NONE,SEG05,211
1032,48.890,48.362,-5.695,1,5,2.00,NONE,SEG05,211
1033,49.089,48.338,-3.591,1,5,2.00,NONE,SEG05,212
1034,49.287,48.313,-1.485,1,5,2.00,NONE,SEG05,212
1035,49.486,48.289,0.618,1,5,2.00,NONE,SEG05,212
1036,49.685,48.283,1.401,1,5,2.00,NONE,SEG05,212
1037,49.885,48.288,2.255,1,5,2.00,NONE,SEG05,212
1038,50.085,48.293,4.061,1,5,2.00,NONE,SEG05,213
1039,50.285,48.297,5.869,1,5,2.00,NONE,SEG05,213
1040,50.485,48.302,7.676,1,5,2.00,NONE,SEG05,213
1041,50.684,48.319,8.627,1,5,2.00,NONE,SEG05,213
1042,50.882,48.349,9.117,1,5,2.00,NONE,SEG05,213
1043,51.079,48.379,10.564,1,5,2.00,NONE,SEG05,213
1044,51.277,48.409,12.012,1,5,2.00,NONE,SEG05,214
1045,51.475,48.439,13.460,1,5,2.00,NONE,SEG05,214
1046,51.671,48.476,14.418,1,5,2.00,NONE,SEG05,214
1047,51.865,48.526,14.832,1,5,2.00,NONE,SEG05,214
1048,52.059,48.575,16.202,1,5,2.00,NONE,SEG05,214
1049,52.252,48.625,17.572,1,5,2.00,NONE,SEG05,215
1050,52.446,48.675,18.942,1,5,2.00,NONE,SEG05,215
1051,52.638,48.730,19.898,1,5,2.00,NONE,SEG05,215
1052,52.826,48.798,20.321,1,5,2.00,NONE,SEG05,215
1053,53.014,48.866,21.469,1,5,2.00,NONE,SEG05,215
1054,53.202,48.934,22.618,1,5,2.00,NONE,SEG05,216
1055,53.390,49.002,23.766,1,5,2.00,NONE,SEG05,216
1056,53.576,49.076,24.492,1,5,2.00,NONE,SEG05,216
1057,53.758,49.159,25.067,1,5,2.00,NONE,SEG05,216
1058,53.940,49.242,26.263,1,5,2.00,NONE,SEG05,216
1059,54.122,49.325,27.459,1,5,2.00,NONE,SEG05,217
1060,54.304,49.408,28.655,1,5,2.00,NONE,SEG05,217
1061,54.482,49.498,29.277,1,5,2.00,NONE,SEG05,217
1062,54.657,49.596,29.434,1,5,2.00,NONE,SEG05,217
1063,54.831,49.693,29.744,1,5,2.00,NONE,SEG05,217
1064,55.006,49.791,30.053,1,5,2.00,NONE,SEG05,218
1065,55.180,49.889,30.362,1,5,2.00,NONE,SEG05,218
1066,55.354,49.989,30.513,1,5,2.00,NONE,SEG05,218
1067,55.526,50.090,30.367,1,5,2.00,NONE,SEG05,218
1068,55.698,50.192,30.143,1,5,2.00,NONE,SEG05,219
1069,55.871,50.293,29.918,1,5,2.00,NONE,SEG05,219
1070,56.043,50.395,29.694,1,5,2.00,NONE,SEG05,219
1071,56.216,50.495,29.616,1,5,2.00,NONE,SEG05,219
1072,56.390,50.593,29.173,1,5,2.00,NONE,SEG05,219
1073,56.564,50.692,28.665,1,5,2.00,NONE,SEG05,220
1074,56.738,50.791,28.156,1,5,2.00,NONE,SEG05,220
1075,56.912,50.890,27.647,1,5,2.00,NONE,SEG05,220
1076,57.089,50.983,27.484,1,5,2.00,NONE,SEG05,220
1077,57.266,51.076,25.910,1,5,2.00,NONE,SEG05,220
1078,57.443,51.169,24.334,1,5,2.00,NONE,SEG05,221
1079,57.620,51.261,22.758,1,5,2.00,NONE,SEG05,221
1080,57.798,51.353,21.281,1,5,2.00,NONE,SEG05,221
1081,57.985,51.425,20.695,1,5,2.00,NONE,SEG05,221
1082,58.171,51.498,17.977,1,5,2.00,NONE,SEG05,221
1083,58.357,51.570,15.249,1,5,2.00,NONE,SEG05,222
1084,58.544,51.643,12.524,1,5,2.00,NONE,SEG05,222
1085,58.732,51.708,10.390,1,5,2.00,NONE,SEG05,222
1086,58.929,51.744,9.177,1,5,2.00,NONE,SEG05,222
1087,59.126,51.780,6.967,1,5,2.00,NONE,SEG05,222
1088,59.322,51.816,4.753,1,5,2.00,NONE,SEG05,223
1089,59.519,51.852,2.543,1,5,2.00,NONE,SEG05,223
1090,59.718,51.871,1.546,1,5,2.00,NONE,SEG05,223
1091,59.917,51.877,0.023,1,5,2.00,NONE,SEG05,223
1092,60.117,51.882,-1.897,1,5,2.00,NONE,SEG05,224
1093,60.317,51.887,-3.819,1,5,2.00,NONE,SEG05,224
1094,60.517,51.893,-5.738,1,5,2.00,NONE,SEG05,224
1095,60.716,51.877,-6.233,1,5,2.00,NONE,SEG05,224
1096,60.915,51.856,-8.642,1,5,2.00,NONE,SEG05,224
1097,61.114,51.834,-11.060,1,5,2.00,NONE,SEG05,225
1098,61.313,51.813,-13.477,1,5,2.00,NONE,SEG05,225
1099,61.511,51.790,-15.787,1,5,2.00,NONE,SEG05,225
1100,61.704,51.736,-16.179,1,5,2.00,NONE,SEG05,225
1101,61.896,51.681,-17.902,1,5,2.00,NONE,SEG05,225
1102,62.089,51.627,-19.629,1,5,2.00,NONE,SEG05,226
1103,62.281,51.573,-21.354,1,5,2.00,NONE,SEG05,226
1104,62.472,51.513,-22.688,1,5,2.00,NONE,SEG05,226
1105,62.656,51.436,-23.361,1,5,2.00,NONE,SEG05,226
1106,62.841,51.359,-24.714,1,5,2.00,NONE,SEG05,226
1107,63.026,51.282,-26.068,1,5,2.00,NONE,SEG05,227
1108,63.210,51.204,-27.422,1,5,2.00,NONE,SEG05,227
1109,63.391,51.119,-28.102,1,5,2.00,NONE,SEG05,227
1110,63.567,51.025,-29.403,1,5,2.00,NONE,SEG05,227
1111,63.743,50.930,-31.017,1,5,2.00,NONE,SEG05,228
1112,63.920,50.836,-32.632,1,5,2.00,NONE,SEG05,228
1113,64.096,50.742,-34.245,1,5,2.00,NONE,SEG05,228
1114,64.263,50.632,-34.780,1,5,2.00,NONE,SEG05,228
1115,64.428,50.519,-36.256,1,5,2.00,NONE,SEG05,228
1116,64.593,50.405,-37.733,1,5,2.00,NONE,SEG05,229
1117,64.757,50.292,-39.210,1,5,2.00,NONE,SEG05,229
1118,64.920,50.176,-40.462,1,5,2.00,NONE,SEG05,229
1119,65.072,50.046,-40.935,1,5,2.00,NONE,SEG05,229
1120,65.225,49.916,-42.163,1,5,2.00,NONE,SEG05,229
1121,65.377,49.787,-43.392,1,5,2.00,NONE,SEG05,230
1122,65.529,49.657,-44.620,1,5,2.00,NONE,SEG05,230
1123,65.677,49.522,-45.375,1,5,2.00,NONE,SEG05,230
1124,65.817,49.380,-46.323,1,5,2.00,NONE,SEG05,230
1125,65.958,49.238,-47.960,1,5,2.00,NONE,SEG05,230
1126,66.098,49.095,-49.599,1,5,2.00,NONE,SEG05,231
1127,66.239,48.953,-51.235,1,5,2.00,NONE,SEG05,231
1128,66.369,48.802,-51.924,1,5,2.00,NONE,SEG05,231
1129,66.492,48.644,-53.000,1,5,2.00,NONE,SEG05,231
1130,66.616,48.487,-54.505,1,5,2.00,NONE,SEG05,232
1131,66.739,48.329,-56.011,1,5,2.00,NONE,SEG05,232
1132,66.862,48.172,-57.516,1,5,2.00,NONE,SEG05,232
1133,66.974,48.006,-57.945,1,5,2.00,NONE,SEG05,232
1134,67.080,47.836,-59.130,1,5,2.00,NONE,SEG05,232
1135,67.186,47.667,-60.546,1,5,2.00,NONE,SEG05,233
1136,67.292,47.497,-61.962,1,5,2.00,NONE,SEG05,233
1137,67.398,47.328,-63.376,1,5,2.00,NONE,SEG05,233
1138,67.490,47.150,-63.606,1,5,2.00,NONE,SEG05,233
1139,67.579,46.971,-65.120,1,5,2.00,NONE,SEG05,233
1140,67.668,46.792,-66.643,1,5,2.00,NONE,SEG05,234
1141,67.757,46.613,-68.167,1,5,2.00,NONE,SEG05,234
1142,67.845,46.434,-69.688,1,5,2.00,NONE,SEG05,234
1143,67.915,46.246,-70.067,1,5,2.00,NONE,SEG05,234
1144,67.984,46.059,-71.958,1,5,2.00,NONE,SEG05,234
1145,68.054,45.871,-73.853,1,5,2.00,NONE,SEG05,235
1146,68.123,45.684,-75.747,1,5,2.00,NONE,SEG05,235
1147,68.188,45.494,-77.268,1,5,2.00,NONE,SEG05,235
1148,68.232,45.299,-78.035,1,5,2.00,NONE,SEG05,235
1149,68.276,45.104,-79.778,1,5,2.00,NONE,SEG05,235
1150,68.320,44.909,-81.523,1,5,2.00,NONE,SEG05,236
1151,68.364,44.714,-83.266,1,5,2.00,NONE,SEG05,236
1152,68.397,44.517,-84.242,1,5,2.00,NONE,SEG05,236
1153,68.418,44.318,-85.494,1,5,2.00,NONE,SEG05,236
1154,68.438,44.119,-87.280,1,5,2.00,NONE,SEG05,237
1155,68.458,43.920,-89.068,1,5,2.00,NONE,SEG05,237
1156,68.478,43.721,-90.853,1,5,2.00,NONE,SEG05,237
1157,68.480,43.522,-91.387,1,5,2.00,NONE,SEG05,237
1158,68.475,43.322,-92.985,1,5,2.00,NONE,SEG05,237
1159,68.471,43.122,-94.608,1,5,2.00,NONE,SEG05,238
1160,68.466,42.922,-96.231,1,5,2.00,NONE,SEG05,238
1161,68.461,42.722,-97.852,1,5,2.00,NONE,SEG05,238
1162,68.434,42.524,-98.427,1,5,2.00,NONE,SEG05,238
1163,68.406,42.326,-100.282,1,5,2.00,NONE,SEG05,238
1164,68.379,42.128,-102.140,1,5,2.00,NONE,SEG05,239
1165,68.352,41.929,-103.997,1,5,2.00,NONE,SEG05,239
1166,68.317,41.733,-105.299,1,5,2.00,NONE,SEG05,239
1167,68.264,41.540,-106.567,1,5,2.00,NONE,SEG05,239
1168,68.211,41.347,-108.579,1,5,2.00,NONE,SEG05,239
1169,68.158,41.154,-110.594,1,5,2.00,NONE,SEG05,240
1170,68.106,40.961,-112.605,1,5,2.00,NONE,SEG05,240
1171,68.036,40.774,-113.427,1,5,2.00,NONE,SEG05,240
1172,67.957,40.591,-115.780,1,5,2.00,NONE,SEG05,240
1173,67.878,40.407,-118.140,1,5,2.00,NONE,SEG05,241
1174,67.798,40.223,-120.501,1,5,2.00,NONE,SEG05,241
1175,67.718,40.040,-122.775,1,5,2.00,NONE,SEG05,241
1176,67.610,39.872,-124.133,1,5,2.00,NONE,SEG05,241
1177,67.502,39.704,-126.568,1,5,2.00,NONE,SEG05,241
1178,67.393,39.536,-129.006,1,5,2.00,NONE,SEG05,242
1179,67.285,39.368,-131.441,1,5,2.00,NONE,SEG05,242
1180,67.162,39.211,-132.779,1,5,2.00,NONE,SEG05,242
1181,67.027,39.064,-135.231,1,5,2.00,NONE,SEG05,242
1182,66.892,38.916,-137.691,1,5,2.00,NONE,SEG05,243
1183,66.756,38.769,-140.150,1,5,2.00,NONE,SEG05,243
1184,66.619,38.624,-142.341,1,5,2.00,NONE,SEG05,243
1185,66.460,38.502,-143.563,1,5,2.00,NONE,SEG05,243
1186,66.302,38.380,-145.699,1,5,2.00,NONE,SEG05,243
1187,66.144,38.257,-147.836,1,5,2.00,NONE,SEG05,244
1188,65.985,38.135,-149.971,1,5,2.00,NONE,SEG05,244
1189,65.818,38.027,-150.883,1,5,2.00,NONE,SEG05,244
1190,65.643,37.930,-152.546,1,5,2.00,NONE,SEG05,244
1191,65.468,37.833,-154.332,1,5,2.00,NONE,SEG05,245
1192,65.294,37.735,-156.118,1,5,2.00,NONE,SEG05,245
1193,65.119,37.638,-157.901,1,5,2.00,NONE,SEG05,245
1194,64.934,37.562,-158.315,1,5,2.00,NONE,SEG05,245
1195,64.749,37.487,-159.752,1,5,2.00,NONE,SEG05,245
1196,64.563,37.412,-161.192,1,5,2.00,NONE,SEG05,246
1197,64.378,37.337,-162.631,1,5,2.00,NONE,SEG05,246
1198,64.191,37.266,-163.776,1,5,2.00,NONE,SEG05,246
1199,63.999,37.210,-164.247,1,5,2.00,NONE,SEG05,246
1200,63.807,37.154,-165.511,1,5,2.00,NONE,SEG05,246
1201,63.615,37.098,-166.775,1,5,2.00,NONE,SEG05,247
1202,63.423,37.042,-168.039,1,5,2.00,NONE,SEG05,247
1203,63.229,36.993,-168.832,1,5,2.00,NONE,SEG05,247
1204,63.033,36.954,-169.330,1,5,2.00,NONE,SEG05,247
1205,62.837,36.916,-170.391,1,5,2.00,NONE,SEG05,247
1206,62.641,36.877,-171.452,1,5,2.00,NONE,SEG05,248
1207,62.444,36.838,-172.513,1,5,2.00,NONE,SEG05,248
1208,62.247,36.806,-173.076,1,5,2.00,NONE,SEG05,248
1209,62.049,36.782,-173.534,1,5,2.00,NONE,SEG05,248
1210,61.850,36.758,-174.413,1,5,2.00,NONE,SEG05,248
1211,61.651,36.734,-175.293,1,5,2.00,NONE,SEG05,249
1212,61.453,36.710,-176.172,1,5,2.00,NONE,SEG05,249
1213,61.254,36.692,-176.592,1,5,2.00,NONE,SEG05,249
1214,61.054,36.680,-176.840,1,5,2.00,NONE,SEG05,249
1215,60.854,36.668,-177.327,1,5,2.00,NONE,SEG05,250
1216,60.655,36.656,-177.814,1,5,2.00,NONE,SEG05,250
1217,60.455,36.644,-178.301,1,5,2.00,NONE,SEG05,250
1218,60.255,36.636,-178.539,1,5,2.00,NONE,SEG05,250
1219,60.055,36.631,-178.686,1,5,2.00,NONE,SEG05,250
1220,59.856,36.626,-179.043,1,5,2.00,NONE,SEG05,250
1221,59.656,36.621,-179.399,1,5,2.00,NONE,SEG05,251
1222,59.456,36.616,-179.755,1,5,2.00,NONE,SEG05,251
1223,59.256,36.613,-179.965,1,5,2.00,NONE,SEG05,251
1224,59.056,36.612,179.945,1,5,2.00,NONE,SEG05,251
1225,58.856,36.612,179.655,1,5,2.00,NONE,SEG05,251
1226,58.656,36.612,179.366,1,5,2.00,NONE,SEG05,252
1227,58.456,36.612,179.076,1,5,2.00,NONE,SEG05,252
1228,58.256,36.613,178.876,1,5,2.00,NONE,SEG05,252
1229,58.056,36.617,178.844,1,5,2.00,NONE,SEG05,252
1230,57.856,36.621,178.684,1,5,2.00,NONE,SEG05,252
1231,57.656,36.625,178.525,1,6,2.00,NONE,SEG06,253
1232,57.456,36.629,178.365,1,6,2.00,NONE,SEG06,253
1233,57.256,36.633,178.238,1,6,2.00,NONE,SEG06,253
1234,57.056,36.639,178.231,1,6,2.00,NONE,SEG06,253
1235,56.856,36.646,178.095,1,6,2.00,NONE,SEG06,253
1236,56.656,36.652,177.959,1,6,2.00,NONE,SEG06,254
1237,56.456,36.658,177.824,1,6,2.00,NONE,SEG06,254
1238,56.256,36.664,177.695,1,6,2.00,NONE,SEG06,254
1239,56.057,36.672,177.695,1,6,2.00,NONE,SEG06,254
1240,55.857,36.680,177.589,1,6,2.00,NONE,SEG06,254
1241,55.657,36.688,177.468,1,6,2.00,NONE,SEG06,255
1242,55.457,36.696,177.346,1,6,2.00,NONE,SEG06,255
1243,55.257,36.704,177.225,1,6,2.00,NONE,SEG06,255
1244,55.057,36.714,177.210,1,6,2.00,NONE,SEG06,255
1245,54.858,36.724,177.142,1,6,2.00,NONE,SEG06,255
1246,54.658,36.733,177.047,1,6,2.00,NONE,SEG06,256
1247,54.458,36.743,176.953,1,6,2.00,NONE,SEG06,256
1248,54.258,36.753,176.859,1,6,2.00,NONE,SEG06,256
1249,54.059,36.763,176.832,1,6,2.00,NONE,SEG06,256
1250,53.859,36.775,176.805,1,6,2.00,NONE,SEG06,256
1251,53.659,36.786,176.756,1,6,2.00,NONE,SEG06,257
1252,53.460,36.797,176.708,1,6,2.00,NONE,SEG06,257
1253,53.260,36.808,176.659,1,6,2.00,NONE,SEG06,257
1254,53.060,36.819,176.638,1,6,2.00,NONE,SEG06,257
1255,52.861,36.831,176.583,1,6,2.00,NONE,SEG06,257
1256,52.661,36.843,176.452,1,6,2.00,NONE,SEG06,257
1257,52.461,36.854,176.320,1,6,2.00,NONE,SEG06,258
1258,52.262,36.866,176.188,1,6,2.00,NONE,SEG06,258
1259,52.062,36.879,176.111,1,6,2.00,NONE,SEG06,258
1260,51.862,36.892,176.129,1,6,2.00,NONE,SEG06,258
1261,51.663,36.906,176.187,1,6,2.00,NONE,SEG06,258
1262,51.463,36.919,176.245,1,6,2.00,NONE,SEG06,259
1263,51.264,36.933,176.304,1,6,2.00,NONE,SEG06,259
1264,51.064,36.946,176.345,1,6,2.00,NONE,SEG06,259
1265,50.865,36.959,176.357,1,6,2.00,NONE,SEG06,259
1266,50.665,36.972,176.416,1,6,2.00,NONE,SEG06,259
1267,50.465,36.984,176.474,1,6,2.00,NONE,SEG06,260
1268,50.266,36.997,176.533,1,6,2.00,NONE,SEG06,260
1269,50.066,37.010,176.579,1,6,2.00,NONE,SEG06,260
1270,49.867,37.022,176.587,1,6,2.00,NONE,SEG06,260
1271,49.667,37.034,176.642,1,6,2.00,NONE,SEG06,260
1272,49.467,37.045,176.697,1,6,2.00,NONE,SEG06,261
1273,49.268,37.057,176.752,1,6,2.00,NONE,SEG06,261
1274,49.068,37.069,176.799,1,6,2.00,NONE,SEG06,261
1275,48.868,37.080,176.788,1,6,2.00,NONE,SEG06,261
1276,48.669,37.092,176.644,1,6,2.00,NONE,SEG06,261
1277,48.469,37.103,176.499,1,6,2.00,NONE,SEG06,262
1278,48.269,37.114,176.355,1,6,2.00,NONE,SEG06,262
1279,48.070,37.125,176.221,1,6,2.00,NONE,SEG06,262
1280,47.870,37.138,176.221,1,6,2.00,NONE,SEG06,262
1281,47.670,37.152,176.212,1,6,2.00,NONE,SEG06,262
1282,47.471,37.165,176.203,1,6,2.00,NONE,SEG06,263
1283,47.271,37.178,176.194,1,6,2.00,NONE,SEG06,263
1284,47.072,37.191,176.185,1,6,2.00,NONE,SEG06,263
1285,46.872,37.204,176.187,1,6,2.00,NONE,SEG06,263
1286,46.673,37.218,176.227,1,6,2.00,NONE,SEG06,263
1287,46.473,37.231,176.267,1,6,2.00,NONE,SEG06,264
1288,46.274,37.244,176.307,1,6,2.00,NONE,SEG06,264
1289,46.074,37.258,176.345,1,6,2.00,NONE,SEG06,264
1290,45.874,37.270,176.341,1,6,2.00,NONE,SEG06,264
1291,45.675,37.283,176.301,1,6,2.00,NONE,SEG06,264
1292,45.475,37.296,176.261,1,6,2.00,NONE,SEG06,265
1293,45.276,37.309,176.220,1,6,2.00,NONE,SEG06,265
1294,45.076,37.321,176.184,1,6,2.00,NONE,SEG06,265
1295,44.876,37.335,176.196,1,6,2.00,NONE,SEG06,265
1296,44.677,37.348,176.297,1,6,2.00,NONE,SEG06,265
1297,44.477,37.361,176.397,1,6,2.00,NONE,SEG06,266
1298,44.278,37.375,176.498,1,6,2.00,NONE,SEG06,266
1299,44.078,37.388,176.586,1,6,2.00,NONE,SEG06,266
1300,43.879,37.400,176.612,1,6,2.00,NONE,SEG06,266
1301,43.679,37.412,176.804,1,6,2.00,NONE,SEG06,266
1302,43.479,37.424,176.996,1,6,2.00,NONE,SEG06,267
1303,43.280,37.435,177.187,1,6,2.00,NONE,SEG06,267
1304,43.080,37.447,177.353,1,6,2.00,NONE,SEG06,267
1305,42.880,37.456,177.371,1,6,2.00,NONE,SEG06,267
1306,42.680,37.465,177.549,1,6,2.00,NONE,SEG06,267
1307,42.481,37.475,177.728,1,6,2.00,NONE,SEG06,268
1308,42.281,37.484,177.906,1,6,2.00,NONE,SEG06,268
1309,42.081,37.493,178.066,1,6,2.00,NONE,SEG06,268
1310,41.881,37.500,178.066,1,6,2.00,NONE,SEG06,268
1311,41.681,37.506,177.983,1,6,2.00,NONE,SEG06,268
1312,41.481,37.513,177.899,1,6,2.00,NONE,SEG06,269
1313,41.282,37.520,177.815,1,6,2.00,NONE,SEG06,269
1314,41.082,37.527,177.732,1,6,2.00,NONE,SEG06,269
1315,40.882,37.535,177.731,1,6,2.00,NONE,SEG06,269
1316,40.682,37.543,177.740,1,6,2.00,NONE,SEG06,269
1317,40.482,37.550,177.750,1,6,2.00,NONE,SEG06,270
1318,40.282,37.558,177.759,1,6,2.00,NONE,SEG06,270
1319,40.082,37.566,177.769,1,6,2.00,NONE,SEG06,270
1320,39.883,37.574,177.770,1,6,2.00,NONE,SEG06,270
1321,39.683,37.582,177.764,1,6,2.00,NONE,SEG06,270
1322,39.483,37.590,177.757,1,6,2.00,NONE,SEG06,271
1323,39.283,37.597,177.750,1,6,2.00,NONE,SEG06,271
1324,39.083,37.605,177.744,1,6,2.00,NONE,SEG06,271
1325,38.883,37.613,177.721,1,6,2.00,NONE,SEG06,271
1326,38.683,37.621,177.614,1,6,2.00,NONE,SEG06,271
1327,38.484,37.629,177.508,1,6,2.00,NONE,SEG06,272
1328,38.284,37.637,177.402,1,6,2.00,NONE,SEG06,272
1329,38.084,37.645,177.318,1,6,2.00,NONE,SEG06,272
1330,37.884,37.654,177.199,1,6,2.00,NONE,SEG06,272
1331,37.684,37.664,177.032,1,6,2.00,NONE,SEG06,272
1332,37.485,37.673,176.864,1,6,2.00,STOP_LINE,SEG06,273
1333,37.285,37.682,176.696,1,6,2.00,NONE,SEG06,273
1334,37.085,37.693,176.627,1,6,2.00,NONE,SEG06,273
1335,36.885,37.705,176.567,1,6,2.00,NONE,SEG06,273
1336,36.686,37.717,176.508,1,6,2.00,NONE,SEG06,274
1337,36.486,37.728,176.448,1,6,2.00,NONE,SEG06,274
1338,36.287,37.740,176.408,1,6,2.00,NONE,SEG06,274
1339,36.087,37.753,176.477,1,6,2.00,NONE,SEG06,274
1340,35.887,37.765,176.550,1,6,2.00,NONE,SEG06,275
1341,35.688,37.778,176.623,1,6,2.00,NONE,SEG06,275
1342,35.488,37.791,176.697,1,6,2.00,NONE,SEG06,275
1343,35.288,37.802,176.653,1,6,2.00,NONE,SEG06,275
1344,35.089,37.814,176.541,1,6,2.00,NONE,SEG06,275
1345,34.889,37.825,176.430,1,6,2.00,NONE,SEG06,276
1346,34.689,37.837,176.318,1,6,2.00,NONE,SEG06,276
1347,34.490,37.849,176.255,1,6,2.00,NONE,SEG06,276
1348,34.290,37.862,176.268,1,6,2.00,NONE,SEG06,276
1349,34.091,37.875,176.285,1,6,2.00,NONE,SEG06,277
1350,33.891,37.888,176.301,1,6,2.00,NONE,SEG06,277
1351,33.692,37.901,176.318,1,6,2.00,NONE,SEG06,277
1352,33.492,37.914,176.322,1,6,2.00,NONE,SEG06,277
1353,33.292,37.927,176.584,1,6,2.00,NONE,SEG06,277
1354,33.093,37.940,176.872,1,6,2.00,NONE,SEG06,278
1355,32.893,37.952,177.160,1,6,2.00,NONE,SEG06,278
1356,32.694,37.965,177.449,1,6,2.00,NONE,SEG06,278
1357,32.494,37.974,177.475,1,6,2.00,NONE,SEG06,278
1358,32.294,37.983,177.688,1,6,2.00,NONE,SEG06,278
1359,32.094,37.992,177.902,1,6,2.00,NONE,SEG06,279
1360,31.894,38.001,178.115,1,6,2.00,NONE,SEG06,279
1361,31.695,38.010,178.329,1,6,2.00,NONE,SEG06,279
1362,31.495,38.016,178.315,1,6,2.00,NONE,SEG06,279
1363,31.295,38.021,178.195,1,6,2.00,NONE,SEG06,279
1364,31.095,38.027,178.076,1,6,2.00,NONE,SEG06,280
1365,30.895,38.033,177.956,1,6,2.00,NONE,SEG06,280
1366,30.695,38.039,177.851,1,6,2.00,NONE,SEG06,280
1367,30.495,38.047,177.843,1,6,2.00,NONE,SEG06,280
1368,30.295,38.054,177.821,1,6,2.00,NONE,SEG06,280
1369,30.095,38.062,177.800,1,6,2.00,NONE,SEG06,281
1370,29.896,38.069,177.778,1,6,2.00,NONE,SEG06,281
1371,29.696,38.077,177.764,1,6,2.00,NONE,SEG06,281
1372,29.496,38.084,177.977,1,6,2.00,NONE,SEG06,281
1373,29.296,38.092,178.290,1,6,2.00,NONE,SEG06,282
1374,29.096,38.100,178.604,1,6,2.00,NONE,SEG06,282
1375,28.896,38.108,178.917,1,6,2.00,NONE,SEG06,282
1376,28.696,38.113,179.050,1,4,2.00,NONE,SEG04,160
1377,28.496,38.116,179.193,1,4,2.00,NONE,SEG04,160
1378,28.296,38.120,179.336,1,6,2.00,NONE,SEG06,283
1379,28.096,38.123,179.479,1,6,2.00,NONE,SEG06,283
1380,27.897,38.126,179.589,1,6,2.00,NONE,SEG06,283
1381,27.697,38.127,179.221,1,6,2.00,NONE,SEG06,283
1382,27.497,38.129,178.839,1,6,2.00,NONE,SEG06,284
1383,27.297,38.130,178.457,1,6,2.00,NONE,SEG06,284
1384,27.097,38.132,178.075,1,6,2.00,NONE,SEG06,284
1385,26.897,38.138,178.070,1,6,2.00,NONE,SEG06,284
1386,26.697,38.145,178.083,1,8,2.00,NONE,SEG08,475
1387,26.497,38.152,178.096,1,8,2.00,NONE,SEG08,475
1388,26.297,38.159,178.108,1,6,2.00,NONE,SEG06,285
1389,26.097,38.165,178.007,1,6,2.00,NONE,SEG06,285
1390,25.897,38.172,177.801,1,6,2.00,NONE,SEG06,285
1391,25.697,38.178,177.595,1,6,2.00,NONE,SEG06,286
1392,25.497,38.185,177.389,1,6,2.00,NONE,SEG06,286
1393,25.298,38.193,177.254,1,6,2.00,NONE,SEG06,286
1394,25.098,38.202,177.049,1,6,2.00,NONE,SEG06,286
1395,24.898,38.212,176.844,1,6,2.00,NONE,SEG06,287
1396,24.698,38.221,176.640,1,6,2.00,NONE,SEG06,287
1397,24.499,38.231,176.468,1,6,2.00,NONE,SEG06,287
1398,24.299,38.244,176.236,1,6,2.00,NONE,SEG06,287
1399,24.099,38.256,175.839,1,6,2.00,NONE,SEG06,287
1400,23.900,38.268,175.442,1,6,2.00,NONE,SEG06,288
1401,23.700,38.281,175.045,1,6,2.00,NONE,SEG06,288
1402,23.501,38.296,174.883,1,6,2.00,NONE,SEG06,288
1403,23.301,38.314,174.912,1,6,2.00,NONE,SEG06,288
1404,23.102,38.332,174.941,1,6,2.00,NONE,SEG06,289
1405,22.903,38.350,174.970,1,6,2.00,NONE,SEG06,289
1406,22.704,38.368,174.945,1,6,2.00,NONE,SEG06,289
1407,22.505,38.385,174.641,1,6,2.00,NONE,SEG06,289
1408,22.305,38.402,174.338,1,6,2.00,NONE,SEG06,290
1409,22.106,38.420,174.034,1,6,2.00,NONE,SEG06,290
1410,21.907,38.438,173.821,1,6,2.00,NONE,SEG06,290
1411,21.708,38.460,173.869,1,6,2.00,NONE,SEG06,290
1412,21.509,38.481,173.839,1,6,2.00,NONE,SEG06,291
1413,21.310,38.503,173.547,1,6,2.00,NONE,SEG06,291
1414,21.112,38.524,172.986,1,6,2.00,NONE,SEG06,291
1415,20.913,38.545,171.962,1,6,2.00,NONE,SEG06,292
1416,20.714,38.567,169.915,1,6,2.00,NONE,SEG06,292
1417,20.516,38.593,167.547,1,7,2.00,NONE,SEG07,293
1418,20.318,38.622,163.336,1,7,2.00,NONE,SEG07,293
1419,20.121,38.657,159.397,1,7,2.00,NONE,SEG07,294
1420,19.928,38.707,154.998,1,7,2.00,NONE,SEG07,294
1421,19.736,38.765,151.031,1,7,2.00,NONE,SEG07,295
1422,19.555,38.850,148.320,1,7,2.00,NONE,SEG07,295
1423,19.375,38.937,145.186,1,7,2.00,NONE,SEG07,296
1424,19.206,39.043,143.622,1,7,2.00,NONE,SEG07,296
1425,19.038,39.152,140.414,1,7,2.00,NONE,SEG07,297
1426,18.876,39.269,137.919,1,7,2.00,NONE,SEG07,297
1427,18.719,39.393,136.015,1,7,2.00,NONE,SEG07,298
1428,18.563,39.517,132.002,1,7,2.00,NONE,SEG07,298
1429,18.423,39.660,129.707,1,7,2.00,NONE,SEG07,298
1430,18.284,39.804,127.517,1,7,2.00,NONE,SEG07,299
1431,18.145,39.948,123.535,1,7,2.00,NONE,SEG07,299
1432,18.029,40.111,121.020,1,7,2.00,NONE,SEG07,299
1433,17.913,40.274,118.569,1,7,2.00,NONE,SEG07,300
1434,17.798,40.437,115.737,1,7,2.00,NONE,SEG07,300
1435,17.704,40.613,112.815,1,7,2.00,NONE,SEG07,300
1436,17.618,40.794,110.525,1,7,2.00,NONE,SEG07,300
1437,17.532,40.974,108.237,1,7,2.00,NONE,SEG07,301
1438,17.451,41.157,105.951,1,7,2.00,NONE,SEG07,301
1439,17.394,41.349,104.105,1,7,2.00,NONE,SEG07,301
1440,17.338,41.540,102.255,1,7,2.00,NONE,SEG07,302
1441,17.282,41.732,100.405,1,7,2.00,NONE,SEG07,302
1442,17.231,41.925,98.943,1,7,2.00,NONE,SEG07,302
1443,17.200,42.123,97.964,1,7,2.00,NONE,SEG07,302
1444,17.169,42.321,96.421,1,7,2.00,NONE,SEG07,302
1445,17.137,42.518,94.876,1,7,2.00,NONE,SEG07,303
1446,17.106,42.716,93.333,1,7,2.00,NONE,SEG07,303
1447,17.089,42.915,92.768,1,7,2.00,NONE,SEG07,303
1448,17.079,43.114,92.217,1,7,2.00,NONE,SEG07,303
1449,17.070,43.314,91.475,1,7,2.00,NONE,SEG07,304
1450,17.060,43.514,90.733,1,7,2.00,NONE,SEG07,304
1451,17.050,43.714,89.992,1,7,2.00,NONE,SEG07,304
1452,17.048,43.914,89.801,1,7,2.00,NONE,SEG07,304
1453,17.049,44.114,89.589,1,7,2.00,NONE,SEG07,304
1454,17.050,44.314,89.283,1,7,2.00,NONE,SEG07,305
1455,17.050,44.514,88.977,1,7,2.00,NONE,SEG07,305
1456,17.051,44.714,88.671,1,7,2.00,NONE,SEG07,305
1457,17.055,44.914,88.577,1,7,2.00,NONE,SEG07,305
1458,17.060,45.114,88.653,1,7,2.00,NONE,SEG07,305
1459,17.065,45.314,88.751,1,7,2.00,NONE,SEG07,306
1460,17.070,45.513,88.849,1,7,2.00,NONE,SEG07,306
1461,17.075,45.713,88.947,1,7,2.00,NONE,SEG07,306
1462,17.078,45.913,88.968,1,7,2.00,NONE,SEG07,306
1463,17.082,46.113,88.984,1,7,2.00,NONE,SEG07,306
1464,17.086,46.313,89.004,1,7,2.00,NONE,SEG07,307
1465,17.089,46.513,89.025,1,7,2.00,NONE,SEG07,307
1466,17.093,46.713,89.046,1,7,2.00,NONE,SEG07,307
1467,17.096,46.913,89.051,1,7,2.00,NONE,SEG07,307
1468,17.100,47.113,89.211,1,7,2.00,NONE,SEG07,366
1469,17.103,47.313,89.394,1,7,2.00,NONE,SEG07,308
1470,17.106,47.513,89.577,1,7,2.00,NONE,SEG07,308
1471,17.110,47.713,89.761,1,7,2.00,NONE,SEG07,308
1472,17.111,47.913,89.784,1,7,2.00,NONE,SEG07,365
1473,17.111,48.113,89.777,1,7,2.00,NONE,SEG07,365
1474,17.112,48.313,89.768,1,7,2.00,NONE,SEG07,309
1475,17.113,48.513,89.760,1,7,2.00,NONE,SEG07,309
1476,17.114,48.713,89.752,1,7,2.00,NONE,SEG07,309
1477,17.114,48.913,89.750,1,7,2.00,NONE,SEG07,364
1478,17.115,49.113,89.698,1,7,2.00,NONE,SEG07,364
1479,17.116,49.313,89.615,1,7,2.00,NONE,SEG07,364
1480,17.117,49.513,89.532,1,7,2.00,NONE,SEG07,310
1481,17.118,49.713,89.450,1,7,2.00,NONE,SEG07,310
1482,17.120,49.913,89.420,1,7,2.00,NONE,SEG07,310
1483,17.122,50.113,89.446,1,7,2.00,NONE,SEG07,363
1484,17.124,50.313,89.523,1,7,2.00,NONE,SEG07,363
1485,17.126,50.513,89.601,1,7,2.00,NONE,SEG07,311
1486,17.128,50.713,89.679,1,7,2.00,NONE,SEG07,311
1487,17.129,50.913,89.731,1,7,2.00,NONE,SEG07,311
1488,17.130,51.113,89.746,1,7,2.00,NONE,SEG07,362
1489,17.131,51.313,89.912,1,7,2.00,NONE,SEG07,362
1490,17.132,51.513,90.077,1,7,2.00,NONE,SEG07,312
1491,17.133,51.713,90.243,1,7,2.00,NONE,SEG07,312
1492,17.134,51.913,90.393,1,7,2.00,NONE,SEG07,312
1493,17.132,52.113,90.393,1,7,2.00,NONE,SEG07,312
1494,17.131,52.313,90.140,1,7,2.00,NONE,SEG07,312
1495,17.130,52.513,89.854,1,7,2.00,NONE,SEG07,313
1496,17.128,52.713,89.567,1,7,2.00,NONE,SEG07,313
1497,17.127,52.913,89.281,1,7,2.00,NONE,SEG07,313
1498,17.129,53.113,89.247,1,7,2.00,NONE,SEG07,313
1499,17.132,53.313,89.182,1,7,2.00,NONE,SEG07,313
1500,17.134,53.513,89.102,1,7,2.00,NONE,SEG07,314
1501,17.137,53.713,89.023,1,7,2.00,NONE,SEG07,314
1502,17.140,53.913,88.944,1,7,2.00,NONE,SEG07,314
1503,17.143,54.113,88.929,1,7,2.00,NONE,SEG07,314
1504,17.147,54.313,88.994,1,7,2.00,NONE,SEG07,314
1505,17.151,54.513,89.085,1,7,2.00,NONE,SEG07,315
1506,17.154,54.713,89.176,1,7,2.00,NONE,SEG07,315
1507,17.158,54.913,89.267,1,7,2.00,NONE,SEG07,315
1508,17.161,55.113,89.293,1,7,2.00,NONE,SEG07,315
1509,17.163,55.313,89.199,1,7,2.00,NONE,SEG07,315
1510,17.166,55.513,89.045,1,7,2.00,NONE,SEG07,316
1511,17.168,55.713,88.890,1,7,2.00,NONE,SEG07,316
1512,17.171,55.913,88.736,1,7,2.00,NONE,SEG07,316
1513,17.175,56.113,88.676,1,7,2.00,NONE,SEG07,316
1514,17.179,56.313,88.492,1,7,2.00,NONE,SEG07,316
1515,17.184,56.513,88.235,1,7,2.00,NONE,SEG07,317
1516,17.188,56.712,87.977,1,7,2.00,NONE,SEG07,317
1517,17.193,56.912,87.719,1,7,2.00,NONE,SEG07,317
1518,17.200,57.112,87.671,1,7,2.00,NONE,SEG07,317
1519,17.208,57.312,87.786,1,7,2.00,NONE,SEG07,317
1520,17.217,57.512,87.900,1,7,2.00,NONE,SEG07,318
1521,17.225,57.712,88.015,1,7,2.00,NONE,SEG07,318
1522,17.233,57.912,88.094,1,7,2.00,NONE,SEG07,318
1523,17.239,58.112,87.878,1,7,2.00,NONE,SEG07,318
1524,17.246,58.311,87.663,1,7,2.00,NONE,SEG07,319
1525,17.253,58.511,87.448,1,7,2.00,NONE,SEG07,319
1526,17.259,58.711,87.181,1,7,2.00,NONE,SEG07,319
1527,17.269,58.911,86.964,1,7,2.00,NONE,SEG07,319
1528,17.279,59.111,86.747,1,7,2.00,NONE,SEG07,320
1529,17.288,59.310,86.530,1,7,2.00,NONE,SEG07,320
1530,17.299,59.510,86.460,1,7,2.00,NONE,SEG07,320
1531,17.311,59.710,86.579,1,7,2.00,NONE,SEG07,320
1532,17.324,59.909,86.698,1,7,2.00,NONE,SEG07,321
1533,17.337,60.109,86.883,1,7,2.00,NONE,SEG07,321
1534,17.348,60.309,87.062,1,7,2.00,NONE,SEG07,321
1535,17.359,60.508,87.208,1,7,2.00,NONE,SEG07,322
1536,17.370,60.708,87.483,1,7,2.00,NONE,SEG07,322
1537,17.380,60.908,87.891,1,7,2.00,NONE,SEG07,322
1538,17.389,61.108,89.394,1,7,2.00,NONE,SEG07,328
1539,17.398,61.307,96.620,1,7,2.00,NONE,SEG07,323
1540,17.405,61.507,175.635,1,7,2.00,NONE,SEG07,323
1541,17.410,61.707,-105.296,1,7,2.00,NONE,SEG07,324
1542,17.398,61.906,-98.266,1,7,2.00,NONE,SEG07,325
1543,17.353,61.727,-96.356,1,7,2.00,NONE,SEG07,324
1544,17.325,61.529,-96.723,1,7,2.00,NONE,SEG07,327
1545,17.304,61.330,-97.816,1,7,2.00,NONE,SEG07,323
1546,17.284,61.131,-99.012,1,7,2.00,NONE,SEG07,328
1547,17.265,60.932,-100.850,1,7,2.00,NONE,SEG07,328
1548,17.231,60.735,-102.095,1,7,2.00,NONE,SEG07,322
1549,17.195,60.538,-103.187,1,7,2.00,NONE,SEG07,329
1550,17.159,60.341,-104.279,1,7,2.00,NONE,SEG07,329
1551,17.114,60.147,-106.053,1,7,2.00,NONE,SEG07,329
1552,17.064,59.953,-107.525,1,7,2.00,NONE,SEG07,329
1553,17.013,59.760,-108.996,1,7,2.00,NONE,SEG07,330
1554,16.962,59.566,-110.467,1,7,2.00,NONE,SEG07,330
1555,16.893,59.378,-111.566,1,7,2.00,NONE,SEG07,330
1556,16.823,59.191,-112.966,1,7,2.00,NONE,SEG07,330
1557,16.753,59.004,-114.366,1,7,2.00,NONE,SEG07,331
1558,16.682,58.817,-115.766,1,7,2.00,NONE,SEG07,331
1559,16.600,58.635,-116.210,1,7,2.00,NONE,SEG07,331
1560,16.511,58.456,-118.871,1,7,2.00,NONE,SEG07,331
1561,16.423,58.276,-121.604,1,7,2.00,NONE,SEG07,332
1562,16.335,58.097,-124.338,1,7,2.00,NONE,SEG07,332
1563,16.246,57.917,-127.059,1,7,2.00,NONE,SEG07,332
1564,16.126,57.757,-128.636,1,7,2.00,NONE,SEG07,332
1565,16.006,57.598,-131.681,1,7,2.00,NONE,SEG07,332
1566,15.885,57.438,-134.735,1,7,2.00,NONE,SEG07,333
1567,15.764,57.279,-137.783,1,7,2.00,NONE,SEG07,333
1568,15.628,57.134,-139.857,1,7,2.00,NONE,SEG07,333
1569,15.476,57.003,-143.182,1,7,2.00,NONE,SEG07,333
1570,15.325,56.873,-146.527,1,7,2.00,NONE,SEG07,334
1571,15.173,56.743,-149.867,1,7,2.00,NONE,SEG07,334
1572,15.017,56.618,-152.646,1,7,2.00,NONE,SEG07,334
1573,14.840,56.527,-155.142,1,7,2.00,NONE,SEG07,334
1574,14.662,56.435,-158.210,1,7,2.00,NONE,SEG07,334
1575,14.484,56.343,-161.282,1,7,2.00,NONE,SEG07,335
1576,14.307,56.251,-164.342,1,7,2.00,NONE,SEG07,335
1577,14.117,56.191,-166.055,1,7,2.00,NONE,SEG07,335
1578,13.923,56.139,-169.002,1,7,2.00,NONE,SEG07,335
1579,13.730,56.087,-171.958,1,7,2.00,NONE,SEG07,336
1580,13.537,56.035,-174.908,1,7,2.00,NONE,SEG07,336
1581,13.342,55.999,-176.702,1,7,2.00,NONE,SEG07,336
1582,13.142,55.987,-178.130,1,7,2.00,NONE,SEG07,354
1583,12.942,55.976,-179.765,1,7,2.00,NONE,SEG07,354
1584,12.743,55.964,178.599,1,7,2.00,NONE,SEG07,337
1585,12.543,55.953,176.966,1,7,2.00,NONE,SEG07,337
1586,12.343,55.961,176.611,1,7,2.00,NONE,SEG07,337
1587,12.144,55.973,175.975,1,7,2.00,NONE,SEG07,353
1588,11.944,55.984,175.338,1,7,2.00,NONE,SEG07,353
1589,11.744,55.995,174.702,1,7,2.00,NONE,SEG07,338
1590,11.545,56.009,174.216,1,7,2.00,NONE,SEG07,338
1591,11.346,56.029,174.289,1,7,2.00,NONE,SEG07,352
1592,11.147,56.049,174.366,1,7,2.00,NONE,SEG07,352
1593,10.948,56.069,174.444,1,7,2.00,NONE,SEG07,339
1594,10.749,56.089,174.486,1,7,2.00,NONE,SEG07,339
1595,10.550,56.108,174.391,1,7,2.00,NONE,SEG07,351
1596,10.351,56.127,174.291,1,7,2.00,NONE,SEG07,351
1597,10.151,56.146,174.121,1,7,2.00,NONE,SEG07,340
1598,9.952,56.166,173.846,1,7,2.00,NONE,SEG07,340
1599,9.753,56.186,173.635,1,7,2.00,NONE,SEG07,350
1600,9.555,56.207,173.560,1,7,2.00,NONE,SEG07,341
1601,9.356,56.228,173.612,1,7,2.00,NONE,SEG07,341
1602,9.157,56.252,173.295,1,7,2.00,NONE,SEG07,349
1603,8.958,56.275,172.790,1,7,2.00,NONE,SEG07,342
1604,8.760,56.297,170.021,1,7,2.00,NONE,SEG07,348
1605,8.561,56.317,83.944,1,7,2.00,NONE,SEG07,343
1606,8.363,56.345,-1.724,1,7,2.00,NONE,SEG07,347
1607,8.165,56.376,-4.467,1,7,2.00,NONE,SEG07,345
1608,8.336,56.368,-5.290,1,7,2.00,NONE,SEG07,344
1609,8.535,56.352,-5.697,1,7,2.00,NONE,SEG07,343
1610,8.735,56.336,-6.048,1,7,2.00,NONE,SEG07,348
1611,8.934,56.316,-6.182,1,7,2.00,NONE,SEG07,342
1612,9.133,56.295,-6.205,1,7,2.00,NONE,SEG07,349
1613,9.331,56.273,-6.337,1,7,2.00,NONE,SEG07,349
1614,9.530,56.252,-6.487,1,7,2.00,NONE,SEG07,341
1615,9.729,56.230,-6.637,1,7,2.00,NONE,SEG07,350
1616,9.928,56.208,-6.823,1,7,2.00,NONE,SEG07,350
1617,10.127,56.185,-6.903,1,7,2.00,NONE,SEG07,340
1618,10.325,56.161,-6.983,1,7,2.00,NONE,SEG07,351
1619,10.524,56.138,-7.080,1,7,2.00,NONE,SEG07,351
1620,10.722,56.113,-7.187,1,7,2.00,NONE,SEG07,339
1621,10.921,56.089,-7.294,1,7,2.00,NONE,SEG07,339
1622,11.119,56.064,-7.400,1,7,2.00,NONE,SEG07,352
1623,11.318,56.039,-7.489,1,7,2.00,NONE,SEG07,352
1624,11.516,56.013,-7.835,1,7,2.00,NONE,SEG07,338
1625,11.714,55.987,-8.228,1,7,2.00,NONE,SEG07,338
1626,11.913,55.961,-8.620,1,7,2.00,NONE,SEG07,353
1627,12.111,55.935,-9.012,1,7,2.00,NONE,SEG07,353
1628,12.308,55.904,-9.439,1,7,2.00,NONE,SEG07,353
1629,12.506,55.873,-10.354,1,7,2.00,NONE,SEG07,337
1630,12.703,55.841,-11.269,1,7,2.00,NONE,SEG07,337
1631,12.901,55.810,-12.184,1,7,2.00,NONE,SEG07,354
1632,13.098,55.773,-12.718,1,7,2.00,NONE,SEG07,354
1633,13.293,55.729,-14.307,1,7,2.00,NONE,SEG07,354
1634,13.488,55.685,-15.935,1,7,2.00,NONE,SEG07,336
1635,13.683,55.641,-17.563,1,7,2.00,NONE,SEG07,355
1636,13.878,55.597,-19.189,1,7,2.00,NONE,SEG07,355
1637,14.067,55.531,-20.850,1,7,2.00,NONE,SEG07,355
1638,14.256,55.466,-23.294,1,7,2.00,NONE,SEG07,355
1639,14.445,55.400,-25.741,1,7,2.00,NONE,SEG07,356
1640,14.633,55.334,-28.188,1,7,2.00,NONE,SEG07,356
1641,14.813,55.247,-31.041,1,7,2.00,NONE,SEG07,356
1642,14.988,55.150,-34.224,1,7,2.00,NONE,SEG07,356
1643,15.163,55.053,-37.414,1,7,2.00,NONE,SEG07,357
1644,15.338,54.956,-40.609,1,7,2.00,NONE,SEG07,357
1645,15.496,54.836,-44.974,1,7,2.00,NONE,SEG07,357
1646,15.646,54.703,-49.303,1,7,2.00,NONE,SEG07,357
1647,15.795,54.570,-53.644,1,7,2.00,NONE,SEG07,358
1648,15.944,54.437,-57.969,1,7,2.00,NONE,SEG07,358
1649,16.059,54.275,-61.509,1,7,2.00,NONE,SEG07,358
1650,16.162,54.104,-64.568,1,7,2.00,NONE,SEG07,358
1651,16.265,53.932,-67.630,1,7,2.00,NONE,SEG07,359
1652,16.368,53.761,-70.681,1,7,2.00,NONE,SEG07,359
1653,16.439,53.575,-72.387,1,7,2.00,NONE,SEG07,359
1654,16.503,53.385,-74.515,1,7,2.00,NONE,SEG07,359
1655,16.568,53.196,-76.645,1,7,2.00,NONE,SEG07,360
1656,16.632,53.007,-78.772,1,7,2.00,NONE,SEG07,360
1657,16.681,52.813,-79.743,1,7,2.00,NONE,SEG07,360
1658,16.716,52.616,-80.958,1,7,2.00,NONE,SEG07,360
1659,16.752,52.420,-82.257,1,7,2.00,NONE,SEG07,361
1660,16.788,52.223,-83.555,1,7,2.00,NONE,SEG07,361
1661,16.823,52.026,-84.852,1,7,2.00,NONE,SEG07,361
1662,16.842,51.827,-84.934,1,7,2.00,NONE,SEG07,361
1663,16.860,51.628,-85.827,1,7,2.00,NONE,SEG07,312
1664,16.877,51.428,-86.743,1,7,2.00,NONE,SEG07,362
1665,16.895,51.229,-87.659,1,7,2.00,NONE,SEG07,362
1666,16.913,51.030,-88.575,1,7,2.00,NONE,SEG07,362
1667,16.918,50.830,-88.598,1,7,2.00,NONE,SEG07,362
1668,16.923,50.630,-88.705,1,7,2.00,NONE,SEG07,311
1669,16.928,50.430,-88.845,1,7,2.00,NONE,SEG07,363
1670,16.933,50.230,-88.985,1,7,2.00,NONE,SEG07,363
1671,16.937,50.030,-89.124,1,7,2.00,NONE,SEG07,363
1672,16.941,49.830,-89.157,1,7,2.00,NONE,SEG07,363
1673,16.944,49.630,-89.264,1,7,2.00,NONE,SEG07,310
1674,16.947,49.430,-89.484,1,7,2.00,NONE,SEG07,310
1675,16.950,49.230,-89.705,1,7,2.00,NONE,SEG07,364
1676,16.953,49.030,-89.925,1,7,2.00,NONE,SEG07,364
1677,16.954,48.830,-90.039,1,7,2.00,NONE,SEG07,364
1678,16.954,48.630,-90.097,1,7,2.00,NONE,SEG07,309
1679,16.954,48.430,-90.361,1,7,2.00,NONE,SEG07,309
1680,16.954,48.230,-90.624,1,7,2.00,NONE,SEG07,365
1681,16.953,48.030,-90.888,1,7,2.00,NONE,SEG07,365
1682,16.953,47.830,-91.094,1,7,2.00,NONE,SEG07,365
1683,16.949,47.630,-91.101,1,7,2.00,NONE,SEG07,308
1684,16.945,47.430,-91.530,1,7,2.00,NONE,SEG07,308
1685,16.941,47.231,-91.959,1,7,2.00,NONE,SEG07,366
1686,16.937,47.031,-92.387,1,7,2.00,NONE,SEG07,366
1687,16.933,46.831,-92.809,1,7,2.00,NONE,SEG07,366
1688,16.924,46.631,-92.809,1,7,2.00,NONE,SEG07,366
1689,16.914,46.431,-93.138,1,7,2.00,NONE,SEG07,307
1690,16.904,46.231,-93.535,1,7,2.00,NONE,SEG07,367
1691,16.894,46.032,-93.932,1,7,2.00,NONE,SEG07,367
1692,16.884,45.832,-94.330,1,7,2.00,NONE,SEG07,367
1693,16.870,45.632,-94.398,1,7,2.00,NONE,SEG07,367
1694,16.855,45.433,-94.759,1,7,2.00,NONE,SEG07,367
1695,16.839,45.234,-95.323,1,7,2.00,NONE,SEG07,368
1696,16.824,45.034,-95.888,1,7,2.00,NONE,SEG07,368
1697,16.809,44.835,-96.452,1,7,2.00,NONE,SEG07,368
1698,16.788,44.636,-96.656,1,7,2.00,NONE,SEG07,368
1699,16.765,44.437,-97.190,1,7,2.00,NONE,SEG07,368
1700,16.742,44.238,-98.153,1,7,2.00,NONE,SEG07,369
1701,16.719,44.040,-99.117,1,7,2.00,NONE,SEG07,369
1702,16.696,43.841,-100.080,1,7,2.00,NONE,SEG07,369
1703,16.665,43.644,-100.509,1,7,2.00,NONE,SEG07,369
1704,16.629,43.447,-101.381,1,7,2.00,NONE,SEG07,369
1705,16.592,43.250,-102.869,1,7,2.00,NONE,SEG07,370
1706,16.556,43.054,-104.358,1,7,2.00,NONE,SEG07,370
1707,16.519,42.857,-105.846,1,7,2.00,NONE,SEG07,370
1708,16.471,42.663,-106.462,1,7,2.00,NONE,SEG07,370
1709,16.414,42.471,-107.908,1,7,2.00,NONE,SEG07,370
1710,16.357,42.280,-109.890,1,7,2.00,NONE,SEG07,371
1711,16.301,42.088,-111.873,1,7,2.00,NONE,SEG07,371
1712,16.244,41.896,-113.852,1,7,2.00,NONE,SEG07,371
1713,16.168,41.711,-114.501,1,7,2.00,NONE,SEG07,371
1714,16.086,41.529,-117.235,1,7,2.00,NONE,SEG07,371
1715,16.003,41.347,-119.981,1,7,2.00,NONE,SEG07,372
1716,15.921,41.165,-122.727,1,7,2.00,NONE,SEG07,372
1717,15.837,40.983,-125.346,1,7,2.00,NONE,SEG07,372
1718,15.721,40.820,-127.286,1,7,2.00,NONE,SEG07,372
1719,15.605,40.657,-130.858,1,7,2.00,NONE,SEG07,372
1720,15.490,40.494,-134.443,1,7,2.00,NONE,SEG07,373
1721,15.374,40.331,-138.015,1,7,2.00,NONE,SEG07,373
1722,15.238,40.186,-140.015,1,7,2.00,NONE,SEG07,373
1723,15.086,40.056,-142.965,1,7,2.00,NONE,SEG07,373
1724,14.934,39.927,-145.929,1,7,2.00,NONE,SEG07,374
1725,14.781,39.797,-148.891,1,7,2.00,NONE,SEG07,374
1726,14.626,39.672,-151.471,1,7,2.00,NONE,SEG07,374
1727,14.450,39.577,-153.042,1,7,2.00,NONE,SEG07,374
1728,14.275,39.481,-155.746,1,7,2.00,NONE,SEG07,374
1729,14.099,39.386,-158.456,1,7,2.00,NONE,SEG07,375
1730,13.923,39.290,-161.158,1,7,2.00,NONE,SEG07,375
1731,13.739,39.215,-162.289,1,7,2.00,NONE,SEG07,375
1732,13.548,39.154,-163.489,1,7,2.00,NONE,SEG07,375
1733,13.358,39.093,-165.478,1,7,2.00,NONE,SEG07,376
1734,13.167,39.032,-167.468,1,7,2.00,NONE,SEG07,376
1735,12.977,38.971,-169.455,1,7,2.00,NONE,SEG07,376
1736,12.782,38.927,-170.243,1,7,2.00,NONE,SEG07,376
1737,12.585,38.893,-170.764,1,7,2.00,NONE,SEG07,376
1738,12.388,38.859,-172.098,1,7,2.00,NONE,SEG07,376
1739,12.191,38.825,-173.433,1,7,2.00,NONE,SEG07,377
1740,11.994,38.791,-174.767,1,7,2.00,NONE,SEG07,377
1741,11.796,38.764,-175.579,1,7,2.00,NONE,SEG07,377
1742,11.596,38.749,-175.625,1,7,2.00,NONE,SEG07,377
1743,11.397,38.734,-176.368,1,7,2.00,NONE,SEG07,377
1744,11.198,38.718,-177.111,1,7,2.00,NONE,SEG07,378
1745,10.998,38.703,-177.854,1,7,2.00,NONE,SEG07,378
1746,10.799,38.688,-178.551,1,7,2.00,NONE,SEG07,378
1747,10.599,38.683,-178.551,1,7,2.00,NONE,SEG07,378
1748,10.399,38.678,-179.394,1,7,2.00,NONE,SEG07,378
1749,10.199,38.673,179.700,1,7,2.00,NONE,SEG07,379
1750,9.999,38.668,178.793,1,7,2.00,NONE,SEG07,379
1751,9.799,38.663,177.888,1,7,2.00,NONE,SEG07,379
1752,9.599,38.669,177.439,1,7,2.00,NONE,SEG07,379
1753,9.399,38.677,176.401,1,7,2.00,NONE,SEG07,379
1754,9.200,38.685,175.363,1,7,2.00,NONE,SEG07,380
1755,9.000,38.692,174.324,1,7,2.00,NONE,SEG07,380
1756,8.800,38.705,173.234,1,7,2.00,NONE,SEG07,380
1757,8.601,38.727,172.191,1,7,2.00,NONE,SEG07,380
1758,8.403,38.749,171.147,1,7,2.00,NONE,SEG07,381
1759,8.204,38.771,170.104,1,7,2.00,NONE,SEG07,381
1760,8.006,38.799,168.615,1,7,2.00,NONE,SEG07,381
1761,7.809,38.836,167.471,1,7,2.00,NONE,SEG07,381
1762,7.613,38.872,166.326,1,7,2.00,NONE,SEG07,382
1763,7.416,38.909,164.805,1,7,2.00,NONE,SEG07,382
1764,7.222,38.957,163.557,1,7,2.00,NONE,SEG07,382
1765,7.029,39.009,162.567,1,7,2.00,NONE,SEG07,383
1766,6.836,39.061,161.578,1,7,2.00,NONE,SEG07,383
1767,6.644,39.118,160.257,1,7,2.00,NONE,SEG07,383
1768,6.455,39.183,159.545,1,7,2.00,NONE,SEG07,383
1769,6.266,39.249,158.833,1,8,2.00,NONE,SEG08,384
1770,6.077,39.314,157.756,1,8,2.00,NONE,SEG08,384
1771,5.891,39.388,156.384,1,8,2.00,NONE,SEG08,384
1772,5.706,39.463,155.012,1,8,2.00,NONE,SEG08,385
1773,5.520,39.537,153.640,1,8,2.00,NONE,SEG08,385
1774,5.337,39.617,152.174,1,8,2.00,NONE,SEG08,385
1775,5.159,39.709,150.228,1,8,2.00,NONE,SEG08,385
1776,4.982,39.800,148.278,1,8,2.00,NONE,SEG08,386
1777,4.804,39.892,146.330,1,8,2.00,NONE,SEG08,386
1778,4.630,39.990,144.843,1,8,2.00,NONE,SEG08,386
1779,4.466,40.105,143.289,1,8,2.00,NONE,SEG08,386
1780,4.303,40.220,141.582,1,8,2.00,NONE,SEG08,387
1781,4.139,40.335,139.874,1,8,2.00,NONE,SEG08,387
1782,3.976,40.450,138.169,1,8,2.00,NONE,SEG08,387
1783,3.826,40.583,137.477,1,8,2.00,NONE,SEG08,387
1784,3.677,40.716,135.405,1,8,2.00,NONE,SEG08,387
1785,3.528,40.850,133.330,1,8,2.00,NONE,SEG08,388
1786,3.380,40.984,131.255,1,8,2.00,NONE,SEG08,388
1787,3.236,41.123,129.723,1,8,2.00,NONE,SEG08,388
1788,3.109,41.277,128.760,1,8,2.00,NONE,SEG08,388
1789,2.981,41.431,126.800,1,8,2.00,NONE,SEG08,388
1790,2.853,41.584,124.837,1,8,2.00,NONE,SEG08,389
1791,2.725,41.738,122.877,1,8,2.00,NONE,SEG08,389
1792,2.608,41.900,121.880,1,8,2.00,NONE,SEG08,389
1793,2.503,42.070,121.219,1,8,2.00,NONE,SEG08,389
1794,2.397,42.240,119.240,1,8,2.00,NONE,SEG08,389
1795,2.291,42.409,117.258,1,8,2.00,NONE,SEG08,390
1796,2.186,42.579,115.278,1,8,2.00,NONE,SEG08,390
1797,2.088,42.753,113.959,1,8,2.00,NONE,SEG08,390
1798,2.007,42.936,113.955,1,8,2.00,NONE,SEG08,390
1799,1.926,43.119,112.225,1,8,2.00,NONE,SEG08,390
1800,1.844,43.302,110.492,1,8,2.00,NONE,SEG08,391
1801,1.763,43.484,108.759,1,8,2.00,NONE,SEG08,391
1802,1.682,43.667,107.034,1,8,2.00,NONE,SEG08,391
1803,1.624,43.858,107.034,1,8,2.00,NONE,SEG08,391
1804,1.565,44.050,105.678,1,8,2.00,NONE,SEG08,391
1805,1.506,44.241,103.905,1,8,2.00,NONE,SEG08,392
1806,1.448,44.432,102.131,1,8,2.00,NONE,SEG08,392
1807,1.389,44.623,100.360,1,8,2.00,NONE,SEG08,392
1808,1.349,44.819,99.943,1,8,2.00,NONE,SEG08,392
1809,1.314,45.016,99.481,1,8,2.00,NONE,SEG08,392
1810,1.280,45.213,98.436,1,8,2.00,NONE,SEG08,393
1811,1.245,45.410,97.390,1,8,2.00,NONE,SEG08,393
1812,1.211,45.607,96.345,1,8,2.00,NONE,SEG08,393
1813,1.183,45.805,95.762,1,8,2.00,NONE,SEG08,393
1814,1.163,46.004,95.762,1,8,2.00,NONE,SEG08,393
1815,1.143,46.203,94.658,1,8,2.00,NONE,SEG08,393
1816,1.122,46.402,93.549,1,8,2.00,NONE,SEG08,394
1817,1.102,46.601,92.439,1,8,2.00,NONE,SEG08,394
1818,1.082,46.800,91.330,1,8,2.00,NONE,SEG08,394
1819,1.078,47.000,91.325,1,8,2.00,NONE,SEG08,394
1820,1.073,47.200,90.958,1,8,2.00,NONE,SEG08,394
1821,1.068,47.400,90.389,1,8,2.00,NONE,SEG08,395
1822,1.064,47.600,89.819,1,8,2.00,NONE,SEG08,395
1823,1.059,47.800,89.249,1,8,2.00,NONE,SEG08,395
1824,1.060,47.999,89.046,1,8,2.00,NONE,SEG08,395
1825,1.063,48.199,88.935,1,8,2.00,NONE,SEG08,395
1826,1.066,48.399,88.597,1,8,2.00,NONE,SEG08,395
1827,1.070,48.599,88.258,1,8,2.00,NONE,SEG08,396
1828,1.073,48.799,87.920,1,8,2.00,NONE,SEG08,396
1829,1.078,48.999,87.692,1,8,2.00,NONE,SEG08,396
1830,1.086,49.199,87.685,1,8,2.00,NONE,SEG08,396
1831,1.094,49.399,87.379,1,8,2.00,NONE,SEG08,396
1832,1.102,49.599,87.074,1,8,2.00,NONE,SEG08,397
1833,1.110,49.799,86.769,1,8,2.00,NONE,SEG08,397
1834,1.118,49.998,86.471,1,8,2.00,NONE,SEG08,397
1835,1.130,50.198,86.471,1,8,2.00,NONE,SEG08,397
1836,1.143,50.398,86.358,1,8,2.00,NONE,SEG08,397
1837,1.155,50.597,86.217,1,8,2.00,NONE,SEG08,398
1838,1.167,50.797,86.077,1,8,2.00,NONE,SEG08,398
1839,1.180,50.997,85.936,1,8,2.00,NONE,SEG08,398
1840,1.194,51.196,85.909,1,8,2.00,NONE,SEG08,398
1841,1.208,51.396,86.024,1,8,2.00,NONE,SEG08,398
1842,1.222,51.595,86.242,1,8,2.00,NONE,SEG08,399
1843,1.236,51.795,86.461,1,8,2.00,NONE,SEG08,399
1844,1.251,51.994,86.680,1,8,2.00,NONE,SEG08,399
1845,1.263,52.194,86.784,1,8,2.00,NONE,SEG08,399
1846,1.275,52.393,86.723,1,8,2.00,NONE,SEG08,399
1847,1.286,52.593,86.613,1,8,2.00,NONE,SEG08,400
1848,1.297,52.793,86.502,1,8,2.00,NONE,SEG08,400
1849,1.308,52.992,86.392,1,8,2.00,NONE,SEG08,400
1850,1.320,53.192,86.343,1,8,2.00,NONE,SEG08,400
1851,1.333,53.392,86.478,1,8,2.00,NONE,SEG08,400
1852,1.346,53.591,86.767,1,8,2.00,NONE,SEG08,401
1853,1.359,53.791,87.055,1,8,2.00,NONE,SEG08,401
1854,1.371,53.990,87.343,1,8,2.00,NONE,SEG08,401
1855,1.382,54.190,87.497,1,8,2.00,NONE,SEG08,401
1856,1.391,54.390,87.567,1,8,2.00,NONE,SEG08,401
1857,1.400,54.590,87.763,1,8,2.00,NONE,SEG08,401
1858,1.408,54.790,87.958,1,8,2.00,NONE,SEG08,402
1859,1.417,54.989,88.154,1,8,2.00,NONE,SEG08,402
1860,1.425,55.189,88.281,1,8,2.00,NONE,SEG08,402
1861,1.431,55.389,88.276,1,8,2.00,NONE,SEG08,402
1862,1.437,55.589,88.265,1,8,2.00,NONE,SEG08,402
1863,1.443,55.789,88.254,1,8,2.00,NONE,SEG08,403
1864,1.449,55.989,88.244,1,8,2.00,NONE,SEG08,403
1865,1.455,56.189,88.238,1,8,2.00,NONE,SEG08,403
1866,1.461,56.389,87.923,1,8,2.00,NONE,SEG08,403
1867,1.467,56.589,87.434,1,8,2.00,NONE,SEG08,404
1868,1.473,56.788,86.946,1,8,2.00,NONE,SEG08,404
1869,1.480,56.988,86.458,1,8,2.00,NONE,SEG08,404
1870,1.490,57.188,86.285,1,8,2.00,NONE,SEG08,404
1871,1.503,57.388,86.127,1,8,2.00,NONE,SEG08,404
1872,1.516,57.587,85.934,1,8,2.00,NONE,SEG08,405
1873,1.529,57.787,85.741,1,8,2.00,NONE,SEG08,405
1874,1.542,57.986,85.548,1,8,2.00,NONE,SEG08,405
1875,1.557,58.186,85.475,1,8,2.00,NONE,SEG08,405
1876,1.573,58.385,85.236,1,8,2.00,NONE,SEG08,405
1877,1.588,58.585,84.998,1,8,2.00,NONE,SEG08,406
1878,1.604,58.784,84.760,1,8,2.00,NONE,SEG08,406
1879,1.620,58.983,84.562,1,8,2.00,NONE,SEG08,406
1880,1.639,59.182,84.519,1,8,2.00,NONE,SEG08,406
1881,1.658,59.381,84.405,1,8,2.00,NONE,SEG08,406
1882,1.677,59.581,84.290,1,8,2.00,NONE,SEG08,407
1883,1.696,59.780,84.175,1,8,2.00,NONE,SEG08,407
1884,1.716,59.979,84.103,1,8,2.00,NONE,SEG08,407
1885,1.736,60.178,84.046,1,8,2.00,NONE,SEG08,407
1886,1.757,60.377,83.858,1,8,2.00,NONE,SEG08,407
1887,1.777,60.576,83.670,1,8,2.00,NONE,SEG08,408
1888,1.798,60.774,83.482,1,8,2.00,NONE,SEG08,408
1889,1.819,60.973,83.352,1,8,2.00,NONE,SEG08,408
1890,1.842,61.172,83.325,1,8,2.00,NONE,SEG08,408
1891,1.865,61.371,83.220,1,8,2.00,NONE,SEG08,408
1892,1.889,61.569,83.114,1,8,2.00,NONE,SEG08,409
1893,1.912,61.768,83.009,1,8,2.00,NONE,SEG08,409
1894,1.935,61.967,82.930,1,8,2.00,NONE,SEG08,409
1895,1.960,62.165,82.930,1,8,2.00,NONE,SEG08,409
1896,1.984,62.364,82.837,1,8,2.00,NONE,SEG08,409
1897,2.009,62.562,82.730,1,8,2.00,NONE,SEG08,410
1898,2.034,62.760,82.623,1,8,2.00,NONE,SEG08,410
1899,2.058,62.959,82.516,1,8,2.00,NONE,SEG08,410
1900,2.084,63.157,82.502,1,8,2.00,NONE,SEG08,410
1901,2.110,63.356,82.124,1,8,2.00,NONE,SEG08,410
1902,2.136,63.554,81.641,1,8,2.00,NONE,SEG08,411
1903,2.163,63.752,81.157,1,8,2.00,NONE,SEG08,411
1904,2.189,63.950,80.674,1,8,2.00,NONE,SEG08,411
1905,2.220,64.148,80.568,1,8,2.00,NONE,SEG08,411
1906,2.253,64.345,79.908,1,8,2.00,NONE,SEG08,411
1907,2.286,64.543,78.447,1,8,2.00,NONE,SEG08,412
1908,2.318,64.740,76.985,1,8,2.00,NONE,SEG08,412
1909,2.351,64.937,75.524,1,8,2.00,NONE,SEG08,412
1910,2.393,65.132,74.723,1,8,2.00,NONE,SEG08,412
1911,2.446,65.325,74.723,1,8,2.00,NONE,SEG08,412
1912,2.498,65.518,74.083,1,8,2.00,NONE,SEG08,412
1913,2.551,65.711,73.024,1,8,2.00,NONE,SEG08,413
1914,2.604,65.904,71.964,1,8,2.00,NONE,SEG08,413
1915,2.656,66.097,70.905,1,8,2.00,NONE,SEG08,413
1916,2.718,66.287,70.486,1,8,2.00,NONE,SEG08,413
1917,2.784,66.476,70.486,1,8,2.00,NONE,SEG08,413
1918,2.851,66.664,69.539,1,8,2.00,NONE,SEG08,413
1919,2.918,66.853,68.087,1,8,2.00,NONE,SEG08,414
1920,2.985,67.041,66.633,1,8,2.00,NONE,SEG08,414
1921,3.052,67.230,65.181,1,8,2.00,NONE,SEG08,414
1922,3.131,67.413,64.675,1,8,2.00,NONE,SEG08,414
1923,3.216,67.594,64.675,1,8,2.00,NONE,SEG08,414
1924,3.302,67.775,63.679,1,8,2.00,NONE,SEG08,414
1925,3.387,67.956,61.504,1,8,2.00,NONE,SEG08,415
1926,3.473,68.137,59.325,1,8,2.00,NONE,SEG08,415
1927,3.558,68.317,57.149,1,8,2.00,NONE,SEG08,415
1928,3.656,68.491,55.970,1,8,2.00,NONE,SEG08,415
1929,3.768,68.657,55.970,1,8,2.00,NONE,SEG08,415
1930,3.880,68.823,55.337,1,8,2.00,NONE,SEG08,415
1931,3.992,68.989,52.301,1,8,2.00,NONE,SEG08,416
1932,4.104,69.154,49.251,1,8,2.00,NONE,SEG08,416
1933,4.216,69.320,46.205,1,8,2.00,NONE,SEG08,416
1934,4.334,69.480,43.801,1,8,2.00,NONE,SEG08,416
1935,4.478,69.619,43.801,1,8,2.00,NONE,SEG08,416
1936,4.623,69.757,42.732,1,8,2.00,NONE,SEG08,416
1937,4.767,69.895,39.831,1,8,2.00,NONE,SEG08,417
1938,4.912,70.034,36.922,1,8,2.00,NONE,SEG08,417
1939,5.056,70.172,34.017,1,8,2.00,NONE,SEG08,417
1940,5.209,70.299,32.184,1,8,2.00,NONE,SEG08,417
1941,5.379,70.406,31.776,1,8,2.00,NONE,SEG08,417
1942,5.548,70.512,29.099,1,8,2.00,NONE,SEG08,417
1943,5.717,70.619,26.412,1,8,2.00,NONE,SEG08,418
1944,5.886,70.725,23.726,1,8,2.00,NONE,SEG08,418
1945,6.058,70.827,21.456,1,8,2.00,NONE,SEG08,418
1946,6.244,70.900,21.456,1,8,2.00,NONE,SEG08,418
1947,6.431,70.973,19.085,1,8,2.00,NONE,SEG08,418
1948,6.617,71.046,16.699,1,8,2.00,NONE,SEG08,419
1949,6.803,71.119,14.313,1,8,2.00,NONE,SEG08,419
1950,6.989,71.192,11.935,1,8,2.00,NONE,SEG08,419
1951,7.185,71.234,11.929,1,8,2.00,NONE,SEG08,419
1952,7.380,71.275,11.381,1,8,2.00,NONE,SEG08,419
1953,7.576,71.317,10.598,1,8,2.00,NONE,SEG08,420
1954,7.772,71.358,9.816,1,8,2.00,NONE,SEG08,420
1955,7.967,71.399,9.034,1,8,2.00,NONE,SEG08,420
1956,8.164,71.433,8.801,1,8,2.00,NONE,SEG08,420
1957,8.362,71.464,8.711,1,8,2.00,NONE,SEG08,420
1958,8.560,71.494,8.107,1,8,2.00,NONE,SEG08,420
1959,8.757,71.525,7.503,1,8,2.00,NONE,SEG08,421
1960,8.955,71.555,6.900,1,8,2.00,NONE,SEG08,421
1961,9.153,71.585,6.385,1,8,2.00,NONE,SEG08,421
1962,9.352,71.607,6.385,1,8,2.00,NONE,SEG08,421
1963,9.550,71.629,6.149,1,8,2.00,NONE,SEG08,421
1964,9.749,71.652,5.507,1,8,2.00,NONE,SEG08,422
1965,9.948,71.674,4.865,1,8,2.00,NONE,SEG08,422
1966,10.147,71.696,4.223,1,8,2.00,NONE,SEG08,422
1967,10.346,71.715,3.817,1,8,2.00,NONE,SEG08,422
1968,10.545,71.728,3.817,1,8,2.00,NONE,SEG08,422
1969,10.745,71.742,3.427,1,8,2.00,NONE,SEG08,422
1970,10.944,71.755,2.724,1,8,2.00,NONE,SEG08,423
1971,11.144,71.768,2.021,1,8,2.00,NONE,SEG08,423
1972,11.343,71.782,1.318,1,8,2.00,NONE,SEG08,423
1973,11.543,71.789,1.005,1,8,2.00,NONE,SEG08,423
1974,11.743,71.793,1.005,1,8,2.00,NONE,SEG08,423
1975,11.943,71.796,0.402,1,8,2.00,NONE,SEG08,423
1976,12.143,71.800,-0.399,1,8,2.00,NONE,SEG08,424
1977,12.343,71.803,-1.201,1,8,2.00,NONE,SEG08,424
1978,12.543,71.807,-2.002,1,8,2.00,NONE,SEG08,424
1979,12.743,71.802,-2.201,1,8,2.00,NONE,SEG08,424
1980,12.943,71.794,-2.289,1,8,2.00,NONE,SEG08,424
1981,13.143,71.787,-2.912,1,8,2.00,NONE,SEG08,424
1982,13.342,71.779,-3.534,1,8,2.00,NONE,SEG08,425
1983,13.542,71.771,-4.157,1,8,2.00,NONE,SEG08,425
1984,13.742,71.762,-4.691,1,8,2.00,NONE,SEG08,425
1985,13.941,71.746,-4.691,1,8,2.00,NONE,SEG08,425
1986,14.141,71.730,-5.061,1,8,2.00,NONE,SEG08,425
1987,14.340,71.713,-5.453,1,8,2.00,NONE,SEG08,426
1988,14.539,71.697,-5.845,1,8,2.00,NONE,SEG08,426
1989,14.739,71.681,-6.237,1,8,2.00,NONE,SEG08,426
1990,14.938,71.659,-6.259,1,8,2.00,NONE,SEG08,426
1991,15.136,71.637,-6.551,1,8,2.00,NONE,SEG08,426
1992,15.335,71.616,-6.994,1,8,2.00,NONE,SEG08,427
1993,15.534,71.594,-7.437,1,8,2.00,NONE,SEG08,427
1994,15.733,71.572,-7.880,1,8,2.00,NONE,SEG08,427
1995,15.931,71.546,-8.032,1,8,2.00,NONE,SEG08,427
1996,16.129,71.518,-8.032,1,8,2.00,NONE,SEG08,427
1997,16.327,71.490,-7.912,1,8,2.00,NONE,SEG08,427
1998,16.525,71.462,-7.778,1,8,2.00,NONE,SEG08,428
1999,16.723,71.434,-7.644,1,8,2.00,NONE,SEG08,428
2000,16.921,71.406,-7.509,1,8,2.00,NONE,SEG08,428
2001,17.120,71.380,-7.495,1,8,2.00,NONE,SEG08,428
2002,17.318,71.354,-7.476,1,8,2.00,NONE,SEG08,428
2003,17.516,71.328,-7.434,1,8,2.00,NONE,SEG08,429
2004,17.714,71.302,-7.392,1,8,2.00,NONE,SEG08,429
2005,17.913,71.276,-7.350,1,8,2.00,NONE,SEG08,429
2006,18.111,71.250,-7.327,1,8,2.00,NONE,SEG08,429
2007,18.309,71.224,-7.277,1,8,2.00,NONE,SEG08,429
2008,18.508,71.199,-7.025,1,8,2.00,NONE,SEG08,429
2009,18.706,71.173,-6.773,1,8,2.00,NONE,SEG08,430
2010,18.905,71.148,-6.521,1,8,2.00,NONE,SEG08,430
2011,19.103,71.123,-6.318,1,8,2.00,NONE,SEG08,430
2012,19.302,71.101,-6.318,1,8,2.00,NONE,SEG08,430
2013,19.501,71.079,-6.502,1,8,2.00,NONE,SEG08,430
2014,19.699,71.057,-6.714,1,8,2.00,NONE,SEG08,431
2015,19.898,71.035,-6.927,1,8,2.00,NONE,SEG08,431
2016,20.097,71.013,-7.140,1,8,2.00,NONE,SEG08,431
2017,20.295,70.988,-7.169,1,8,2.00,NONE,SEG08,431
2018,20.494,70.963,-7.005,1,8,2.00,NONE,SEG08,431
2019,20.692,70.939,-6.826,1,8,2.00,NONE,SEG08,432
2020,20.891,70.914,-6.646,1,8,2.00,NONE,SEG08,432
2021,21.089,70.889,-6.467,1,8,2.00,NONE,SEG08,432
2022,21.288,70.866,-6.608,1,8,2.00,NONE,SEG08,432
2023,21.487,70.843,-6.985,1,8,2.00,NONE,SEG08,432
2024,21.685,70.821,-7.361,1,8,2.00,NONE,SEG08,433
2025,21.884,70.799,-7.737,1,8,2.00,NONE,SEG08,433
2026,22.083,70.774,-7.956,1,8,2.00,NONE,SEG08,433
2027,22.281,70.746,-8.694,1,8,2.00,NONE,SEG08,433
2028,22.479,70.718,-9.541,1,8,2.00,NONE,SEG08,434
2029,22.677,70.691,-10.387,1,8,2.00,NONE,SEG08,434
2030,22.875,70.663,-11.233,1,8,2.00,NONE,SEG08,434
2031,23.071,70.625,-11.887,1,8,2.00,NONE,SEG08,434
2032,23.267,70.586,-13.023,1,8,2.00,NONE,SEG08,434
2033,23.463,70.547,-14.160,1,8,2.00,NONE,SEG08,435
2034,23.659,70.507,-15.297,1,8,2.00,NONE,SEG08,435
2035,23.854,70.461,-15.994,1,8,2.00,NONE,SEG08,435
2036,24.046,70.406,-18.291,1,8,2.00,NONE,SEG08,435
2037,24.238,70.351,-20.595,1,8,2.00,NONE,SEG08,436
2038,24.431,70.296,-22.899,1,8,2.00,NONE,SEG08,436
2039,24.623,70.240,-25.089,1,8,2.00,NONE,SEG08,436
2040,24.804,70.155,-27.825,1,8,2.00,NONE,SEG08,436
2041,24.985,70.071,-31.194,1,8,2.00,NONE,SEG08,436
2042,25.166,69.986,-34.568,1,8,2.00,NONE,SEG08,437
2043,25.347,69.901,-37.932,1,8,2.00,NONE,SEG08,437
2044,25.508,69.784,-40.958,1,8,2.00,NONE,SEG08,437
2045,25.665,69.659,-43.920,1,8,2.00,NONE,SEG08,437
2046,25.821,69.535,-46.885,1,8,2.00,NONE,SEG08,438
2047,25.977,69.410,-49.843,1,8,2.00,NONE,SEG08,438
2048,26.110,69.261,-52.608,1,8,2.00,NONE,SEG08,438
2049,26.238,69.107,-56.135,1,8,2.00,NONE,SEG08,438
2050,26.365,68.953,-59.671,1,8,2.00,NONE,SEG08,439
2051,26.493,68.799,-63.195,1,8,2.00,NONE,SEG08,439
2052,26.594,68.628,-65.169,1,8,2.00,NONE,SEG08,439
2053,26.681,68.448,-68.530,1,8,2.00,NONE,SEG08,439
2054,26.767,68.267,-71.910,1,8,2.00,NONE,SEG08,440
2055,26.853,68.087,-75.286,1,8,2.00,NONE,SEG08,440
2056,26.930,67.903,-77.961,1,8,2.00,NONE,SEG08,440
2057,26.972,67.708,-78.813,1,8,2.00,NONE,SEG08,440
2058,27.014,67.512,-80.379,1,8,2.00,NONE,SEG08,440
2059,27.055,67.317,-81.946,1,8,2.00,NONE,SEG08,441
2060,27.097,67.121,-83.512,1,8,2.00,NONE,SEG08,441
2061,27.127,66.924,-84.226,1,8,2.00,NONE,SEG08,441
2062,27.147,66.725,-85.231,1,8,2.00,NONE,SEG08,441
2063,27.167,66.526,-86.630,1,8,2.00,NONE,SEG08,442
2064,27.187,66.327,-88.030,1,8,2.00,NONE,SEG08,442
2065,27.207,66.128,-89.428,1,8,2.00,NONE,SEG08,442
2066,27.214,65.928,-89.822,1,8,2.00,NONE,SEG08,442
2067,27.214,65.728,-90.961,1,8,2.00,NONE,SEG08,442
2068,27.215,65.528,-92.316,1,8,2.00,NONE,SEG08,443
2069,27.215,65.328,-93.672,1,8,2.00,NONE,SEG08,443
2070,27.216,65.128,-95.026,1,8,2.00,NONE,SEG08,443
2071,27.201,64.929,-95.242,1,8,2.00,NONE,SEG08,443
2072,27.183,64.729,-95.253,1,8,2.00,NONE,SEG08,443
2073,27.164,64.530,-95.477,1,8,2.00,NONE,SEG08,443
2074,27.146,64.331,-95.700,1,8,2.00,NONE,SEG08,444
2075,27.128,64.132,-95.923,1,8,2.00,NONE,SEG08,444
2076,27.109,63.933,-96.135,1,8,2.00,NONE,SEG08,444
2077,27.088,63.734,-96.135,1,8,2.00,NONE,SEG08,444
2078,27.067,63.535,-96.135,1,8,2.00,NONE,SEG08,444
2079,27.045,63.336,-96.122,1,8,2.00,NONE,SEG08,444
2080,27.024,63.137,-96.102,1,8,2.00,NONE,SEG08,445
2081,27.002,62.939,-96.081,1,8,2.00,NONE,SEG08,445
2082,26.981,62.740,-96.061,1,8,2.00,NONE,SEG08,445
2083,26.960,62.541,-96.053,1,8,2.00,NONE,SEG08,445
2084,26.939,62.342,-96.053,1,8,2.00,NONE,SEG08,445
2085,26.918,62.143,-96.057,1,8,2.00,NONE,SEG08,445
2086,26.897,61.944,-96.083,1,8,2.00,NONE,SEG08,446
2087,26.875,61.745,-96.109,1,8,2.00,NONE,SEG08,446
2088,26.854,61.546,-96.135,1,8,2.00,NONE,SEG08,446
2089,26.833,61.347,-96.158,1,8,2.00,NONE,SEG08,446
2090,26.812,61.149,-96.158,1,8,2.00,NONE,SEG08,446
2091,26.790,60.950,-96.158,1,8,2.00,NONE,SEG08,446
2092,26.769,60.751,-96.103,1,8,2.00,NONE,SEG08,447
2093,26.747,60.552,-96.044,1,8,2.00,NONE,SEG08,447
2094,26.726,60.353,-95.986,1,8,2.00,NONE,SEG08,447
2095,26.705,60.154,-95.927,1,8,2.00,NONE,SEG08,447
2096,26.684,59.955,-95.924,1,8,2.00,NONE,SEG08,447
2097,26.663,59.757,-95.924,1,8,2.00,NONE,SEG08,447
2098,26.643,59.558,-95.633,1,8,2.00,NONE,SEG08,447
2099,26.622,59.359,-95.253,1,8,2.00,NONE,SEG08,448
2100,26.601,59.160,-94.873,1,8,2.00,NONE,SEG08,448
2101,26.581,58.961,-94.493,1,8,2.00,NONE,SEG08,448
2102,26.564,58.762,-94.403,1,8,2.00,NONE,SEG08,448
2103,26.549,58.562,-94.270,1,8,2.00,NONE,SEG08,448
2104,26.533,58.363,-93.965,1,8,2.00,NONE,SEG08,449
2105,26.518,58.163,-93.661,1,8,2.00,NONE,SEG08,449
2106,26.503,57.964,-93.356,1,8,2.00,NONE,SEG08,449
2107,26.489,57.764,-93.186,1,8,2.00,NONE,SEG08,449
2108,26.478,57.565,-93.481,1,8,2.00,NONE,SEG08,449
2109,26.467,57.365,-93.837,1,8,2.00,NONE,SEG08,450
2110,26.456,57.165,-94.193,1,8,2.00,NONE,SEG08,450
2111,26.445,56.966,-94.549,1,8,2.00,NONE,SEG08,450
2112,26.429,56.766,-94.719,1,8,2.00,NONE,SEG08,450
2113,26.413,56.567,-95.112,1,8,2.00,NONE,SEG08,450
2114,26.397,56.367,-95.504,1,8,2.00,NONE,SEG08,451
2115,26.381,56.168,-95.896,1,8,2.00,NONE,SEG08,451
2116,26.364,55.969,-96.179,1,8,2.00,NONE,SEG08,451
2117,26.342,55.770,-96.079,1,8,2.00,NONE,SEG08,451
2118,26.321,55.571,-95.897,1,8,2.00,NONE,SEG08,451
2119,26.299,55.372,-95.716,1,8,2.00,NONE,SEG08,452
2120,26.278,55.174,-95.534,1,8,2.00,NONE,SEG08,452
2121,26.257,54.975,-95.453,1,8,2.00,NONE,SEG08,452
2122,26.238,54.775,-95.492,1,8,2.00,NONE,SEG08,452
2123,26.219,54.576,-95.555,1,8,2.00,NONE,SEG08,453
2124,26.200,54.377,-95.618,1,8,2.00,NONE,SEG08,453
2125,26.181,54.178,-95.681,1,8,2.00,NONE,SEG08,453
2126,26.162,53.979,-95.705,1,8,2.00,NONE,SEG08,453
2127,26.142,53.780,-95.558,1,8,2.00,NONE,SEG08,453
2128,26.122,53.581,-95.392,1,8,2.00,NONE,SEG08,454
2129,26.102,53.382,-95.226,1,8,2.00,NONE,SEG08,454
2130,26.082,53.183,-95.061,1,8,2.00,NONE,SEG08,454
2131,26.064,52.984,-94.967,1,8,2.00,NONE,SEG08,454
2132,26.047,52.785,-94.645,1,8,2.00,NONE,SEG08,454
2133,26.029,52.585,-94.323,1,8,2.00,NONE,SEG08,455
2134,26.012,52.386,-94.002,1,8,2.00,NONE,SEG08,455
2135,25.995,52.187,-93.756,1,8,2.00,NONE,SEG08,455
2136,25.982,51.987,-93.606,1,8,2.00,NONE,SEG08,455
2137,25.969,51.788,-93.304,1,8,2.00,NONE,SEG08,455
2138,25.956,51.588,-93.003,1,8,2.00,NONE,SEG08,456
2139,25.943,51.389,-92.701,1,8,2.00,NONE,SEG08,456
2140,25.932,51.189,-92.549,1,8,2.00,NONE,SEG08,456
2141,25.923,50.989,-92.448,1,8,2.00,NONE,SEG08,456
2142,25.914,50.789,-92.334,1,8,2.00,NONE,SEG08,457
2143,25.905,50.590,-92.221,1,8,2.00,NONE,SEG08,457
2144,25.896,50.390,-92.108,1,8,2.00,NONE,SEG08,457
2145,25.889,50.190,-92.100,1,8,2.00,NONE,SEG08,457
2146,25.881,49.990,-92.103,1,8,2.00,NONE,SEG08,457
2147,25.874,49.790,-92.107,1,8,2.00,NONE,SEG08,458
2148,25.867,49.590,-92.070,1,8,2.00,NONE,SEG08,458
2149,25.859,49.390,-92.005,1,8,2.00,NONE,SEG08,458
2150,25.852,49.191,-91.940,1,8,2.00,NONE,SEG08,459
2151,25.845,48.991,-92.050,1,8,2.00,NONE,SEG08,459
2152,25.838,48.791,-92.400,1,8,2.00,NONE,SEG08,459
2153,25.831,48.591,-92.774,1,8,2.00,NONE,SEG08,460
2154,25.825,48.391,-93.346,1,8,2.00,NONE,SEG08,460
2155,25.816,48.191,-93.884,1,8,2.00,NONE,SEG08,460
2156,25.804,47.992,-94.223,1,8,2.00,NONE,SEG08,461
2157,25.793,47.792,-94.843,1,8,2.00,NONE,SEG08,461
2158,25.778,47.592,-95.320,1,8,2.00,NONE,SEG08,461
2159,25.762,47.393,-95.655,1,8,2.00,NONE,SEG08,462
2160,25.745,47.194,-96.000,1,8,2.00,NONE,SEG08,462
2161,25.725,46.995,-96.133,1,8,2.00,NONE,SEG08,462
2162,25.704,46.796,-96.212,1,8,2.00,NONE,SEG08,462
2163,25.683,46.597,-96.291,1,8,2.00,NONE,SEG08,463
2164,25.662,46.398,-96.443,1,8,2.00,NONE,SEG08,463
2165,25.640,46.199,-96.716,1,8,2.00,NONE,SEG08,463
2166,25.618,46.001,-96.990,1,8,2.00,NONE,SEG08,464
2167,25.595,45.802,-97.264,1,8,2.00,NONE,SEG08,464
2168,25.572,45.603,-97.347,1,8,2.00,NONE,SEG08,464
2169,25.546,45.405,-97.159,1,8,2.00,NONE,SEG08,464
2170,25.520,45.207,-96.972,1,8,2.00,STOP_LINE,SEG08,465
2171,25.494,45.008,-96.792,1,8,2.00,NONE,SEG08,465
2172,25.470,44.810,-96.775,1,8,2.00,NONE,SEG08,465
2173,25.446,44.611,-96.838,1,8,2.00,NONE,SEG08,465
2174,25.423,44.413,-96.901,1,8,2.00,NONE,SEG08,466
2175,25.400,44.214,-96.659,1,8,2.00,NONE,SEG08,466
2176,25.375,44.015,-96.266,1,8,2.00,NONE,SEG08,466
2177,25.351,43.817,-95.712,1,8,2.00,NONE,SEG08,467
2178,25.327,43.618,-94.500,1,8,2.00,NONE,SEG08,467
2179,25.307,43.419,-93.584,1,8,2.00,NONE,SEG08,467
2180,25.288,43.220,-92.182,1,8,2.00,NONE,SEG08,468
2181,25.272,43.021,-90.215,1,8,2.00,NONE,SEG08,468
2182,25.264,42.821,-88.906,1,8,2.00,NONE,SEG08,468
2183,25.257,42.621,-87.137,1,8,2.00,NONE,SEG08,469
2184,25.258,42.421,-85.458,1,8,2.00,NONE,SEG08,469
2185,25.269,42.222,-84.503,1,8,2.00,NONE,SEG08,469
2186,25.279,42.022,-83.299,1,8,2.00,NONE,SEG08,470
2187,25.297,41.823,-81.314,1,8,2.00,NONE,SEG08,470
2188,25.321,41.624,-79.822,1,8,2.00,NONE,SEG08,470
2189,25.345,41.426,-78.330,1,8,2.00,NONE,SEG08,471
2190,25.373,41.228,-76.531,1,8,2.00,NONE,SEG08,471
2191,25.417,41.033,-75.291,1,8,2.00,NONE,SEG08,471
2192,25.462,40.838,-74.051,1,8,2.00,NONE,SEG08,472
2193,25.507,40.643,-72.811,1,8,2.00,NONE,SEG08,472
2194,25.559,40.450,-71.748,1,8,2.00,NONE,SEG08,472
2195,25.620,40.260,-70.640,1,8,2.00,NONE,SEG08,472
2196,25.682,40.070,-69.533,1,8,2.00,NONE,SEG08,473
2197,25.743,39.879,-68.425,1,8,2.00,NONE,SEG08,473
2198,25.809,39.691,-67.701,1,8,2.00,NONE,SEG08,473
2199,25.885,39.506,-66.600,1,8,2.00,NONE,SEG08,473
2200,25.961,39.321,-65.378,1,8,2.00,NONE,SEG08,474
2201,26.037,39.136,-64.156,1,8,2.00,NONE,SEG08,474
2202,26.113,38.950,-62.935,1,8,2.00,NONE,SEG08,474
2203,26.203,38.772,-62.295,1,8,2.00,NONE,SEG08,474
2204,26.294,38.594,-60.361,1,8,2.00,NONE,SEG08,474
2205,26.386,38.416,-58.424,1,6,2.00,NONE,SEG06,285
2206,26.477,38.238,-56.488,1,8,2.00,NONE,SEG08,475
2207,26.575,38.064,-55.074,1,8,2.00,NONE,SEG08,475
2208,26.689,37.900,-54.194,1,8,2.00,NONE,SEG08,475
2209,26.804,37.736,-52.650,1,8,2.00,NONE,SEG08,475
2210,26.918,37.572,-51.105,1,8,2.00,NONE,SEG08,476
2211,27.033,37.408,-49.561,1,8,2.00,NONE,SEG08,476
2212,27.157,37.252,-48.898,1,8,2.00,NONE,SEG08,476
2213,27.288,37.101,-47.084,1,8,2.00,NONE,SEG08,476
2214,27.420,36.950,-44.820,1,8,2.00,NONE,SEG08,477
2215,27.551,36.800,-42.555,1,8,2.00,NONE,SEG08,477
2216,27.683,36.649,-40.296,1,8,2.00,NONE,SEG08,477
2217,27.832,36.516,-39.849,1,8,2.00,NONE,SEG08,477
2218,27.985,36.388,-38.218,1,8,2.00,NONE,SEG08,477
2219,28.139,36.260,-36.268,1,8,2.00,NONE,SEG08,478
2220,28.293,36.132,-34.318,1,8,2.00,NONE,SEG08,478
2221,28.446,36.004,-32.371,1,8,2.00,NONE,SEG08,478
2222,28.613,35.894,-32.056,1,4,2.00,NONE,SEG04,158
2223,28.782,35.788,-30.860,1,4,2.00,NONE,SEG04,158
2224,28.952,35.682,-28.798,1,8,2.00,NONE,SEG08,479
2225,29.121,35.575,-26.735,1,8,2.00,NONE,SEG08,479
2226,29.291,35.469,-24.674,1,8,2.00,NONE,SEG08,479
2227,29.468,35.378,-23.809,1,8,2.00,NONE,SEG08,479
2228,29.651,35.297,-23.426,1,8,2.00,NONE,SEG08,479
2229,29.834,35.216,-21.734,1,8,2.00,NONE,SEG08,479
2230,30.017,35.136,-20.039,1,8,2.00,NONE,SEG08,480
2231,30.200,35.055,-18.345,1,8,2.00,NONE,SEG08,480
2232,30.385,34.979,-17.037,1,8,2.00,NONE,SEG08,480
2233,30.576,34.921,-17.037,1,8,2.00,NONE,SEG08,480
2234,30.768,34.862,-16.041,1,8,2.00,NONE,SEG08,480
2235,30.959,34.803,-14.778,1,8,2.00,NONE,SEG08,481
2236,31.150,34.745,-13.515,1,8,2.00,NONE,SEG08,481
2237,31.341,34.686,-12.252,1,8,2.00,NONE,SEG08,481
2238,31.536,34.641,-11.985,1,8,2.00,NONE,SEG08,481
2239,31.732,34.599,-11.805,1,8,2.00,NONE,SEG08,481
2240,31.927,34.558,-10.954,1,8,2.00,NONE,SEG08,481
2241,32.123,34.516,-10.104,1,8,2.00,NONE,SEG08,482
2242,32.318,34.475,-9.253,1,8,2.00,NONE,SEG08,482
2243,32.515,34.436,-8.583,1,8,2.00,NONE,SEG08,482
2244,32.712,34.406,-8.583,1,8,2.00,NONE,SEG08,482
2245,32.910,34.376,-7.842,1,8,2.00,NONE,SEG08,482
2246,33.108,34.346,-6.839,1,8,2.00,NONE,SEG08,483
2247,33.306,34.316,-5.836,1,8,2.00,NONE,SEG08,483
2248,33.503,34.287,-4.833,1,8,2.00,NONE,SEG08,483
2249,33.702,34.267,-4.571,1,8,2.00,NONE,SEG08,483
2250,33.902,34.251,-4.416,1,8,2.00,NONE,SEG08,483
2251,34.101,34.235,-4.040,1,8,2.00,NONE,SEG08,484
2252,34.300,34.219,-3.665,1,8,2.00,NONE,SEG08,484
2253,34.500,34.203,-3.289,1,8,2.00,NONE,SEG08,484
2254,34.699,34.189,-3.069,1,8,2.00,NONE,SEG08,484
2255,34.899,34.179,-3.068,1,8,2.00,NONE,SEG08,484
2256,35.099,34.168,-3.048,1,8,2.00,NONE,SEG08,484
2257,35.298,34.157,-3.028,1,8,2.00,NONE,SEG08,485
2258,35.498,34.147,-3.007,1,8,2.00,NONE,SEG08,485
2259,35.698,34.136,-2.989,1,8,2.00,NONE,SEG08,485
2260,35.898,34.126,-2.989,1,8,2.00,NONE,SEG08,485
2261,36.097,34.115,-2.774,1,8,2.00,NONE,SEG08,485
2262,36.297,34.105,-2.462,1,8,2.00,NONE,SEG08,486
2263,36.497,34.094,-2.150,1,8,2.00,NONE,SEG08,486
2264,36.696,34.084,-1.839,1,8,2.00,NONE,SEG08,486
2265,36.896,34.076,-1.741,1,8,2.00,NONE,SEG08,486
2266,37.096,34.070,-1.747,1,8,2.00,NONE,SEG08,486
2267,37.296,34.064,-1.766,1,8,2.00,NONE,SEG08,486
2268,37.496,34.058,-1.786,1,8,2.00,NONE,SEG08,487
2269,37.696,34.052,-1.805,1,8,2.00,NONE,SEG08,487
2270,37.896,34.046,-1.819,1,8,2.00,NONE,SEG08,487
2271,38.096,34.040,-1.819,1,8,2.00,NONE,SEG08,487
2272,38.296,34.033,-1.918,1,8,2.00,NONE,SEG08,487
2273,38.496,34.027,-2.032,1,8,2.00,NONE,SEG08,488
2274,38.695,34.021,-2.146,1,8,2.00,NONE,SEG08,488
2275,38.895,34.014,-2.260,1,8,2.00,NONE,SEG08,488
2276,39.095,34.006,-2.275,1,8,2.00,NONE,SEG08,488
2277,39.295,33.998,-2.390,1,8,2.00,NONE,SEG08,488
2278,39.495,33.991,-2.668,1,8,2.00,NONE,SEG08,489
2279,39.695,33.983,-2.946,1,8,2.00,NONE,SEG08,489
2280,39.895,33.975,-3.224,1,8,2.00,NONE,SEG08,489
2281,40.094,33.965,-3.387,1,8,2.00,NONE,SEG08,489
2282,40.294,33.953,-3.387,1,8,2.00,NONE,SEG08,489
2283,40.494,33.941,-3.540,1,8,2.00,NONE,SEG08,489
2284,40.693,33.930,-3.695,1,8,2.00,NONE,SEG08,490
2285,40.893,33.918,-3.851,1,8,2.00,NONE,SEG08,490
2286,41.093,33.906,-4.006,1,8,2.00,NONE,SEG08,490
2287,41.292,33.892,-4.008,1,8,2.00,NONE,SEG08,490
2288,41.492,33.878,-4.018,1,8,2.00,NONE,SEG08,490
2289,41.691,33.864,-4.032,1,8,2.00,NONE,SEG08,491
2290,41.891,33.850,-4.046,1,8,2.00,NONE,SEG08,491
2291,42.090,33.836,-4.061,1,8,2.00,NONE,SEG08,491
2292,42.290,33.822,-4.066,1,8,2.00,NONE,SEG08,491
2293,42.489,33.808,-4.041,1,8,2.00,NONE,SEG08,491
2294,42.689,33.794,-3.972,1,8,2.00,NONE,SEG08,492
2295,42.888,33.780,-3.903,1,8,2.00,NONE,SEG08,492
2296,43.088,33.765,-3.835,1,8,2.00,NONE,SEG08,492
2297,43.287,33.752,-3.791,1,8,2.00,NONE,SEG08,492
2298,43.487,33.738,-3.798,1,8,2.00,NONE,SEG08,492
2299,43.686,33.725,-3.834,1,8,2.00,NONE,SEG08,492
2300,43.886,33.712,-3.869,1,8,2.00,NONE,SEG08,493
2301,44.085,33.699,-3.905,1,8,2.00,NONE,SEG08,493
2302,44.285,33.685,-3.934,1,8,2.00,NONE,SEG08,493
2303,44.484,33.672,-3.910,1,8,2.00,NONE,SEG08,493
2304,44.684,33.658,-3.772,1,8,2.00,NONE,SEG08,493
2305,44.884,33.644,-3.634,1,8,2.00,NONE,SEG08,494
2306,45.083,33.630,-3.495,1,8,2.00,NONE,SEG08,494
2307,45.283,33.617,-3.381,1,8,2.00,NONE,SEG08,494
2308,45.482,33.605,-3.398,1,8,2.00,NONE,SEG08,494
2309,45.682,33.593,-3.523,1,8,2.00,NONE,SEG08,494
2310,45.882,33.582,-3.648,1,8,2.00,NONE,SEG08,495
2311,46.081,33.570,-3.773,1,8,2.00,NONE,SEG08,495
2312,46.281,33.558,-3.881,1,8,2.00,NONE,SEG08,495
2313,46.480,33.544,-3.891,1,8,2.00,NONE,SEG08,495
2314,46.680,33.531,-4.048,1,8,2.00,NONE,SEG08,495
2315,46.879,33.517,-4.206,1,8,2.00,NONE,SEG08,496
2316,47.079,33.504,-4.364,1,8,2.00,NONE,SEG08,496
2317,47.279,33.490,-4.512,1,8,2.00,NONE,SEG08,496
2318,47.478,33.474,-4.512,1,8,2.00,NONE,SEG08,496
2319,47.677,33.459,-4.579,1,8,2.00,NONE,SEG08,496
2320,47.877,33.443,-4.651,1,8,2.00,NONE,SEG08,497
2321,48.076,33.427,-4.722,1,8,2.00,NONE,SEG08,497
2322,48.275,33.411,-4.793,1,8,2.00,NONE,SEG08,497
2323,48.475,33.395,-4.797,1,8,2.00,NONE,SEG08,497
2324,48.674,33.378,-4.810,1,8,2.00,NONE,SEG08,497
2325,48.873,33.361,-4.827,1,8,2.00,NONE,SEG08,498
2326,49.073,33.344,-4.844,1,8,2.00,NONE,SEG08,498
2327,49.272,33.328,-4.861,1,8,2.00,NONE,SEG08,498
2328,49.471,33.311,-4.865,1,8,2.00,NONE,SEG08,498
2329,49.671,33.294,-4.927,1,8,2.00,NONE,SEG08,498
2330,49.870,33.277,-5.059,1,8,2.00,NONE,SEG08,499
2331,50.069,33.260,-5.191,1,8,2.00,NONE,SEG08,499
2332,50.268,33.243,-5.324,1,8,2.00,NONE,SEG08,499
2333,50.468,33.225,-5.394,1,8,2.00,NONE,SEG08,499
2334,50.667,33.206,-5.344,1,8,2.00,NONE,SEG08,499
2335,50.866,33.188,-5.065,1,8,2.00,NONE,SEG08,499
2336,51.065,33.169,-4.787,1,8,2.00,NONE,SEG08,500
2337,51.264,33.150,-4.509,1,8,2.00,NONE,SEG08,500
2338,51.463,33.132,-4.281,1,8,2.00,NONE,SEG08,500
2339,51.663,33.117,-4.281,1,8,2.00,NONE,SEG08,500
2340,51.862,33.102,-4.147,1,8,2.00,NONE,SEG08,500
2341,52.062,33.087,-3.999,1,8,2.00,NONE,SEG08,501
2342,52.261,33.072,-3.852,1,8,2.00,NONE,SEG08,501
2343,52.460,33.057,-3.705,1,8,2.00,NONE,SEG08,501
2344,52.660,33.044,-3.693,1,8,2.00,NONE,SEG08,501
2345,52.860,33.031,-3.618,1,8,2.00,NONE,SEG08,501
2346,53.059,33.018,-3.514,1,8,2.00,NONE,SEG08,502
2347,53.259,33.006,-3.411,1,8,2.00,NONE,SEG08,502
2348,53.458,32.993,-3.308,1,8,2.00,NONE,SEG08,502
2349,53.658,32.981,-3.279,1,8,2.00,NONE,SEG08,502
2350,53.858,32.969,-3.284,1,8,2.00,NONE,SEG08,502
2351,54.057,32.958,-3.293,1,8,2.00,NONE,SEG08,503
2352,54.257,32.946,-3.303,1,8,2.00,NONE,SEG08,503
2353,54.457,32.935,-3.312,1,8,2.00,NONE,SEG08,503
2354,54.656,32.924,-3.316,1,8,2.00,NONE,SEG08,503
2355,54.856,32.912,-3.353,1,8,2.00,NONE,SEG08,503
2356,55.056,32.900,-3.447,1,8,2.00,NONE,SEG08,503
2357,55.255,32.889,-3.540,1,8,2.00,NONE,SEG08,504
2358,55.455,32.877,-3.634,1,8,2.00,NONE,SEG08,504
2359,55.655,32.865,-3.690,1,8,2.00,NONE,SEG08,504
2360,55.854,32.852,-3.725,1,8,2.00,NONE,SEG08,504
2361,56.054,32.839,-3.858,1,8,2.00,NONE,SEG08,504
2362,56.253,32.827,-3.990,1,8,2.00,NONE,SEG08,505
2363,56.453,32.814,-4.123,1,8,2.00,NONE,SEG08,505
2364,56.652,32.800,-4.220,1,8,2.00,NONE,SEG08,505
2365,56.852,32.786,-4.211,1,8,2.00,NONE,SEG08,505
2366,57.051,32.771,-4.138,1,8,2.00,NONE,SEG08,505
2367,57.251,32.756,-4.064,1,8,2.00,NONE,SEG08,506
2368,57.450,32.741,-3.991,1,8,2.00,NONE,SEG08,506
2369,57.650,32.727,-3.927,1,8,2.00,NONE,SEG08,506
2370,57.849,32.713,-3.927,1,8,2.00,NONE,SEG08,506
2371,58.049,32.699,-3.811,1,8,2.00,NONE,SEG08,506
2372,58.248,32.686,-3.690,1,8,2.00,NONE,SEG08,507
2373,58.448,32.672,-3.568,1,8,2.00,NONE,SEG08,507
2374,58.647,32.658,-3.447,1,8,2.00,NONE,SEG08,507
2375,58.847,32.646,-3.443,1,8,2.00,NONE,SEG08,507
2376,59.047,32.634,-3.288,1,8,2.00,NONE,SEG08,507
2377,59.246,32.622,-3.089,1,8,2.00,NONE,SEG08,508
2378,59.446,32.610,-2.890,1,8,2.00,NONE,SEG08,508
2379,59.646,32.598,-2.690,1,8,2.00,NONE,SEG08,508
2380,59.845,32.588,-2.645,1,8,2.00,NONE,SEG08,508
2381,60.045,32.579,-2.514,1,8,2.00,NONE,SEG08,508
2382,60.245,32.570,-2.290,1,8,2.00,NONE,SEG08,509
2383,60.445,32.561,-2.065,1,8,2.00,NONE,SEG08,509
2384,60.645,32.551,-1.841,1,8,2.00,NONE,SEG08,509
2385,60.844,32.544,-1.748,1,8,2.00,NONE,SEG08,509
2386,61.044,32.538,-1.739,1,8,2.00,NONE,SEG08,509
2387,61.244,32.532,-1.716,1,8,2.00,NONE,SEG08,509
2388,61.444,32.526,-1.693,1,8,2.00,NONE,SEG08,510
2389,61.644,32.520,-1.670,1,8,2.00,NONE,SEG08,510
2390,61.844,32.514,-1.655,1,8,2.00,NONE,SEG08,510
2391,62.044,32.508,-1.657,1,8,2.00,NONE,SEG08,510
2392,62.244,32.502,-1.666,1,8,2.00,NONE,SEG08,510
2393,62.444,32.496,-1.676,1,8,2.00,NONE,SEG08,511
2394,62.644,32.491,-1.685,1,8,2.00,NONE,SEG08,511
2395,62.844,32.485,-1.693,1,8,2.00,NONE,SEG08,511
2396,63.043,32.479,-1.693,1,8,2.00,NONE,SEG08,511
2397,63.243,32.473,-1.585,1,8,2.00,NONE,SEG08,511
2398,63.443,32.467,-1.464,1,8,2.00,NONE,SEG08,512
2399,63.643,32.461,-1.343,1,8,2.00,NONE,SEG08,512
2400,63.843,32.455,-1.222,1,8,2.00,NONE,SEG08,512
2401,64.043,32.451,-1.209,1,8,2.00,NONE,SEG08,512
2402,64.243,32.447,-1.106,1,8,2.00,NONE,SEG08,512
2403,64.443,32.442,-0.945,1,8,2.00,NONE,SEG08,513
2404,64.643,32.438,-0.785,1,8,2.00,NONE,SEG08,513
2405,64.843,32.434,-0.625,1,8,2.00,NONE,SEG08,513
2406,65.043,32.431,-0.568,1,8,2.00,NONE,SEG08,513
2407,65.243,32.429,-0.608,1,8,2.00,NONE,SEG08,513
2408,65.443,32.427,-0.710,1,8,2.00,NONE,SEG08,514
2409,65.643,32.425,-0.812,1,8,2.00,NONE,SEG08,514
2410,65.843,32.423,-0.914,1,8,2.00,NONE,SEG08,514
2411,66.043,32.421,-0.976,1,8,2.00,NONE,SEG08,514
2412,66.243,32.417,-0.939,1,8,2.00,NONE,SEG08,514
2413,66.443,32.414,-0.613,1,8,2.00,NONE,SEG08,514
2414,66.643,32.411,-0.287,1,8,2.00,NONE,SEG08,515
2415,66.843,32.407,0.039,1,8,2.00,NONE,SEG08,515
2416,67.043,32.404,0.328,1,8,2.00,NONE,SEG08,515
2417,67.243,32.405,0.328,1,8,2.00,NONE,SEG08,515
2418,67.443,32.407,0.708,1,8,2.00,NONE,SEG08,515
2419,67.643,32.408,1.182,1,8,2.00,NONE,SEG08,516
2420,67.843,32.409,1.657,1,8,2.00,NONE,SEG08,516
2421,68.043,32.410,2.131,1,8,2.00,NONE,SEG08,516
2422,68.242,32.416,2.225,1,8,2.00,NONE,SEG08,516
2423,68.442,32.424,2.954,1,8,2.00,NONE,SEG08,516
2424,68.642,32.432,4.335,1,8,2.00,NONE,SEG08,517
2425,68.842,32.440,5.717,1,8,2.00,NONE,SEG08,517
2426,69.042,32.447,7.098,1,8,2.00,NONE,SEG08,517
2427,69.241,32.465,7.751,1,8,2.00,NONE,SEG08,517
2428,69.439,32.492,8.106,1,8,2.00,NONE,SEG08,517
2429,69.637,32.519,9.650,1,8,2.00,NONE,SEG08,517
2430,69.835,32.546,11.195,1,8,2.00,NONE,SEG08,518
2431,70.034,32.573,12.740,1,8,2.00,NONE,SEG08,518
2432,70.231,32.605,13.930,1,8,2.00,NONE,SEG08,518
2433,70.425,32.653,14.034,1,8,2.00,NONE,SEG08,518
2434,70.619,32.701,16.387,1,8,2.00,NONE,SEG08,518
2435,70.813,32.749,18.747,1,8,2.00,NONE,SEG08,519
2436,71.007,32.798,21.108,1,8,2.00,NONE,SEG08,519
2437,71.201,32.847,23.357,1,8,2.00,NONE,SEG08,519
2438,71.385,32.926,23.357,1,8,2.00,NONE,SEG08,519
2439,71.568,33.006,26.113,1,8,2.00,NONE,SEG08,519
2440,71.752,33.085,28.934,1,8,2.00,NONE,SEG08,520
2441,71.935,33.164,31.755,1,8,2.00,NONE,SEG08,520
2442,72.119,33.244,34.563,1,8,2.00,NONE,SEG08,520
2443,72.284,33.357,34.764,1,8,2.00,NONE,SEG08,520
2444,72.449,33.470,37.370,1,8,2.00,NONE,SEG08,520
2445,72.613,33.584,39.987,1,8,2.00,NONE,SEG08,521
2446,72.778,33.697,42.602,1,8,2.00,NONE,SEG08,521
2447,72.941,33.813,45.060,1,8,2.00,NONE,SEG08,521
2448,73.082,33.954,45.320,1,8,2.00,NONE,SEG08,521
2449,73.224,34.096,47.554,1,8,2.00,NONE,SEG08,521
2450,73.365,34.237,49.795,1,8,2.00,NONE,SEG08,522
2451,73.506,34.379,52.035,1,8,2.00,NONE,SEG08,522
2452,73.645,34.523,54.011,1,8,2.00,NONE,SEG08,522
2453,73.762,34.685,54.506,1,8,2.00,NONE,SEG08,522
2454,73.880,34.846,56.162,1,8,2.00,NONE,SEG08,522
2455,73.997,35.008,57.821,1,8,2.00,NONE,SEG08,523
2456,74.115,35.170,59.479,1,8,2.00,NONE,SEG08,523
2457,74.226,35.336,60.642,1,8,2.00,NONE,SEG08,523
2458,74.325,35.510,61.169,1,8,2.00,NONE,SEG08,523
2459,74.423,35.684,62.508,1,8,2.00,NONE,SEG08,523
2460,74.521,35.859,63.848,1,8,2.00,NONE,SEG08,524
2461,74.619,36.033,65.187,1,8,2.00,NONE,SEG08,524
2462,74.710,36.211,65.999,1,8,2.00,NONE,SEG08,524
2463,74.792,36.393,66.379,1,8,2.00,NONE,SEG08,524
2464,74.873,36.576,67.238,1,8,2.00,NONE,SEG08,524
2465,74.954,36.759,68.097,1,8,2.00,NONE,SEG08,525
2466,75.036,36.941,68.956,1,8,2.00,NONE,SEG08,525
2467,75.112,37.126,69.436,1,8,2.00,NONE,SEG08,525
2468,75.182,37.313,69.746,1,8,2.00,NONE,SEG08,525
2469,75.253,37.501,70.225,1,8,2.00,NONE,SEG08,526
2470,75.323,37.688,70.703,1,8,2.00,NONE,SEG08,526
2471,75.393,37.875,71.181,1,8,2.00,NONE,SEG08,526
2472,75.459,38.064,71.349,1,8,2.00,NONE,SEG08,526
2473,75.523,38.253,71.920,1,8,2.00,NONE,SEG08,526
2474,75.587,38.443,72.609,1,8,2.00,NONE,SEG08,527
2475,75.651,38.632,73.297,1,8,2.00,NONE,SEG08,527
2476,75.715,38.822,73.986,1,8,2.00,NONE,SEG08,527
2477,75.771,39.014,74.140,1,8,2.00,NONE,SEG08,527
2478,75.826,39.206,75.080,1,8,2.00,NONE,SEG08,527
2479,75.881,39.398,76.022,1,8,2.00,NONE,SEG08,528
2480,75.936,39.591,76.963,1,8,2.00,NONE,SEG08,528
2481,75.990,39.783,77.867,1,8,2.00,NONE,SEG08,528
2482,76.032,39.979,77.981,1,8,2.00,NONE,SEG08,528
2483,76.074,40.174,78.518,1,8,2.00,NONE,SEG08,528
2484,76.116,40.370,79.056,1,8,2.00,NONE,SEG08,529
2485,76.158,40.565,79.593,1,8,2.00,NONE,SEG08,529
2486,76.199,40.761,80.015,1,8,2.00,NONE,SEG08,529
2487,76.233,40.958,80.046,1,8,2.00,NONE,SEG08,529
2488,76.268,41.155,80.139,1,8,2.00,NONE,SEG08,529
2489,76.303,41.352,80.231,1,8,2.00,NONE,SEG08,530
2490,76.337,41.549,80.323,1,8,2.00,NONE,SEG08,530
2491,76.372,41.746,80.384,1,8,2.00,NONE,SEG08,530
2492,76.405,41.943,80.478,1,8,2.00,NONE,SEG08,530
2493,76.438,42.140,80.807,1,8,2.00,NONE,SEG08,530
2494,76.472,42.338,81.135,1,8,2.00,NONE,SEG08,531
2495,76.505,42.535,81.463,1,8,2.00,NONE,SEG08,531
2496,76.537,42.732,81.698,1,8,2.00,NONE,SEG08,531
2497,76.566,42.930,81.736,1,8,2.00,NONE,SEG08,531
2498,76.595,43.128,81.948,1,8,2.00,NONE,SEG08,531
2499,76.624,43.326,82.161,1,8,2.00,NONE,SEG08,532
2500,76.653,43.524,82.373,1,8,2.00,NONE,SEG08,532
2501,76.681,43.722,82.547,1,8,2.00,NONE,SEG08,532
2502,76.707,43.920,82.546,1,8,2.00,NONE,SEG08,532
2503,76.733,44.118,82.526,1,8,2.00,NONE,SEG08,532
2504,76.759,44.317,82.506,1,8,2.00,NONE,SEG08,533
2505,76.785,44.515,82.486,1,8,2.00,NONE,SEG08,533
2506,76.811,44.713,82.467,1,8,2.00,NONE,SEG08,533
2507,76.837,44.912,82.467,1,8,2.00,NONE,SEG08,533
2508,76.863,45.110,82.617,1,8,2.00,NONE,SEG08,533
2509,76.890,45.308,82.777,1,8,2.00,NONE,SEG08,534
2510,76.916,45.506,82.936,1,8,2.00,NONE,SEG08,534
2511,76.942,45.705,83.096,1,8,2.00,NONE,SEG08,534
2512,76.966,45.903,83.105,1,8,2.00,NONE,SEG08,534
2513,76.990,46.102,83.169,1,8,2.00,NONE,SEG08,534
2514,77.014,46.300,83.245,1,8,2.00,NONE,SEG08,535
2515,77.038,46.499,83.321,1,8,2.00,NONE,SEG08,535
2516,77.062,46.697,83.397,1,8,2.00,NONE,SEG08,535
2517,77.085,46.896,83.409,1,8,2.00,NONE,SEG08,535
2518,77.108,47.095,83.775,1,8,2.00,NONE,SEG08,535
2519,77.131,47.294,84.194,1,8,2.00,NONE,SEG08,536
2520,77.154,47.492,84.613,1,8,2.00,NONE,SEG08,536
2521,77.177,47.691,85.032,1,8,2.00,NONE,SEG08,536
2522,77.195,47.890,85.085,1,8,2.00,NONE,SEG08,536
2523,77.212,48.089,85.020,1,8,2.00,NONE,SEG08,536
2524,77.229,48.289,84.945,1,8,2.00,NONE,SEG08,537
2525,77.246,48.488,84.871,1,8,2.00,NONE,SEG08,537
2526,77.264,48.687,84.796,1,8,2.00,NONE,SEG08,537
2527,77.282,48.886,84.787,1,8,2.00,NONE,SEG08,537
2528,77.300,49.085,84.924,1,8,2.00,NONE,SEG08,537
2529,77.318,49.285,85.073,1,8,2.00,NONE,SEG08,538
2530,77.336,49.484,85.223,1,8,2.00,NONE,SEG08,538
2531,77.354,49.683,85.372,1,8,2.00,NONE,SEG08,538
2532,77.371,49.882,85.377,1,8,2.00,NONE,SEG08,538
2533,77.387,50.082,85.314,1,8,2.00,NONE,SEG08,538
2534,77.403,50.281,85.250,1,8,2.00,NONE,SEG08,539
2535,77.419,50.480,85.186,1,8,2.00,NONE,SEG08,539
2536,77.435,50.680,85.131,1,8,2.00,NONE,SEG08,539
2537,77.452,50.879,85.144,1,8,2.00,NONE,SEG08,539
2538,77.469,51.078,85.198,1,8,2.00,NONE,SEG08,539
2539,77.486,51.278,85.251,1,8,2.00,NONE,SEG08,540
2540,77.503,51.477,85.304,1,8,2.00,NONE,SEG08,540
2541,77.520,51.676,85.344,1,8,2.00,NONE,SEG08,540
2542,77.536,51.875,85.268,1,8,2.00,NONE,SEG08,540
2543,77.552,52.075,84.987,1,8,2.00,NONE,SEG08,540
2544,77.568,52.274,84.707,1,8,2.00,NONE,SEG08,541
2545,77.585,52.473,84.427,1,8,2.00,NONE,SEG08,541
2546,77.602,52.673,84.222,1,8,2.00,NONE,SEG08,541
2547,77.622,52.872,84.389,1,8,2.00,NONE,SEG08,541
2548,77.642,53.071,84.696,1,8,2.00,NONE,SEG08,541
2549,77.662,53.270,85.004,1,9,2.00,NONE,SEG09,542
2550,77.682,53.469,85.311,1,9,2.00,NONE,SEG09,542
2551,77.700,53.668,85.449,1,9,2.00,NONE,SEG09,542
2552,77.716,53.867,85.396,1,9,2.00,NONE,SEG09,542
2553,77.732,54.067,85.343,1,9,2.00,NONE,SEG09,543
2554,77.748,54.266,85.290,1,9,2.00,NONE,SEG09,543
2555,77.764,54.465,85.240,1,9,2.00,NONE,SEG09,543
2556,77.780,54.665,85.330,1,9,2.00,NONE,SEG09,543
2557,77.797,54.864,85.482,1,9,2.00,NONE,SEG09,543
2558,77.814,55.063,85.634,1,9,2.00,NONE,SEG09,544
2559,77.830,55.263,85.786,1,9,2.00,NONE,SEG09,544
2560,77.845,55.462,85.922,1,9,2.00,NONE,SEG09,544
2561,77.860,55.661,86.171,1,9,2.00,NONE,SEG09,544
2562,77.874,55.861,86.420,1,9,2.00,NONE,SEG09,545
2563,77.889,56.060,86.668,1,9,2.00,NONE,SEG09,545
2564,77.902,56.260,86.808,1,9,2.00,NONE,SEG09,545
2565,77.913,56.460,86.720,1,9,2.00,NONE,SEG09,545
2566,77.924,56.659,86.631,1,9,2.00,NONE,SEG09,546
2567,77.935,56.859,86.542,1,9,2.00,NONE,SEG09,546
2568,77.947,57.059,86.481,1,9,2.00,NONE,SEG09,546
2569,77.959,57.258,86.258,1,9,2.00,NONE,SEG09,546
2570,77.971,57.458,86.036,1,9,2.00,NONE,SEG09,547
2571,77.984,57.658,85.813,1,9,2.00,NONE,SEG09,547
2572,77.996,57.857,85.598,1,9,2.00,NONE,SEG09,547
2573,78.011,58.057,85.537,1,9,2.00,NONE,SEG09,547
2574,78.027,58.256,85.357,1,9,2.00,NONE,SEG09,547
2575,78.042,58.455,85.178,1,9,2.00,NONE,SEG09,548
2576,78.057,58.655,84.999,1,9,2.00,NONE,SEG09,548
2577,78.074,58.854,84.881,1,9,2.00,NONE,SEG09,548
2578,78.091,59.053,84.850,1,9,2.00,NONE,SEG09,548
2579,78.109,59.253,84.810,1,9,2.00,NONE,SEG09,549
2580,78.127,59.452,84.771,1,9,2.00,NONE,SEG09,549
2581,78.145,59.651,84.732,1,9,2.00,NONE,SEG09,549
2582,78.163,59.850,84.940,1,9,2.00,NONE,SEG09,549
2583,78.182,60.049,85.217,1,9,2.00,NONE,SEG09,549
2584,78.200,60.248,85.493,1,9,2.00,NONE,SEG09,550
2585,78.218,60.448,85.769,1,9,2.00,NONE,SEG09,550
2586,78.234,60.647,86.133,1,9,2.00,NONE,SEG09,550
2587,78.248,60.846,86.540,1,9,2.00,NONE,SEG09,550
2588,78.263,61.046,86.947,1,9,2.00,NONE,SEG09,551
2589,78.277,61.245,87.354,1,9,2.00,NONE,SEG09,551
2590,78.288,61.445,87.737,1,9,2.00,NONE,SEG09,551
2591,78.297,61.645,88.087,1,9,2.00,NONE,SEG09,551
2592,78.306,61.845,88.436,1,9,2.00,NONE,SEG09,552
2593,78.314,62.045,88.841,1,9,2.00,NONE,SEG09,552
2594,78.319,62.244,89.620,1,9,2.00,NONE,SEG09,552
2595,78.323,62.444,90.330,1,9,2.00,NONE,SEG09,552
2596,78.327,62.644,91.040,1,9,2.00,NONE,SEG10,553
2597,78.331,62.844,91.732,1,9,2.00,NONE,SEG10,553
2598,78.325,63.044,92.354,1,9,2.00,NONE,SEG10,553
2599,78.319,63.244,92.976,1,9,2.00,NONE,SEG10,554
2600,78.313,63.444,93.599,1,9,2.00,NONE,SEG10,554
2601,78.306,63.644,94.183,1,9,2.00,NONE,SEG10,554
2602,78.292,63.843,94.665,1,9,2.00,NONE,SEG10,554
2603,78.277,64.043,95.376,1,9,2.00,NONE,SEG10,554
2604,78.263,64.242,96.087,1,9,2.00,NONE,SEG10,555
2605,78.248,64.442,96.798,1,9,2.00,NONE,SEG10,555
2606,78.227,64.641,97.027,1,9,2.00,NONE,SEG10,555
2607,78.202,64.839,98.426,1,9,2.00,NONE,SEG10,555
2608,78.178,65.038,100.162,1,9,2.00,NONE,SEG10,556
2609,78.153,65.236,101.898,1,9,2.00,NONE,SEG10,556
2610,78.129,65.435,103.632,1,9,2.00,NONE,SEG10,556
2611,78.085,65.630,103.966,1,9,2.00,NONE,SEG10,556
2612,78.037,65.824,105.908,1,9,2.00,NONE,SEG10,556
2613,77.989,66.018,108.571,1,9,2.00,NONE,SEG10,557
2614,77.940,66.212,111.237,1,9,2.00,NONE,SEG10,557
2615,77.892,66.406,113.894,1,9,2.00,NONE,SEG10,557
2616,77.818,66.591,114.612,1,9,2.00,NONE,SEG10,557
2617,77.735,66.773,115.992,1,9,2.00,NONE,SEG10,557
2618,77.652,66.955,118.651,1,9,2.00,NONE,SEG10,558
2619,77.568,67.137,121.314,1,9,2.00,NONE,SEG10,558
2620,77.485,67.318,123.972,1,9,2.00,NONE,SEG10,558
2621,77.385,67.491,125.249,1,9,2.00,NONE,SEG10,558
2622,77.270,67.654,125.847,1,9,2.00,NONE,SEG10,558
2623,77.154,67.817,128.149,1,9,2.00,NONE,SEG10,558
2624,77.039,67.981,130.456,1,9,2.00,NONE,SEG10,559
2625,76.924,68.144,132.762,1,9,2.00,NONE,SEG10,559
2626,76.802,68.302,134.467,1,9,2.00,NONE,SEG10,559
2627,76.662,68.445,134.467,1,9,2.00,NONE,SEG10,559
2628,76.522,68.587,136.660,1,9,2.00,NONE,SEG10,559
2629,76.381,68.730,139.574,1,9,2.00,NONE,SEG10,560
2630,76.241,68.873,142.492,1,9,2.00,NONE,SEG10,560
2631,76.101,69.016,145.398,1,9,2.00,NONE,SEG10,560
2632,75.942,69.135,146.112,1,9,2.00,NONE,SEG10,560
2633,75.776,69.246,146.658,1,9,2.00,NONE,SEG10,560
2634,75.610,69.358,149.626,1,9,2.00,NONE,SEG10,560
2635,75.444,69.469,152.607,1,9,2.00,NONE,SEG10,561
2636,75.278,69.581,155.585,1,9,2.00,NONE,SEG10,561
2637,75.108,69.686,158.009,1,9,2.00,NONE,SEG10,561
2638,74.923,69.761,158.009,1,9,2.00,NONE,SEG10,561
2639,74.737,69.836,158.763,1,9,2.00,NONE,SEG10,561
2640,74.552,69.910,160.008,1,9,2.00,NONE,SEG10,562
2641,74.366,69.985,161.254,1,9,2.00,NONE,SEG10,562
2642,74.181,70.060,162.499,1,9,2.00,NONE,SEG10,562
2643,73.992,70.125,162.990,1,9,2.00,NONE,SEG10,562
2644,73.801,70.184,163.234,1,9,2.00,NONE,SEG10,562
2645,73.609,70.242,164.152,1,9,2.00,NONE,SEG10,562
2646,73.418,70.301,165.071,1,9,2.00,NONE,SEG10,563
2647,73.227,70.359,165.990,1,9,2.00,NONE,SEG10,563
2648,73.035,70.415,166.665,1,9,2.00,NONE,SEG10,563
2649,72.840,70.461,166.665,1,9,2.00,NONE,SEG10,563
2650,72.645,70.507,167.200,1,9,2.00,NONE,SEG10,563
2651,72.451,70.553,167.744,1,9,2.00,NONE,SEG10,564
2652,72.256,70.599,168.289,1,9,2.00,NONE,SEG10,564
2653,72.062,70.645,168.833,1,9,2.00,NONE,SEG10,564
2654,71.865,70.684,168.841,1,9,2.00,NONE,SEG10,564
2655,71.669,70.723,169.221,1,9,2.00,NONE,SEG10,564
2656,71.473,70.761,169.783,1,9,2.00,NONE,SEG10,565
2657,71.277,70.800,170.344,1,9,2.00,NONE,SEG10,565
2658,71.081,70.839,170.905,1,9,2.00,NONE,SEG10,565
2659,70.883,70.872,171.087,1,9,2.00,NONE,SEG10,565
2660,70.686,70.903,171.289,1,9,2.00,NONE,SEG10,565
2661,70.488,70.934,171.730,1,9,2.00,NONE,SEG10,566
2662,70.291,70.965,172.172,1,9,2.00,NONE,SEG10,566
2663,70.093,70.996,172.614,1,9,2.00,NONE,SEG10,566
2664,69.895,71.024,172.854,1,9,2.00,NONE,SEG10,566
2665,69.697,71.049,172.983,1,9,2.00,NONE,SEG10,566
2666,69.498,71.074,173.287,1,9,2.00,NONE,SEG10,566
2667,69.300,71.099,173.591,1,9,2.00,NONE,SEG10,567
2668,69.101,71.124,173.895,1,9,2.00,NONE,SEG10,567
2669,68.903,71.147,174.069,1,9,2.00,NONE,SEG10,567
2670,68.704,71.168,174.188,1,9,2.00,NONE,SEG10,567
2671,68.505,71.188,174.526,1,9,2.00,NONE,SEG10,567
2672,68.306,71.209,174.864,1,9,2.00,NONE,SEG10,568
2673,68.107,71.230,175.203,1,9,2.00,NONE,SEG10,568
2674,67.908,71.249,175.422,1,9,2.00,NONE,SEG10,568
2675,67.708,71.265,175.563,1,9,2.00,NONE,SEG10,568
2676,67.509,71.281,176.124,1,9,2.00,NONE,SEG10,568
2677,67.310,71.297,176.685,1,9,2.00,NONE,SEG10,569
2678,67.110,71.313,177.246,1,9,2.00,NONE,SEG10,569
2679,66.911,71.327,177.666,1,9,2.00,NONE,SEG10,569
2680,66.711,71.335,177.716,1,9,2.00,NONE,SEG10,569
2681,66.511,71.343,177.959,1,9,2.00,NONE,SEG10,569
2682,66.311,71.351,178.203,1,9,2.00,NONE,SEG10,570
2683,66.112,71.359,178.446,1,9,2.00,NONE,SEG10,570
2684,65.912,71.367,178.638,1,9,2.00,NONE,SEG10,570
2685,65.712,71.371,178.630,1,9,2.00,NONE,SEG10,570
2686,65.512,71.376,178.577,1,9,2.00,NONE,SEG10,570
2687,65.312,71.381,178.524,1,9,2.00,NONE,SEG10,571
2688,65.112,71.386,178.471,1,9,2.00,NONE,SEG10,571
2689,64.912,71.390,178.426,1,9,2.00,NONE,SEG10,571
2690,64.712,71.396,178.426,1,9,2.00,NONE,SEG10,571
2691,64.512,71.401,178.201,1,9,2.00,NONE,SEG10,571
2692,64.312,71.407,177.974,1,9,2.00,NONE,SEG10,572
2693,64.112,71.412,177.748,1,9,2.00,NONE,SEG10,572
2694,63.912,71.418,177.521,1,9,2.00,NONE,SEG10,572
2695,63.713,71.427,177.520,1,9,2.00,NONE,SEG10,572
2696,63.513,71.435,177.449,1,9,2.00,NONE,SEG10,572
2697,63.313,71.444,177.353,1,9,2.00,NONE,SEG10,573
2698,63.113,71.453,177.257,1,9,2.00,NONE,SEG10,573
2699,62.913,71.461,177.161,1,9,2.00,NONE,SEG10,573
2700,62.714,71.471,177.135,1,9,2.00,NONE,SEG10,573
2701,62.514,71.481,177.109,1,9,2.00,NONE,SEG10,573
2702,62.314,71.491,177.050,1,9,2.00,NONE,SEG10,574
2703,62.114,71.501,176.991,1,9,2.00,NONE,SEG10,574
2704,61.915,71.511,176.932,1,9,2.00,NONE,SEG10,574
2705,61.715,71.521,176.899,1,9,2.00,NONE,SEG10,574
2706,61.515,71.532,176.883,1,9,2.00,NONE,SEG10,574
2707,61.315,71.543,176.701,1,9,2.00,NONE,SEG10,574
2708,61.116,71.554,176.519,1,9,2.00,NONE,SEG10,575
2709,60.916,71.564,176.337,1,9,2.00,NONE,SEG10,575
2710,60.716,71.576,176.170,1,9,2.00,NONE,SEG10,575
2711,60.517,71.589,176.170,1,9,2.00,NONE,SEG10,575
2712,60.317,71.602,176.081,1,9,2.00,NONE,SEG10,575
2713,60.118,71.616,175.953,1,9,2.00,NONE,SEG10,576
2714,59.918,71.629,175.824,1,9,2.00,NONE,SEG10,576
2715,59.719,71.642,175.695,1,9,2.00,NONE,SEG10,576
2716,59.519,71.657,175.656,1,9,2.00,NONE,SEG10,576
2717,59.320,71.672,175.667,1,9,2.00,NONE,SEG10,576
2718,59.120,71.687,175.703,1,9,2.00,NONE,SEG10,576
2719,58.921,71.702,175.739,1,9,2.00,NONE,SEG10,577
2720,58.721,71.717,175.775,1,9,2.00,NONE,SEG10,577
2721,58.522,71.732,175.801,1,9,2.00,NONE,SEG10,577
2722,58.322,71.747,175.801,1,9,2.00,NONE,SEG10,577
2723,58.123,71.762,175.784,1,9,2.00,NONE,SEG10,577
2724,57.924,71.776,175.765,1,9,2.00,NONE,SEG10,578
2725,57.724,71.791,175.747,1,9,2.00,NONE,SEG10,578
2726,57.525,71.806,175.728,1,9,2.00,NONE,SEG10,578
2727,57.325,71.821,175.727,1,9,2.00,NONE,SEG10,578
2728,57.126,71.835,175.688,1,9,2.00,NONE,SEG10,578
2729,56.926,71.850,175.617,1,9,2.00,NONE,SEG10,579
2730,56.727,71.865,175.546,1,9,2.00,NONE,SEG10,579
2731,56.527,71.880,175.475,1,9,2.00,NONE,SEG10,579
2732,56.328,71.896,175.443,1,9,2.00,NONE,SEG10,579
2733,56.129,71.912,175.438,1,9,2.00,NONE,SEG10,579
2734,55.929,71.927,175.418,1,9,2.00,NONE,SEG10,579
2735,55.730,71.943,175.398,1,9,2.00,NONE,SEG10,580
2736,55.531,71.959,175.378,1,9,2.00,NONE,SEG10,580
2737,55.331,71.975,175.362,1,9,2.00,NONE,SEG10,580
2738,55.132,71.991,175.362,1,9,2.00,NONE,SEG10,580
2739,54.932,72.008,175.528,1,9,2.00,NONE,SEG10,580
2740,54.733,72.024,175.713,1,9,2.00,NONE,SEG10,581
2741,54.534,72.040,175.897,1,9,2.00,NONE,SEG10,581
2742,54.334,72.056,176.082,1,9,2.00,NONE,SEG10,581
2743,54.135,72.070,176.102,1,9,2.00,NONE,SEG10,581
2744,53.935,72.083,176.214,1,9,2.00,NONE,SEG10,581
2745,53.736,72.097,176.409,1,9,2.00,NONE,SEG10,582
2746,53.536,72.111,176.604,1,9,2.00,NONE,SEG10,582
2747,53.337,72.124,176.799,1,9,2.00,NONE,SEG10,582
2748,53.137,72.136,176.882,1,9,2.00,NONE,SEG10,582
2749,52.937,72.147,176.969,1,9,2.00,NONE,SEG10,582
2750,52.738,72.158,177.277,1,9,2.00,NONE,SEG10,582
2751,52.538,72.169,177.586,1,9,2.00,NONE,SEG10,583
2752,52.338,72.180,177.895,1,9,2.00,NONE,SEG10,583
2753,52.139,72.189,178.116,1,9,2.00,NONE,SEG10,583
2754,51.939,72.196,178.117,1,9,2.00,NONE,SEG10,583
2755,51.739,72.203,178.201,1,9,2.00,NONE,SEG10,583
2756,51.539,72.209,178.286,1,9,2.00,NONE,SEG10,584
2757,51.339,72.216,178.370,1,9,2.00,NONE,SEG10,584
2758,51.139,72.222,178.454,1,9,2.00,NONE,SEG10,584
2759,50.939,72.228,178.454,1,9,2.00,NONE,SEG10,584
2760,50.739,72.233,178.389,1,9,2.00,NONE,SEG10,584
2761,50.539,72.239,178.305,1,9,2.00,NONE,SEG10,585
2762,50.339,72.244,178.220,1,9,2.00,NONE,SEG10,585
2763,50.139,72.249,178.136,1,9,2.00,NONE,SEG10,585
2764,49.940,72.256,178.117,1,9,2.00,NONE,SEG10,585
2765,49.740,72.262,178.025,1,9,2.00,NONE,SEG10,585
2766,49.540,72.269,177.876,1,9,2.00,NONE,SEG10,586
2767,49.340,72.275,177.728,1,9,2.00,NONE,SEG10,586
2768,49.140,72.282,177.579,1,9,2.00,NONE,SEG10,586
2769,48.940,72.290,177.522,1,9,2.00,NONE,SEG10,586
2770,48.740,72.298,177.473,1,9,2.00,NONE,SEG10,586
2771,48.541,72.307,177.377,1,9,2.00,NONE,SEG10,587
2772,48.341,72.316,177.280,1,9,2.00,NONE,SEG10,587
2773,48.141,72.324,177.184,1,9,2.00,NONE,SEG10,587
2774,47.941,72.334,177.137,1,9,2.00,NONE,SEG10,587
2775,47.741,72.344,177.054,1,9,2.00,NONE,SEG10,587
2776,47.542,72.354,176.831,1,9,2.00,NONE,SEG10,587
2777,47.342,72.364,176.609,1,9,2.00,NONE,SEG10,588
2778,47.142,72.374,176.386,1,9,2.00,NONE,SEG10,588
2779,46.942,72.385,176.247,1,9,2.00,NONE,SEG10,588
2780,46.743,72.398,176.234,1,9,2.00,NONE,SEG10,588
2781,46.543,72.411,176.170,1,9,2.00,NONE,SEG10,588
2782,46.344,72.424,176.106,1,9,2.00,NONE,SEG10,589
2783,46.144,72.437,176.041,1,9,2.00,NONE,SEG10,589
2784,45.945,72.450,175.989,1,9,2.00,NONE,SEG10,589
2785,45.745,72.464,175.989,1,9,2.00,NONE,SEG10,589
2786,45.546,72.478,176.053,1,9,2.00,NONE,SEG10,589
2787,45.346,72.492,176.119,1,9,2.00,NONE,SEG10,590
2788,45.147,72.506,176.186,1,9,2.00,NONE,SEG10,590
2789,44.947,72.520,176.253,1,9,2.00,NONE,SEG10,590
2790,44.747,72.533,176.256,1,9,2.00,NONE,SEG10,590
2791,44.548,72.547,176.173,1,9,2.00,NONE,SEG10,590
2792,44.348,72.560,176.053,1,9,2.00,NONE,SEG10,591
2793,44.149,72.573,175.932,1,9,2.00,NONE,SEG10,591
2794,43.949,72.586,175.812,1,9,2.00,NONE,SEG10,591
2795,43.750,72.600,175.774,1,9,2.00,NONE,SEG10,591
2796,43.550,72.615,175.780,1,9,2.00,NONE,SEG10,591
2797,43.351,72.629,175.798,1,9,2.00,NONE,SEG10,592
2798,43.151,72.644,175.815,1,9,2.00,NONE,SEG10,592
2799,42.952,72.659,175.833,1,9,2.00,NONE,SEG10,592
2800,42.752,72.674,175.844,1,9,2.00,NONE,SEG10,592
2801,42.553,72.688,175.844,1,9,2.00,NONE,SEG10,592
2802,42.353,72.703,175.524,1,9,2.00,NONE,SEG10,592
2803,42.154,72.717,175.162,1,9,2.00,NONE,SEG10,593
2804,41.955,72.732,174.801,1,9,2.00,NONE,SEG10,593
2805,41.755,72.746,174.440,1,9,2.00,NONE,SEG10,593
2806,41.556,72.765,174.399,1,9,2.00,NONE,SEG10,593
2807,41.357,72.784,174.399,1,9,2.00,NONE,SEG10,593
2808,41.158,72.804,174.523,1,9,2.00,NONE,SEG10,593
2809,40.959,72.824,174.648,1,9,2.00,NONE,SEG10,594
2810,40.760,72.843,174.774,1,9,2.00,NONE,SEG10,594
2811,40.561,72.863,174.899,1,9,2.00,NONE,SEG10,594
2812,40.362,72.880,174.901,1,9,2.00,NONE,SEG10,594
2813,40.162,72.898,174.901,1,9,2.00,NONE,SEG10,594
2814,39.963,72.916,174.844,1,9,2.00,NONE,SEG10,594
2815,39.764,72.934,174.775,1,9,2.00,NONE,SEG10,595
2816,39.565,72.951,174.707,1,9,2.00,NONE,SEG10,595
2817,39.365,72.969,174.638,1,9,2.00,NONE,SEG10,595
2818,39.166,72.988,174.626,1,9,2.00,NONE,SEG10,595
2819,38.967,73.007,174.626,1,9,2.00,NONE,SEG10,595
2820,38.768,73.025,174.752,1,9,2.00,NONE,SEG10,595
2821,38.569,73.044,175.036,1,9,2.00,NONE,SEG10,596
2822,38.370,73.063,175.321,1,9,2.00,NONE,SEG10,596
2823,38.171,73.081,175.605,1,9,2.00,NONE,SEG10,596
2824,37.971,73.098,175.764,1,9,2.00,NONE,SEG10,596
2825,37.772,73.113,175.764,1,9,2.00,NONE,SEG10,596
2826,37.573,73.128,175.764,1,9,2.00,NONE,SEG10,596
2827,37.373,73.143,175.928,1,9,2.00,NONE,SEG10,597
2828,37.174,73.158,176.112,1,9,2.00,NONE,SEG10,597
2829,36.974,73.172,176.296,1,9,2.00,NONE,SEG10,597
2830,36.775,73.187,176.480,1,9,2.00,NONE,SEG10,597
2831,36.575,73.200,176.499,1,9,2.00,NONE,SEG10,597
2832,36.376,73.212,176.499,1,9,2.00,NONE,SEG10,597
2833,36.176,73.224,176.588,1,9,2.00,NONE,SEG10,597
2834,35.976,73.236,176.981,1,9,2.00,NONE,SEG10,598
2835,35.777,73.248,177.373,1,9,2.00,NONE,SEG10,598
2836,35.577,73.261,177.766,1,9,2.00,NONE,SEG10,598
2837,35.377,73.272,178.069,1,9,2.00,NONE,SEG10,598
2838,35.177,73.278,178.069,1,9,2.00,NONE,SEG10,598
2839,34.978,73.285,178.069,1,9,2.00,NONE,SEG10,598
2840,34.778,73.292,178.009,1,9,2.00,NONE,SEG10,598
2841,34.578,73.299,177.922,1,9,2.00,NONE,SEG10,599
2842,34.378,73.305,177.835,1,9,2.00,NONE,SEG10,599
2843,34.178,73.312,177.747,1,9,2.00,NONE,SEG10,599
2844,33.978,73.320,177.720,1,9,2.00,NONE,SEG10,599
2845,33.778,73.328,177.720,1,9,2.00,NONE,SEG10,599
2846,33.578,73.336,177.715,1,9,2.00,NONE,SEG10,599
2847,33.379,73.343,177.691,1,9,2.00,NONE,SEG10,600
2848,33.179,73.351,177.666,1,9,2.00,NONE,SEG10,600
2849,32.979,73.359,177.641,1,9,2.00,NONE,SEG10,600
2850,32.779,73.367,177.621,1,9,2.00,NONE,SEG10,600
2851,32.579,73.376,177.621,1,9,2.00,NONE,SEG10,600
2852,32.379,73.384,177.621,1,9,2.00,NONE,SEG10,600
2853,32.180,73.392,177.478,1,9,2.00,NONE,SEG10,600
2854,31.980,73.401,177.275,1,9,2.00,NONE,SEG10,601
2855,31.780,73.409,177.071,1,9,2.00,NONE,SEG10,601
2856,31.580,73.417,176.867,1,9,2.00,NONE,SEG10,601
2857,31.380,73.428,176.806,1,9,2.00,NONE,SEG10,601
2858,31.181,73.439,176.806,1,9,2.00,NONE,SEG10,601
2859,30.981,73.450,176.777,1,9,2.00,NONE,SEG10,601
2860,30.781,73.461,176.606,1,9,2.00,NONE,SEG10,602
2861,30.582,73.472,176.436,1,9,2.00,NONE,SEG10,602
2862,30.382,73.483,176.265,1,9,2.00,NONE,SEG10,602
2863,30.182,73.495,176.122,1,9,2.00,NONE,SEG10,602
2864,29.983,73.508,176.122,1,9,2.00,NONE,SEG10,602
2865,29.783,73.522,176.122,1,9,2.00,NONE,SEG10,602
2866,29.584,73.535,176.008,1,9,2.00,NONE,SEG10,602
2867,29.384,73.549,175.840,1,9,2.00,NONE,SEG10,603
2868,29.185,73.562,175.672,1,9,2.00,NONE,SEG10,603
2869,28.985,73.576,175.504,1,9,2.00,NONE,SEG10,603
2870,28.786,73.591,175.449,1,9,2.00,NONE,SEG10,603
2871,28.586,73.607,175.449,1,9,2.00,NONE,SEG10,603
2872,28.387,73.623,175.457,1,9,2.00,NONE,SEG10,603
2873,28.188,73.639,175.518,1,9,2.00,NONE,SEG10,604
2874,27.988,73.655,175.580,1,9,2.00,NONE,SEG10,604
2875,27.789,73.670,175.642,1,9,2.00,NONE,SEG10,604
2876,27.589,73.686,175.696,1,9,2.00,NONE,SEG10,604
2877,27.390,73.701,175.696,1,9,2.00,NONE,SEG10,604
2878,27.191,73.716,175.696,1,9,2.00,NONE,SEG10,604
2879,26.991,73.731,175.835,1,9,2.00,NONE,SEG10,604
2880,26.792,73.746,176.035,1,9,2.00,NONE,SEG10,605
2881,26.592,73.761,176.234,1,9,2.00,NONE,SEG10,605
2882,26.393,73.776,176.434,1,9,2.00,NONE,SEG10,605
2883,26.193,73.789,176.495,1,9,2.00,NONE,SEG10,605
2884,25.994,73.801,176.495,1,9,2.00,NONE,SEG10,605
2885,25.794,73.814,176.494,1,9,2.00,NONE,SEG10,605
2886,25.594,73.826,176.492,1,9,2.00,NONE,SEG10,606
2887,25.395,73.838,176.489,1,9,2.00,NONE,SEG10,606
2888,25.195,73.850,176.487,1,9,2.00,NONE,SEG10,606
2889,24.995,73.863,176.485,1,9,2.00,NONE,SEG10,606
2890,24.796,73.875,176.485,1,9,2.00,NONE,SEG10,606
2891,24.596,73.887,176.485,1,9,2.00,NONE,SEG10,606
2892,24.397,73.899,176.317,1,9,2.00,NONE,SEG10,607
2893,24.197,73.912,176.142,1,9,2.00,NONE,SEG10,607
2894,23.997,73.924,175.967,1,9,2.00,NONE,SEG10,607
2895,23.798,73.936,175.792,1,9,2.00,NONE,SEG10,607
2896,23.598,73.951,175.786,1,9,2.00,NONE,SEG10,607
2897,23.399,73.966,175.786,1,9,2.00,NONE,SEG10,607
2898,23.199,73.980,175.797,1,9,2.00,NONE,SEG10,607
2899,23.000,73.995,175.819,1,9,2.00,NONE,SEG10,608
2900,22.800,74.010,175.841,1,9,2.00,NONE,SEG10,608
2901,22.601,74.024,175.862,1,9,2.00,NONE,SEG10,608
2902,22.401,74.039,175.873,1,9,2.00,NONE,SEG10,608
2903,22.202,74.053,175.873,1,9,2.00,NONE,SEG10,608
2904,22.003,74.068,175.867,1,9,2.00,NONE,SEG10,608
2905,21.803,74.082,175.818,1,9,2.00,NONE,SEG10,609
2906,21.604,74.096,175.769,1,9,2.00,NONE,SEG10,609
2907,21.404,74.111,175.720,1,9,2.00,NONE,SEG10,609
2908,21.205,74.125,175.677,1,9,2.00,NONE,SEG10,609
2909,21.005,74.140,175.677,1,9,2.00,NONE,SEG10,609
2910,20.806,74.155,175.677,1,9,2.00,NONE,SEG10,609
2911,20.606,74.171,175.633,1,9,2.00,NONE,SEG10,609
2912,20.407,74.186,175.574,1,9,2.00,NONE,SEG10,610
2913,20.207,74.201,175.516,1,9,2.00,NONE,SEG10,610
2914,20.008,74.216,175.457,1,9,2.00,NONE,SEG10,610
2915,19.809,74.231,175.442,1,9,2.00,NONE,SEG10,610
2916,19.609,74.247,175.442,1,9,2.00,NONE,SEG10,610
2917,19.410,74.263,175.497,1,9,2.00,NONE,SEG10,610
2918,19.211,74.279,175.594,1,9,2.00,NONE,SEG10,611
2919,19.011,74.295,175.692,1,9,2.00,NONE,SEG10,611
2920,18.812,74.311,175.790,1,9,2.00,NONE,SEG10,611
2921,18.612,74.326,175.833,1,9,2.00,NONE,SEG10,611
2922,18.413,74.341,175.833,1,9,2.00,NONE,SEG10,611
2923,18.213,74.355,175.981,1,9,2.00,NONE,SEG10,611
2924,18.014,74.370,176.391,1,9,2.00,NONE,SEG10,612
2925,17.814,74.384,176.801,1,9,2.00,NONE,SEG10,612
2926,17.615,74.399,177.211,1,9,2.00,NONE,SEG10,612
2927,17.415,74.411,177.473,1,9,2.00,NONE,SEG10,612
2928,17.216,74.420,177.473,1,9,2.00,NONE,SEG10,612
2929,17.016,74.429,177.612,1,9,2.00,NONE,SEG10,612
2930,16.816,74.438,177.861,1,9,2.00,NONE,SEG10,613
2931,16.616,74.446,178.110,1,9,2.00,NONE,SEG10,613
2932,16.416,74.455,178.359,1,9,2.00,NONE,SEG10,613
2933,16.217,74.462,178.470,1,9,2.00,NONE,SEG10,613
2934,16.017,74.467,178.470,1,9,2.00,NONE,SEG10,613
2935,15.817,74.473,178.543,1,9,2.00,NONE,SEG10,613
2936,15.617,74.478,178.625,1,9,2.00,NONE,SEG10,614
2937,15.417,74.484,178.708,1,9,2.00,NONE,SEG10,614
2938,15.217,74.489,178.791,1,9,2.00,NONE,SEG10,614
2939,15.017,74.493,178.801,1,9,2.00,NONE,SEG10,614
2940,14.817,74.497,178.818,1,9,2.00,NONE,SEG10,614
2941,14.617,74.502,178.894,1,9,2.00,NONE,SEG10,615
2942,14.417,74.506,178.969,1,9,2.00,NONE,SEG10,615
2943,14.217,74.510,179.045,1,9,2.00,NONE,SEG10,615
2944,14.017,74.514,179.103,1,9,2.00,NONE,SEG10,615
2945,13.817,74.517,179.103,1,9,2.00,NONE,SEG10,615
2946,13.617,74.520,179.143,1,9,2.00,NONE,SEG10,615
2947,13.417,74.523,179.238,1,9,2.00,NONE,SEG10,616
2948,13.217,74.526,179.332,1,9,2.00,NONE,SEG10,616
2949,13.017,74.530,179.427,1,9,2.00,NONE,SEG10,616
2950,12.817,74.532,179.480,1,9,2.00,NONE,SEG10,616
2951,12.617,74.534,179.480,1,9,2.00,NONE,SEG10,616
2952,12.417,74.536,179.322,1,9,2.00,NONE,SEG10,616
2953,12.217,74.538,179.035,1,9,2.00,NONE,SEG10,617
2954,12.017,74.539,178.749,1,9,2.00,NONE,SEG10,617
2955,11.817,74.541,178.462,1,9,2.00,NONE,SEG10,617
2956,11.617,74.545,178.333,1,9,2.00,NONE,SEG10,617
2957,11.417,74.551,178.333,1,9,2.00,NONE,SEG10,617
2958,11.218,74.557,178.247,1,9,2.00,NONE,SEG10,617
2959,11.018,74.563,178.097,1,9,2.00,NONE,SEG10,618
2960,10.818,74.568,177.947,1,9,2.00,NONE,SEG10,618
2961,10.618,74.574,177.797,1,9,2.00,NONE,SEG10,618
2962,10.418,74.581,177.734,1,9,2.00,NONE,SEG10,618
2963,10.218,74.589,177.734,1,9,2.00,NONE,SEG10,618
2964,10.018,74.597,177.803,1,9,2.00,NONE,SEG10,618
2965,9.818,74.605,177.931,1,9,2.00,NONE,SEG10,619
2966,9.619,74.613,178.059,1,9,2.00,NONE,SEG10,619
2967,9.419,74.621,178.187,1,9,2.00,NONE,SEG10,619
2968,9.219,74.628,178.245,1,9,2.00,NONE,SEG10,619
2969,9.019,74.634,178.245,1,9,2.00,NONE,SEG10,619
2970,8.819,74.640,178.413,1,9,2.00,NONE,SEG10,619
2971,8.619,74.646,178.841,1,9,2.00,NONE,SEG10,620
2972,8.419,74.652,179.269,1,9,2.00,NONE,SEG10,620
2973,8.219,74.658,179.697,1,9,2.00,NONE,SEG10,620
2974,8.019,74.662,179.957,1,9,2.00,NONE,SEG10,620
2975,7.819,74.662,179.957,1,9,2.00,NONE,SEG10,620
2976,7.619,74.662,-179.771,1,9,2.00,NONE,SEG10,620
2977,7.419,74.663,-178.465,1,9,2.00,NONE,SEG10,621
2978,7.219,74.663,-177.158,1,9,2.00,NONE,SEG10,621
2979,7.019,74.663,-175.851,1,9,2.00,NONE,SEG10,621
2980,6.820,74.659,-174.816,1,9,2.00,NONE,SEG10,621
2981,6.620,74.641,-174.816,1,9,2.00,NONE,SEG10,621
2982,6.421,74.623,-174.784,1,9,2.00,NONE,SEG10,621
2983,6.222,74.605,-173.364,1,9,2.00,NONE,SEG10,622
2984,6.023,74.587,-171.943,1,9,2.00,NONE,SEG10,622
2985,5.824,74.569,-170.521,1,9,2.00,NONE,SEG10,622
2986,5.624,74.550,-169.134,1,9,2.00,NONE,SEG10,622
2987,5.428,74.513,-169.134,1,9,2.00,NONE,SEG10,622
2988,5.232,74.475,-169.134,1,9,2.00,NONE,SEG10,622
2989,5.035,74.437,-167.623,1,9,2.00,NONE,SEG10,622
2990,4.839,74.400,-165.667,1,9,2.00,NONE,SEG10,623
2991,4.642,74.362,-163.710,1,9,2.00,NONE,SEG10,623
2992,4.446,74.324,-161.756,1,9,2.00,NONE,SEG10,623
2993,4.255,74.266,-161.313,1,9,2.00,NONE,SEG10,623
2994,4.065,74.202,-161.313,1,9,2.00,NONE,SEG10,623
2995,3.876,74.138,-159.321,1,9,2.00,NONE,SEG10,623
2996,3.687,74.074,-157.097,1,9,2.00,NONE,SEG10,624
2997,3.497,74.010,-154.872,1,9,2.00,NONE,SEG10,624
2998,3.308,73.946,-152.654,1,9,2.00,NONE,SEG10,624
2999,3.129,73.856,-152.427,1,9,2.00,NONE,SEG10,624
3000,2.952,73.763,-151.945,1,9,2.00,NONE,SEG10,624
3001,2.775,73.671,-149.377,1,9,2.00,NONE,SEG10,625
3002,2.597,73.578,-146.800,1,9,2.00,NONE,SEG10,625
3003,2.420,73.486,-144.226,1,9,2.00,NONE,SEG10,625
3004,2.246,73.388,-142.138,1,9,2.00,NONE,SEG10,625
3005,2.088,73.265,-142.138,1,9,2.00,NONE,SEG10,625
3006,1.931,73.142,-140.684,1,9,2.00,NONE,SEG10,625
3007,1.773,73.019,-138.367,1,9,2.00,NONE,SEG10,626
3008,1.615,72.897,-136.048,1,9,2.00,NONE,SEG10,626
3009,1.457,72.774,-133.733,1,9,2.00,NONE,SEG10,626
3010,1.313,72.636,-132.872,1,9,2.00,NONE,SEG10,626
3011,1.177,72.490,-132.171,1,9,2.00,NONE,SEG10,626
3012,1.040,72.343,-129.755,1,9,2.00,NONE,SEG10,626
3013,0.904,72.196,-127.333,1,9,2.00,NONE,SEG10,627
3014,0.768,72.050,-124.912,1,9,2.00,NONE,SEG10,627
3015,0.640,71.897,-123.196,1,9,2.00,NONE,SEG10,627
3016,0.530,71.730,-123.196,1,9,2.00,NONE,SEG10,627
3017,0.421,71.563,-121.588,1,9,2.00,NONE,SEG10,627
3018,0.311,71.395,-119.899,1,9,2.00,NONE,SEG10,628
3019,0.202,71.228,-118.209,1,9,2.00,NONE,SEG10,628
3020,0.092,71.060,-116.522,1,9,2.00,NONE,SEG10,628
3021,0.002,70.882,-116.442,1,9,2.00,NONE,SEG10,628
3022,-0.087,70.703,-115.757,1,9,2.00,NONE,SEG10,628
3023,-0.176,70.524,-114.155,1,9,2.00,NONE,SEG10,629
3024,-0.265,70.345,-112.551,1,9,2.00,NONE,SEG10,629
3025,-0.354,70.166,-110.949,1,9,2.00,NONE,SEG10,629
3026,-0.434,69.983,-110.032,1,9,2.00,NONE,SEG10,629
3027,-0.503,69.795,-110.032,1,9,2.00,NONE,SEG10,629
3028,-0.571,69.607,-108.883,1,9,2.00,NONE,SEG10,629
3029,-0.640,69.419,-107.441,1,9,2.00,NONE,SEG10,630
3030,-0.708,69.231,-105.998,1,9,2.00,NONE,SEG10,630
3031,-0.777,69.043,-104.556,1,9,2.00,NONE,SEG10,630
3032,-0.830,68.851,-104.262,1,9,2.00,NONE,SEG10,630
3033,-0.879,68.657,-104.087,1,9,2.00,NONE,SEG10,630
3034,-0.928,68.463,-102.915,1,9,2.00,NONE,SEG10,630
3035,-0.978,68.269,-101.742,1,9,2.00,NONE,SEG10,631
3036,-1.027,68.075,-100.569,1,9,2.00,NONE,SEG10,631
3037,-1.074,67.881,-99.572,1,9,2.00,NONE,SEG10,631
3038,-1.107,67.684,-99.572,1,9,2.00,NONE,SEG10,631
3039,-1.140,67.487,-99.187,1,9,2.00,NONE,SEG10,631
3040,-1.174,67.289,-98.424,1,9,2.00,NONE,SEG10,632
3041,-1.207,67.092,-97.660,1,9,2.00,NONE,SEG10,632
3042,-1.240,66.895,-96.897,1,9,2.00,NONE,SEG10,632
3043,-1.268,66.697,-96.518,1,9,2.00,NONE,SEG10,632
3044,-1.291,66.498,-96.518,1,9,2.00,NONE,SEG10,632
3045,-1.313,66.300,-96.190,1,9,2.00,NONE,SEG10,632
3046,-1.336,66.101,-95.814,1,9,2.00,NONE,SEG10,633
3047,-1.359,65.902,-95.438,1,9,2.00,NONE,SEG10,633
3048,-1.382,65.703,-95.062,1,9,2.00,NONE,SEG10,633
3049,-1.400,65.504,-95.014,1,9,2.00,NONE,SEG10,633
3050,-1.417,65.305,-94.950,1,9,2.00,NONE,SEG10,633
3051,-1.435,65.106,-94.677,1,9,2.00,NONE,SEG10,634
3052,-1.452,64.907,-94.404,1,9,2.00,NONE,SEG10,634
3053,-1.470,64.707,-94.131,1,9,2.00,NONE,SEG10,634
3054,-1.486,64.508,-93.923,1,9,2.00,NONE,SEG10,634
3055,-1.500,64.308,-93.923,1,9,2.00,NONE,SEG10,634
3056,-1.514,64.109,-93.903,1,9,2.00,NONE,SEG10,634
3057,-1.527,63.909,-93.870,1,9,2.00,NONE,SEG10,635
3058,-1.541,63.710,-93.838,1,9,2.00,NONE,SEG10,635
3059,-1.555,63.510,-93.805,1,9,2.00,NONE,SEG10,635
3060,-1.568,63.311,-93.792,1,9,2.00,NONE,SEG10,635
3061,-1.581,63.111,-93.792,1,9,2.00,NONE,SEG10,635
3062,-1.595,62.912,-93.782,1,9,2.00,NONE,SEG10,635
3063,-1.608,62.712,-93.771,1,9,2.00,NONE,SEG10,636
3064,-1.621,62.513,-93.761,1,9,2.00,NONE,SEG10,636
3065,-1.634,62.313,-93.750,1,9,2.00,NONE,SEG10,636
3066,-1.647,62.113,-93.750,1,9,2.00,NONE,SEG10,636
3067,-1.660,61.914,-93.687,1,9,2.00,NONE,SEG10,636
3068,-1.673,61.714,-93.487,1,9,2.00,NONE,SEG10,637
3069,-1.687,61.515,-93.287,1,9,2.00,NONE,SEG10,637
3070,-1.700,61.315,-93.088,1,9,2.00,NONE,SEG10,637
3071,-1.712,61.115,-92.951,1,9,2.00,NONE,SEG10,637
3072,-1.722,60.916,-92.951,1,9,2.00,NONE,SEG10,637
3073,-1.732,60.716,-92.881,1,9,2.00,NONE,SEG10,637
3074,-1.743,60.516,-92.778,1,9,2.00,NONE,SEG10,638
3075,-1.753,60.317,-92.674,1,9,2.00,NONE,SEG10,638
3076,-1.763,60.117,-92.571,1,9,2.00,NONE,SEG10,638
3077,-1.773,59.917,-92.538,1,9,2.00,NONE,SEG10,638
3078,-1.781,59.717,-92.541,1,9,2.00,NONE,SEG10,638
3079,-1.790,59.517,-92.603,1,9,2.00,NONE,SEG10,638
3080,-1.799,59.318,-92.666,1,9,2.00,NONE,SEG10,639
3081,-1.808,59.118,-92.728,1,9,2.00,NONE,SEG10,639
3082,-1.817,58.918,-92.787,1,9,2.00,NONE,SEG10,639
3083,-1.827,58.718,-92.787,1,9,2.00,NONE,SEG10,639
3084,-1.836,58.518,-92.837,1,9,2.00,NONE,SEG10,639
3085,-1.846,58.319,-92.945,1,9,2.00,NONE,SEG10,640
3086,-1.856,58.119,-93.053,1,9,2.00,NONE,SEG10,640
3087,-1.866,57.919,-93.160,1,9,2.00,NONE,SEG10,640
3088,-1.876,57.719,-93.217,1,9,2.00,NONE,SEG10,640
3089,-1.887,57.520,-93.217,1,9,2.00,NONE,SEG10,640
3090,-1.898,57.320,-93.355,1,9,2.00,NONE,SEG10,640
3091,-1.910,57.120,-93.509,1,9,2.00,NONE,SEG10,641
3092,-1.921,56.921,-93.663,1,9,2.00,NONE,SEG10,641
3093,-1.932,56.721,-93.817,1,9,2.00,NONE,SEG10,641
3094,-1.945,56.521,-93.833,1,9,2.00,NONE,SEG10,641
3095,-1.959,56.322,-93.924,1,9,2.00,NONE,SEG10,641
3096,-1.972,56.122,-94.187,1,9,2.00,NONE,SEG10,642
3097,-1.985,55.923,-94.450,1,9,2.00,NONE,SEG10,642
3098,-1.999,55.723,-94.713,1,9,2.00,NONE,SEG10,642
3099,-2.013,55.524,-94.885,1,9,2.00,NONE,SEG10,642
3100,-2.030,55.325,-94.885,1,9,2.00,NONE,SEG10,642
3101,-2.047,55.125,-95.038,1,9,2.00,NONE,SEG10,642
3102,-2.064,54.926,-95.205,1,9,2.00,NONE,SEG10,643
3103,-2.081,54.727,-95.371,1,9,2.00,NONE,SEG10,643
3104,-2.099,54.527,-95.538,1,9,2.00,NONE,SEG10,643
3105,-2.118,54.328,-95.551,1,9,2.00,NONE,SEG10,643
3106,-2.137,54.129,-95.465,1,9,2.00,NONE,SEG10,643
3107,-2.156,53.930,-95.325,1,9,2.00,NONE,SEG10,644
3108,-2.176,53.731,-95.185,1,9,2.00,NONE,SEG10,644
3109,-2.195,53.532,-95.045,1,9,2.00,NONE,SEG10,644
3110,-2.213,53.333,-94.991,1,9,2.00,NONE,SEG10,644
3111,-2.231,53.134,-94.989,1,9,2.00,NONE,SEG10,644
3112,-2.248,52.934,-94.983,1,9,2.00,NONE,SEG10,645
3113,-2.265,52.735,-94.978,1,9,2.00,NONE,SEG10,645
3114,-2.283,52.536,-94.972,1,9,2.00,NONE,SEG10,645
3115,-2.300,52.337,-94.969,1,9,2.00,NONE,SEG10,645
3116,-2.318,52.137,-94.931,1,9,2.00,NONE,SEG10,645
3117,-2.335,51.938,-94.835,1,9,2.00,NONE,SEG10,645
3118,-2.352,51.739,-94.740,1,9,2.00,NONE,SEG10,646
3119,-2.369,51.540,-94.645,1,9,2.00,NONE,SEG10,646
3120,-2.386,51.340,-94.588,1,9,2.00,NONE,SEG10,646
3121,-2.402,51.141,-94.527,1,9,2.00,NONE,SEG10,646
3122,-2.418,50.942,-94.383,1,9,2.00,NONE,SEG10,646
3123,-2.434,50.742,-94.238,1,9,2.00,NONE,SEG10,647
3124,-2.450,50.543,-94.094,1,9,2.00,NONE,SEG10,647
3125,-2.465,50.344,-94.010,1,9,2.00,NONE,SEG10,647
3126,-2.479,50.144,-93.923,1,9,2.00,NONE,SEG10,647
3127,-2.493,49.945,-93.766,1,9,2.00,NONE,SEG10,647
3128,-2.507,49.745,-93.609,1,9,2.00,NONE,SEG10,648
3129,-2.521,49.546,-93.452,1,9,2.00,NONE,SEG10,648
3130,-2.534,49.346,-93.382,1,9,2.00,NONE,SEG10,648
3131,-2.546,49.146,-93.412,1,9,2.00,NONE,SEG10,648
3132,-2.558,48.947,-93.459,1,9,2.00,NONE,SEG10,649
3133,-2.570,48.747,-93.506,1,9,2.00,NONE,SEG10,649
3134,-2.581,48.547,-93.553,1,9,2.00,NONE,SEG10,649
3135,-2.594,48.348,-93.528,1,9,2.00,NONE,SEG10,649
3136,-2.606,48.148,-93.382,1,9,2.00,NONE,SEG10,649
3137,-2.618,47.949,-93.236,1,9,2.00,NONE,SEG10,650
3138,-2.631,47.749,-93.089,1,9,2.00,NONE,SEG10,650
3139,-2.643,47.549,-93.026,1,9,2.00,NONE,SEG10,650
3140,-2.653,47.350,-93.131,1,9,2.00,NONE,SEG10,650
3141,-2.664,47.150,-93.237,1,9,2.00,NONE,SEG10,651
3142,-2.674,46.950,-93.342,1,9,2.00,NONE,SEG10,651
3143,-2.685,46.750,-93.313,1,9,2.00,NONE,SEG10,651
3144,-2.697,46.551,-93.216,1,9,2.00,NONE,SEG10,651
3145,-2.709,46.351,-93.119,1,9,2.00,NONE,SEG10,652
3146,-2.721,46.151,-92.940,1,9,2.00,NONE,SEG10,652
3147,-2.731,45.952,-92.830,1,9,2.00,NONE,SEG10,652
3148,-2.742,45.752,-92.675,1,9,2.00,NONE,SEG10,653
3149,-2.752,45.552,-92.393,1,9,2.00,NONE,SEG10,653
3150,-2.762,45.352,-92.194,1,9,2.00,NONE,SEG10,653
3151,-2.771,45.153,-92.079,1,9,2.00,NONE,SEG10,654
3152,-2.779,44.953,-92.071,1,9,2.00,NONE,SEG10,654
3153,-2.786,44.753,-92.189,1,9,2.00,NONE,SEG10,654
3154,-2.792,44.553,-92.225,1,10,2.00,NONE,SEG11,655
3155,-2.800,44.353,-92.035,1,10,2.00,NONE,SEG11,655
3156,-2.808,44.153,-91.791,1,10,2.00,NONE,SEG11,655
3157,-2.816,43.954,-91.546,1,10,2.00,NONE,SEG11,656
3158,-2.823,43.754,-91.412,1,10,2.00,NONE,SEG11,656
3159,-2.828,43.554,-91.440,1,10,2.00,NONE,SEG11,656
3160,-2.833,43.354,-91.468,1,10,2.00,NONE,SEG11,657
3161,-2.838,43.154,-91.554,1,10,2.00,NONE,SEG11,657
3162,-2.843,42.954,-91.800,1,10,2.00,NONE,SEG11,657
3163,-2.848,42.754,-92.045,1,10,2.00,NONE,SEG11,658
3164,-2.854,42.554,-92.290,1,10,2.00,NONE,SEG11,658
3165,-2.860,42.354,-92.483,1,10,2.00,NONE,SEG11,658
3166,-2.868,42.154,-92.614,1,10,2.00,NONE,SEG11,658
3167,-2.877,41.955,-92.746,1,10,2.00,NONE,SEG11,659
3168,-2.885,41.755,-92.877,1,10,2.00,NONE,SEG11,659
3169,-2.894,41.555,-93.003,1,10,2.00,NONE,SEG11,659
3170,-2.905,41.355,-93.021,1,10,2.00,NONE,SEG11,659
3171,-2.915,41.155,-93.048,1,10,2.00,NONE,SEG11,659
3172,-2.926,40.956,-93.075,1,10,2.00,NONE,SEG11,660
3173,-2.936,40.756,-93.101,1,10,2.00,NONE,SEG11,660
3174,-2.947,40.556,-93.078,1,10,2.00,NONE,SEG11,660
3175,-2.958,40.357,-92.952,1,10,2.00,NONE,SEG11,660
3176,-2.969,40.157,-92.825,1,10,2.00,NONE,SEG11,661
3177,-2.979,39.957,-92.699,1,10,2.00,NONE,SEG11,661
3178,-2.990,39.757,-92.604,1,10,2.00,NONE,SEG11,661
3179,-2.999,39.558,-91.885,1,10,2.00,NONE,SEG11,661
3180,-3.008,39.358,-90.927,1,10,2.00,NONE,SEG11,662
3181,-3.017,39.158,-89.969,1,10,2.00,NONE,SEG11,662
3182,-3.026,38.958,-89.011,1,10,2.00,NONE,SEG11,662
3183,-3.025,38.758,-88.253,1,10,2.00,NONE,SEG11,662
3184,-3.021,38.558,-86.767,1,10,2.00,NONE,SEG11,662
3185,-3.017,38.358,-85.279,1,10,2.00,NONE,SEG11,663
3186,-3.012,38.159,-83.792,1,10,2.00,NONE,SEG11,663
3187,-3.001,37.959,-82.824,1,10,2.00,NONE,SEG11,663
3188,-2.976,37.761,-80.496,1,10,2.00,NONE,SEG11,663
3189,-2.951,37.562,-78.075,1,10,2.00,NONE,SEG11,664
3190,-2.926,37.364,-75.653,1,10,2.00,NONE,SEG11,664
3191,-2.901,37.165,-73.238,1,10,2.00,NONE,SEG11,664
3192,-2.844,36.974,-70.343,1,10,2.00,NONE,SEG11,664
3193,-2.786,36.782,-66.834,1,10,2.00,NONE,SEG11,664
3194,-2.728,36.591,-63.320,1,10,2.00,NONE,SEG11,665
3195,-2.670,36.399,-59.810,1,10,2.00,NONE,SEG11,665
3196,-2.576,36.224,-55.727,1,10,2.00,NONE,SEG11,665
3197,-2.474,36.052,-51.794,1,10,2.00,NONE,SEG11,665
3198,-2.371,35.880,-47.855,1,10,2.00,NONE,SEG11,666
3199,-2.269,35.709,-43.937,1,10,2.00,NONE,SEG11,666
3200,-2.129,35.567,-40.576,1,10,2.00,NONE,SEG11,666
3201,-1.984,35.429,-37.490,1,10,2.00,NONE,SEG11,666
3202,-1.839,35.292,-34.404,1,10,2.00,NONE,SEG11,667
3203,-1.693,35.154,-31.330,1,10,2.00,NONE,SEG11,667
3204,-1.524,35.049,-28.895,1,10,2.00,NONE,SEG11,667
3205,-1.353,34.945,-26.258,1,10,2.00,NONE,SEG11,667
3206,-1.182,34.842,-23.619,1,10,2.00,NONE,SEG11,668
3207,-1.010,34.738,-20.988,1,10,2.00,NONE,SEG11,668
3208,-0.826,34.663,-19.933,1,10,2.00,NONE,SEG11,668
3209,-0.638,34.593,-18.554,1,10,2.00,NONE,SEG11,668
3210,-0.451,34.522,-17.174,1,10,2.00,NONE,SEG11,669
3211,-0.264,34.452,-15.795,1,10,2.00,NONE,SEG11,669
3212,-0.074,34.390,-14.953,1,10,2.00,NONE,SEG11,669
3213,0.119,34.338,-14.527,1,10,2.00,NONE,SEG11,669
3214,0.312,34.286,-14.100,1,10,2.00,NONE,SEG11,670
3215,0.506,34.234,-13.673,1,10,2.00,NONE,SEG11,670
3216,0.699,34.184,-13.795,1,10,2.00,NONE,SEG11,670
3217,0.894,34.138,-14.379,1,10,2.00,NONE,SEG11,670
3218,1.088,34.091,-19.941,1,10,2.00,NONE,SEG11,671
3219,1.283,34.045,-41.907,1,10,2.00,NONE,SEG11,671
3220,1.476,33.993,-80.906,1,10,2.00,NONE,SEG11,671
3221,1.668,33.939,-118.797,1,10,2.00,NONE,SEG11,672
3222,1.827,33.832,-138.881,1,10,2.00,NONE,SEG11,673
3223,1.745,33.698,-143.007,1,10,2.00,NONE,SEG11,674
3224,1.589,33.573,-143.190,1,10,2.00,NONE,SEG11,674
3225,1.427,33.455,-142.665,1,10,2.00,NONE,SEG11,675
3226,1.265,33.338,-141.758,1,10,2.00,NONE,SEG11,675
3227,1.106,33.216,-139.464,1,10,2.00,NONE,SEG11,675
3228,0.949,33.093,-137.307,1,10,2.00,NONE,SEG11,688
3229,0.791,32.970,-135.150,1,10,2.00,NONE,SEG11,676
3230,0.637,32.843,-133.260,1,10,2.00,NONE,SEG11,676
3231,0.500,32.698,-132.778,1,10,2.00,NONE,SEG11,676
3232,0.363,32.552,-132.296,1,10,2.00,NONE,SEG11,687
3233,0.225,32.407,-131.814,1,10,2.00,NONE,SEG11,687
3234,0.089,32.261,-131.626,1,10,2.00,NONE,SEG11,677
3235,-0.043,32.111,-132.588,1,10,2.00,NONE,SEG11,677
3236,-0.176,31.961,-133.551,1,10,2.00,NONE,SEG11,686
3237,-0.308,31.811,-134.514,1,10,2.00,NONE,SEG11,686
3238,-0.442,31.663,-135.917,1,10,2.00,NONE,SEG11,678
3239,-0.584,31.522,-137.270,1,10,2.00,NONE,SEG11,678
3240,-0.727,31.381,-138.625,1,10,2.00,NONE,SEG11,679
3241,-0.869,31.241,-140.403,1,10,2.00,NONE,SEG11,679
3242,-1.017,31.106,-142.155,1,10,2.00,NONE,SEG11,679
3243,-1.172,30.980,-143.748,1,10,2.00,NONE,SEG11,679
3244,-1.326,30.853,-148.893,1,10,2.00,NONE,SEG11,680
3245,-1.485,30.731,-171.442,1,10,2.00,NONE,SEG11,684
3246,-1.648,30.616,49.657,1,10,2.00,NONE,SEG11,681
3247,-1.816,30.507,42.362,1,10,2.00,NONE,SEG11,683
3248,-1.875,30.497,39.970,1,10,2.00,NONE,SEG11,683
3249,-1.722,30.625,40.343,1,10,2.00,NONE,SEG11,681
3250,-1.565,30.749,41.270,1,10,2.00,NONE,SEG11,684
3251,-1.412,30.878,42.104,1,10,2.00,NONE,SEG11,680
3252,-1.263,31.010,42.573,1,10,2.00,NONE,SEG11,680
3253,-1.113,31.143,43.042,1,10,2.00,NONE,SEG11,685
3254,-0.964,31.277,43.375,1,10,2.00,NONE,SEG11,685
3255,-0.819,31.414,43.456,1,10,2.00,NONE,SEG11,685
3256,-0.673,31.551,43.536,1,10,2.00,NONE,SEG11,678
3257,-0.528,31.689,43.617,1,10,2.00,NONE,SEG11,678
3258,-0.383,31.826,43.672,1,10,2.00,NONE,SEG11,686
3259,-0.238,31.964,42.972,1,10,2.00,NONE,SEG11,686
3260,-0.094,32.102,41.951,1,10,2.00,NONE,SEG11,677
3261,0.051,32.241,40.929,1,10,2.00,NONE,SEG11,677
3262,0.196,32.379,39.908,1,10,2.00,NONE,SEG11,687
3263,0.347,32.509,39.587,1,10,2.00,NONE,SEG11,687
3264,0.501,32.637,37.673,1,10,2.00,NONE,SEG11,676
3265,0.655,32.764,35.462,1,10,2.00,NONE,SEG11,676
3266,0.809,32.892,33.250,1,10,2.00,NONE,SEG11,676
3267,0.964,33.019,31.043,1,10,2.00,NONE,SEG11,688
3268,1.133,33.125,30.750,1,10,2.00,NONE,SEG11,688
3269,1.305,33.227,28.589,1,10,2.00,NONE,SEG11,675
3270,1.477,33.329,26.165,1,10,2.00,NONE,SEG11,675
3271,1.649,33.432,23.740,1,10,2.00,NONE,SEG11,674
3272,1.821,33.534,21.323,1,10,2.00,NONE,SEG11,689
3273,2.006,33.609,21.067,1,10,2.00,NONE,SEG11,689
3274,2.192,33.681,19.756,1,10,2.00,NONE,SEG11,673
3275,2.379,33.753,17.928,1,10,2.00,NONE,SEG11,690
3276,2.566,33.825,16.098,1,10,2.00,NONE,SEG11,690
3277,2.752,33.897,14.272,1,10,2.00,NONE,SEG11,690
3278,2.944,33.951,13.756,1,10,2.00,NONE,SEG11,690
3279,3.138,33.999,13.132,1,10,2.00,NONE,SEG11,690
3280,3.333,34.046,11.417,1,10,2.00,NONE,SEG11,691
3281,3.527,34.094,9.700,1,10,2.00,NONE,SEG11,691
3282,3.721,34.141,7.984,1,10,2.00,NONE,SEG11,691
3283,3.917,34.180,6.892,1,10,2.00,NONE,SEG11,691
3284,4.116,34.204,6.892,1,10,2.00,NONE,SEG11,691
3285,4.314,34.228,5.972,1,10,2.00,NONE,SEG11,691
3286,4.513,34.252,4.973,1,10,2.00,NONE,SEG11,692
3287,4.711,34.276,3.974,1,10,2.00,NONE,SEG11,692
3288,4.910,34.300,2.976,1,10,2.00,NONE,SEG11,692
3289,5.110,34.311,2.898,1,10,2.00,NONE,SEG11,692
3290,5.309,34.322,2.659,1,10,2.00,NONE,SEG11,692
3291,5.509,34.332,2.016,1,10,2.00,NONE,SEG11,693
3292,5.709,34.342,1.372,1,10,2.00,NONE,SEG11,693
3293,5.909,34.352,0.729,1,10,2.00,NONE,SEG11,693
3294,6.108,34.359,0.325,1,10,2.00,NONE,SEG11,693
3295,6.308,34.360,0.325,1,10,2.00,NONE,SEG11,693
3296,6.508,34.361,0.101,1,10,2.00,NONE,SEG11,693
3297,6.708,34.362,-0.165,1,10,2.00,NONE,SEG11,694
3298,6.908,34.363,-0.432,1,10,2.00,NONE,SEG11,694
3299,7.108,34.364,-0.698,1,10,2.00,NONE,SEG11,694
3300,7.308,34.362,-0.742,1,10,2.00,NONE,SEG11,694
3301,7.508,34.360,-0.795,1,10,2.00,NONE,SEG11,694
3302,7.708,34.357,-0.974,1,10,2.00,NONE,SEG11,695
3303,7.908,34.355,-1.154,1,10,2.00,NONE,SEG11,695
3304,8.108,34.352,-1.333,1,10,2.00,NONE,SEG11,695
3305,8.308,34.349,-1.460,1,10,2.00,NONE,SEG11,695
3306,8.508,34.344,-1.460,1,10,2.00,NONE,SEG11,695
3307,8.708,34.338,-1.352,1,10,2.00,NONE,SEG11,695
3308,8.908,34.333,-1.208,1,10,2.00,NONE,SEG11,696
3309,9.108,34.328,-1.064,1,10,2.00,NONE,SEG11,696
3310,9.308,34.323,-0.921,1,10,2.00,NONE,SEG11,696
3311,9.508,34.320,-0.885,1,10,2.00,NONE,SEG11,696
3312,9.708,34.317,-0.960,1,10,2.00,NONE,SEG11,696
3313,9.908,34.313,-1.250,1,10,2.00,NONE,SEG11,697
3314,10.108,34.310,-1.541,1,10,2.00,NONE,SEG11,697
3315,10.308,34.307,-1.831,1,10,2.00,NONE,SEG11,697
3316,10.508,34.303,-2.047,1,10,2.00,NONE,SEG11,697
3317,10.708,34.296,-2.047,1,10,2.00,NONE,SEG11,697
3318,10.907,34.289,-2.199,1,10,2.00,NONE,SEG11,697
3319,11.107,34.282,-2.376,1,10,2.00,NONE,SEG11,698
3320,11.307,34.275,-2.553,1,10,2.00,NONE,SEG11,698
3321,11.507,34.267,-2.730,1,10,2.00,NONE,SEG11,698
3322,11.707,34.258,-2.754,1,10,2.00,NONE,SEG11,698
3323,11.907,34.249,-2.760,1,10,2.00,NONE,SEG11,698
3324,12.106,34.239,-2.773,1,10,2.00,NONE,SEG11,699
3325,12.306,34.229,-2.787,1,10,2.00,NONE,SEG11,699
3326,12.506,34.220,-2.800,1,10,2.00,NONE,SEG11,699
3327,12.706,34.210,-2.807,1,10,2.00,NONE,SEG11,699
3328,12.905,34.200,-2.752,1,10,2.00,NONE,SEG11,699
3329,13.105,34.190,-2.616,1,10,2.00,NONE,SEG11,699
3330,13.305,34.181,-2.479,1,10,2.00,NONE,SEG11,700
3331,13.505,34.171,-2.342,1,10,2.00,NONE,SEG11,700
3332,13.705,34.162,-2.260,1,10,2.00,NONE,SEG11,700
3333,13.904,34.154,-2.413,1,10,2.00,NONE,SEG11,700
3334,14.104,34.146,-2.669,1,10,2.00,NONE,SEG11,700
3335,14.304,34.138,-2.926,1,10,2.00,NONE,SEG11,701
3336,14.504,34.130,-3.182,1,10,2.00,NONE,SEG11,701
3337,14.704,34.120,-3.271,1,10,2.00,NONE,SEG11,701
3338,14.903,34.109,-2.959,1,10,2.00,NONE,SEG11,701
3339,15.103,34.097,-2.648,1,10,2.00,NONE,SEG11,702
3340,15.303,34.086,-2.336,1,10,2.00,NONE,SEG11,702
3341,15.502,34.075,-2.040,1,10,2.00,NONE,SEG11,702
3342,15.702,34.067,-2.096,1,10,2.00,NONE,SEG11,702
3343,15.902,34.060,-2.158,1,10,2.00,NONE,SEG11,702
3344,16.102,34.053,-2.220,1,10,2.00,NONE,SEG11,703
3345,16.302,34.046,-2.337,1,10,2.00,NONE,SEG11,703
3346,16.502,34.038,-2.575,1,10,2.00,NONE,SEG11,703
3347,16.702,34.030,-2.808,1,11,2.00,NONE,SEG12,704
3348,16.901,34.022,-3.041,1,11,2.00,NONE,SEG12,704
3349,17.101,34.013,-3.470,1,11,2.00,NONE,SEG12,704
3350,17.301,34.002,-4.143,1,11,2.00,NONE,SEG12,704
3351,17.501,33.991,-4.817,1,11,2.00,NONE,SEG12,705
3352,17.700,33.980,-5.491,1,11,2.00,NONE,SEG12,705
3353,17.900,33.965,-5.973,1,11,2.00,NONE,SEG12,705
3354,18.099,33.944,-6.131,1,11,2.00,NONE,SEG12,705
3355,18.298,33.924,-6.290,1,11,2.00,NONE,SEG12,706
3356,18.496,33.903,-6.449,1,11,2.00,NONE,SEG12,706
3357,18.695,33.882,-6.550,1,11,2.00,NONE,SEG12,706
3358,18.894,33.859,-6.895,1,11,2.00,NONE,SEG12,706
3359,19.093,33.836,-7.242,1,11,2.00,NONE,SEG12,707
3360,19.291,33.813,-7.590,1,11,2.00,NONE,SEG12,707
3361,19.490,33.791,-7.937,1,11,2.00,NONE,SEG12,707
3362,19.688,33.763,-8.133,1,11,2.00,NONE,SEG12,707
3363,19.886,33.735,-8.695,1,11,2.00,NONE,SEG12,707
3364,20.084,33.708,-9.258,1,11,2.00,STOP_LINE,SEG12,708
3365,20.282,33.680,-9.820,1,11,2.00,NONE,SEG12,708
3366,20.480,33.650,-10.189,1,11,2.00,NONE,SEG12,708
3367,20.677,33.614,-11.039,1,11,2.00,NONE,SEG12,708
3368,20.874,33.579,-12.910,1,11,2.00,NONE,SEG12,708
3369,21.071,33.544,-14.784,1,11,2.00,NONE,SEG12,709
3370,21.267,33.508,-16.655,1,11,2.00,NONE,SEG12,709
3371,21.461,33.461,-17.675,1,11,2.00,NONE,SEG12,709
3372,21.652,33.401,-19.420,1,11,2.00,NONE,SEG12,709
3373,21.843,33.340,-22.316,1,11,2.00,NONE,SEG12,710
3374,22.033,33.279,-25.218,1,11,2.00,NONE,SEG12,710
3375,22.224,33.219,-28.111,1,11,2.00,NONE,SEG12,710
3376,22.405,33.136,-29.261,1,11,2.00,NONE,SEG12,710
3377,22.579,33.038,-32.893,1,11,2.00,NONE,SEG12,710
3378,22.754,32.940,-37.301,1,11,2.00,NONE,SEG12,711
3379,22.928,32.842,-41.718,1,11,2.00,NONE,SEG12,711
3380,23.102,32.745,-46.103,1,11,2.00,NONE,SEG12,711
3381,23.246,32.607,-48.555,1,11,2.00,NONE,SEG12,711
3382,23.383,32.461,-52.942,1,11,2.00,NONE,SEG12,711
3383,23.519,32.315,-57.362,1,11,2.00,NONE,SEG12,712
3384,23.656,32.169,-61.760,1,11,2.00,NONE,SEG12,712
3385,23.774,32.010,-64.435,1,11,2.00,NONE,SEG12,712
3386,23.860,31.830,-66.170,1,11,2.00,NONE,SEG12,712
3387,23.946,31.649,-69.288,1,11,2.00,NONE,SEG12,712
3388,24.033,31.469,-72.414,1,11,2.00,NONE,SEG12,713
3389,24.119,31.288,-75.529,1,11,2.00,NONE,SEG12,713
3390,24.182,31.100,-76.910,1,11,2.00,NONE,SEG12,713
3391,24.228,30.905,-77.774,1,11,2.00,NONE,SEG12,713
3392,24.273,30.710,-80.335,1,11,2.00,NONE,SEG12,713
3393,24.318,30.516,-82.903,1,11,2.00,NONE,SEG12,714
3394,24.364,30.321,-85.468,1,11,2.00,NONE,SEG12,714
3395,24.397,30.124,-87.167,1,11,2.00,NONE,SEG12,714
3396,24.407,29.925,-87.167,1,11,2.00,NONE,SEG12,714
3397,24.417,29.725,-88.618,1,11,2.00,NONE,SEG12,714
3398,24.427,29.525,-90.214,1,11,2.00,NONE,SEG12,715
3399,24.437,29.325,-91.812,1,11,2.00,NONE,SEG12,715
3400,24.446,29.126,-93.406,1,11,2.00,NONE,SEG12,715
3401,24.436,28.926,-93.551,1,11,2.00,NONE,SEG12,715
3402,24.424,28.726,-93.635,1,11,2.00,NONE,SEG12,715
3403,24.411,28.527,-93.952,1,11,2.00,NONE,SEG12,716
3404,24.399,28.327,-94.268,1,11,2.00,NONE,SEG12,716
3405,24.387,28.128,-94.585,1,11,2.00,NONE,SEG12,716
3406,24.373,27.928,-94.816,1,11,2.00,NONE,SEG12,716
3407,24.356,27.729,-94.816,1,11,2.00,NONE,SEG12,716
3408,24.339,27.529,-95.243,1,11,2.00,NONE,SEG12,716
3409,24.323,27.330,-95.926,1,11,2.00,NONE,SEG12,717
3410,24.306,27.131,-96.608,1,11,2.00,NONE,SEG12,717
3411,24.289,26.932,-97.290,1,11,2.00,NONE,SEG12,717
3412,24.266,26.733,-97.546,1,11,2.00,NONE,SEG12,717
3413,24.240,26.535,-97.729,1,11,2.00,NONE,SEG12,717
3414,24.214,26.336,-98.670,1,11,2.00,NONE,SEG12,717
3415,24.188,26.138,-99.611,1,11,2.00,NONE,SEG12,718
3416,24.161,25.940,-100.552,1,11,2.00,NONE,SEG12,718
3417,24.132,25.742,-101.309,1,11,2.00,NONE,SEG12,718
3418,24.093,25.546,-101.309,1,11,2.00,NONE,SEG12,718
3419,24.054,25.350,-102.226,1,11,2.00,NONE,SEG12,718
3420,24.015,25.154,-103.600,1,11,2.00,NONE,SEG12,719
3421,23.976,24.957,-104.974,1,11,2.00,NONE,SEG12,719
3422,23.936,24.761,-106.347,1,11,2.00,NONE,SEG12,719
3423,23.885,24.568,-106.804,1,11,2.00,NONE,SEG12,719
3424,23.827,24.377,-106.927,1,11,2.00,NONE,SEG12,719
3425,23.769,24.185,-109.024,1,11,2.00,NONE,SEG12,719
3426,23.711,23.994,-111.126,1,11,2.00,NONE,SEG12,720
3427,23.653,23.803,-113.228,1,11,2.00,NONE,SEG12,720
3428,23.594,23.612,-115.202,1,11,2.00,NONE,SEG12,720
3429,23.509,23.431,-115.202,1,11,2.00,NONE,SEG12,720
3430,23.424,23.250,-117.023,1,11,2.00,NONE,SEG12,720
3431,23.339,23.069,-120.193,1,11,2.00,NONE,SEG12,721
3432,23.253,22.888,-123.372,1,11,2.00,NONE,SEG12,721
3433,23.168,22.707,-126.539,1,11,2.00,NONE,SEG12,721
3434,23.062,22.539,-127.886,1,11,2.00,NONE,SEG12,721
3435,22.939,22.381,-128.632,1,11,2.00,NONE,SEG12,721
3436,22.816,22.223,-131.672,1,11,2.00,NONE,SEG12,721
3437,22.693,22.066,-134.725,1,11,2.00,NONE,SEG12,722
3438,22.570,21.908,-137.774,1,11,2.00,NONE,SEG12,722
3439,22.440,21.757,-140.070,1,11,2.00,NONE,SEG12,722
3440,22.287,21.629,-140.070,1,11,2.00,NONE,SEG12,722
3441,22.133,21.500,-143.098,1,11,2.00,NONE,SEG12,722
3442,21.980,21.372,-146.288,1,11,2.00,NONE,SEG12,723
3443,21.827,21.244,-149.480,1,11,2.00,NONE,SEG12,723
3444,21.673,21.115,-152.653,1,11,2.00,NONE,SEG12,723
3445,21.496,21.022,-152.800,1,11,2.00,NONE,SEG12,723
3446,21.319,20.931,-154.392,1,11,2.00,NONE,SEG12,723
3447,21.141,20.839,-156.784,1,11,2.00,NONE,SEG12,724
3448,20.963,20.748,-159.178,1,11,2.00,NONE,SEG12,724
3449,20.785,20.656,-161.567,1,11,2.00,NONE,SEG12,724
3450,20.599,20.585,-162.364,1,11,2.00,NONE,SEG12,724
3451,20.408,20.525,-162.894,1,11,2.00,NONE,SEG12,724
3452,20.217,20.464,-165.022,1,11,2.00,NONE,SEG12,724
3453,20.027,20.404,-167.154,1,11,2.00,NONE,SEG12,725
3454,19.836,20.343,-169.286,1,11,2.00,NONE,SEG12,725
3455,19.644,20.290,-170.885,1,11,2.00,NONE,SEG12,725
3456,19.446,20.258,-170.885,1,11,2.00,NONE,SEG12,725
3457,19.249,20.226,-171.350,1,11,2.00,NONE,SEG12,725
3458,19.051,20.195,-172.154,1,11,2.00,NONE,SEG12,726
3459,18.854,20.163,-172.958,1,11,2.00,NONE,SEG12,726
3460,18.657,20.131,-173.762,1,11,2.00,NONE,SEG12,726
3461,18.458,20.106,-174.101,1,11,2.00,NONE,SEG12,726
3462,18.259,20.085,-174.101,1,11,2.00,NONE,SEG12,726
3463,18.060,20.065,-174.997,1,11,2.00,NONE,SEG12,726
3464,17.861,20.044,-175.981,1,11,2.00,NONE,SEG12,727
3465,17.662,20.024,-176.965,1,11,2.00,NONE,SEG12,727
3466,17.463,20.003,-177.949,1,11,2.00,NONE,SEG12,727
3467,17.264,19.995,-178.036,1,11,2.00,NONE,SEG12,727
3468,17.064,19.988,-178.036,1,11,2.00,NONE,SEG12,727
3469,16.864,19.981,-178.499,1,11,2.00,NONE,SEG12,727
3470,16.664,19.975,-178.993,1,11,2.00,STOP_LINE,SEG12,728
3471,16.464,19.968,-179.487,1,11,2.00,NONE,SEG12,728
3472,16.264,19.961,-179.981,1,11,2.00,NONE,SEG12,728
3473,16.064,19.960,179.988,1,11,2.00,NONE,SEG12,728
3474,15.864,19.961,179.988,1,11,2.00,NONE,SEG12,728
3475,15.664,19.961,179.582,1,11,2.00,NONE,SEG12,728
3476,15.464,19.961,179.010,1,11,2.00,NONE,SEG12,729
3477,15.264,19.961,178.438,1,11,2.00,NONE,SEG12,729
3478,15.064,19.961,177.865,1,11,2.00,NONE,SEG12,729
3479,14.864,19.966,177.698,1,11,2.00,NONE,SEG12,729
3480,14.665,19.974,177.698,1,11,2.00,NONE,SEG12,729
3481,14.465,19.982,177.549,1,11,2.00,NONE,SEG12,729
3482,14.265,19.990,177.264,1,11,2.00,NONE,SEG12,730
3483,14.065,19.999,176.978,1,11,2.00,NONE,SEG12,730
3484,13.865,20.007,176.692,1,11,2.00,NONE,SEG12,730
3485,13.665,20.017,176.556,1,11,2.00,NONE,SEG12,730
3486,13.466,20.029,176.556,1,11,2.00,NONE,SEG12,730
3487,13.266,20.041,176.496,1,11,2.00,NONE,SEG12,730
3488,13.067,20.053,176.356,1,11,2.00,NONE,SEG12,731
3489,12.867,20.065,176.217,1,11,2.00,NONE,SEG12,731
3490,12.667,20.077,176.078,1,11,2.00,NONE,SEG12,731
3491,12.468,20.090,175.999,1,11,2.00,NONE,SEG12,731
3492,12.268,20.104,175.999,1,11,2.00,NONE,SEG12,731
3493,12.069,20.117,176.037,1,11,2.00,NONE,SEG12,731
3494,11.869,20.131,176.262,1,11,2.00,NONE,SEG12,732
3495,11.670,20.145,176.486,1,11,2.00,NONE,SEG12,732
3496,11.470,20.159,176.711,1,11,2.00,NONE,SEG12,732
3497,11.271,20.173,176.897,1,11,2.00,NONE,SEG12,732
3498,11.071,20.184,176.897,1,11,2.00,NONE,SEG12,732
3499,10.871,20.194,176.898,1,11,2.00,NONE,SEG12,732
3500,10.671,20.205,176.910,1,11,2.00,NONE,SEG12,733
3501,10.472,20.216,176.921,1,11,2.00,NONE,SEG12,733
3502,10.272,20.227,176.933,1,11,2.00,NONE,SEG12,733
3503,10.072,20.238,176.943,1,11,2.00,NONE,SEG12,733
3504,9.873,20.248,176.943,1,11,2.00,NONE,SEG12,733
3505,9.673,20.259,176.961,1,11,2.00,NONE,SEG12,733
3506,9.473,20.270,177.098,1,11,2.00,NONE,SEG12,734
3507,9.273,20.280,177.235,1,11,2.00,NONE,SEG12,734
3508,9.074,20.291,177.372,1,11,2.00,NONE,SEG12,734
3509,8.874,20.301,177.491,1,11,2.00,NONE,SEG12,734
3510,8.674,20.310,177.491,1,11,2.00,NONE,SEG12,734
3511,8.474,20.319,177.487,1,11,2.00,NONE,SEG12,734
3512,8.275,20.328,177.450,1,11,2.00,NONE,SEG12,735
3513,8.075,20.336,177.413,1,11,2.00,NONE,SEG12,735
3514,7.875,20.345,177.377,1,11,2.00,NONE,SEG12,735
3515,7.675,20.354,177.345,1,11,2.00,NONE,SEG12,735
3516,7.475,20.363,177.345,1,11,2.00,NONE,SEG12,735
3517,7.276,20.373,177.332,1,11,2.00,NONE,SEG12,735
3518,7.076,20.382,177.240,1,11,2.00,NONE,SEG12,736
3519,6.876,20.391,177.149,1,11,2.00,NONE,SEG12,736
3520,6.676,20.400,177.057,1,11,2.00,NONE,SEG12,736
3521,6.476,20.410,176.979,1,11,2.00,NONE,SEG12,736
3522,6.277,20.420,176.979,1,11,2.00,NONE,SEG12,736
3523,6.077,20.431,176.974,1,11,2.00,NONE,SEG12,736
3524,5.877,20.441,176.929,1,11,2.00,NONE,SEG12,737
3525,5.678,20.452,176.884,1,11,2.00,NONE,SEG12,737
3526,5.478,20.463,176.839,1,11,2.00,NONE,SEG12,737
3527,5.278,20.473,176.799,1,11,2.00,NONE,SEG12,737
3528,5.078,20.484,176.799,1,11,2.00,NONE,SEG12,737
3529,4.879,20.495,176.804,1,11,2.00,NONE,SEG12,737
3530,4.679,20.507,176.835,1,11,2.00,NONE,SEG12,738
3531,4.479,20.518,176.866,1,11,2.00,NONE,SEG12,738
3532,4.280,20.529,176.897,1,11,2.00,NONE,SEG12,738
3533,4.080,20.540,176.922,1,11,2.00,NONE,SEG12,738
3534,3.880,20.551,176.922,1,11,2.00,NONE,SEG12,738
3535,3.681,20.562,176.896,1,11,2.00,NONE,SEG12,738
3536,3.481,20.572,176.832,1,11,2.00,NONE,SEG12,739
3537,3.281,20.583,176.769,1,11,2.00,NONE,SEG12,739
3538,3.081,20.594,176.706,1,11,2.00,NONE,SEG12,739
3539,2.882,20.605,176.670,1,11,2.00,NONE,SEG12,739
3540,2.682,20.617,176.670,1,11,2.00,NONE,SEG12,739
3541,2.482,20.628,176.633,1,11,2.00,NONE,SEG12,739
3542,2.283,20.640,176.586,1,11,2.00,NONE,SEG12,740
3543,2.083,20.651,176.538,1,11,2.00,NONE,SEG12,740
3544,1.883,20.663,176.491,1,11,2.00,NONE,SEG12,740
3545,1.684,20.675,176.480,1,11,2.00,NONE,SEG12,740
3546,1.484,20.687,176.566,1,11,2.00,NONE,SEG12,740
3547,1.285,20.700,176.791,1,11,2.00,NONE,SEG12,741
3548,1.085,20.712,177.015,1,11,2.00,NONE,SEG12,741
3549,0.885,20.724,177.240,1,11,2.00,NONE,SEG12,741
3550,0.686,20.735,177.378,1,11,2.00,NONE,SEG12,741
3551,0.486,20.744,177.356,1,11,2.00,NONE,SEG12,741
3552,0.286,20.754,177.234,1,11,2.00,NONE,SEG12,741
3553,0.086,20.763,177.112,1,11,2.00,NONE,SEG12,742
3554,-0.113,20.772,176.989,1,11,2.00,NONE,SEG12,742
3555,-0.313,20.781,176.889,1,11,2.00,NONE,SEG12,742
3556,-0.513,20.792,176.889,1,11,2.00,NONE,SEG12,742
3557,-0.713,20.803,176.687,1,11,2.00,NONE,SEG12,742
3558,-0.912,20.814,176.446,1,11,2.00,NONE,SEG12,743
3559,-1.112,20.825,176.205,1,11,2.00,NONE,SEG12,743
3560,-1.312,20.836,175.963,1,11,2.00,NONE,SEG12,743
3561,-1.511,20.849,175.924,1,11,2.00,NONE,SEG12,743
3562,-1.711,20.864,175.820,1,11,2.00,NONE,SEG12,743
3563,-1.910,20.878,175.539,1,11,2.00,NONE,SEG12,744
3564,-2.110,20.892,175.258,1,11,2.00,NONE,SEG12,744
3565,-2.309,20.906,174.977,1,11,2.00,NONE,SEG12,744
3566,-2.509,20.922,174.800,1,11,2.00,NONE,SEG12,744
3567,-2.708,20.940,174.800,1,11,2.00,NONE,SEG12,744
3568,-2.907,20.958,174.839,1,11,2.00,NONE,SEG12,744
3569,-3.106,20.976,174.883,1,11,2.00,NONE,SEG12,745
3570,-3.305,20.994,174.927,1,11,2.00,NONE,SEG12,745
3571,-3.505,21.012,174.971,1,11,2.00,NONE,SEG12,745
3572,-3.704,21.030,174.977,1,11,2.00,NONE,SEG12,745
3573,-3.903,21.048,174.726,1,11,2.00,NONE,SEG12,745
3574,-4.102,21.065,174.377,1,11,2.00,NONE,SEG12,746
3575,-4.301,21.083,174.028,1,11,2.00,NONE,SEG12,746
3576,-4.501,21.100,173.430,1,11,2.00,NONE,SEG12,746
3577,-4.700,21.121,173.075,1,11,2.00,NONE,SEG12,746
3578,-4.898,21.143,172.844,1,11,2.00,NONE,SEG12,747
3579,-5.097,21.166,172.566,1,11,2.00,NONE,SEG12,747
3580,-5.295,21.192,172.552,1,11,2.00,NONE,SEG12,747
3581,-5.494,21.218,172.552,1,11,2.00,NONE,SEG12,748
3582,-5.621,21.234,172.552,1,11,2.00,NONE,SEG12,748
