index,dr_x_m,dr_y_m,dr_yaw_deg,direction,mode,drive_level,event,source_segment_id,source_point_index
0,0.000,-0.000,0.000,1,1,2.00,NONE,SEG01,0
1,0.200,-0.000,-0.029,1,1,2.00,NONE,SEG01,1
2,0.400,-0.000,-0.066,1,1,2.00,NONE,SEG01,1
3,0.600,-0.000,-0.139,1,1,2.00,NONE,SEG01,2
4,0.800,0.000,-0.213,1,1,2.00,NONE,SEG01,2
5,1.000,-0.001,-0.255,1,1,2.00,NONE,SEG01,2
6,1.200,-0.001,-0.296,1,1,2.00,NONE,SEG01,3
7,1.400,-0.002,-0.337,1,1,2.00,NONE,SEG01,3
8,1.600,-0.003,-0.352,1,1,2.00,NONE,SEG01,3
9,1.800,-0.004,-0.223,1,1,2.00,NONE,SEG01,3
10,2.000,-0.005,-0.093,1,1,2.00,NONE,SEG01,4
11,2.200,-0.007,0.036,1,1,2.00,NONE,SEG01,4
12,2.400,-0.008,0.157,1,1,2.00,NONE,SEG01,4
13,2.600,-0.007,0.220,1,1,2.00,NONE,SEG01,4
14,2.800,-0.007,0.360,1,1,2.00,NONE,SEG01,4
15,3.000,-0.006,0.499,1,1,2.00,NONE,SEG01,5
16,3.200,-0.006,0.639,1,1,2.00,NONE,SEG01,5
17,3.400,-0.004,0.715,1,1,2.00,NONE,SEG01,5
18,3.600,-0.002,0.758,1,1,2.00,NONE,SEG01,5
19,3.800,0.001,0.814,1,1,2.00,NONE,SEG01,6
20,4.000,0.003,0.871,1,1,2.00,NONE,SEG01,6
21,4.200,0.006,0.928,1,1,2.00,NONE,SEG01,6
22,4.400,0.009,0.942,1,1,2.00,NONE,SEG01,6
23,4.600,0.012,1.349,1,1,2.00,NONE,SEG01,6
24,4.800,0.015,1.759,1,1,2.00,NONE,SEG01,7
25,5.000,0.019,2.169,1,1,2.00,NONE,SEG01,7
26,5.200,0.022,2.579,1,1,2.00,NONE,SEG01,7
27,5.400,0.031,2.578,1,1,2.00,NONE,SEG01,7
28,5.599,0.040,2.558,1,1,2.00,NONE,SEG01,7
29,5.799,0.049,2.538,1,1,2.00,NONE,SEG01,8
30,5.999,0.058,2.519,1,1,2.00,NONE,SEG01,8
31,6.199,0.067,2.503,1,1,2.00,NONE,SEG01,8
32,6.399,0.076,2.590,1,1,2.00,NONE,SEG01,8
33,6.598,0.084,2.833,1,1,2.00,NONE,SEG01,8
34,6.798,0.093,3.076,1,1,2.00,NONE,SEG01,9
35,6.998,0.102,3.318,1,1,2.00,NONE,SEG01,9
36,7.198,0.112,3.474,1,1,2.00,NONE,SEG01,9
37,7.397,0.124,3.481,1,1,2.00,NONE,SEG01,9
38,7.597,0.136,3.497,1,1,2.00,NONE,SEG01,9
39,7.797,0.148,3.513,1,1,2.00,NONE,SEG01,10
40,7.996,0.160,3.529,1,1,2.00,NONE,SEG01,10
41,8.196,0.172,3.538,1,1,2.00,NONE,SEG01,10
42,8.396,0.185,3.573,1,1,2.00,NONE,SEG01,10
43,8.595,0.197,3.642,1,1,2.00,NONE,SEG01,10
44,8.795,0.209,3.711,1,1,2.00,NONE,SEG01,11
45,8.994,0.222,3.780,1,1,2.00,NONE,SEG01,11
46,9.194,0.235,3.814,1,1,2.00,NONE,SEG01,11
47,9.394,0.248,3.695,1,1,2.00,NONE,SEG01,11
48,9.593,0.261,3.466,1,1,2.00,NONE,SEG01,12
49,9.793,0.275,3.236,1,1,2.00,NONE,SEG01,12
50,9.992,0.288,3.007,1,1,2.00,NONE,SEG01,12
51,10.192,0.300,2.895,1,1,2.00,NONE,SEG01,12
52,10.392,0.310,3.031,1,1,2.00,NONE,SEG01,12
53,10.591,0.320,3.260,1,1,2.00,NONE,SEG01,13
54,10.791,0.330,3.490,1,1,2.00,NONE,SEG01,13
55,10.991,0.340,3.719,1,1,2.00,NONE,SEG01,13
56,11.190,0.352,3.813,1,1,2.00,NONE,SEG01,13
57,11.390,0.365,3.725,1,1,2.00,NONE,SEG01,13
58,11.590,0.379,3.608,1,1,2.00,NONE,SEG01,14
59,11.789,0.392,3.490,1,1,2.00,NONE,SEG01,14
60,11.989,0.405,3.373,1,1,2.00,NONE,SEG01,14
61,12.188,0.417,3.340,1,1,2.00,NONE,SEG01,14
62,12.388,0.429,3.295,1,1,2.00,NONE,SEG01,14
63,12.588,0.441,3.251,1,1,2.00,NONE,SEG01,15
64,12.787,0.452,3.207,1,1,2.00,NONE,SEG01,15
65,12.987,0.464,3.166,1,1,2.00,NONE,SEG01,15
66,13.187,0.475,3.132,1,1,2.00,NONE,SEG01,15
67,13.386,0.486,3.056,1,1,2.00,NONE,SEG01,15
68,13.586,0.497,2.980,1,1,2.00,NONE,SEG01,16
69,13.786,0.508,2.904,1,1,2.00,NONE,SEG01,16
70,13.985,0.519,2.861,1,1,2.00,NONE,SEG01,16
71,14.185,0.529,2.923,1,1,2.00,NONE,SEG01,16
72,14.385,0.539,3.008,1,1,2.00,NONE,SEG01,17
73,14.585,0.549,3.093,1,1,2.00,NONE,SEG01,17
74,14.784,0.559,3.179,1,1,2.00,NONE,SEG01,17
75,14.984,0.569,3.203,1,1,2.00,NONE,SEG01,17
76,15.184,0.581,3.206,1,1,2.00,NONE,SEG01,17
77,15.384,0.592,3.210,1,1,2.00,NONE,SEG01,18
78,15.583,0.603,3.213,1,1,2.00,NONE,SEG01,18
79,15.783,0.614,3.216,1,1,2.00,NONE,SEG01,18
80,15.983,0.625,3.208,1,1,2.00,NONE,SEG01,18
81,16.182,0.636,3.188,1,1,2.00,NONE,SEG01,18
82,16.382,0.648,3.167,1,1,2.00,NONE,SEG01,19
83,16.582,0.659,3.147,1,1,2.00,NONE,SEG01,19
84,16.781,0.670,3.134,1,1,2.00,NONE,SEG01,19
85,16.981,0.681,3.176,1,1,2.00,NONE,SEG01,19
86,17.181,0.692,3.254,1,1,2.00,NONE,SEG01,19
87,17.380,0.703,3.332,1,1,2.00,NONE,SEG01,20
88,17.580,0.714,3.410,1,1,2.00,NONE,SEG01,20
89,17.780,0.725,3.445,1,1,2.00,NONE,SEG01,20
90,17.979,0.737,3.563,1,1,2.00,NONE,SEG01,20
91,18.179,0.749,3.742,1,1,2.00,NONE,SEG01,21
92,18.379,0.761,3.922,1,1,2.00,NONE,SEG01,21
93,18.578,0.773,4.101,1,1,2.00,NONE,SEG01,21
94,18.778,0.787,4.164,1,1,2.00,NONE,SEG01,21
95,18.977,0.802,4.115,1,1,2.00,NONE,SEG01,21
96,19.177,0.816,4.065,1,1,2.00,NONE,SEG01,22
97,19.376,0.831,4.016,1,1,2.00,NONE,SEG01,22
98,19.576,0.845,3.967,1,1,2.00,NONE,SEG01,22
99,19.775,0.859,3.946,1,1,2.00,NONE,SEG01,22
100,19.975,0.873,3.870,1,1,2.00,NONE,SEG01,22
101,20.174,0.887,3.793,1,1,2.00,NONE,SEG01,23
102,20.374,0.900,3.717,1,1,2.00,NONE,SEG01,23
103,20.573,0.914,3.662,1,1,2.00,NONE,SEG01,23
104,20.773,0.927,3.448,1,1,2.00,NONE,SEG01,23
105,20.973,0.940,3.164,1,1,2.00,NONE,SEG01,24
106,21.172,0.952,2.879,1,1,2.00,NONE,SEG01,24
107,21.372,0.965,2.594,1,1,2.00,NONE,SEG01,24
108,21.572,0.975,2.487,1,1,2.00,NONE,SEG01,24
109,21.771,0.984,2.374,1,1,2.00,NONE,SEG01,24
110,21.971,0.993,2.260,1,1,2.00,NONE,SEG01,25
111,22.171,1.001,2.146,1,1,2.00,NONE,SEG01,25
112,22.371,1.010,2.069,1,1,2.00,NONE,SEG01,25
113,22.571,1.017,2.074,1,1,2.00,NONE,SEG01,25
114,22.771,1.024,2.078,1,1,2.00,NONE,SEG01,26
115,22.970,1.031,2.083,1,1,2.00,NONE,SEG01,26
116,23.170,1.038,2.088,1,1,2.00,NONE,SEG01,26
117,23.370,1.046,2.318,1,1,2.00,NONE,SEG01,26
118,23.570,1.053,2.602,1,1,2.00,NONE,SEG01,26
119,23.770,1.060,2.885,1,1,2.00,NONE,SEG01,27
120,23.970,1.068,3.169,1,1,2.00,NONE,SEG01,27
121,24.169,1.078,3.375,1,1,2.00,NONE,SEG01,27
122,24.369,1.089,3.573,1,1,2.00,NONE,SEG01,27
123,24.569,1.101,3.772,1,1,2.00,NONE,SEG01,28
124,24.768,1.112,3.970,1,1,2.00,NONE,SEG01,28
125,24.968,1.125,4.580,1,1,2.00,NONE,SEG01,28
126,25.168,1.139,5.172,1,1,2.00,NONE,SEG01,28
127,25.367,1.153,5.764,1,1,2.00,NONE,SEG01,29
128,25.567,1.167,6.416,1,1,2.00,NONE,SEG01,29
129,25.765,1.189,6.645,1,1,2.00,NONE,SEG01,29
130,25.964,1.211,6.847,1,1,2.00,NONE,SEG01,30
131,26.163,1.234,7.050,1,1,2.00,NONE,SEG01,30
132,26.362,1.257,7.000,1,1,2.00,NONE,SEG01,30
133,26.560,1.282,6.803,1,1,2.00,NONE,SEG01,30
134,26.758,1.307,6.606,1,2,2.00,NONE,SEG02,31
135,26.957,1.332,6.146,1,2,2.00,NONE,SEG02,31
136,27.156,1.354,5.768,1,2,2.00,NONE,SEG02,31
137,27.354,1.376,5.395,1,2,2.00,NONE,SEG02,32
138,27.553,1.399,5.010,1,2,2.00,NONE,SEG02,32
139,27.752,1.417,4.871,1,2,2.00,NONE,SEG02,32
140,27.951,1.435,4.842,1,2,2.00,NONE,SEG02,33
141,28.151,1.452,4.814,1,2,2.00,NONE,SEG02,33
142,28.350,1.469,4.579,1,2,2.00,NONE,SEG02,33
143,28.549,1.485,4.354,1,2,2.00,NONE,SEG02,33
144,28.749,1.502,4.130,1,2,2.00,NONE,SEG02,34
145,28.948,1.519,3.976,1,2,2.00,NONE,SEG02,34
146,29.147,1.532,4.157,1,2,2.00,NONE,SEG02,34
147,29.347,1.546,4.343,1,2,2.00,NONE,SEG02,35
148,29.547,1.560,4.529,1,2,2.00,NONE,SEG02,35
149,29.746,1.574,4.650,1,2,2.00,NONE,SEG02,35
150,29.945,1.590,4.662,1,2,2.00,NONE,SEG02,35
151,30.145,1.607,4.675,1,2,2.00,NONE,SEG02,36
152,30.344,1.623,4.687,1,2,2.00,NONE,SEG02,36
153,30.543,1.639,4.701,1,2,2.00,NONE,SEG02,36
154,30.743,1.655,4.718,1,2,2.00,NONE,SEG02,36
155,30.942,1.672,4.736,1,2,2.00,NONE,SEG02,37
156,31.141,1.688,4.754,1,2,2.00,NONE,SEG02,37
157,31.341,1.705,4.762,1,2,2.00,NONE,SEG02,37
158,31.540,1.721,4.745,1,2,2.00,NONE,SEG02,37
159,31.739,1.738,4.727,1,2,2.00,NONE,SEG02,38
160,31.939,1.755,4.709,1,2,2.00,NONE,SEG02,38
161,32.138,1.771,4.695,1,2,2.00,NONE,SEG02,38
162,32.337,1.787,4.813,1,2,2.00,NONE,SEG02,38
163,32.537,1.804,4.951,1,2,2.00,NONE,SEG02,39
164,32.736,1.820,5.088,1,2,2.00,NONE,SEG02,39
165,32.935,1.837,5.225,1,2,2.00,NONE,SEG02,39
166,33.134,1.855,5.193,1,2,2.00,NONE,SEG02,39
167,33.334,1.873,5.107,1,2,2.00,NONE,SEG02,39
168,33.533,1.891,5.021,1,2,2.00,NONE,SEG02,40
169,33.732,1.909,4.934,1,2,2.00,NONE,SEG02,40
170,33.931,1.927,4.958,1,2,2.00,NONE,SEG02,40
171,34.130,1.944,5.032,1,2,2.00,NONE,SEG02,40
172,34.330,1.961,5.106,1,2,2.00,STOP_LINE,SEG02,41
173,34.529,1.978,5.117,1,2,2.00,NONE,SEG02,41
174,34.728,1.996,4.992,1,2,2.00,NONE,SEG02,41
175,34.927,2.014,4.852,1,2,2.00,NONE,SEG02,42
176,35.126,2.032,4.642,1,2,2.00,NONE,SEG02,42
177,35.326,2.050,4.204,1,2,2.00,NONE,SEG02,42
178,35.525,2.066,3.845,1,2,2.00,NONE,SEG02,42
179,35.724,2.082,3.465,1,2,2.00,NONE,SEG02,43
180,35.924,2.097,3.019,1,2,2.00,NONE,SEG02,43
181,36.124,2.108,2.864,1,2,2.00,NONE,SEG02,43
182,36.323,2.119,2.708,1,3,2.00,NONE,SEG03,44
183,36.523,2.130,2.621,1,3,2.00,NONE,SEG03,44
184,36.723,2.139,2.673,1,3,2.00,NONE,SEG03,44
185,36.922,2.148,2.726,1,3,2.00,NONE,SEG03,45
186,37.122,2.157,2.783,1,3,2.00,NONE,SEG03,45
187,37.322,2.167,2.823,1,3,2.00,NONE,SEG03,45
188,37.522,2.177,2.858,1,3,2.00,NONE,SEG03,46
189,37.722,2.186,2.894,1,3,2.00,NONE,SEG03,46
190,37.921,2.196,2.925,1,3,2.00,NONE,SEG03,46
191,38.121,2.206,2.991,1,3,2.00,NONE,SEG03,46
192,38.321,2.216,3.076,1,3,2.00,NONE,SEG03,46
193,38.521,2.227,3.160,1,3,2.00,NONE,SEG03,47
194,38.720,2.237,3.245,1,3,2.00,NONE,SEG03,47
195,38.920,2.248,3.271,1,3,2.00,NONE,SEG03,47
196,39.120,2.259,3.330,1,3,2.00,NONE,SEG03,47
197,39.319,2.271,3.388,1,3,2.00,NONE,SEG03,48
198,39.519,2.282,3.447,1,3,2.00,NONE,SEG03,48
199,39.719,2.294,3.499,1,3,2.00,NONE,SEG03,48
200,39.918,2.306,3.481,1,3,2.00,NONE,SEG03,48
201,40.118,2.318,3.376,1,3,2.00,NONE,SEG03,48
202,40.318,2.330,3.271,1,3,2.00,NONE,SEG03,49
203,40.517,2.342,3.166,1,3,2.00,NONE,SEG03,49
204,40.717,2.354,3.080,1,3,2.00,NONE,SEG03,49
205,40.917,2.365,3.061,1,3,2.00,NONE,SEG03,49
206,41.116,2.376,2.860,1,3,2.00,NONE,SEG03,49
207,41.316,2.387,2.659,1,3,2.00,NONE,SEG03,50
208,41.516,2.397,2.457,1,3,2.00,NONE,SEG03,50
209,41.715,2.408,2.274,1,3,2.00,NONE,SEG03,50
210,41.915,2.416,2.274,1,3,2.00,NONE,SEG03,50
211,42.115,2.424,2.230,1,3,2.00,NONE,SEG03,50
212,42.315,2.432,2.187,1,3,2.00,NONE,SEG03,51
213,42.515,2.440,2.144,1,3,2.00,NONE,SEG03,51
214,42.715,2.448,2.102,1,3,2.00,NONE,SEG03,51
215,42.914,2.455,2.102,1,3,2.00,NONE,SEG03,51
216,43.114,2.462,2.169,1,3,2.00,NONE,SEG03,51
217,43.314,2.470,2.243,1,3,2.00,NONE,SEG03,52
218,43.514,2.477,2.317,1,3,2.00,NONE,SEG03,52
219,43.714,2.484,2.391,1,3,2.00,NONE,SEG03,52
220,43.914,2.492,2.399,1,3,2.00,NONE,SEG03,52
221,44.114,2.501,2.276,1,3,2.00,NONE,SEG03,52
222,44.313,2.509,2.129,1,3,2.00,NONE,SEG03,53
223,44.513,2.518,1.982,1,3,2.00,NONE,SEG03,53
224,44.713,2.526,1.834,1,3,2.00,NONE,SEG03,53
225,44.913,2.533,1.809,1,3,2.00,NONE,SEG03,53
226,45.113,2.539,1.641,1,3,2.00,NONE,SEG03,53
227,45.313,2.545,1.426,1,3,2.00,NONE,SEG03,54
228,45.513,2.552,1.210,1,3,2.00,NONE,SEG03,54
229,45.713,2.558,0.995,1,3,2.00,NONE,SEG03,54
230,45.913,2.562,0.947,1,3,2.00,NONE,SEG03,54
231,46.113,2.565,0.649,1,3,2.00,NONE,SEG03,54
232,46.312,2.568,0.246,1,3,2.00,NONE,SEG03,55
233,46.512,2.572,-0.157,1,3,2.00,NONE,SEG03,55
234,46.712,2.575,-0.559,1,3,2.00,NONE,SEG03,55
235,46.912,2.574,-0.663,1,3,2.00,NONE,SEG03,55
236,47.112,2.572,-1.074,1,3,2.00,NONE,SEG03,55
237,47.312,2.570,-1.706,1,3,2.00,NONE,SEG03,56
238,47.512,2.567,-2.338,1,3,2.00,NONE,SEG03,56
239,47.712,2.565,-2.970,1,3,2.00,NONE,SEG03,56
240,47.912,2.557,-3.191,1,3,2.00,NONE,SEG03,56
241,48.112,2.546,-3.237,1,3,2.00,NONE,SEG03,56
242,48.312,2.535,-3.314,1,3,2.00,NONE,SEG03,57
243,48.511,2.524,-3.392,1,3,2.00,NONE,SEG03,57
244,48.711,2.512,-3.469,1,3,2.00,NONE,SEG03,57
245,48.911,2.501,-3.499,1,3,2.00,NONE,SEG03,57
246,49.110,2.488,-3.377,1,3,2.00,NONE,SEG03,57
247,49.310,2.476,-3.148,1,3,2.00,NONE,SEG03,58
248,49.509,2.464,-2.918,1,3,2.00,NONE,SEG03,58
249,49.709,2.452,-2.689,1,3,2.00,NONE,SEG03,58
250,49.909,2.441,-2.582,1,3,2.00,NONE,SEG03,58
251,50.109,2.432,-2.499,1,3,2.00,NONE,SEG03,58
252,50.308,2.423,-2.330,1,3,2.00,NONE,SEG03,59
253,50.508,2.414,-2.162,1,3,2.00,NONE,SEG03,59
254,50.708,2.405,-1.993,1,3,2.00,NONE,SEG03,59
255,50.908,2.397,-1.907,1,3,2.00,NONE,SEG03,59
256,51.108,2.391,-1.710,1,3,2.00,NONE,SEG03,59
257,51.308,2.384,-1.301,1,3,2.00,NONE,SEG03,59
258,51.507,2.377,-0.893,1,3,2.00,NONE,SEG03,60
259,51.707,2.371,-0.485,1,3,2.00,NONE,SEG03,60
260,51.907,2.367,-0.274,1,3,2.00,NONE,SEG03,60
261,52.107,2.366,-0.029,1,3,2.00,NONE,SEG03,60
262,52.307,2.365,0.498,1,3,2.00,NONE,SEG03,60
263,52.507,2.364,1.024,1,3,2.00,NONE,SEG03,61
264,52.707,2.363,1.551,1,3,2.00,NONE,SEG03,61
265,52.907,2.365,1.831,1,3,2.00,NONE,SEG03,61
266,53.107,2.372,1.816,1,3,2.00,NONE,SEG03,61
267,53.307,2.378,1.764,1,3,2.00,NONE,SEG03,61
268,53.507,2.385,1.712,1,3,2.00,NONE,SEG03,62
269,53.707,2.391,1.660,1,3,2.00,NONE,SEG03,62
270,53.907,2.397,1.623,1,3,2.00,NONE,SEG03,62
271,54.107,2.403,1.617,1,3,2.00,NONE,SEG03,62
272,54.307,2.409,1.482,1,3,2.00,NONE,SEG03,62
273,54.507,2.414,1.347,1,3,2.00,NONE,SEG03,63
274,54.706,2.420,1.212,1,3,2.00,NONE,SEG03,63
275,54.906,2.425,1.084,1,3,2.00,NONE,SEG03,63
276,55.106,2.429,1.084,1,3,2.00,NONE,SEG03,63
277,55.306,2.433,1.377,1,3,2.00,NONE,SEG03,63
278,55.506,2.437,1.794,1,3,2.00,NONE,SEG03,64
279,55.706,2.441,2.210,1,3,2.00,NONE,SEG03,64
280,55.906,2.444,2.626,1,3,2.00,NONE,SEG03,64
281,56.106,2.452,2.749,1,3,2.00,NONE,SEG03,64
282,56.306,2.462,2.920,1,3,2.00,NONE,SEG03,64
283,56.506,2.471,3.879,1,3,2.00,NONE,SEG03,64
284,56.705,2.481,4.838,1,3,2.00,NONE,SEG03,65
285,56.905,2.491,5.797,1,3,2.00,NONE,SEG03,65
286,57.105,2.503,6.585,1,3,2.00,NONE,SEG03,65
287,57.303,2.526,6.585,1,3,2.00,NONE,SEG03,65
288,57.502,2.548,7.700,1,3,2.00,NONE,SEG03,65
289,57.701,2.571,9.470,1,3,2.00,NONE,SEG03,66
290,57.899,2.594,11.242,1,3,2.00,NONE,SEG03,66
291,58.098,2.617,13.012,1,3,2.00,NONE,SEG03,66
292,58.294,2.656,13.666,1,3,2.00,NONE,SEG03,66
293,58.488,2.703,13.987,1,3,2.00,NONE,SEG03,66
294,58.683,2.750,15.749,1,3,2.00,NONE,SEG03,66
295,58.877,2.797,17.514,1,3,2.00,NONE,SEG03,67
296,59.071,2.845,19.278,1,3,2.00,NONE,SEG03,67
297,59.264,2.896,20.720,1,3,2.00,NONE,SEG03,67
298,59.451,2.967,20.720,1,3,2.00,NONE,SEG03,67
299,59.639,3.038,22.715,1,3,2.00,NONE,SEG03,67
300,59.826,3.108,25.328,1,3,2.00,NONE,SEG03,68
301,60.013,3.179,27.943,1,3,2.00,NONE,SEG03,68
302,60.200,3.250,30.550,1,3,2.00,NONE,SEG03,68
303,60.375,3.346,31.163,1,3,2.00,NONE,SEG03,68
304,60.546,3.449,32.334,1,3,2.00,NONE,SEG03,68
305,60.717,3.553,35.502,1,3,2.00,NONE,SEG03,69
306,60.888,3.656,38.681,1,3,2.00,NONE,SEG03,69
307,61.059,3.760,41.854,1,3,2.00,NONE,SEG03,69
308,61.220,3.876,43.851,1,3,2.00,NONE,SEG03,69
309,61.365,4.014,43.851,1,3,2.00,NONE,SEG03,69
310,61.509,4.153,45.533,1,3,2.00,NONE,SEG03,69
311,61.653,4.292,47.501,1,3,2.00,NONE,SEG03,70
312,61.797,4.430,49.470,1,3,2.00,NONE,SEG03,70
313,61.942,4.569,51.434,1,3,2.00,NONE,SEG03,70
314,62.068,4.723,51.718,1,3,2.00,NONE,SEG03,70
315,62.192,4.880,52.035,1,3,2.00,NONE,SEG03,70
316,62.316,5.037,53.349,1,3,2.00,NONE,SEG03,71
317,62.440,5.194,54.664,1,3,2.00,NONE,SEG03,71
318,62.564,5.351,55.978,1,3,2.00,NONE,SEG03,71
319,62.684,5.511,56.975,1,3,2.00,NONE,SEG03,71
320,62.793,5.678,56.975,1,3,2.00,NONE,SEG03,71
321,62.902,5.846,58.013,1,3,2.00,NONE,SEG03,71
322,63.011,6.014,59.718,1,3,2.00,NONE,SEG03,72
323,63.120,6.181,61.424,1,3,2.00,NONE,SEG03,72
324,63.229,6.349,63.127,1,3,2.00,NONE,SEG03,72
325,63.326,6.524,63.793,1,3,2.00,NONE,SEG03,72
326,63.414,6.703,63.793,1,3,2.00,NONE,SEG03,72
327,63.502,6.883,64.868,1,3,2.00,NONE,SEG03,72
328,63.591,7.062,66.095,1,3,2.00,NONE,SEG03,73
329,63.679,7.242,67.322,1,3,2.00,NONE,SEG03,73
330,63.767,7.421,68.547,1,3,2.00,NONE,SEG03,73
331,63.842,7.607,68.698,1,3,2.00,NONE,SEG03,73
332,63.915,7.793,68.718,1,3,2.00,NONE,SEG03,73
333,63.987,7.979,69.266,1,3,2.00,NONE,SEG03,73
334,64.060,8.166,69.815,1,3,2.00,NONE,SEG03,74
335,64.133,8.352,70.363,1,3,2.00,NONE,SEG03,74
336,64.205,8.538,70.892,1,3,2.00,NONE,SEG03,74
337,64.270,8.727,70.892,1,3,2.00,NONE,SEG03,74
338,64.336,8.916,71.477,1,3,2.00,NONE,SEG03,74
339,64.401,9.105,72.748,1,3,2.00,NONE,SEG03,75
340,64.467,9.294,74.020,1,3,2.00,NONE,SEG03,75
341,64.532,9.483,75.292,1,3,2.00,NONE,SEG03,75
342,64.590,9.675,75.978,1,3,2.00,NONE,SEG03,75
343,64.638,9.869,75.978,1,3,2.00,NONE,SEG03,75
344,64.687,10.063,76.769,1,3,2.00,NONE,SEG03,75
345,64.735,10.257,77.694,1,3,2.00,NONE,SEG03,76
346,64.784,10.451,78.620,1,3,2.00,NONE,SEG03,76
347,64.832,10.645,79.545,1,3,2.00,NONE,SEG03,76
348,64.870,10.841,79.679,1,3,2.00,NONE,SEG03,76
349,64.906,11.038,79.901,1,3,2.00,NONE,SEG03,76
350,64.942,11.235,80.702,1,3,2.00,NONE,SEG03,77
351,64.977,11.431,81.503,1,3,2.00,NONE,SEG03,77
352,65.013,11.628,82.304,1,3,2.00,NONE,SEG03,77
353,65.046,11.825,82.883,1,3,2.00,NONE,SEG03,77
354,65.071,12.024,82.883,1,3,2.00,NONE,SEG03,77
355,65.096,12.222,83.421,1,3,2.00,NONE,SEG03,77
356,65.120,12.421,84.143,1,3,2.00,NONE,SEG03,78
357,65.145,12.619,84.865,1,3,2.00,NONE,SEG03,78
358,65.170,12.818,85.587,1,3,2.00,NONE,SEG03,78
359,65.187,13.017,85.771,1,3,2.00,NONE,SEG03,78
360,65.202,13.216,86.065,1,3,2.00,NONE,SEG03,78
361,65.217,13.416,86.917,1,3,2.00,NONE,SEG03,79
362,65.232,13.615,87.770,1,3,2.00,NONE,SEG03,79
363,65.246,13.815,88.623,1,3,2.00,NONE,SEG03,79
364,65.257,14.014,89.181,1,3,2.00,NONE,SEG03,79
365,65.260,14.214,89.181,1,3,2.00,NONE,SEG03,79
366,65.263,14.414,89.536,1,3,2.00,NONE,SEG03,79
367,65.265,14.614,89.981,1,3,2.00,NONE,SEG03,80
368,65.268,14.814,90.427,1,3,2.00,NONE,SEG03,80
369,65.271,15.014,90.873,1,3,2.00,NONE,SEG03,80
370,65.269,15.214,90.965,1,3,2.00,NONE,SEG03,80
371,65.266,15.414,91.218,1,3,2.00,NONE,SEG03,80
372,65.262,15.614,91.887,1,3,2.00,NONE,SEG03,81
373,65.259,15.814,92.556,1,3,2.00,NONE,SEG03,81
374,65.256,16.014,93.226,1,3,2.00,NONE,SEG03,81
375,65.249,16.214,93.643,1,3,2.00,NONE,SEG03,81
376,65.236,16.414,93.643,1,3,2.00,NONE,SEG03,81
377,65.223,16.613,94.217,1,3,2.00,NONE,SEG03,81
378,65.211,16.813,94.856,1,3,2.00,NONE,SEG03,82
379,65.198,17.012,95.496,1,3,2.00,NONE,SEG03,82
380,65.185,17.212,96.135,1,3,2.00,NONE,SEG03,82
381,65.165,17.411,96.200,1,3,2.00,NONE,SEG03,82
382,65.143,17.610,96.575,1,3,2.00,NONE,SEG03,82
383,65.121,17.808,97.366,1,3,2.00,NONE,SEG03,83
384,65.100,18.007,98.157,1,3,2.00,NONE,SEG03,83
385,65.078,18.206,98.949,1,3,2.00,NONE,SEG03,83
386,65.051,18.404,99.365,1,3,2.00,NONE,SEG03,83
387,65.019,18.602,99.431,1,3,2.00,NONE,SEG03,83
388,64.986,18.799,100.735,1,3,2.00,NONE,SEG03,83
389,64.954,18.996,102.039,1,3,2.00,NONE,SEG03,84
390,64.921,19.194,103.343,1,3,2.00,NONE,SEG03,84
391,64.888,19.391,104.581,1,3,2.00,NONE,SEG03,84
392,64.837,19.584,104.581,1,3,2.00,NONE,SEG03,84
393,64.787,19.778,105.715,1,3,2.00,NONE,SEG03,84
394,64.737,19.971,107.212,1,3,2.00,NONE,SEG03,85
395,64.686,20.165,108.708,1,3,2.00,NONE,SEG03,85
396,64.636,20.359,110.203,1,3,2.00,NONE,SEG03,85
397,64.571,20.547,110.564,1,3,2.00,NONE,SEG03,85
398,64.500,20.735,111.299,1,3,2.00,NONE,SEG03,85
399,64.430,20.922,113.019,1,3,2.00,NONE,SEG03,86
400,64.360,21.109,114.741,1,3,2.00,NONE,SEG03,86
401,64.290,21.296,116.462,1,3,2.00,NONE,SEG03,86
402,64.210,21.479,117.447,1,3,2.00,NONE,SEG03,86
403,64.118,21.657,117.585,1,3,2.00,NONE,SEG03,86
404,64.026,21.834,119.316,1,3,2.00,NONE,SEG03,86
405,63.933,22.012,121.049,1,3,2.00,NONE,SEG03,87
406,63.841,22.189,122.782,1,3,2.00,NONE,SEG03,87
407,63.747,22.366,124.375,1,3,2.00,NONE,SEG03,87
408,63.634,22.531,124.375,1,3,2.00,NONE,SEG03,87
409,63.522,22.696,125.604,1,3,2.00,NONE,SEG03,87
410,63.409,22.861,127.379,1,3,2.00,NONE,SEG03,88
411,63.296,23.026,129.156,1,3,2.00,NONE,SEG03,88
412,63.183,23.191,130.930,1,3,2.00,NONE,SEG03,88
413,63.056,23.346,131.476,1,3,2.00,NONE,SEG03,88
414,62.924,23.496,132.077,1,3,2.00,NONE,SEG03,88
415,62.791,23.645,133.867,1,3,2.00,NONE,SEG03,89
416,62.659,23.795,135.659,1,3,2.00,NONE,SEG03,89
417,62.526,23.945,137.450,1,3,2.00,NONE,SEG03,89
418,62.388,24.089,138.640,1,3,2.00,NONE,SEG03,89
419,62.238,24.221,138.698,1,3,2.00,NONE,SEG03,89
420,62.088,24.353,140.370,1,3,2.00,NONE,SEG03,89
421,61.938,24.486,142.045,1,3,2.00,NONE,SEG03,90
422,61.788,24.618,143.720,1,3,2.00,NONE,SEG03,90
423,61.637,24.749,145.334,1,3,2.00,NONE,SEG03,90
424,61.473,24.863,145.334,1,3,2.00,NONE,SEG03,90
425,61.308,24.977,146.657,1,3,2.00,NONE,SEG03,90
426,61.144,25.091,148.352,1,3,2.00,NONE,SEG03,91
427,60.979,25.204,150.049,1,3,2.00,NONE,SEG03,91
428,60.815,25.318,151.742,1,3,2.00,NONE,SEG03,91
429,60.640,25.416,152.113,1,3,2.00,NONE,SEG03,91
430,60.464,25.510,152.963,1,3,2.00,NONE,SEG03,91
431,60.287,25.603,154.345,1,3,2.00,NONE,SEG03,92
432,60.110,25.697,155.727,1,3,2.00,NONE,SEG03,92
433,59.933,25.790,157.109,1,3,2.00,NONE,SEG03,92
434,59.752,25.873,157.640,1,3,2.00,NONE,SEG03,92
435,59.567,25.949,158.254,1,3,2.00,NONE,SEG03,92
436,59.382,26.025,159.529,1,3,2.00,NONE,SEG03,93
437,59.197,26.101,160.804,1,3,2.00,NONE,SEG03,93
438,59.012,26.177,162.078,1,3,2.00,NONE,SEG03,93
439,58.824,26.245,162.738,1,3,2.00,NONE,SEG03,93
440,58.633,26.305,163.116,1,3,2.00,NONE,SEG03,93
441,58.442,26.364,164.144,1,3,2.00,NONE,SEG03,93
442,58.251,26.423,165.173,1,3,2.00,NONE,SEG03,94
443,58.060,26.483,166.201,1,3,2.00,NONE,SEG03,94
444,57.868,26.537,166.851,1,3,2.00,NONE,SEG03,94
445,57.673,26.583,167.145,1,3,2.00,NONE,SEG03,94
446,57.478,26.628,168.197,1,3,2.00,NONE,SEG03,94
447,57.283,26.674,169.249,1,3,2.00,NONE,SEG03,95
448,57.088,26.719,170.301,1,3,2.00,NONE,SEG03,95
449,56.893,26.760,171.058,1,3,2.00,NONE,SEG03,95
450,56.695,26.792,171.256,1,3,2.00,NONE,SEG03,95
451,56.498,26.823,172.126,1,3,2.00,NONE,SEG03,95
452,56.300,26.854,172.997,1,3,2.00,NONE,SEG03,96
453,56.103,26.885,173.867,1,3,2.00,NONE,SEG03,96
454,55.905,26.913,174.540,1,3,2.00,NONE,SEG03,96
455,55.706,26.932,174.741,1,3,2.00,NONE,SEG03,96
456,55.507,26.951,175.661,1,3,2.00,NONE,SEG03,96
457,55.307,26.970,176.581,1,3,2.00,NONE,SEG03,97
458,55.108,26.989,177.501,1,3,2.00,NONE,SEG03,97
459,54.909,27.006,178.220,1,3,2.00,NONE,SEG03,97
460,54.709,27.012,178.398,1,3,2.00,NONE,SEG03,97
461,54.509,27.018,179.281,1,3,2.00,NONE,SEG03,97
462,54.309,27.024,-179.837,1,3,2.00,NONE,SEG03,98
463,54.109,27.030,-178.954,1,3,2.00,NONE,SEG03,98
464,53.910,27.034,-178.250,1,3,2.00,NONE,SEG03,98
465,53.710,27.028,-178.104,1,3,2.00,NONE,SEG03,98
466,53.510,27.022,-176.898,1,3,2.00,NONE,SEG03,98
467,53.310,27.016,-175.692,1,3,2.00,NONE,SEG03,99
468,53.110,27.010,-174.485,1,3,2.00,NONE,SEG03,99
469,52.910,27.002,-173.425,1,3,2.00,NONE,SEG03,99
470,52.712,26.979,-173.425,1,3,2.00,NONE,SEG03,99
471,52.513,26.956,-171.894,1,3,2.00,NONE,SEG03,99
472,52.314,26.933,-170.353,1,3,2.00,NONE,SEG03,100
473,52.115,26.910,-168.812,1,3,2.00,NONE,SEG03,100
474,51.917,26.887,-167.273,1,3,2.00,NONE,SEG03,100
475,51.722,26.843,-167.265,1,3,2.00,NONE,SEG03,100
476,51.527,26.799,-165.342,1,3,2.00,NONE,SEG03,100
477,51.332,26.755,-162.758,1,3,2.00,NONE,SEG03,101
478,51.136,26.711,-160.172,1,3,2.00,NONE,SEG03,101
479,50.941,26.667,-157.594,1,3,2.00,NONE,SEG03,101
480,50.755,26.597,-156.937,1,3,2.00,NONE,SEG03,101
481,50.571,26.519,-155.043,1,3,2.00,NONE,SEG03,101
482,50.386,26.440,-151.571,1,3,2.00,NONE,SEG03,102
483,50.202,26.362,-148.087,1,3,2.00,NONE,SEG03,102
484,50.018,26.284,-144.617,1,3,2.00,NONE,SEG03,102
485,49.848,26.183,-143.040,1,3,2.00,NONE,SEG03,102
486,49.688,26.062,-141.444,1,3,2.00,NONE,SEG03,102
487,49.528,25.942,-138.020,1,3,2.00,NONE,SEG03,103
488,49.368,25.822,-134.583,1,3,2.00,NONE,SEG03,103
489,49.208,25.702,-131.157,1,3,2.00,NONE,SEG03,103
490,49.064,25.565,-129.328,1,3,2.00,NONE,SEG03,103
491,48.937,25.411,-128.099,1,3,2.00,NONE,SEG03,103
492,48.810,25.256,-124.984,1,3,2.00,NONE,SEG03,103
493,48.684,25.101,-121.858,1,3,2.00,NONE,SEG03,104
494,48.557,24.947,-118.739,1,3,2.00,NONE,SEG03,104
495,48.444,24.783,-116.851,1,3,2.00,NONE,SEG03,104
496,48.354,24.604,-116.109,1,3,2.00,NONE,SEG03,104
497,48.264,24.426,-113.385,1,3,2.00,NONE,SEG03,104
498,48.173,24.247,-110.651,1,3,2.00,NONE,SEG03,105
499,48.083,24.069,-107.921,1,3,2.00,NONE,SEG03,105
500,48.002,23.887,-105.937,1,3,2.00,NONE,SEG03,105
501,47.947,23.694,-105.937,1,3,2.00,NONE,SEG03,105
502,47.892,23.502,-104.401,1,3,2.00,NONE,SEG03,105
503,47.837,23.310,-102.825,1,3,2.00,NONE,SEG03,106
504,47.783,23.117,-101.250,1,3,2.00,NONE,SEG03,106
505,47.728,22.925,-99.677,1,3,2.00,NONE,SEG03,106
506,47.694,22.728,-99.640,1,3,2.00,NONE,SEG03,106
507,47.660,22.531,-99.258,1,3,2.00,NONE,SEG03,106
508,47.627,22.334,-98.778,1,3,2.00,NONE,SEG03,107
509,47.593,22.137,-98.298,1,3,2.00,NONE,SEG03,107
510,47.560,21.939,-97.818,1,3,2.00,NONE,SEG03,107
511,47.531,21.741,-97.721,1,3,2.00,NONE,SEG03,107
512,47.505,21.543,-97.428,1,3,2.00,NONE,SEG03,107
513,47.478,21.345,-97.020,1,3,2.00,NONE,SEG03,108
514,47.451,21.147,-96.613,1,3,2.00,NONE,SEG03,108
515,47.424,20.949,-96.205,1,3,2.00,NONE,SEG03,108
516,47.401,20.750,-96.089,1,3,2.00,NONE,SEG03,108
517,47.380,20.551,-95.977,1,3,2.00,NONE,SEG03,108
518,47.359,20.352,-95.782,1,3,2.00,NONE,SEG03,109
519,47.337,20.153,-95.587,1,3,2.00,NONE,SEG03,109
520,47.316,19.954,-95.392,1,3,2.00,NONE,SEG03,109
521,47.297,19.755,-95.309,1,3,2.00,NONE,SEG03,109
522,47.278,19.556,-95.227,1,3,2.00,NONE,SEG03,109
523,47.260,19.357,-94.998,1,3,2.00,NONE,SEG03,109
524,47.241,19.158,-94.769,1,3,2.00,NONE,SEG03,110
525,47.223,18.959,-94.540,1,3,2.00,NONE,SEG03,110
526,47.205,18.760,-94.394,1,3,2.00,NONE,SEG03,110
527,47.190,18.560,-94.422,1,3,2.00,NONE,SEG03,110
528,47.175,18.361,-94.562,1,3,2.00,NONE,SEG03,110
529,47.159,18.161,-94.702,1,3,2.00,NONE,SEG03,111
530,47.144,17.962,-94.841,1,3,2.00,NONE,SEG03,111
531,47.128,17.763,-94.954,1,3,2.00,NONE,SEG03,111
532,47.111,17.563,-94.954,1,3,2.00,NONE,SEG03,111
533,47.094,17.364,-95.584,1,3,2.00,NONE,SEG03,111
534,47.076,17.165,-96.246,1,3,2.00,NONE,SEG03,112
535,47.059,16.966,-96.907,1,3,2.00,NONE,SEG03,112
536,47.042,16.766,-97.568,1,3,2.00,NONE,SEG03,112
537,47.016,16.568,-97.599,1,3,2.00,NONE,SEG03,112
538,46.989,16.370,-98.543,1,3,2.00,NONE,SEG03,112
539,46.963,16.172,-99.844,1,3,2.00,NONE,SEG03,113
540,46.937,15.973,-101.146,1,3,2.00,NONE,SEG03,113
541,46.910,15.775,-102.446,1,3,2.00,NONE,SEG03,113
542,46.871,15.579,-102.803,1,3,2.00,NONE,SEG03,113
543,46.826,15.384,-104.308,1,3,2.00,NONE,SEG03,113
544,46.782,15.189,-106.333,1,3,2.00,NONE,SEG03,114
545,46.738,14.994,-108.359,1,3,2.00,NONE,SEG03,114
546,46.693,14.799,-110.383,1,3,2.00,NONE,SEG03,114
547,46.629,14.610,-111.332,1,3,2.00,NONE,SEG03,114
548,46.558,14.423,-114.333,1,3,2.00,NONE,SEG03,114
549,46.486,14.236,-117.347,1,3,2.00,NONE,SEG03,115
550,46.415,14.050,-120.360,1,3,2.00,NONE,SEG03,115
551,46.338,13.865,-122.930,1,3,2.00,NONE,SEG03,115
552,46.230,13.698,-126.408,1,3,2.00,NONE,SEG03,115
553,46.121,13.530,-130.249,1,3,2.00,NONE,SEG03,116
554,46.012,13.362,-134.093,1,3,2.00,NONE,SEG03,116
555,45.903,13.194,-137.915,1,3,2.00,NONE,SEG03,116
556,45.758,13.058,-141.496,1,3,2.00,NONE,SEG03,116
557,45.609,12.925,-145.176,1,3,2.00,NONE,SEG03,116
558,45.459,12.791,-148.859,1,3,2.00,NONE,SEG03,117
559,45.310,12.658,-152.731,1,3,2.00,NONE,SEG03,117
560,45.135,12.562,-156.083,1,3,2.00,NONE,SEG03,117
561,44.957,12.471,-159.053,1,3,2.00,NONE,SEG03,117
562,44.779,12.380,-162.023,1,3,2.00,NONE,SEG03,118
563,44.600,12.292,-165.104,1,3,2.00,NONE,SEG03,118
564,44.407,12.239,-167.071,1,3,2.00,NONE,SEG03,118
565,44.214,12.187,-169.043,1,3,2.00,NONE,SEG03,119
566,44.021,12.134,-171.013,1,3,2.00,NONE,SEG03,119
567,43.827,12.086,-172.648,1,3,2.00,NONE,SEG03,119
568,43.629,12.061,-173.815,1,3,2.00,NONE,SEG03,119
569,43.431,12.035,-174.996,1,3,2.00,NONE,SEG03,120
570,43.232,12.010,-176.177,1,3,2.00,NONE,SEG03,120
571,43.034,11.984,-177.357,1,3,2.00,NONE,SEG03,120
572,42.834,11.975,-177.744,1,3,2.00,NONE,SEG03,120
573,42.634,11.965,-178.354,1,3,2.00,NONE,SEG03,120
574,42.435,11.956,-178.964,1,3,2.00,NONE,SEG03,121
575,42.235,11.947,-179.574,1,3,2.00,NONE,SEG03,121
576,42.035,11.943,-179.847,1,3,2.00,NONE,SEG03,121
577,41.835,11.942,179.794,1,3,2.00,NONE,SEG03,121
578,41.635,11.942,179.435,1,3,2.00,NONE,SEG03,122
579,41.435,11.941,179.076,1,3,2.00,NONE,SEG03,122
580,41.235,11.941,178.755,1,3,2.00,NONE,SEG03,122
581,41.035,11.945,178.677,1,3,2.00,NONE,SEG03,122
582,40.835,11.950,178.459,1,3,2.00,NONE,SEG03,122
583,40.635,11.954,178.240,1,3,2.00,NONE,SEG03,123
584,40.435,11.958,178.022,1,3,2.00,NONE,SEG03,123
585,40.235,11.964,177.881,1,3,2.00,NONE,SEG03,123
586,40.035,11.971,177.780,1,3,2.00,NONE,SEG03,123
587,39.835,11.979,177.595,1,3,2.00,NONE,SEG03,123
588,39.635,11.986,177.410,1,3,2.00,NONE,SEG03,124
589,39.436,11.993,177.225,1,3,2.00,NONE,SEG03,124
590,39.236,12.002,177.142,1,3,2.00,NONE,SEG03,124
591,39.036,12.012,177.131,1,3,2.00,NONE,SEG03,124
592,38.836,12.022,177.114,1,3,2.00,NONE,SEG03,125
593,38.637,12.032,177.097,1,3,2.00,NONE,SEG03,125
594,38.437,12.042,177.080,1,3,2.00,NONE,SEG03,125
595,38.237,12.052,177.074,1,3,2.00,NONE,SEG03,125
596,38.037,12.062,176.748,1,3,2.00,NONE,SEG03,125
597,37.838,12.073,176.211,1,3,2.00,NONE,SEG03,126
598,37.638,12.083,175.675,1,3,2.00,NONE,SEG03,126
599,37.438,12.093,175.138,1,3,2.00,NONE,SEG03,126
600,37.239,12.108,174.927,1,3,2.00,NONE,SEG03,126
601,37.039,12.125,174.687,1,3,2.00,NONE,SEG03,126
602,36.840,12.143,174.225,1,3,2.00,NONE,SEG03,127
603,36.641,12.161,173.764,1,3,2.00,NONE,SEG03,127
604,36.442,12.178,173.302,1,3,2.00,NONE,SEG03,127
605,36.243,12.200,173.081,1,3,2.00,NONE,SEG03,127
606,36.044,12.224,172.779,1,3,2.00,NONE,SEG03,127
607,35.846,12.248,172.124,1,3,2.00,NONE,SEG03,127
608,35.647,12.272,171.469,1,3,2.00,NONE,SEG03,128
609,35.449,12.296,170.814,1,3,2.00,NONE,SEG03,128
610,35.251,12.324,170.460,1,3,2.00,NONE,SEG03,128
611,35.054,12.357,170.177,1,3,2.00,NONE,SEG03,128
612,34.856,12.390,169.336,1,3,2.00,NONE,SEG03,128
613,34.659,12.424,168.495,1,3,2.00,NONE,SEG03,129
614,34.462,12.457,167.654,1,3,2.00,NONE,SEG03,129
615,34.265,12.494,167.096,1,3,2.00,NONE,SEG03,129
616,34.070,12.538,166.529,1,3,2.00,NONE,SEG03,129
617,33.876,12.583,165.077,1,3,2.00,NONE,SEG03,129
618,33.681,12.628,163.623,1,3,2.00,NONE,SEG03,130
619,33.486,12.672,162.171,1,3,2.00,NONE,SEG03,130
620,33.293,12.725,161.286,1,3,2.00,NONE,SEG03,130
621,33.103,12.789,160.691,1,3,2.00,NONE,SEG03,130
622,32.914,12.853,159.479,1,3,2.00,NONE,SEG03,130
623,32.725,12.917,158.266,1,3,2.00,NONE,SEG03,131
624,32.535,12.981,157.054,1,3,2.00,NONE,SEG03,131
625,32.349,13.053,156.438,1,3,2.00,NONE,SEG03,131
626,32.165,13.133,155.667,1,3,2.00,NONE,SEG03,131
627,31.982,13.213,154.260,1,3,2.00,NONE,SEG03,132
628,31.799,13.293,152.852,1,3,2.00,NONE,SEG03,132
629,31.615,13.373,151.445,1,3,2.00,NONE,SEG03,132
630,31.437,13.463,150.808,1,3,2.00,NONE,SEG03,132
631,31.262,13.560,149.858,1,3,2.00,NONE,SEG03,132
632,31.088,13.658,148.201,1,3,2.00,NONE,SEG03,133
633,30.913,13.755,146.544,1,3,2.00,NONE,SEG03,133
634,30.738,13.853,144.888,1,3,2.00,NONE,SEG03,133
635,30.571,13.962,144.182,1,3,2.00,NONE,SEG03,133
636,30.409,14.079,143.208,1,3,2.00,NONE,SEG03,133
637,30.247,14.196,141.301,1,3,2.00,NONE,SEG03,134
638,30.084,14.313,139.393,1,3,2.00,NONE,SEG03,134
639,29.922,14.430,137.486,1,3,2.00,NONE,SEG03,134
640,29.769,14.557,136.554,1,3,2.00,NONE,SEG03,134
641,29.624,14.695,136.107,1,3,2.00,NONE,SEG03,134
642,29.478,14.832,133.555,1,3,2.00,NONE,SEG03,134
643,29.333,14.970,130.995,1,3,2.00,NONE,SEG03,135
644,29.188,15.107,128.437,1,3,2.00,NONE,SEG03,135
645,29.047,15.249,126.332,1,3,2.00,NONE,SEG03,135
646,28.929,15.410,126.332,1,3,2.00,NONE,SEG03,135
647,28.810,15.571,124.295,1,3,2.00,NONE,SEG03,135
648,28.692,15.732,122.172,1,3,2.00,NONE,SEG03,136
649,28.573,15.893,120.049,1,3,2.00,NONE,SEG03,136
650,28.455,16.055,117.931,1,3,2.00,NONE,SEG03,136
651,28.361,16.231,117.850,1,3,2.00,NONE,SEG03,136
652,28.267,16.408,116.236,1,3,2.00,NONE,SEG03,136
653,28.174,16.584,114.162,1,3,2.00,NONE,SEG03,137
654,28.080,16.761,112.088,1,3,2.00,NONE,SEG03,137
655,27.987,16.938,110.017,1,3,2.00,NONE,SEG03,137
656,27.914,17.124,109.559,1,3,2.00,NONE,SEG03,137
657,27.847,17.312,108.163,1,3,2.00,NONE,SEG03,137
658,27.780,17.501,106.148,1,3,2.00,NONE,SEG03,138
659,27.713,17.689,104.131,1,3,2.00,NONE,SEG03,138
660,27.646,17.878,102.118,1,3,2.00,NONE,SEG03,138
661,27.598,18.072,101.501,1,3,2.00,NONE,SEG03,138
662,27.558,18.268,100.329,1,3,2.00,NONE,SEG03,138
663,27.518,18.463,98.654,1,3,2.00,NONE,SEG03,139
664,27.478,18.659,96.978,1,3,2.00,NONE,SEG03,139
665,27.438,18.855,95.304,1,3,2.00,NONE,SEG03,139
666,27.415,19.054,94.801,1,3,2.00,NONE,SEG03,139
667,27.398,19.253,94.273,1,3,2.00,NONE,SEG03,139
668,27.381,19.452,93.612,1,3,2.00,NONE,SEG03,140
669,27.365,19.652,92.950,1,3,2.00,NONE,SEG03,140
670,27.348,19.851,92.289,1,3,2.00,NONE,SEG03,140
671,27.338,20.051,92.142,1,3,2.00,NONE,SEG03,140
672,27.331,20.251,91.732,1,3,2.00,NONE,SEG03,140
673,27.323,20.450,91.322,1,3,2.00,NONE,SEG03,141
674,27.316,20.650,90.912,1,3,2.00,NONE,SEG03,141
675,27.309,20.850,90.514,1,3,2.00,NONE,SEG03,141
676,27.307,21.050,90.459,1,3,2.00,NONE,SEG03,141
677,27.305,21.250,90.275,1,3,2.00,NONE,SEG03,141
678,27.303,21.450,90.091,1,3,2.00,NONE,SEG03,142
679,27.301,21.650,89.907,1,3,2.00,NONE,SEG03,142
680,27.300,21.850,89.779,1,3,2.00,NONE,SEG03,142
681,27.301,22.050,89.830,1,3,2.00,NONE,SEG03,142
682,27.302,22.250,89.938,1,3,2.00,NONE,SEG03,142
683,27.303,22.450,90.046,1,3,2.00,NONE,SEG03,143
684,27.303,22.650,90.153,1,3,2.00,NONE,SEG03,143
685,27.303,22.850,90.210,1,3,2.00,NONE,SEG03,143
686,27.303,23.050,90.234,1,3,2.00,NONE,SEG03,143
687,27.302,23.250,90.272,1,3,2.00,NONE,SEG03,144
688,27.301,23.450,90.309,1,3,2.00,NONE,SEG03,144
689,27.301,23.650,90.347,1,3,2.00,NONE,SEG03,144
690,27.299,23.850,90.362,1,3,2.00,NONE,SEG03,144
691,27.298,24.050,90.246,1,3,2.00,NONE,SEG03,144
692,27.297,24.250,90.126,1,3,2.00,NONE,SEG03,145
693,27.296,24.450,90.007,1,3,2.00,NONE,SEG03,145
694,27.294,24.650,89.887,1,3,2.00,NONE,SEG03,145
695,27.295,24.850,89.631,1,3,2.00,NONE,SEG03,145
696,27.295,25.050,89.245,1,3,2.00,NONE,SEG03,145
697,27.296,25.250,88.858,1,3,2.00,NONE,SEG03,146
698,27.296,25.450,88.472,1,3,2.00,NONE,SEG03,146
699,27.300,25.650,88.264,1,3,2.00,NONE,SEG03,146
700,27.306,25.850,88.150,1,3,2.00,NONE,SEG03,146
701,27.312,26.050,88.036,1,3,2.00,NONE,SEG03,147
702,27.317,26.250,87.922,1,3,2.00,NONE,SEG03,147
703,27.324,26.450,87.729,1,3,2.00,NONE,SEG03,147
704,27.332,26.650,87.518,1,3,2.00,NONE,SEG03,147
705,27.339,26.849,87.306,1,3,2.00,NONE,SEG03,148
706,27.346,27.049,87.095,1,3,2.00,NONE,SEG03,148
707,27.356,27.249,87.085,1,3,2.00,NONE,SEG03,148
708,27.366,27.449,87.144,1,3,2.00,NONE,SEG03,148
709,27.377,27.648,87.204,1,3,2.00,NONE,SEG03,149
710,27.387,27.848,87.264,1,3,2.00,NONE,SEG03,149
711,27.397,28.048,87.367,1,3,2.00,NONE,SEG03,149
712,27.406,28.248,87.530,1,3,2.00,NONE,SEG03,149
713,27.416,28.448,87.693,1,3,2.00,NONE,SEG03,150
714,27.425,28.647,87.856,1,3,2.00,NONE,SEG03,150
715,27.433,28.847,87.927,1,3,2.00,NONE,SEG03,150
716,27.441,29.047,88.205,1,3,2.00,NONE,SEG03,150
717,27.448,29.247,88.559,1,3,2.00,NONE,SEG03,151
718,27.455,29.447,88.913,1,3,2.00,NONE,SEG03,151
719,27.462,29.647,89.268,1,3,2.00,NONE,SEG03,151
720,27.466,29.847,89.345,1,3,2.00,NONE,SEG03,151
721,27.468,30.047,89.423,1,3,2.00,NONE,SEG03,151
722,27.470,30.247,89.573,1,3,2.00,NONE,SEG03,152
723,27.472,30.447,89.723,1,3,2.00,NONE,SEG03,152
724,27.475,30.647,89.873,1,3,2.00,NONE,SEG03,152
725,27.476,30.846,89.944,1,3,2.00,NONE,SEG03,152
726,27.476,31.046,89.945,1,3,2.00,NONE,SEG03,152
727,27.476,31.246,89.956,1,3,2.00,NONE,SEG03,152
728,27.477,31.446,89.968,1,3,2.00,NONE,SEG03,153
729,27.477,31.646,89.980,1,3,2.00,NONE,SEG03,153
730,27.477,31.846,89.990,1,3,2.00,NONE,SEG03,153
731,27.477,32.046,89.990,1,3,2.00,NONE,SEG03,153
732,27.477,32.246,89.908,1,3,2.00,NONE,SEG03,153
733,27.477,32.446,89.753,1,4,2.00,NONE,SEG04,154
734,27.477,32.646,89.597,1,4,2.00,NONE,SEG04,154
735,27.477,32.846,89.442,1,4,2.00,NONE,SEG04,154
736,27.478,33.046,89.369,1,4,2.00,NONE,SEG04,154
737,27.480,33.246,89.363,1,4,2.00,NONE,SEG04,154
738,27.483,33.446,89.244,1,4,2.00,NONE,SEG04,154
739,27.485,33.646,89.126,1,4,2.00,STOP_LINE,SEG04,155
740,27.487,33.846,89.008,1,4,2.00,NONE,SEG04,155
741,27.489,34.046,88.895,1,4,2.00,NONE,SEG04,155
742,27.493,34.246,88.895,1,4,2.00,NONE,SEG04,155
743,27.497,34.446,88.758,1,4,2.00,NONE,SEG04,155
744,27.501,34.646,88.547,1,4,2.00,NONE,SEG04,156
745,27.505,34.846,88.337,1,4,2.00,NONE,SEG04,156
746,27.509,35.046,88.127,1,4,2.00,NONE,SEG04,156
747,27.514,35.246,88.053,1,4,2.00,NONE,SEG04,156
748,27.521,35.446,88.036,1,4,2.00,NONE,SEG04,156
749,27.528,35.646,87.980,1,4,2.00,NONE,SEG04,156
750,27.535,35.846,87.924,1,4,2.00,NONE,SEG04,157
751,27.542,36.046,87.868,1,4,2.00,NONE,SEG04,157
752,27.549,36.246,87.830,1,4,2.00,NONE,SEG04,157
753,27.556,36.445,87.830,1,4,2.00,NONE,SEG04,157
754,27.564,36.645,87.834,1,4,2.00,NONE,SEG04,157
755,27.571,36.845,87.839,1,4,2.00,NONE,SEG04,158
756,27.579,37.045,87.843,1,4,2.00,NONE,SEG04,158
757,27.586,37.245,87.848,1,4,2.00,NONE,SEG04,158
758,27.594,37.445,87.848,1,8,2.00,NONE,SEG08,463
759,27.602,37.645,87.953,1,8,2.00,NONE,SEG08,463
760,27.609,37.844,88.128,1,4,2.00,NONE,SEG04,159
761,27.617,38.044,88.304,1,4,2.00,NONE,SEG04,159
762,27.624,38.244,88.479,1,4,2.00,NONE,SEG04,159
763,27.630,38.444,88.549,1,4,2.00,NONE,SEG04,159
764,27.635,38.644,88.572,1,4,2.00,NONE,SEG04,159
765,27.640,38.844,88.670,1,4,2.00,NONE,SEG04,159
766,27.645,39.044,88.767,1,4,2.00,NONE,SEG04,160
767,27.650,39.244,88.865,1,4,2.00,NONE,SEG04,160
768,27.655,39.444,88.940,1,4,2.00,NONE,SEG04,160
769,27.659,39.644,88.940,1,4,2.00,NONE,SEG04,160
770,27.662,39.844,88.987,1,4,2.00,NONE,SEG04,160
771,27.666,40.044,89.042,1,4,2.00,NONE,SEG04,161
772,27.670,40.244,89.097,1,4,2.00,NONE,SEG04,161
773,27.674,40.444,89.153,1,4,2.00,NONE,SEG04,161
774,27.677,40.644,89.161,1,4,2.00,NONE,SEG04,161
775,27.680,40.844,89.212,1,4,2.00,NONE,SEG04,161
776,27.682,41.044,89.320,1,4,2.00,NONE,SEG04,162
777,27.685,41.243,89.429,1,4,2.00,NONE,SEG04,162
778,27.688,41.443,89.538,1,4,2.00,NONE,SEG04,162
779,27.691,41.643,89.596,1,4,2.00,NONE,SEG04,162
780,27.692,41.843,89.616,1,4,2.00,NONE,SEG04,162
781,27.693,42.043,89.823,1,4,2.00,NONE,SEG04,162
782,27.695,42.243,90.031,1,4,2.00,NONE,SEG04,163
783,27.696,42.443,90.238,1,4,2.00,NONE,SEG04,163
784,27.697,42.643,90.427,1,4,2.00,NONE,SEG04,163
785,27.696,42.843,90.427,1,4,2.00,NONE,SEG04,163
786,27.694,43.043,90.459,1,4,2.00,NONE,SEG04,163
787,27.693,43.243,90.502,1,4,2.00,NONE,SEG04,164
788,27.691,43.443,90.545,1,4,2.00,NONE,SEG04,164
789,27.690,43.643,90.588,1,4,2.00,NONE,SEG04,164
790,27.688,43.843,90.599,1,4,2.00,NONE,SEG04,164
791,27.686,44.043,90.584,1,4,2.00,NONE,SEG04,164
792,27.684,44.243,90.545,1,4,2.00,NONE,SEG04,165
793,27.682,44.443,90.505,1,4,2.00,NONE,SEG04,165
794,27.680,44.643,90.465,1,4,2.00,NONE,SEG04,165
795,27.678,44.843,90.440,1,4,2.00,NONE,SEG04,165
796,27.676,45.043,90.438,1,4,2.00,NONE,SEG04,165
797,27.675,45.243,90.295,1,4,2.00,NONE,SEG04,165
798,27.673,45.443,90.152,1,4,2.00,NONE,SEG04,166
799,27.672,45.643,90.009,1,4,2.00,NONE,SEG04,166
800,27.670,45.843,89.869,1,4,2.00,NONE,SEG04,166
801,27.671,46.043,89.869,1,4,2.00,NONE,SEG04,166
802,27.671,46.243,89.829,1,4,2.00,NONE,SEG04,166
803,27.671,46.443,89.773,1,4,2.00,NONE,SEG04,167
804,27.672,46.643,89.718,1,4,2.00,NONE,SEG04,167
805,27.672,46.843,89.663,1,4,2.00,NONE,SEG04,167
806,27.673,47.043,89.647,1,4,2.00,NONE,SEG04,167
807,27.675,47.243,89.665,1,4,2.00,NONE,SEG04,167
808,27.676,47.443,89.701,1,4,2.00,NONE,SEG04,168
809,27.677,47.643,89.737,1,4,2.00,NONE,SEG04,168
810,27.678,47.843,89.773,1,4,2.00,NONE,SEG04,168
811,27.679,48.043,89.792,1,4,2.00,NONE,SEG04,168
812,27.680,48.243,89.791,1,4,2.00,NONE,SEG04,168
813,27.681,48.443,89.790,1,4,2.00,NONE,SEG04,168
814,27.681,48.643,89.789,1,4,2.00,NONE,SEG04,169
815,27.682,48.843,89.788,1,4,2.00,NONE,SEG04,169
816,27.683,49.043,89.787,1,4,2.00,NONE,SEG04,169
817,27.684,49.243,89.787,1,4,2.00,NONE,SEG04,169
818,27.684,49.443,89.785,1,4,2.00,NONE,SEG04,169
819,27.685,49.643,89.783,1,4,2.00,NONE,SEG04,170
820,27.686,49.843,89.781,1,4,2.00,NONE,SEG04,170
821,27.687,50.043,89.779,1,4,2.00,NONE,SEG04,170
822,27.687,50.243,89.779,1,4,2.00,NONE,SEG04,170
823,27.688,50.443,89.741,1,4,2.00,NONE,SEG04,170
824,27.689,50.643,89.695,1,4,2.00,NONE,SEG04,171
825,27.690,50.843,89.648,1,4,2.00,NONE,SEG04,171
826,27.690,51.043,89.602,1,4,2.00,NONE,SEG04,171
827,27.692,51.243,89.593,1,4,2.00,NONE,SEG04,171
828,27.693,51.443,89.526,1,4,2.00,NONE,SEG04,171
829,27.695,51.643,89.394,1,4,2.00,NONE,SEG04,172
830,27.696,51.843,89.262,1,4,2.00,NONE,SEG04,172
831,27.697,52.043,89.130,1,4,2.00,NONE,SEG04,172
832,27.700,52.243,89.065,1,4,2.00,NONE,SEG04,172
833,27.703,52.443,89.036,1,4,2.00,NONE,SEG04,172
834,27.706,52.643,88.861,1,4,2.00,NONE,SEG04,172
835,27.710,52.843,88.686,1,4,2.00,NONE,SEG04,173
836,27.713,53.043,88.511,1,4,2.00,NONE,SEG04,173
837,27.717,53.243,88.364,1,4,2.00,NONE,SEG04,173
838,27.722,53.443,88.364,1,4,2.00,NONE,SEG04,173
839,27.728,53.643,88.282,1,4,2.00,NONE,SEG04,173
840,27.734,53.843,88.174,1,4,2.00,NONE,SEG04,174
841,27.739,54.043,88.067,1,4,2.00,NONE,SEG04,174
842,27.745,54.243,87.959,1,4,2.00,NONE,SEG04,174
843,27.752,54.443,87.934,1,4,2.00,NONE,SEG04,174
844,27.759,54.642,87.912,1,4,2.00,NONE,SEG04,174
845,27.766,54.842,87.849,1,4,2.00,NONE,SEG04,175
846,27.774,55.042,87.786,1,4,2.00,NONE,SEG04,175
847,27.781,55.242,87.722,1,4,2.00,NONE,SEG04,175
848,27.788,55.442,87.682,1,4,2.00,NONE,SEG04,175
849,27.796,55.642,87.682,1,4,2.00,NONE,SEG04,175
850,27.804,55.842,87.702,1,4,2.00,NONE,SEG04,175
851,27.813,56.041,87.724,1,4,2.00,NONE,SEG04,176
852,27.821,56.241,87.746,1,4,2.00,NONE,SEG04,176
853,27.829,56.441,87.768,1,4,2.00,NONE,SEG04,176
854,27.837,56.641,87.769,1,4,2.00,NONE,SEG04,176
855,27.844,56.841,87.603,1,4,2.00,NONE,SEG04,176
856,27.852,57.041,87.282,1,4,2.00,NONE,SEG04,177
857,27.860,57.240,86.960,1,4,2.00,NONE,SEG04,177
858,27.868,57.440,86.639,1,4,2.00,NONE,SEG04,177
859,27.878,57.640,86.483,1,4,2.00,NONE,SEG04,177
860,27.890,57.840,86.391,1,4,2.00,NONE,SEG04,177
861,27.902,58.039,85.678,1,4,2.00,NONE,SEG04,177
862,27.915,58.239,84.965,1,4,2.00,NONE,SEG04,178
863,27.927,58.439,84.252,1,4,2.00,NONE,SEG04,178
864,27.940,58.638,83.632,1,4,2.00,NONE,SEG04,178
865,27.963,58.837,83.632,1,4,2.00,NONE,SEG04,178
866,27.985,59.036,83.001,1,4,2.00,NONE,SEG04,178
867,28.007,59.234,82.158,1,4,2.00,NONE,SEG04,179
868,28.029,59.433,81.315,1,4,2.00,NONE,SEG04,179
869,28.051,59.632,80.473,1,4,2.00,NONE,SEG04,179
870,28.082,59.829,80.262,1,4,2.00,NONE,SEG04,179
871,28.116,60.027,79.767,1,4,2.00,NONE,SEG04,179
872,28.150,60.224,78.599,1,4,2.00,NONE,SEG04,180
873,28.184,60.421,77.431,1,4,2.00,NONE,SEG04,180
874,28.218,60.618,76.263,1,4,2.00,NONE,SEG04,180
875,28.258,60.814,75.590,1,4,2.00,NONE,SEG04,180
876,28.308,61.007,75.312,1,4,2.00,NONE,SEG04,180
877,28.358,61.201,73.716,1,4,2.00,NONE,SEG04,180
878,28.407,61.395,72.118,1,4,2.00,NONE,SEG04,181
879,28.457,61.588,70.520,1,4,2.00,NONE,SEG04,181
880,28.511,61.781,69.201,1,4,2.00,NONE,SEG04,181
881,28.582,61.968,69.201,1,4,2.00,NONE,SEG04,181
882,28.653,62.155,67.390,1,4,2.00,NONE,SEG04,181
883,28.724,62.342,65.522,1,4,2.00,NONE,SEG04,182
884,28.795,62.529,63.653,1,4,2.00,NONE,SEG04,182
885,28.866,62.716,61.789,1,4,2.00,NONE,SEG04,182
886,28.960,62.892,61.735,1,4,2.00,NONE,SEG04,182
887,29.055,63.068,59.752,1,4,2.00,NONE,SEG04,182
888,29.149,63.245,57.498,1,5,2.00,NONE,SEG05,183
889,29.244,63.421,55.243,1,5,2.00,NONE,SEG05,183
890,29.339,63.597,52.994,1,5,2.00,NONE,SEG05,183
891,29.457,63.758,52.728,1,5,2.00,NONE,SEG05,183
892,29.578,63.917,50.474,1,5,2.00,NONE,SEG05,183
893,29.699,64.076,48.118,1,5,2.00,NONE,SEG05,184
894,29.820,64.235,45.763,1,5,2.00,NONE,SEG05,184
895,29.941,64.395,43.414,1,5,2.00,NONE,SEG05,184
896,30.086,64.533,43.075,1,5,2.00,NONE,SEG05,184
897,30.231,64.670,40.832,1,5,2.00,NONE,SEG05,184
898,30.377,64.807,38.583,1,5,2.00,NONE,SEG05,185
899,30.522,64.944,36.335,1,5,2.00,NONE,SEG05,185
900,30.670,65.079,34.337,1,5,2.00,NONE,SEG05,185
901,30.835,65.192,33.781,1,5,2.00,NONE,SEG05,185
902,31.000,65.305,31.647,1,5,2.00,NONE,SEG05,185
903,31.165,65.417,29.509,1,5,2.00,NONE,SEG05,186
904,31.330,65.530,27.372,1,5,2.00,NONE,SEG05,186
905,31.499,65.636,25.793,1,5,2.00,NONE,SEG05,186
906,31.679,65.723,24.973,1,5,2.00,NONE,SEG05,186
907,31.860,65.810,22.877,1,5,2.00,NONE,SEG05,186
908,32.040,65.897,20.777,1,5,2.00,NONE,SEG05,187
909,32.220,65.984,18.679,1,5,2.00,NONE,SEG05,187
910,32.404,66.061,17.402,1,5,2.00,NONE,SEG05,187
911,32.595,66.121,16.549,1,5,2.00,NONE,SEG05,187
912,32.786,66.180,14.931,1,5,2.00,NONE,SEG05,187
913,32.976,66.240,13.311,1,5,2.00,NONE,SEG05,188
914,33.167,66.300,11.693,1,5,2.00,NONE,SEG05,188
915,33.361,66.348,10.928,1,5,2.00,NONE,SEG05,188
916,33.557,66.386,9.439,1,5,2.00,NONE,SEG05,188
917,33.754,66.424,7.255,1,5,2.00,NONE,SEG05,189
918,33.950,66.462,5.070,1,5,2.00,NONE,SEG05,189
919,34.147,66.500,2.889,1,5,2.00,NONE,SEG05,189
920,34.345,66.517,2.197,1,5,2.00,NONE,SEG05,189
921,34.545,66.525,-0.578,1,5,2.00,NONE,SEG05,189
922,34.745,66.533,-3.497,1,5,2.00,NONE,SEG05,190
923,34.945,66.540,-6.417,1,5,2.00,NONE,SEG05,190
924,35.145,66.548,-9.323,1,5,2.00,NONE,SEG05,190
925,35.342,66.517,-9.765,1,5,2.00,NONE,SEG05,190
926,35.539,66.484,-12.970,1,5,2.00,NONE,SEG05,190
927,35.737,66.451,-16.194,1,5,2.00,NONE,SEG05,191
928,35.934,66.418,-19.416,1,5,2.00,NONE,SEG05,191
929,36.130,66.381,-22.313,1,5,2.00,NONE,SEG05,191
930,36.315,66.306,-22.536,1,5,2.00,NONE,SEG05,191
931,36.500,66.230,-25.073,1,5,2.00,NONE,SEG05,191
932,36.685,66.154,-27.619,1,5,2.00,NONE,SEG05,192
933,36.870,66.078,-30.165,1,5,2.00,NONE,SEG05,192
934,37.054,65.999,-32.480,1,5,2.00,NONE,SEG05,192
935,37.223,65.892,-32.618,1,5,2.00,NONE,SEG05,192
936,37.391,65.784,-35.368,1,5,2.00,NONE,SEG05,192
937,37.560,65.677,-38.131,1,5,2.00,NONE,SEG05,193
938,37.729,65.569,-40.893,1,5,2.00,NONE,SEG05,193
939,37.896,65.461,-43.506,1,5,2.00,NONE,SEG05,193
940,38.041,65.323,-43.506,1,5,2.00,NONE,SEG05,193
941,38.186,65.185,-45.604,1,5,2.00,NONE,SEG05,193
942,38.331,65.048,-47.990,1,5,2.00,NONE,SEG05,194
943,38.476,64.910,-50.377,1,5,2.00,NONE,SEG05,194
944,38.622,64.772,-52.756,1,5,2.00,NONE,SEG05,194
945,38.745,64.615,-53.039,1,5,2.00,NONE,SEG05,194
946,38.865,64.455,-54.413,1,5,2.00,NONE,SEG05,194
947,38.985,64.295,-56.908,1,5,2.00,NONE,SEG05,195
948,39.105,64.136,-59.408,1,5,2.00,NONE,SEG05,195
949,39.226,63.976,-61.902,1,5,2.00,NONE,SEG05,195
950,39.330,63.806,-63.023,1,5,2.00,NONE,SEG05,195
951,39.421,63.628,-63.736,1,5,2.00,NONE,SEG05,195
952,39.511,63.449,-66.318,1,5,2.00,NONE,SEG05,195
953,39.602,63.271,-68.909,1,5,2.00,NONE,SEG05,196
954,39.693,63.093,-71.496,1,5,2.00,NONE,SEG05,196
955,39.774,62.911,-73.366,1,5,2.00,NONE,SEG05,196
956,39.832,62.719,-73.366,1,5,2.00,NONE,SEG05,196
957,39.889,62.528,-75.091,1,5,2.00,NONE,SEG05,196
958,39.946,62.336,-76.844,1,5,2.00,NONE,SEG05,197
959,40.003,62.144,-78.597,1,5,2.00,NONE,SEG05,197
960,40.061,61.953,-80.348,1,5,2.00,NONE,SEG05,197
961,40.094,61.756,-80.373,1,5,2.00,NONE,SEG05,197
962,40.128,61.559,-81.238,1,5,2.00,NONE,SEG05,197
963,40.161,61.361,-82.574,1,5,2.00,NONE,SEG05,198
964,40.195,61.164,-83.910,1,5,2.00,NONE,SEG05,198
965,40.228,60.967,-85.246,1,5,2.00,NONE,SEG05,198
966,40.250,60.768,-85.716,1,5,2.00,NONE,SEG05,198
967,40.264,60.569,-85.817,1,5,2.00,NONE,SEG05,198
968,40.279,60.369,-86.103,1,5,2.00,NONE,SEG05,198
969,40.294,60.170,-86.389,1,5,2.00,NONE,SEG05,199
970,40.309,59.971,-86.675,1,5,2.00,NONE,SEG05,199
971,40.323,59.771,-86.861,1,5,2.00,NONE,SEG05,199
972,40.334,59.571,-86.861,1,5,2.00,NONE,SEG05,199
973,40.345,59.372,-86.419,1,5,2.00,NONE,SEG05,199
974,40.356,59.172,-85.887,1,5,2.00,NONE,SEG05,200
975,40.367,58.972,-85.354,1,5,2.00,NONE,SEG05,200
976,40.378,58.773,-84.822,1,5,2.00,NONE,SEG05,200
977,40.395,58.573,-84.732,1,5,2.00,NONE,SEG05,200
978,40.413,58.374,-84.491,1,5,2.00,NONE,SEG05,200
979,40.431,58.175,-83.335,1,5,2.00,NONE,SEG05,201
980,40.450,57.976,-82.178,1,5,2.00,NONE,SEG05,201
981,40.468,57.777,-81.021,1,5,2.00,NONE,SEG05,201
982,40.490,57.578,-80.105,1,5,2.00,NONE,SEG05,201
983,40.524,57.381,-80.105,1,5,2.00,NONE,SEG05,201
984,40.559,57.184,-78.845,1,5,2.00,NONE,SEG05,201
985,40.593,56.987,-77.318,1,5,2.00,NONE,SEG05,202
986,40.627,56.790,-75.790,1,5,2.00,NONE,SEG05,202
987,40.662,56.593,-74.264,1,5,2.00,NONE,SEG05,202
988,40.713,56.400,-73.999,1,5,2.00,NONE,SEG05,202
989,40.768,56.207,-73.216,1,5,2.00,NONE,SEG05,202
990,40.823,56.015,-71.596,1,5,2.00,NONE,SEG05,203
991,40.879,55.823,-69.975,1,5,2.00,NONE,SEG05,203
992,40.934,55.631,-68.355,1,5,2.00,NONE,SEG05,203
993,40.999,55.442,-67.519,1,5,2.00,NONE,SEG05,203
994,41.076,55.257,-67.511,1,5,2.00,NONE,SEG05,203
995,41.152,55.072,-65.619,1,5,2.00,NONE,SEG05,203
996,41.229,54.888,-63.723,1,5,2.00,NONE,SEG05,204
997,41.305,54.703,-61.827,1,5,2.00,NONE,SEG05,204
998,41.382,54.518,-59.944,1,5,2.00,NONE,SEG05,204
999,41.482,54.345,-59.944,1,5,2.00,NONE,SEG05,204
1000,41.582,54.172,-58.415,1,5,2.00,NONE,SEG05,204
1001,41.682,53.999,-56.486,1,5,2.00,NONE,SEG05,205
1002,41.782,53.826,-54.556,1,5,2.00,NONE,SEG05,205
1003,41.882,53.653,-52.630,1,5,2.00,NONE,SEG05,205
1004,42.000,53.491,-52.233,1,5,2.00,NONE,SEG05,205
1005,42.123,53.333,-50.780,1,5,2.00,NONE,SEG05,205
1006,42.245,53.175,-48.769,1,5,2.00,NONE,SEG05,206
1007,42.368,53.017,-46.758,1,5,2.00,NONE,SEG05,206
1008,42.490,52.859,-44.749,1,5,2.00,NONE,SEG05,206
1009,42.628,52.714,-44.193,1,5,2.00,NONE,SEG05,206
1010,42.771,52.575,-42.944,1,5,2.00,NONE,SEG05,206
1011,42.915,52.436,-40.877,1,5,2.00,NONE,SEG05,207
1012,43.058,52.296,-38.809,1,5,2.00,NONE,SEG05,207
1013,43.202,52.157,-36.744,1,5,2.00,NONE,SEG05,207
1014,43.356,52.031,-35.928,1,5,2.00,NONE,SEG05,207
1015,43.518,51.913,-34.917,1,5,2.00,NONE,SEG05,207
1016,43.680,51.796,-32.761,1,5,2.00,NONE,SEG05,208
1017,43.842,51.679,-30.601,1,5,2.00,NONE,SEG05,208
1018,44.004,51.561,-28.444,1,5,2.00,NONE,SEG05,208
1019,44.173,51.456,-27.297,1,5,2.00,NONE,SEG05,208
1020,44.351,51.364,-26.691,1,5,2.00,NONE,SEG05,208
1021,44.529,51.272,-24.605,1,5,2.00,NONE,SEG05,208
1022,44.706,51.181,-22.515,1,5,2.00,NONE,SEG05,209
1023,44.884,51.089,-20.426,1,5,2.00,NONE,SEG05,209
1024,45.065,51.005,-18.945,1,5,2.00,NONE,SEG05,209
1025,45.254,50.940,-18.845,1,5,2.00,NONE,SEG05,209
1026,45.444,50.875,-16.827,1,5,2.00,NONE,SEG05,209
1027,45.633,50.810,-14.804,1,5,2.00,NONE,SEG05,210
1028,45.822,50.745,-12.782,1,5,2.00,NONE,SEG05,210
1029,46.011,50.682,-10.864,1,5,2.00,NONE,SEG05,210
1030,46.208,50.644,-10.864,1,5,2.00,NONE,SEG05,210
1031,46.404,50.606,-9.168,1,5,2.00,NONE,SEG05,210
1032,46.601,50.569,-7.189,1,5,2.00,NONE,SEG05,211
1033,46.797,50.531,-5.208,1,5,2.00,NONE,SEG05,211
1034,46.993,50.493,-3.232,1,5,2.00,NONE,SEG05,211
1035,47.193,50.479,-2.952,1,5,2.00,NONE,SEG05,211
1036,47.392,50.469,-1.794,1,5,2.00,NONE,SEG05,211
1037,47.592,50.458,-0.090,1,5,2.00,NONE,SEG05,212
1038,47.792,50.448,1.616,1,5,2.00,NONE,SEG05,212
1039,47.992,50.438,3.319,1,5,2.00,NONE,SEG05,212
1040,48.191,50.444,3.864,1,5,2.00,NONE,SEG05,212
1041,48.391,50.457,4.810,1,5,2.00,NONE,SEG05,212
1042,48.590,50.471,6.612,1,5,2.00,NONE,SEG05,213
1043,48.790,50.484,8.417,1,5,2.00,NONE,SEG05,213
1044,48.989,50.498,10.219,1,5,2.00,NONE,SEG05,213
1045,49.187,50.524,11.077,1,5,2.00,NONE,SEG05,213
1046,49.384,50.563,11.641,1,5,2.00,NONE,SEG05,213
1047,49.580,50.601,13.091,1,5,2.00,NONE,SEG05,213
1048,49.776,50.639,14.542,1,5,2.00,NONE,SEG05,214
1049,49.972,50.678,15.992,1,5,2.00,NONE,SEG05,214
1050,50.167,50.724,16.878,1,5,2.00,NONE,SEG05,214
1051,50.358,50.782,17.545,1,5,2.00,NONE,SEG05,214
1052,50.550,50.840,19.428,1,5,2.00,NONE,SEG05,214
1053,50.741,50.898,21.314,1,5,2.00,NONE,SEG05,215
1054,50.932,50.956,23.198,1,5,2.00,NONE,SEG05,215
1055,51.120,51.023,24.414,1,5,2.00,NONE,SEG05,215
1056,51.303,51.106,24.910,1,5,2.00,NONE,SEG05,215
1057,51.485,51.188,26.206,1,5,2.00,NONE,SEG05,215
1058,51.667,51.271,27.502,1,5,2.00,NONE,SEG05,216
1059,51.849,51.354,28.797,1,5,2.00,NONE,SEG05,216
1060,52.028,51.442,29.596,1,5,2.00,NONE,SEG05,216
1061,52.202,51.541,29.848,1,5,2.00,NONE,SEG05,216
1062,52.376,51.640,30.469,1,5,2.00,NONE,SEG05,216
1063,52.550,51.739,31.089,1,5,2.00,NONE,SEG05,217
1064,52.723,51.837,31.710,1,5,2.00,NONE,SEG05,217
1065,52.896,51.939,32.079,1,5,2.00,NONE,SEG05,217
1066,53.065,52.045,32.149,1,5,2.00,NONE,SEG05,217
1067,53.234,52.152,32.311,1,5,2.00,NONE,SEG05,217
1068,53.404,52.258,32.474,1,5,2.00,NONE,SEG05,218
1069,53.573,52.364,32.636,1,5,2.00,NONE,SEG05,218
1070,53.742,52.471,32.729,1,5,2.00,NONE,SEG05,218
1071,53.911,52.579,32.490,1,5,2.00,NONE,SEG05,218
1072,54.079,52.687,32.055,1,5,2.00,NONE,SEG05,218
1073,54.247,52.796,31.620,1,5,2.00,NONE,SEG05,219
1074,54.415,52.904,31.185,1,5,2.00,NONE,SEG05,219
1075,54.585,53.009,30.988,1,5,2.00,NONE,SEG05,219
1076,54.757,53.112,30.122,1,5,2.00,NONE,SEG05,219
1077,54.928,53.215,28.844,1,5,2.00,NONE,SEG05,220
1078,55.100,53.318,27.564,1,5,2.00,NONE,SEG05,220
1079,55.271,53.421,26.286,1,5,2.00,NONE,SEG05,220
1080,55.448,53.513,25.873,1,5,2.00,NONE,SEG05,220
1081,55.628,53.601,24.419,1,5,2.00,NONE,SEG05,220
1082,55.808,53.688,22.610,1,5,2.00,NONE,SEG05,221
1083,55.988,53.775,20.801,1,5,2.00,NONE,SEG05,221
1084,56.168,53.862,18.995,1,5,2.00,NONE,SEG05,221
1085,56.356,53.931,18.642,1,5,2.00,NONE,SEG05,221
1086,56.545,53.995,16.893,1,5,2.00,NONE,SEG05,221
1087,56.735,54.059,15.118,1,5,2.00,NONE,SEG05,222
1088,56.924,54.123,13.343,1,5,2.00,NONE,SEG05,222
1089,57.114,54.187,11.571,1,5,2.00,NONE,SEG05,222
1090,57.310,54.227,10.819,1,5,2.00,NONE,SEG05,222
1091,57.506,54.267,8.553,1,5,2.00,NONE,SEG05,222
1092,57.702,54.307,6.282,1,5,2.00,NONE,SEG05,223
1093,57.898,54.347,4.013,1,5,2.00,NONE,SEG05,223
1094,58.095,54.377,2.474,1,5,2.00,NONE,SEG05,223
1095,58.295,54.386,1.254,1,5,2.00,NONE,SEG05,223
1096,58.494,54.394,-0.578,1,5,2.00,NONE,SEG05,223
1097,58.694,54.403,-2.412,1,5,2.00,NONE,SEG05,224
1098,58.894,54.412,-4.243,1,5,2.00,NONE,SEG05,224
1099,59.093,54.403,-5.012,1,5,2.00,NONE,SEG05,224
1100,59.293,54.386,-6.946,1,5,2.00,NONE,SEG05,224
1101,59.492,54.369,-8.884,1,5,2.00,NONE,SEG05,225
1102,59.691,54.352,-10.822,1,5,2.00,NONE,SEG05,225
1103,59.890,54.333,-12.597,1,5,2.00,NONE,SEG05,225
1104,60.085,54.290,-13.308,1,5,2.00,NONE,SEG05,225
1105,60.281,54.246,-14.821,1,5,2.00,NONE,SEG05,225
1106,60.476,54.202,-16.336,1,5,2.00,NONE,SEG05,226
1107,60.671,54.159,-17.849,1,5,2.00,NONE,SEG05,226
1108,60.864,54.106,-18.652,1,5,2.00,NONE,SEG05,226
1109,61.053,54.042,-20.033,1,5,2.00,NONE,SEG05,226
1110,61.243,53.978,-21.589,1,5,2.00,NONE,SEG05,227
1111,61.432,53.914,-23.146,1,5,2.00,NONE,SEG05,227
1112,61.622,53.850,-24.700,1,5,2.00,NONE,SEG05,227
1113,61.804,53.768,-25.202,1,5,2.00,NONE,SEG05,227
1114,61.985,53.684,-26.557,1,5,2.00,NONE,SEG05,227
1115,62.167,53.600,-27.914,1,5,2.00,NONE,SEG05,228
1116,62.348,53.516,-29.270,1,5,2.00,NONE,SEG05,228
1117,62.528,53.427,-30.296,1,5,2.00,NONE,SEG05,228
1118,62.700,53.326,-31.240,1,5,2.00,NONE,SEG05,228
1119,62.873,53.226,-32.797,1,5,2.00,NONE,SEG05,228
1120,63.046,53.125,-34.356,1,5,2.00,NONE,SEG05,229
1121,63.218,53.024,-35.913,1,5,2.00,NONE,SEG05,229
1122,63.384,52.912,-36.526,1,5,2.00,NONE,SEG05,229
1123,63.544,52.793,-37.912,1,5,2.00,NONE,SEG05,229
1124,63.705,52.674,-39.510,1,5,2.00,NONE,SEG05,230
1125,63.866,52.555,-41.108,1,5,2.00,NONE,SEG05,230
1126,64.027,52.436,-42.704,1,5,2.00,NONE,SEG05,230
1127,64.175,52.302,-43.017,1,5,2.00,NONE,SEG05,230
1128,64.321,52.166,-44.654,1,5,2.00,NONE,SEG05,230
1129,64.468,52.030,-46.293,1,5,2.00,NONE,SEG05,231
1130,64.614,51.893,-47.933,1,5,2.00,NONE,SEG05,231
1131,64.760,51.756,-49.468,1,5,2.00,NONE,SEG05,231
1132,64.890,51.604,-49.765,1,5,2.00,NONE,SEG05,231
1133,65.020,51.452,-51.267,1,5,2.00,NONE,SEG05,231
1134,65.150,51.300,-52.772,1,5,2.00,NONE,SEG05,232
1135,65.280,51.148,-54.276,1,5,2.00,NONE,SEG05,232
1136,65.406,50.994,-55.482,1,5,2.00,NONE,SEG05,232
1137,65.520,50.829,-55.937,1,5,2.00,NONE,SEG05,232
1138,65.633,50.664,-57.353,1,5,2.00,NONE,SEG05,232
1139,65.746,50.499,-58.769,1,5,2.00,NONE,SEG05,233
1140,65.860,50.334,-60.185,1,5,2.00,NONE,SEG05,233
1141,65.968,50.166,-61.146,1,5,2.00,NONE,SEG05,233
1142,66.064,49.991,-61.875,1,5,2.00,NONE,SEG05,233
1143,66.161,49.816,-63.397,1,5,2.00,NONE,SEG05,233
1144,66.257,49.641,-64.921,1,5,2.00,NONE,SEG05,234
1145,66.354,49.466,-66.443,1,5,2.00,NONE,SEG05,234
1146,66.441,49.286,-67.236,1,5,2.00,NONE,SEG05,234
1147,66.519,49.102,-68.521,1,5,2.00,NONE,SEG05,234
1148,66.596,48.917,-70.414,1,5,2.00,NONE,SEG05,235
1149,66.673,48.733,-72.309,1,5,2.00,NONE,SEG05,235
1150,66.751,48.548,-74.201,1,5,2.00,NONE,SEG05,235
1151,66.811,48.358,-74.808,1,5,2.00,NONE,SEG05,235
1152,66.864,48.165,-76.416,1,5,2.00,NONE,SEG05,235
1153,66.916,47.972,-78.160,1,5,2.00,NONE,SEG05,236
1154,66.968,47.779,-79.905,1,5,2.00,NONE,SEG05,236
1155,67.021,47.586,-81.648,1,5,2.00,NONE,SEG05,236
1156,67.051,47.389,-82.112,1,5,2.00,NONE,SEG05,236
1157,67.080,47.191,-83.895,1,5,2.00,NONE,SEG05,236
1158,67.108,46.993,-85.682,1,5,2.00,NONE,SEG05,237
1159,67.137,46.795,-87.468,1,5,2.00,NONE,SEG05,237
1160,67.161,46.596,-88.922,1,5,2.00,NONE,SEG05,237
1161,67.165,46.396,-89.685,1,5,2.00,NONE,SEG05,237
1162,67.168,46.196,-91.309,1,5,2.00,NONE,SEG05,237
1163,67.172,45.996,-92.934,1,5,2.00,NONE,SEG05,238
1164,67.176,45.796,-94.558,1,5,2.00,NONE,SEG05,238
1165,67.169,45.597,-95.419,1,5,2.00,NONE,SEG05,238
1166,67.150,45.398,-96.867,1,5,2.00,NONE,SEG05,238
1167,67.131,45.199,-98.723,1,5,2.00,NONE,SEG05,239
1168,67.112,45.000,-100.579,1,5,2.00,NONE,SEG05,239
1169,67.094,44.801,-102.433,1,5,2.00,NONE,SEG05,239
1170,67.055,44.605,-103.067,1,5,2.00,NONE,SEG05,239
1171,67.010,44.410,-105.077,1,5,2.00,NONE,SEG05,239
1172,66.966,44.215,-107.092,1,5,2.00,NONE,SEG05,240
1173,66.921,44.020,-109.106,1,5,2.00,NONE,SEG05,240
1174,66.874,43.826,-110.889,1,5,2.00,NONE,SEG05,240
1175,66.803,43.639,-112.109,1,5,2.00,NONE,SEG05,240
1176,66.731,43.452,-114.464,1,5,2.00,NONE,SEG05,240
1177,66.660,43.265,-116.824,1,5,2.00,NONE,SEG05,241
1178,66.589,43.078,-119.180,1,5,2.00,NONE,SEG05,241
1179,66.502,42.899,-120.412,1,5,2.00,NONE,SEG05,241
1180,66.401,42.726,-122.846,1,5,2.00,NONE,SEG05,241
1181,66.300,42.553,-125.288,1,5,2.00,NONE,SEG05,242
1182,66.199,42.381,-127.731,1,5,2.00,NONE,SEG05,242
1183,66.097,42.209,-130.068,1,5,2.00,NONE,SEG05,242
1184,65.968,42.056,-131.516,1,5,2.00,NONE,SEG05,242
1185,65.840,41.903,-133.966,1,5,2.00,NONE,SEG05,242
1186,65.711,41.750,-136.419,1,5,2.00,NONE,SEG05,243
1187,65.582,41.597,-138.868,1,5,2.00,NONE,SEG05,243
1188,65.439,41.458,-139.987,1,5,2.00,NONE,SEG05,243
1189,65.286,41.329,-142.123,1,5,2.00,NONE,SEG05,243
1190,65.133,41.200,-144.264,1,5,2.00,NONE,SEG05,244
1191,64.981,41.071,-146.405,1,5,2.00,NONE,SEG05,244
1192,64.827,40.943,-148.423,1,5,2.00,NONE,SEG05,244
1193,64.656,40.839,-149.167,1,5,2.00,NONE,SEG05,244
1194,64.486,40.734,-150.951,1,5,2.00,NONE,SEG05,244
1195,64.315,40.629,-152.737,1,5,2.00,NONE,SEG05,245
1196,64.145,40.524,-154.521,1,5,2.00,NONE,SEG05,245
1197,63.970,40.429,-155.561,1,5,2.00,NONE,SEG05,245
1198,63.788,40.346,-156.550,1,5,2.00,NONE,SEG05,245
1199,63.606,40.263,-157.988,1,5,2.00,NONE,SEG05,246
1200,63.424,40.181,-159.428,1,5,2.00,NONE,SEG05,246
1201,63.242,40.098,-160.866,1,5,2.00,NONE,SEG05,246
1202,63.054,40.028,-161.315,1,5,2.00,NONE,SEG05,246
1203,62.865,39.964,-162.395,1,5,2.00,NONE,SEG05,246
1204,62.675,39.900,-163.656,1,5,2.00,NONE,SEG05,247
1205,62.486,39.836,-164.918,1,5,2.00,NONE,SEG05,247
1206,62.297,39.772,-166.179,1,5,2.00,NONE,SEG05,247
1207,62.103,39.722,-166.360,1,5,2.00,NONE,SEG05,247
1208,61.909,39.675,-167.374,1,5,2.00,NONE,SEG05,247
1209,61.714,39.628,-168.438,1,5,2.00,NONE,SEG05,248
1210,61.520,39.581,-169.502,1,5,2.00,NONE,SEG05,248
1211,61.325,39.533,-170.565,1,5,2.00,NONE,SEG05,248
1212,61.128,39.500,-170.620,1,5,2.00,NONE,SEG05,248
1213,60.931,39.468,-171.499,1,5,2.00,NONE,SEG05,248
1214,60.734,39.435,-172.378,1,5,2.00,NONE,SEG05,249
1215,60.536,39.402,-173.258,1,5,2.00,NONE,SEG05,249
1216,60.339,39.370,-174.132,1,5,2.00,NONE,SEG05,249
1217,60.140,39.349,-174.132,1,5,2.00,NONE,SEG05,249
1218,59.941,39.329,-174.616,1,5,2.00,NONE,SEG05,249
1219,59.742,39.308,-175.103,1,5,2.00,NONE,SEG05,250
1220,59.543,39.288,-175.589,1,5,2.00,NONE,SEG05,250
1221,59.344,39.268,-176.076,1,5,2.00,NONE,SEG05,250
1222,59.145,39.254,-176.079,1,5,2.00,NONE,SEG05,250
1223,58.945,39.240,-176.399,1,5,2.00,NONE,SEG05,250
1224,58.746,39.226,-176.756,1,5,2.00,NONE,SEG05,251
1225,58.546,39.213,-177.114,1,5,2.00,NONE,SEG05,251
1226,58.347,39.199,-177.471,1,5,2.00,NONE,SEG05,251
1227,58.147,39.190,-177.508,1,5,2.00,NONE,SEG05,251
1228,57.947,39.181,-177.740,1,5,2.00,NONE,SEG05,251
1229,57.747,39.173,-178.032,1,5,2.00,NONE,SEG05,252
1230,57.547,39.164,-178.323,1,5,2.00,NONE,SEG05,252
1231,57.348,39.155,-178.615,1,5,2.00,NONE,SEG05,252
1232,57.148,39.150,-178.675,1,5,2.00,NONE,SEG05,252
1233,56.948,39.145,-178.782,1,5,2.00,NONE,SEG05,252
1234,56.748,39.140,-178.939,1,5,2.00,NONE,SEG05,253
1235,56.548,39.136,-179.096,1,5,2.00,NONE,SEG05,253
1236,56.348,39.131,-179.253,1,5,2.00,NONE,SEG05,253
1237,56.148,39.128,-179.302,1,5,2.00,NONE,SEG05,253
1238,55.948,39.126,-179.375,1,5,2.00,NONE,SEG05,253
1239,55.748,39.123,-179.511,1,6,2.00,NONE,SEG06,254
1240,55.548,39.121,-179.646,1,6,2.00,NONE,SEG06,254
1241,55.348,39.118,-179.782,1,6,2.00,NONE,SEG06,254
1242,55.148,39.117,-179.845,1,6,2.00,NONE,SEG06,254
1243,54.948,39.116,-179.888,1,6,2.00,NONE,SEG06,254
1244,54.748,39.116,179.990,1,6,2.00,NONE,SEG06,254
1245,54.548,39.115,179.869,1,6,2.00,NONE,SEG06,255
1246,54.348,39.115,179.748,1,6,2.00,NONE,SEG06,255
1247,54.148,39.115,179.670,1,6,2.00,NONE,SEG06,255
1248,53.948,39.116,179.669,1,6,2.00,NONE,SEG06,255
1249,53.748,39.117,179.663,1,6,2.00,NONE,SEG06,255
1250,53.548,39.118,179.657,1,6,2.00,NONE,SEG06,256
1251,53.348,39.119,179.652,1,6,2.00,NONE,SEG06,256
1252,53.148,39.121,179.647,1,6,2.00,NONE,SEG06,256
1253,52.948,39.122,179.647,1,6,2.00,NONE,SEG06,256
1254,52.748,39.123,179.806,1,6,2.00,NONE,SEG06,256
1255,52.548,39.124,179.971,1,6,2.00,NONE,SEG06,257
1256,52.348,39.125,-179.864,1,6,2.00,NONE,SEG06,257
1257,52.148,39.127,-179.700,1,6,2.00,NONE,SEG06,257
1258,51.948,39.126,-179.693,1,6,2.00,NONE,SEG06,257
1259,51.748,39.125,-179.784,1,6,2.00,NONE,SEG06,257
1260,51.548,39.124,-179.914,1,6,2.00,NONE,SEG06,258
1261,51.348,39.123,179.957,1,6,2.00,NONE,SEG06,258
1262,51.148,39.121,179.827,1,6,2.00,NONE,SEG06,258
1263,50.948,39.122,179.788,1,6,2.00,NONE,SEG06,258
1264,50.748,39.122,179.816,1,6,2.00,NONE,SEG06,258
1265,50.548,39.123,179.876,1,6,2.00,NONE,SEG06,259
1266,50.348,39.124,179.937,1,6,2.00,NONE,SEG06,259
1267,50.148,39.125,179.997,1,6,2.00,NONE,SEG06,259
1268,49.948,39.125,-179.971,1,6,2.00,NONE,SEG06,259
1269,49.748,39.125,-179.956,1,6,2.00,NONE,SEG06,259
1270,49.548,39.125,-179.899,1,6,2.00,NONE,SEG06,259
1271,49.348,39.125,-179.842,1,6,2.00,NONE,SEG06,260
1272,49.148,39.125,-179.786,1,6,2.00,NONE,SEG06,260
1273,48.948,39.124,-179.744,1,6,2.00,NONE,SEG06,260
1274,48.748,39.123,-179.747,1,6,2.00,NONE,SEG06,260
1275,48.548,39.122,-179.778,1,6,2.00,NONE,SEG06,260
1276,48.348,39.122,-179.809,1,6,2.00,NONE,SEG06,261
1277,48.148,39.121,-179.840,1,6,2.00,NONE,SEG06,261
1278,47.948,39.120,-179.868,1,6,2.00,NONE,SEG06,261
1279,47.748,39.119,-179.868,1,6,2.00,NONE,SEG06,261
1280,47.548,39.119,179.994,1,6,2.00,NONE,SEG06,261
1281,47.348,39.118,179.853,1,6,2.00,NONE,SEG06,262
1282,47.148,39.118,179.712,1,6,2.00,NONE,SEG06,262
1283,46.948,39.117,179.571,1,6,2.00,NONE,SEG06,262
1284,46.748,39.119,179.568,1,6,2.00,NONE,SEG06,262
1285,46.548,39.120,179.659,1,6,2.00,NONE,SEG06,262
1286,46.348,39.122,179.759,1,6,2.00,NONE,SEG06,263
1287,46.148,39.123,179.858,1,6,2.00,NONE,SEG06,263
1288,45.948,39.125,179.958,1,6,2.00,NONE,SEG06,263
1289,45.748,39.125,179.966,1,6,2.00,NONE,SEG06,263
1290,45.548,39.125,179.890,1,6,2.00,NONE,SEG06,263
1291,45.348,39.125,179.804,1,6,2.00,NONE,SEG06,264
1292,45.148,39.126,179.717,1,6,2.00,NONE,SEG06,264
1293,44.948,39.126,179.631,1,6,2.00,NONE,SEG06,264
1294,44.748,39.127,179.620,1,6,2.00,NONE,SEG06,264
1295,44.548,39.128,179.424,1,6,2.00,NONE,SEG06,264
1296,44.348,39.130,179.123,1,6,2.00,NONE,SEG06,265
1297,44.148,39.131,178.822,1,6,2.00,NONE,SEG06,265
1298,43.948,39.132,178.521,1,6,2.00,NONE,SEG06,265
1299,43.748,39.136,178.415,1,6,2.00,NONE,SEG06,265
1300,43.548,39.142,178.470,1,6,2.00,NONE,SEG06,265
1301,43.348,39.147,178.563,1,6,2.00,NONE,SEG06,266
1302,43.148,39.153,178.656,1,6,2.00,NONE,SEG06,266
1303,42.948,39.158,178.750,1,6,2.00,NONE,SEG06,266
1304,42.748,39.163,178.789,1,6,2.00,NONE,SEG06,266
1305,42.549,39.167,178.600,1,6,2.00,NONE,SEG06,266
1306,42.349,39.172,178.310,1,6,2.00,NONE,SEG06,267
1307,42.149,39.176,178.021,1,6,2.00,NONE,SEG06,267
1308,41.949,39.180,177.731,1,6,2.00,NONE,SEG06,267
1309,41.749,39.187,177.629,1,6,2.00,NONE,SEG06,267
1310,41.549,39.195,177.691,1,6,2.00,NONE,SEG06,267
1311,41.349,39.203,177.772,1,6,2.00,NONE,SEG06,268
1312,41.149,39.212,177.853,1,6,2.00,NONE,SEG06,268
1313,40.949,39.220,177.935,1,6,2.00,NONE,SEG06,268
1314,40.750,39.227,177.954,1,6,2.00,NONE,SEG06,268
1315,40.550,39.235,177.974,1,6,2.00,NONE,SEG06,268
1316,40.350,39.242,177.997,1,6,2.00,NONE,SEG06,269
1317,40.150,39.249,178.021,1,6,2.00,NONE,SEG06,269
1318,39.950,39.256,178.045,1,6,2.00,NONE,SEG06,269
1319,39.750,39.263,178.079,1,6,2.00,NONE,SEG06,269
1320,39.550,39.270,178.369,1,6,2.00,NONE,SEG06,269
1321,39.350,39.276,178.659,1,6,2.00,NONE,SEG06,270
1322,39.151,39.283,178.949,1,6,2.00,NONE,SEG06,270
1323,38.951,39.290,179.209,1,6,2.00,NONE,SEG06,270
1324,38.751,39.292,179.203,1,6,2.00,NONE,SEG06,270
1325,38.551,39.295,179.184,1,6,2.00,NONE,SEG06,270
1326,38.351,39.298,179.166,1,6,2.00,NONE,SEG06,271
1327,38.151,39.301,179.147,1,6,2.00,NONE,SEG06,271
1328,37.951,39.304,179.135,1,6,2.00,NONE,SEG06,271
1329,37.751,39.307,179.246,1,6,2.00,NONE,SEG06,271
1330,37.551,39.310,179.407,1,6,2.00,NONE,SEG06,272
1331,37.351,39.313,179.567,1,6,2.00,NONE,SEG06,272
1332,37.151,39.316,179.728,1,6,2.00,NONE,SEG06,272
1333,36.951,39.317,179.746,1,6,2.00,NONE,SEG06,272
1334,36.751,39.318,179.575,1,6,2.00,NONE,SEG06,272
1335,36.551,39.319,179.405,1,6,2.00,STOP_LINE,SEG06,273
1336,36.351,39.319,179.234,1,6,2.00,NONE,SEG06,273
1337,36.151,39.321,179.095,1,6,2.00,NONE,SEG06,273
1338,35.951,39.324,179.049,1,6,2.00,NONE,SEG06,273
1339,35.751,39.327,178.992,1,6,2.00,NONE,SEG06,273
1340,35.551,39.330,178.935,1,6,2.00,NONE,SEG06,274
1341,35.351,39.333,178.879,1,6,2.00,NONE,SEG06,274
1342,35.151,39.337,178.899,1,6,2.00,NONE,SEG06,274
1343,34.951,39.341,178.972,1,6,2.00,NONE,SEG06,274
1344,34.751,39.345,179.045,1,6,2.00,NONE,SEG06,275
1345,34.551,39.349,179.119,1,6,2.00,NONE,SEG06,275
1346,34.351,39.352,179.161,1,6,2.00,NONE,SEG06,275
1347,34.151,39.355,179.059,1,6,2.00,NONE,SEG06,275
1348,33.951,39.358,178.948,1,6,2.00,NONE,SEG06,276
1349,33.751,39.361,178.837,1,6,2.00,NONE,SEG06,276
1350,33.551,39.364,178.725,1,6,2.00,NONE,SEG06,276
1351,33.351,39.369,178.719,1,6,2.00,NONE,SEG06,276
1352,33.151,39.373,178.736,1,6,2.00,NONE,SEG06,276
1353,32.951,39.377,178.753,1,6,2.00,NONE,SEG06,277
1354,32.751,39.382,178.769,1,6,2.00,NONE,SEG06,277
1355,32.551,39.386,178.782,1,6,2.00,NONE,SEG06,277
1356,32.352,39.391,178.894,1,6,2.00,NONE,SEG06,277
1357,32.152,39.395,179.181,1,6,2.00,NONE,SEG06,277
1358,31.952,39.399,179.468,1,6,2.00,NONE,SEG06,278
1359,31.752,39.403,179.755,1,6,2.00,NONE,SEG06,278
1360,31.552,39.406,179.931,1,6,2.00,NONE,SEG06,278
1361,31.352,39.406,-179.966,1,6,2.00,NONE,SEG06,278
1362,31.152,39.407,-179.752,1,6,2.00,NONE,SEG06,278
1363,30.952,39.407,-179.537,1,6,2.00,NONE,SEG06,279
1364,30.752,39.407,-179.323,1,6,2.00,NONE,SEG06,279
1365,30.552,39.406,-179.211,1,6,2.00,NONE,SEG06,279
1366,30.352,39.403,-179.282,1,6,2.00,NONE,SEG06,279
1367,30.152,39.400,-179.402,1,6,2.00,NONE,SEG06,280
1368,29.952,39.398,-179.522,1,6,2.00,NONE,SEG06,280
1369,29.752,39.395,-179.641,1,6,2.00,NONE,SEG06,280
1370,29.552,39.393,-179.689,1,6,2.00,NONE,SEG06,280
1371,29.352,39.392,-179.707,1,6,2.00,NONE,SEG06,280
1372,29.152,39.391,-179.729,1,6,2.00,NONE,SEG06,281
1373,28.952,39.390,-179.751,1,6,2.00,NONE,SEG06,281
1374,28.752,39.389,-179.772,1,6,2.00,NONE,SEG06,281
1375,28.552,39.388,-179.726,1,6,2.00,NONE,SEG06,281
1376,28.352,39.387,-179.416,1,6,2.00,NONE,SEG06,281
1377,28.152,39.386,-179.106,1,6,2.00,NONE,SEG06,282
1378,27.952,39.386,-178.795,1,6,2.00,NONE,SEG06,282
1379,27.752,39.384,-178.535,1,6,2.00,NONE,SEG06,282
1380,27.552,39.379,-178.428,1,4,2.00,NONE,SEG04,160
1381,27.352,39.374,-178.278,1,4,2.00,NONE,SEG04,160
1382,27.152,39.369,-178.127,1,6,2.00,NONE,SEG06,283
1383,26.952,39.364,-177.977,1,6,2.00,NONE,SEG06,283
1384,26.752,39.357,-177.959,1,6,2.00,NONE,SEG06,283
1385,26.552,39.350,-178.016,1,6,2.00,NONE,SEG06,283
1386,26.352,39.343,-178.073,1,6,2.00,NONE,SEG06,284
1387,26.153,39.335,-178.129,1,6,2.00,NONE,SEG06,284
1388,25.953,39.329,-178.241,1,6,2.00,NONE,SEG06,284
1389,25.753,39.322,-178.561,1,8,2.00,NONE,SEG08,460
1390,25.553,39.316,-178.881,1,8,2.00,NONE,SEG08,460
1391,25.353,39.309,-179.201,1,8,2.00,NONE,SEG08,460
1392,25.153,39.304,-179.446,1,6,2.00,NONE,SEG06,285
1393,24.953,39.302,-179.652,1,6,2.00,NONE,SEG06,285
1394,24.753,39.300,-179.858,1,6,2.00,NONE,SEG06,286
1395,24.553,39.298,179.936,1,6,2.00,NONE,SEG06,286
1396,24.353,39.296,179.735,1,6,2.00,NONE,SEG06,286
1397,24.153,39.297,179.601,1,6,2.00,NONE,SEG06,286
1398,23.953,39.298,179.402,1,6,2.00,NONE,SEG06,286
1399,23.753,39.299,179.203,1,6,2.00,NONE,SEG06,287
1400,23.553,39.300,179.004,1,6,2.00,NONE,SEG06,287
1401,23.353,39.303,178.899,1,6,2.00,NONE,SEG06,287
1402,23.153,39.306,178.481,1,6,2.00,NONE,SEG06,287
1403,22.953,39.310,178.064,1,6,2.00,NONE,SEG06,288
1404,22.753,39.314,177.646,1,6,2.00,NONE,SEG06,288
1405,22.553,39.318,177.269,1,6,2.00,NONE,SEG06,288
1406,22.354,39.328,176.906,1,6,2.00,NONE,SEG06,288
1407,22.154,39.337,176.152,1,6,2.00,NONE,SEG06,288
1408,21.954,39.347,175.399,1,6,2.00,NONE,SEG06,289
1409,21.754,39.356,174.645,1,6,2.00,NONE,SEG06,289
1410,21.555,39.371,174.245,1,6,2.00,NONE,SEG06,289
1411,21.356,39.391,174.105,1,6,2.00,NONE,SEG06,289
1412,21.157,39.411,173.964,1,6,2.00,NONE,SEG06,290
1413,20.958,39.431,173.823,1,6,2.00,NONE,SEG06,290
1414,20.759,39.451,173.628,1,6,2.00,NONE,SEG06,290
1415,20.560,39.473,173.332,1,6,2.00,NONE,SEG06,290
1416,20.361,39.495,173.036,1,6,2.00,NONE,SEG06,291
1417,20.163,39.517,172.740,1,6,2.00,NONE,SEG06,291
1418,19.964,39.540,171.823,1,6,2.00,NONE,SEG06,291
1419,19.766,39.566,170.908,1,6,2.00,NONE,SEG06,291
1420,19.567,39.592,169.992,1,6,2.00,NONE,SEG06,292
1421,19.369,39.618,168.367,1,6,2.00,NONE,SEG06,292
1422,19.172,39.654,166.756,1,6,2.00,NONE,SEG06,292
1423,18.976,39.692,165.373,1,7,2.00,NONE,SEG07,293
1424,18.780,39.731,163.601,1,7,2.00,NONE,SEG07,293
1425,18.586,39.779,161.462,1,7,2.00,NONE,SEG07,293
1426,18.394,39.837,159.991,1,7,2.00,NONE,SEG07,293
1427,18.203,39.894,158.518,1,7,2.00,NONE,SEG07,294
1428,18.013,39.957,155.328,1,7,2.00,NONE,SEG07,294
1429,17.828,40.033,153.041,1,7,2.00,NONE,SEG07,294
1430,17.644,40.110,150.752,1,7,2.00,NONE,SEG07,295
1431,17.459,40.187,147.798,1,7,2.00,NONE,SEG07,295
1432,17.288,40.290,144.639,1,7,2.00,NONE,SEG07,295
1433,17.117,40.395,141.634,1,7,2.00,NONE,SEG07,296
1434,16.947,40.500,138.629,1,7,2.00,NONE,SEG07,296
1435,16.783,40.612,135.302,1,7,2.00,NONE,SEG07,296
1436,16.638,40.750,131.938,1,7,2.00,NONE,SEG07,296
1437,16.494,40.889,128.558,1,7,2.00,NONE,SEG07,297
1438,16.349,41.027,125.182,1,7,2.00,NONE,SEG07,297
1439,16.215,41.174,122.306,1,7,2.00,NONE,SEG07,297
1440,16.107,41.342,119.257,1,7,2.00,NONE,SEG07,297
1441,15.998,41.510,116.194,1,7,2.00,NONE,SEG07,298
1442,15.890,41.678,113.133,1,7,2.00,NONE,SEG07,298
1443,15.788,41.849,110.601,1,7,2.00,NONE,SEG07,298
1444,15.717,42.036,109.013,1,7,2.00,NONE,SEG07,298
1445,15.647,42.224,106.923,1,7,2.00,NONE,SEG07,298
1446,15.577,42.411,104.831,1,7,2.00,NONE,SEG07,299
1447,15.506,42.598,102.744,1,7,2.00,NONE,SEG07,299
1448,15.457,42.792,102.203,1,7,2.00,NONE,SEG07,299
1449,15.415,42.987,100.755,1,7,2.00,NONE,SEG07,299
1450,15.372,43.182,99.304,1,7,2.00,NONE,SEG07,300
1451,15.330,43.378,97.854,1,7,2.00,NONE,SEG07,300
1452,15.288,43.573,96.446,1,7,2.00,NONE,SEG07,300
1453,15.266,43.772,96.366,1,7,2.00,NONE,SEG07,300
1454,15.243,43.971,95.374,1,7,2.00,NONE,SEG07,300
1455,15.221,44.170,94.382,1,7,2.00,NONE,SEG07,301
1456,15.198,44.368,93.390,1,7,2.00,NONE,SEG07,301
1457,15.177,44.567,92.478,1,7,2.00,NONE,SEG07,301
1458,15.168,44.767,92.478,1,7,2.00,NONE,SEG07,301
1459,15.160,44.967,91.845,1,7,2.00,NONE,SEG07,301
1460,15.151,45.167,91.193,1,7,2.00,NONE,SEG07,353
1461,15.142,45.366,90.540,1,7,2.00,NONE,SEG07,302
1462,15.134,45.566,89.888,1,7,2.00,NONE,SEG07,302
1463,15.134,45.766,89.869,1,7,2.00,NONE,SEG07,302
1464,15.134,45.966,89.694,1,7,2.00,NONE,SEG07,302
1465,15.135,46.166,89.461,1,7,2.00,NONE,SEG07,352
1466,15.135,46.366,89.228,1,7,2.00,NONE,SEG07,303
1467,15.136,46.566,88.996,1,7,2.00,NONE,SEG07,303
1468,15.139,46.766,88.938,1,7,2.00,NONE,SEG07,303
1469,15.142,46.966,88.830,1,7,2.00,NONE,SEG07,303
1470,15.146,47.166,88.608,1,7,2.00,NONE,SEG07,351
1471,15.150,47.366,88.386,1,7,2.00,NONE,SEG07,304
1472,15.153,47.566,88.163,1,7,2.00,NONE,SEG07,304
1473,15.159,47.766,88.050,1,7,2.00,NONE,SEG07,304
1474,15.165,47.966,88.056,1,7,2.00,NONE,SEG07,304
1475,15.172,48.166,88.095,1,7,2.00,NONE,SEG07,304
1476,15.179,48.366,88.133,1,7,2.00,NONE,SEG07,305
1477,15.186,48.566,88.171,1,7,2.00,NONE,SEG07,305
1478,15.193,48.765,88.203,1,7,2.00,NONE,SEG07,305
1479,15.199,48.965,88.203,1,7,2.00,NONE,SEG07,305
1480,15.205,49.165,88.399,1,7,2.00,NONE,SEG07,305
1481,15.211,49.365,88.605,1,7,2.00,NONE,SEG07,306
1482,15.218,49.565,88.812,1,7,2.00,NONE,SEG07,306
1483,15.224,49.765,89.018,1,7,2.00,NONE,SEG07,306
1484,15.227,49.965,89.109,1,7,2.00,NONE,SEG07,306
1485,15.231,50.165,89.551,1,7,2.00,NONE,SEG07,306
1486,15.234,50.365,89.993,1,7,2.00,NONE,SEG07,307
1487,15.238,50.565,90.436,1,7,2.00,NONE,SEG07,307
1488,15.240,50.765,90.799,1,7,2.00,NONE,SEG07,307
1489,15.237,50.965,90.874,1,7,2.00,NONE,SEG07,307
1490,15.234,51.165,90.950,1,7,2.00,NONE,SEG07,308
1491,15.232,51.365,91.025,1,7,2.00,NONE,SEG07,308
1492,15.229,51.565,91.027,1,7,2.00,NONE,SEG07,308
1493,15.225,51.765,90.812,1,7,2.00,NONE,SEG07,308
1494,15.221,51.965,90.596,1,7,2.00,NONE,SEG07,309
1495,15.217,52.165,90.365,1,7,2.00,NONE,SEG07,309
1496,15.214,52.365,89.892,1,7,2.00,NONE,SEG07,309
1497,15.214,52.565,89.563,1,7,2.00,NONE,SEG07,309
1498,15.213,52.765,89.235,1,7,2.00,NONE,SEG07,310
1499,15.212,52.965,89.012,1,7,2.00,NONE,SEG07,310
1500,15.216,53.165,89.108,1,7,2.00,NONE,SEG07,310
1501,15.220,53.365,89.205,1,7,2.00,NONE,SEG07,311
1502,15.223,53.564,89.270,1,7,2.00,NONE,SEG07,311
1503,15.226,53.764,89.228,1,7,2.00,NONE,SEG07,311
1504,15.228,53.964,89.180,1,7,2.00,NONE,SEG07,312
1505,15.231,54.164,89.133,1,7,2.00,NONE,SEG07,312
1506,15.234,54.364,89.000,1,7,2.00,NONE,SEG07,312
1507,15.237,54.564,88.885,1,7,2.00,NONE,SEG07,312
1508,15.240,54.764,88.769,1,7,2.00,NONE,SEG07,313
1509,15.243,54.964,88.660,1,7,2.00,NONE,SEG07,313
1510,15.248,55.164,88.800,1,7,2.00,NONE,SEG07,313
1511,15.252,55.364,88.939,1,7,2.00,NONE,SEG07,314
1512,15.257,55.564,89.078,1,7,2.00,NONE,SEG07,314
1513,15.262,55.764,89.211,1,7,2.00,NONE,SEG07,314
1514,15.264,55.964,89.475,1,7,2.00,NONE,SEG07,314
1515,15.267,56.164,89.757,1,7,2.00,NONE,SEG07,314
1516,15.270,56.364,90.039,1,7,2.00,NONE,SEG07,315
1517,15.273,56.564,90.322,1,7,2.00,NONE,SEG07,315
1518,15.272,56.764,90.408,1,7,2.00,NONE,SEG07,315
1519,15.270,56.964,90.497,1,7,2.00,NONE,SEG07,324
1520,15.269,57.164,90.587,1,7,2.00,NONE,SEG07,316
1521,15.268,57.364,90.689,1,7,2.00,NONE,SEG07,316
1522,15.266,57.564,91.004,1,7,2.00,NONE,SEG07,316
1523,15.264,57.764,91.298,1,7,2.00,NONE,SEG07,323
1524,15.261,57.964,91.831,1,7,2.00,NONE,SEG07,317
1525,15.258,58.164,92.941,1,7,2.00,NONE,SEG07,317
1526,15.252,58.364,98.751,1,7,2.00,NONE,SEG07,317
1527,15.245,58.564,-177.468,1,7,2.00,NONE,SEG07,318
1528,15.236,58.763,-98.139,1,7,2.00,NONE,SEG07,318
1529,15.218,58.961,-93.275,1,7,2.00,NONE,SEG07,319
1530,15.192,58.789,-92.099,1,7,2.00,NONE,SEG07,321
1531,15.184,58.589,-92.445,1,7,2.00,NONE,SEG07,321
1532,15.179,58.389,-93.037,1,7,2.00,NONE,SEG07,317
1533,15.174,58.189,-94.198,1,7,2.00,NONE,SEG07,322
1534,15.163,57.989,-95.721,1,7,2.00,NONE,SEG07,322
1535,15.150,57.790,-97.087,1,7,2.00,NONE,SEG07,323
1536,15.136,57.590,-98.453,1,7,2.00,NONE,SEG07,323
1537,15.115,57.392,-100.281,1,7,2.00,NONE,SEG07,323
1538,15.083,57.194,-102.257,1,7,2.00,NONE,SEG07,323
1539,15.051,56.997,-104.235,1,7,2.00,NONE,SEG07,324
1540,15.019,56.799,-106.213,1,7,2.00,NONE,SEG07,324
1541,14.973,56.605,-107.778,1,7,2.00,NONE,SEG07,324
1542,14.914,56.414,-110.334,1,7,2.00,NONE,SEG07,324
1543,14.855,56.223,-112.898,1,7,2.00,NONE,SEG07,325
1544,14.796,56.032,-115.459,1,7,2.00,NONE,SEG07,325
1545,14.729,55.844,-117.394,1,7,2.00,NONE,SEG07,325
1546,14.637,55.667,-120.540,1,7,2.00,NONE,SEG07,325
1547,14.545,55.489,-124.013,1,7,2.00,NONE,SEG07,326
1548,14.453,55.311,-127.489,1,7,2.00,NONE,SEG07,326
1549,14.361,55.134,-130.946,1,7,2.00,NONE,SEG07,326
1550,14.232,54.981,-133.526,1,7,2.00,NONE,SEG07,326
1551,14.100,54.831,-137.184,1,7,2.00,NONE,SEG07,326
1552,13.969,54.680,-140.853,1,7,2.00,NONE,SEG07,327
1553,13.837,54.530,-144.512,1,7,2.00,NONE,SEG07,327
1554,13.684,54.403,-147.025,1,7,2.00,NONE,SEG07,327
1555,13.518,54.291,-150.461,1,7,2.00,NONE,SEG07,327
1556,13.353,54.179,-153.914,1,7,2.00,NONE,SEG07,328
1557,13.187,54.067,-157.359,1,7,2.00,NONE,SEG07,328
1558,13.014,53.968,-159.653,1,7,2.00,NONE,SEG07,328
1559,12.827,53.899,-161.943,1,7,2.00,NONE,SEG07,328
1560,12.639,53.829,-164.542,1,7,2.00,NONE,SEG07,329
1561,12.452,53.760,-167.143,1,7,2.00,NONE,SEG07,329
1562,12.264,53.690,-169.735,1,7,2.00,NONE,SEG07,329
1563,12.068,53.652,-170.431,1,7,2.00,NONE,SEG07,329
1564,11.872,53.617,-171.929,1,7,2.00,NONE,SEG07,329
1565,11.675,53.582,-173.428,1,7,2.00,NONE,SEG07,330
1566,11.478,53.548,-174.927,1,7,2.00,NONE,SEG07,330
1567,11.280,53.519,-176.031,1,7,2.00,NONE,SEG07,330
1568,11.080,53.505,-176.365,1,7,2.00,NONE,SEG07,330
1569,10.881,53.491,-177.166,1,7,2.00,NONE,SEG07,342
1570,10.681,53.477,-177.968,1,7,2.00,NONE,SEG07,342
1571,10.482,53.463,-178.769,1,7,2.00,NONE,SEG07,331
1572,10.282,53.454,-179.237,1,7,2.00,NONE,SEG07,331
1573,10.082,53.451,-179.437,1,7,2.00,NONE,SEG07,331
1574,9.882,53.449,-179.831,1,7,2.00,NONE,SEG07,341
1575,9.682,53.446,179.775,1,7,2.00,NONE,SEG07,341
1576,9.482,53.443,179.381,1,7,2.00,NONE,SEG07,332
1577,9.282,53.444,179.186,1,7,2.00,NONE,SEG07,332
1578,9.082,53.446,179.000,1,7,2.00,NONE,SEG07,332
1579,8.882,53.449,178.732,1,7,2.00,NONE,SEG07,340
1580,8.682,53.452,178.464,1,7,2.00,NONE,SEG07,340
1581,8.482,53.455,178.197,1,7,2.00,NONE,SEG07,333
1582,8.282,53.460,178.087,1,7,2.00,NONE,SEG07,333
1583,8.082,53.467,178.001,1,7,2.00,NONE,SEG07,339
1584,7.883,53.474,177.915,1,7,2.00,NONE,SEG07,339
1585,7.683,53.480,177.725,1,7,2.00,NONE,SEG07,334
1586,7.483,53.487,177.196,1,7,2.00,NONE,SEG07,334
1587,7.283,53.495,172.087,1,7,2.00,NONE,SEG07,338
1588,7.083,53.503,92.734,1,7,2.00,NONE,SEG07,338
1589,6.883,53.512,5.386,1,7,2.00,NONE,SEG07,335
1590,6.684,53.526,1.245,1,7,2.00,NONE,SEG07,337
1591,6.764,53.549,-0.545,1,7,2.00,NONE,SEG07,337
1592,6.964,53.552,-1.212,1,7,2.00,NONE,SEG07,335
1593,7.164,53.553,-1.724,1,7,2.00,NONE,SEG07,338
1594,7.363,53.547,-1.821,1,7,2.00,NONE,SEG07,334
1595,7.563,53.541,-1.918,1,7,2.00,NONE,SEG07,334
1596,7.763,53.535,-2.014,1,7,2.00,NONE,SEG07,339
1597,7.963,53.529,-2.063,1,7,2.00,NONE,SEG07,339
1598,8.163,53.521,-2.152,1,7,2.00,NONE,SEG07,333
1599,8.363,53.514,-2.240,1,7,2.00,NONE,SEG07,333
1600,8.563,53.507,-2.329,1,7,2.00,NONE,SEG07,333
1601,8.763,53.500,-2.408,1,7,2.00,NONE,SEG07,340
1602,8.962,53.491,-2.484,1,7,2.00,NONE,SEG07,340
1603,9.162,53.483,-3.014,1,7,2.00,NONE,SEG07,332
1604,9.362,53.475,-3.545,1,7,2.00,NONE,SEG07,332
1605,9.562,53.466,-4.076,1,7,2.00,NONE,SEG07,341
1606,9.762,53.457,-4.532,1,7,2.00,NONE,SEG07,341
1607,9.961,53.441,-4.633,1,7,2.00,NONE,SEG07,341
1608,10.160,53.425,-6.128,1,7,2.00,NONE,SEG07,331
1609,10.360,53.409,-7.625,1,7,2.00,NONE,SEG07,331
1610,10.559,53.394,-9.122,1,7,2.00,NONE,SEG07,342
1611,10.758,53.376,-10.517,1,7,2.00,NONE,SEG07,342
1612,10.955,53.340,-10.984,1,7,2.00,NONE,SEG07,342
1613,11.152,53.303,-13.454,1,7,2.00,NONE,SEG07,330
1614,11.348,53.267,-15.933,1,7,2.00,NONE,SEG07,330
1615,11.545,53.230,-18.409,1,7,2.00,NONE,SEG07,343
1616,11.740,53.188,-20.414,1,7,2.00,NONE,SEG07,343
1617,11.927,53.118,-22.947,1,7,2.00,NONE,SEG07,343
1618,12.115,53.048,-27.146,1,7,2.00,NONE,SEG07,343
1619,12.302,52.978,-31.364,1,7,2.00,NONE,SEG07,344
1620,12.490,52.909,-35.563,1,7,2.00,NONE,SEG07,344
1621,12.660,52.808,-38.058,1,7,2.00,NONE,SEG07,344
1622,12.819,52.687,-41.973,1,7,2.00,NONE,SEG07,344
1623,12.979,52.566,-45.918,1,7,2.00,NONE,SEG07,345
1624,13.138,52.445,-49.854,1,7,2.00,NONE,SEG07,345
1625,13.289,52.316,-52.929,1,7,2.00,NONE,SEG07,345
1626,13.410,52.157,-56.188,1,7,2.00,NONE,SEG07,345
1627,13.530,51.997,-59.923,1,7,2.00,NONE,SEG07,346
1628,13.651,51.837,-63.663,1,7,2.00,NONE,SEG07,346
1629,13.771,51.678,-67.376,1,7,2.00,NONE,SEG07,346
1630,13.852,51.496,-68.235,1,7,2.00,NONE,SEG07,346
1631,13.928,51.311,-70.357,1,7,2.00,NONE,SEG07,346
1632,14.003,51.125,-72.485,1,7,2.00,NONE,SEG07,347
1633,14.079,50.940,-74.611,1,7,2.00,NONE,SEG07,347
1634,14.149,50.753,-76.330,1,7,2.00,NONE,SEG07,347
1635,14.196,50.559,-76.870,1,7,2.00,NONE,SEG07,347
1636,14.243,50.365,-78.105,1,7,2.00,NONE,SEG07,347
1637,14.291,50.170,-79.342,1,7,2.00,NONE,SEG07,348
1638,14.338,49.976,-80.577,1,7,2.00,NONE,SEG07,348
1639,14.378,49.780,-81.273,1,7,2.00,NONE,SEG07,348
1640,14.408,49.582,-81.586,1,7,2.00,NONE,SEG07,348
1641,14.439,49.385,-82.097,1,7,2.00,NONE,SEG07,349
1642,14.469,49.187,-82.607,1,7,2.00,NONE,SEG07,349
1643,14.499,48.989,-83.118,1,7,2.00,NONE,SEG07,349
1644,14.525,48.791,-83.437,1,7,2.00,NONE,SEG07,349
1645,14.549,48.592,-84.090,1,7,2.00,NONE,SEG07,349
1646,14.572,48.394,-84.743,1,7,2.00,NONE,SEG07,350
1647,14.595,48.195,-85.396,1,7,2.00,NONE,SEG07,350
1648,14.617,47.996,-85.928,1,7,2.00,NONE,SEG07,350
1649,14.631,47.797,-85.998,1,7,2.00,NONE,SEG07,350
1650,14.645,47.597,-86.155,1,7,2.00,NONE,SEG07,350
1651,14.659,47.398,-86.313,1,7,2.00,NONE,SEG07,351
1652,14.674,47.198,-86.470,1,7,2.00,NONE,SEG07,351
1653,14.687,46.999,-86.557,1,7,2.00,NONE,SEG07,351
1654,14.699,46.799,-86.706,1,7,2.00,NONE,SEG07,351
1655,14.711,46.600,-86.885,1,7,2.00,NONE,SEG07,303
1656,14.723,46.400,-87.064,1,7,2.00,NONE,SEG07,352
1657,14.735,46.200,-87.243,1,7,2.00,NONE,SEG07,352
1658,14.745,46.000,-87.424,1,7,2.00,NONE,SEG07,352
1659,14.754,45.801,-88.474,1,7,2.00,NONE,SEG07,352
1660,14.764,45.601,-89.524,1,7,2.00,NONE,SEG07,302
1661,14.773,45.401,-90.575,1,7,2.00,NONE,SEG07,353
1662,14.781,45.201,-91.474,1,7,2.00,NONE,SEG07,353
1663,14.776,45.001,-92.105,1,7,2.00,NONE,SEG07,353
1664,14.770,44.802,-93.117,1,7,2.00,NONE,SEG07,353
1665,14.765,44.602,-94.130,1,7,2.00,NONE,SEG07,354
1666,14.760,44.402,-95.143,1,7,2.00,NONE,SEG07,354
1667,14.746,44.202,-95.541,1,7,2.00,NONE,SEG07,354
1668,14.727,44.003,-97.673,1,7,2.00,NONE,SEG07,354
1669,14.708,43.804,-99.812,1,7,2.00,NONE,SEG07,355
1670,14.688,43.605,-101.950,1,7,2.00,NONE,SEG07,355
1671,14.669,43.406,-104.065,1,7,2.00,NONE,SEG07,355
1672,14.620,43.212,-106.259,1,7,2.00,NONE,SEG07,355
1673,14.572,43.018,-109.322,1,7,2.00,NONE,SEG07,355
1674,14.523,42.824,-112.389,1,7,2.00,NONE,SEG07,356
1675,14.475,42.630,-115.451,1,7,2.00,NONE,SEG07,356
1676,14.397,42.447,-117.756,1,7,2.00,NONE,SEG07,356
1677,14.309,42.267,-120.827,1,7,2.00,NONE,SEG07,356
1678,14.220,42.088,-123.907,1,7,2.00,NONE,SEG07,357
1679,14.131,41.909,-126.980,1,7,2.00,NONE,SEG07,357
1680,14.026,41.740,-128.900,1,7,2.00,NONE,SEG07,357
1681,13.901,41.584,-131.412,1,7,2.00,NONE,SEG07,357
1682,13.776,41.428,-133.933,1,7,2.00,NONE,SEG07,358
1683,13.651,41.271,-136.453,1,7,2.00,NONE,SEG07,358
1684,13.524,41.118,-138.665,1,7,2.00,NONE,SEG07,358
1685,13.373,40.986,-139.740,1,7,2.00,NONE,SEG07,358
1686,13.223,40.854,-142.134,1,7,2.00,NONE,SEG07,358
1687,13.073,40.722,-144.533,1,7,2.00,NONE,SEG07,359
1688,12.923,40.589,-146.928,1,7,2.00,NONE,SEG07,359
1689,12.764,40.469,-148.247,1,7,2.00,NONE,SEG07,359
1690,12.594,40.364,-149.559,1,7,2.00,NONE,SEG07,359
1691,12.424,40.259,-151.728,1,7,2.00,NONE,SEG07,360
1692,12.254,40.154,-153.900,1,7,2.00,NONE,SEG07,360
1693,12.084,40.048,-156.069,1,7,2.00,NONE,SEG07,360
1694,11.905,39.959,-156.927,1,7,2.00,NONE,SEG07,360
1695,11.721,39.881,-158.535,1,7,2.00,NONE,SEG07,360
1696,11.537,39.803,-160.477,1,7,2.00,NONE,SEG07,361
1697,11.353,39.724,-162.421,1,7,2.00,NONE,SEG07,361
1698,11.169,39.646,-164.361,1,7,2.00,NONE,SEG07,361
1699,10.978,39.589,-164.915,1,7,2.00,NONE,SEG07,361
1700,10.785,39.536,-166.536,1,7,2.00,NONE,SEG07,361
1701,10.592,39.483,-168.160,1,7,2.00,NONE,SEG07,362
1702,10.399,39.430,-169.783,1,7,2.00,NONE,SEG07,362
1703,10.206,39.380,-171.182,1,7,2.00,NONE,SEG07,362
1704,10.008,39.350,-172.121,1,7,2.00,NONE,SEG07,362
1705,9.810,39.319,-173.713,1,7,2.00,NONE,SEG07,362
1706,9.613,39.288,-175.307,1,7,2.00,NONE,SEG07,363
1707,9.415,39.258,-176.899,1,7,2.00,NONE,SEG07,363
1708,9.216,39.240,-178.369,1,7,2.00,NONE,SEG07,363
1709,9.016,39.232,-179.778,1,7,2.00,NONE,SEG07,363
1710,8.816,39.223,178.812,1,7,2.00,NONE,SEG07,364
1711,8.617,39.215,177.334,1,7,2.00,NONE,SEG07,364
1712,8.417,39.217,175.926,1,7,2.00,NONE,SEG07,364
1713,8.217,39.228,175.107,1,7,2.00,NONE,SEG07,364
1714,8.017,39.240,174.227,1,7,2.00,NONE,SEG07,365
1715,7.818,39.252,172.902,1,7,2.00,NONE,SEG07,365
1716,7.619,39.274,172.325,1,7,2.00,NONE,SEG07,365
1717,7.420,39.297,171.454,1,7,2.00,NONE,SEG07,366
1718,7.222,39.320,170.489,1,7,2.00,NONE,SEG07,366
1719,7.024,39.351,169.983,1,7,2.00,NONE,SEG07,366
1720,6.826,39.381,169.442,1,7,2.00,NONE,SEG07,367
1721,6.629,39.416,169.062,1,7,2.00,NONE,SEG07,367
1722,6.433,39.452,168.573,1,7,2.00,NONE,SEG07,368
1723,6.236,39.490,168.139,1,7,2.00,NONE,SEG07,368
1724,6.040,39.528,167.253,1,8,2.00,NONE,SEG08,369
1725,5.844,39.567,166.056,1,8,2.00,NONE,SEG08,369
1726,5.649,39.611,165.124,1,8,2.00,NONE,SEG08,369
1727,5.454,39.654,163.995,1,8,2.00,NONE,SEG08,370
1728,5.260,39.704,162.065,1,8,2.00,NONE,SEG08,370
1729,5.068,39.760,160.577,1,8,2.00,NONE,SEG08,370
1730,4.876,39.816,159.088,1,8,2.00,NONE,SEG08,371
1731,4.685,39.875,157.582,1,8,2.00,NONE,SEG08,371
1732,4.500,39.950,156.594,1,8,2.00,NONE,SEG08,371
1733,4.315,40.026,155.606,1,8,2.00,NONE,SEG08,372
1734,4.129,40.101,154.618,1,8,2.00,NONE,SEG08,372
1735,3.945,40.180,153.845,1,8,2.00,NONE,SEG08,372
1736,3.766,40.268,152.695,1,8,2.00,NONE,SEG08,372
1737,3.586,40.356,151.050,1,8,2.00,NONE,SEG08,372
1738,3.407,40.444,149.405,1,8,2.00,NONE,SEG08,373
1739,3.227,40.532,147.761,1,8,2.00,NONE,SEG08,373
1740,3.056,40.634,147.267,1,8,2.00,NONE,SEG08,373
1741,2.887,40.742,144.957,1,8,2.00,NONE,SEG08,373
1742,2.719,40.851,142.454,1,8,2.00,NONE,SEG08,374
1743,2.551,40.959,139.951,1,8,2.00,NONE,SEG08,374
1744,2.383,41.067,137.456,1,8,2.00,NONE,SEG08,374
1745,2.234,41.201,136.979,1,8,2.00,NONE,SEG08,374
1746,2.087,41.336,134.650,1,8,2.00,NONE,SEG08,374
1747,1.940,41.472,132.313,1,8,2.00,NONE,SEG08,375
1748,1.794,41.608,129.977,1,8,2.00,NONE,SEG08,375
1749,1.650,41.746,127.939,1,8,2.00,NONE,SEG08,375
1750,1.527,41.904,127.593,1,8,2.00,NONE,SEG08,375
1751,1.404,42.062,125.901,1,8,2.00,NONE,SEG08,375
1752,1.281,42.219,124.206,1,8,2.00,NONE,SEG08,376
1753,1.158,42.377,122.512,1,8,2.00,NONE,SEG08,376
1754,1.039,42.538,121.165,1,8,2.00,NONE,SEG08,376
1755,0.935,42.709,120.734,1,8,2.00,NONE,SEG08,376
1756,0.832,42.880,119.031,1,8,2.00,NONE,SEG08,376
1757,0.728,43.051,117.326,1,8,2.00,NONE,SEG08,377
1758,0.625,43.222,115.622,1,8,2.00,NONE,SEG08,377
1759,0.527,43.396,114.349,1,8,2.00,NONE,SEG08,377
1760,0.444,43.578,113.969,1,8,2.00,NONE,SEG08,377
1761,0.362,43.760,112.471,1,8,2.00,NONE,SEG08,377
1762,0.279,43.943,110.972,1,8,2.00,NONE,SEG08,378
1763,0.197,44.125,109.473,1,8,2.00,NONE,SEG08,378
1764,0.119,44.309,108.354,1,8,2.00,NONE,SEG08,378
1765,0.056,44.499,108.297,1,8,2.00,NONE,SEG08,378
1766,-0.007,44.689,107.322,1,8,2.00,NONE,SEG08,378
1767,-0.070,44.878,106.346,1,8,2.00,NONE,SEG08,379
1768,-0.133,45.068,105.371,1,8,2.00,NONE,SEG08,379
1769,-0.195,45.258,104.453,1,8,2.00,NONE,SEG08,379
1770,-0.245,45.452,104.453,1,8,2.00,NONE,SEG08,379
1771,-0.295,45.646,103.430,1,8,2.00,NONE,SEG08,379
1772,-0.345,45.839,102.189,1,8,2.00,NONE,SEG08,380
1773,-0.395,46.033,100.948,1,8,2.00,NONE,SEG08,380
1774,-0.445,46.227,99.707,1,8,2.00,NONE,SEG08,380
1775,-0.481,46.423,99.491,1,8,2.00,NONE,SEG08,380
1776,-0.513,46.621,99.180,1,8,2.00,NONE,SEG08,380
1777,-0.546,46.818,98.280,1,8,2.00,NONE,SEG08,381
1778,-0.579,47.015,97.380,1,8,2.00,NONE,SEG08,381
1779,-0.612,47.212,96.480,1,8,2.00,NONE,SEG08,381
1780,-0.641,47.410,95.890,1,8,2.00,NONE,SEG08,381
1781,-0.662,47.609,95.890,1,8,2.00,NONE,SEG08,381
1782,-0.682,47.808,95.370,1,8,2.00,NONE,SEG08,381
1783,-0.703,48.007,94.575,1,8,2.00,NONE,SEG08,382
1784,-0.723,48.206,93.780,1,8,2.00,NONE,SEG08,382
1785,-0.744,48.405,92.984,1,8,2.00,NONE,SEG08,382
1786,-0.757,48.604,92.709,1,8,2.00,NONE,SEG08,382
1787,-0.766,48.804,92.709,1,8,2.00,NONE,SEG08,382
1788,-0.776,49.004,91.989,1,8,2.00,NONE,SEG08,382
1789,-0.785,49.204,91.170,1,8,2.00,NONE,SEG08,383
1790,-0.795,49.404,90.351,1,8,2.00,NONE,SEG08,383
1791,-0.804,49.603,89.532,1,8,2.00,NONE,SEG08,383
1792,-0.804,49.803,89.432,1,8,2.00,NONE,SEG08,383
1793,-0.802,50.003,89.344,1,8,2.00,NONE,SEG08,383
1794,-0.800,50.203,89.007,1,8,2.00,NONE,SEG08,384
1795,-0.798,50.403,88.670,1,8,2.00,NONE,SEG08,384
1796,-0.796,50.603,88.333,1,8,2.00,NONE,SEG08,384
1797,-0.793,50.803,88.084,1,8,2.00,NONE,SEG08,384
1798,-0.786,51.003,88.084,1,8,2.00,NONE,SEG08,384
1799,-0.779,51.203,88.090,1,8,2.00,NONE,SEG08,384
1800,-0.772,51.403,88.098,1,8,2.00,NONE,SEG08,385
1801,-0.766,51.603,88.106,1,8,2.00,NONE,SEG08,385
1802,-0.759,51.803,88.114,1,8,2.00,NONE,SEG08,385
1803,-0.753,52.003,88.116,1,8,2.00,NONE,SEG08,385
1804,-0.746,52.202,88.160,1,8,2.00,NONE,SEG08,385
1805,-0.739,52.402,88.232,1,8,2.00,NONE,SEG08,386
1806,-0.733,52.602,88.303,1,8,2.00,NONE,SEG08,386
1807,-0.726,52.802,88.375,1,8,2.00,NONE,SEG08,386
1808,-0.720,53.002,88.402,1,8,2.00,NONE,SEG08,386
1809,-0.715,53.202,88.452,1,8,2.00,NONE,SEG08,386
1810,-0.709,53.402,88.538,1,8,2.00,NONE,SEG08,387
1811,-0.704,53.602,88.624,1,8,2.00,NONE,SEG08,387
1812,-0.698,53.802,88.711,1,8,2.00,NONE,SEG08,387
1813,-0.693,54.002,88.746,1,8,2.00,NONE,SEG08,387
1814,-0.689,54.202,88.867,1,8,2.00,NONE,SEG08,387
1815,-0.684,54.402,89.089,1,8,2.00,NONE,SEG08,388
1816,-0.680,54.601,89.312,1,8,2.00,NONE,SEG08,388
1817,-0.676,54.801,89.534,1,8,2.00,NONE,SEG08,388
1818,-0.673,55.001,89.636,1,8,2.00,NONE,SEG08,388
1819,-0.672,55.201,89.568,1,8,2.00,NONE,SEG08,388
1820,-0.670,55.401,89.428,1,8,2.00,NONE,SEG08,389
1821,-0.669,55.601,89.289,1,8,2.00,NONE,SEG08,389
1822,-0.668,55.801,89.149,1,8,2.00,NONE,SEG08,389
1823,-0.666,56.001,89.077,1,8,2.00,NONE,SEG08,389
1824,-0.662,56.201,89.070,1,8,2.00,NONE,SEG08,389
1825,-0.659,56.401,89.047,1,8,2.00,NONE,SEG08,389
1826,-0.656,56.601,89.024,1,8,2.00,NONE,SEG08,390
1827,-0.653,56.801,89.002,1,8,2.00,NONE,SEG08,390
1828,-0.649,57.001,88.985,1,8,2.00,NONE,SEG08,390
1829,-0.646,57.201,88.985,1,8,2.00,NONE,SEG08,390
1830,-0.642,57.401,88.875,1,8,2.00,NONE,SEG08,390
1831,-0.639,57.601,88.748,1,8,2.00,NONE,SEG08,391
1832,-0.635,57.801,88.621,1,8,2.00,NONE,SEG08,391
1833,-0.632,58.001,88.494,1,8,2.00,NONE,SEG08,391
1834,-0.627,58.201,88.477,1,8,2.00,NONE,SEG08,391
1835,-0.621,58.401,88.401,1,8,2.00,NONE,SEG08,391
1836,-0.616,58.601,88.234,1,8,2.00,NONE,SEG08,392
1837,-0.611,58.801,88.067,1,8,2.00,NONE,SEG08,392
1838,-0.605,59.001,87.901,1,8,2.00,NONE,SEG08,392
1839,-0.599,59.201,87.811,1,8,2.00,NONE,SEG08,392
1840,-0.591,59.400,87.804,1,8,2.00,NONE,SEG08,392
1841,-0.584,59.600,87.701,1,8,2.00,NONE,SEG08,392
1842,-0.576,59.800,87.597,1,8,2.00,NONE,SEG08,393
1843,-0.568,60.000,87.493,1,8,2.00,NONE,SEG08,393
1844,-0.561,60.200,87.396,1,8,2.00,NONE,SEG08,393
1845,-0.552,60.400,87.396,1,8,2.00,NONE,SEG08,393
1846,-0.542,60.599,87.414,1,8,2.00,NONE,SEG08,393
1847,-0.533,60.799,87.450,1,8,2.00,NONE,SEG08,394
1848,-0.524,60.999,87.487,1,8,2.00,NONE,SEG08,394
1849,-0.515,61.199,87.523,1,8,2.00,NONE,SEG08,394
1850,-0.506,61.399,87.541,1,8,2.00,NONE,SEG08,394
1851,-0.498,61.598,87.541,1,8,2.00,NONE,SEG08,394
1852,-0.489,61.798,87.420,1,8,2.00,NONE,SEG08,394
1853,-0.481,61.998,87.290,1,8,2.00,NONE,SEG08,395
1854,-0.472,62.198,87.161,1,8,2.00,NONE,SEG08,395
1855,-0.463,62.398,87.032,1,8,2.00,NONE,SEG08,395
1856,-0.453,62.597,87.024,1,8,2.00,NONE,SEG08,395
1857,-0.443,62.797,86.732,1,8,2.00,NONE,SEG08,395
1858,-0.432,62.997,86.230,1,8,2.00,NONE,SEG08,396
1859,-0.422,63.197,85.728,1,8,2.00,NONE,SEG08,396
1860,-0.412,63.396,85.225,1,8,2.00,NONE,SEG08,396
1861,-0.397,63.596,85.015,1,8,2.00,NONE,SEG08,396
1862,-0.380,63.795,84.832,1,8,2.00,NONE,SEG08,396
1863,-0.362,63.994,84.253,1,8,2.00,NONE,SEG08,396
1864,-0.345,64.194,83.673,1,8,2.00,NONE,SEG08,397
1865,-0.328,64.393,83.094,1,8,2.00,NONE,SEG08,397
1866,-0.308,64.592,82.697,1,8,2.00,NONE,SEG08,397
1867,-0.282,64.790,82.616,1,8,2.00,NONE,SEG08,397
1868,-0.257,64.989,81.445,1,8,2.00,NONE,SEG08,397
1869,-0.232,65.187,80.272,1,8,2.00,NONE,SEG08,398
1870,-0.206,65.385,79.100,1,8,2.00,NONE,SEG08,398
1871,-0.180,65.584,78.010,1,8,2.00,NONE,SEG08,398
1872,-0.138,65.779,78.003,1,8,2.00,NONE,SEG08,398
1873,-0.096,65.975,76.133,1,8,2.00,NONE,SEG08,398
1874,-0.055,66.170,74.259,1,8,2.00,NONE,SEG08,399
1875,-0.013,66.366,72.385,1,8,2.00,NONE,SEG08,399
1876,0.028,66.562,70.522,1,8,2.00,NONE,SEG08,399
1877,0.095,66.750,70.522,1,8,2.00,NONE,SEG08,399
1878,0.162,66.939,68.743,1,8,2.00,NONE,SEG08,399
1879,0.228,67.127,66.338,1,8,2.00,NONE,SEG08,400
1880,0.295,67.316,63.931,1,8,2.00,NONE,SEG08,400
1881,0.362,67.504,61.531,1,8,2.00,NONE,SEG08,400
1882,0.451,67.683,60.908,1,8,2.00,NONE,SEG08,400
1883,0.548,67.858,60.336,1,8,2.00,NONE,SEG08,400
1884,0.645,68.032,57.945,1,8,2.00,NONE,SEG08,400
1885,0.743,68.207,55.547,1,8,2.00,NONE,SEG08,401
1886,0.840,68.382,53.152,1,8,2.00,NONE,SEG08,401
1887,0.944,68.552,51.331,1,8,2.00,NONE,SEG08,401
1888,1.069,68.708,51.331,1,8,2.00,NONE,SEG08,401
1889,1.194,68.865,49.860,1,8,2.00,NONE,SEG08,401
1890,1.319,69.021,47.128,1,8,2.00,NONE,SEG08,402
1891,1.444,69.177,44.390,1,8,2.00,NONE,SEG08,402
1892,1.569,69.333,41.659,1,8,2.00,NONE,SEG08,402
1893,1.708,69.475,40.399,1,8,2.00,NONE,SEG08,402
1894,1.861,69.605,40.399,1,8,2.00,NONE,SEG08,402
1895,2.013,69.734,38.754,1,8,2.00,NONE,SEG08,402
1896,2.165,69.864,36.353,1,8,2.00,NONE,SEG08,403
1897,2.317,69.993,33.950,1,8,2.00,NONE,SEG08,403
1898,2.470,70.123,31.552,1,8,2.00,NONE,SEG08,403
1899,2.635,70.234,30.798,1,8,2.00,NONE,SEG08,403
1900,2.807,70.336,30.798,1,8,2.00,NONE,SEG08,403
1901,2.979,70.439,29.426,1,8,2.00,NONE,SEG08,403
1902,3.151,70.541,27.055,1,8,2.00,NONE,SEG08,404
1903,3.323,70.644,24.682,1,8,2.00,NONE,SEG08,404
1904,3.494,70.746,22.313,1,8,2.00,NONE,SEG08,404
1905,3.675,70.831,21.316,1,8,2.00,NONE,SEG08,404
1906,3.861,70.904,21.316,1,8,2.00,NONE,SEG08,404
1907,4.047,70.977,20.262,1,8,2.00,NONE,SEG08,404
1908,4.234,71.049,18.342,1,8,2.00,NONE,SEG08,405
1909,4.420,71.122,16.419,1,8,2.00,NONE,SEG08,405
1910,4.606,71.195,14.499,1,8,2.00,NONE,SEG08,405
1911,4.797,71.253,13.632,1,8,2.00,NONE,SEG08,405
1912,4.991,71.301,13.632,1,8,2.00,NONE,SEG08,405
1913,5.186,71.348,12.514,1,8,2.00,NONE,SEG08,405
1914,5.380,71.395,11.227,1,8,2.00,NONE,SEG08,406
1915,5.574,71.442,9.939,1,8,2.00,NONE,SEG08,406
1916,5.769,71.489,8.653,1,8,2.00,NONE,SEG08,406
1917,5.966,71.521,8.484,1,8,2.00,NONE,SEG08,406
1918,6.164,71.550,8.271,1,8,2.00,NONE,SEG08,406
1919,6.362,71.580,7.552,1,8,2.00,NONE,SEG08,407
1920,6.560,71.609,6.833,1,8,2.00,NONE,SEG08,407
1921,6.757,71.639,6.114,1,8,2.00,NONE,SEG08,407
1922,6.956,71.666,5.609,1,8,2.00,NONE,SEG08,407
1923,7.155,71.685,5.609,1,8,2.00,NONE,SEG08,407
1924,7.354,71.705,5.203,1,8,2.00,NONE,SEG08,407
1925,7.553,71.724,4.758,1,8,2.00,NONE,SEG08,408
1926,7.752,71.744,4.312,1,8,2.00,NONE,SEG08,408
1927,7.951,71.763,3.867,1,8,2.00,NONE,SEG08,408
1928,8.150,71.777,3.827,1,8,2.00,NONE,SEG08,408
1929,8.350,71.791,3.503,1,8,2.00,NONE,SEG08,408
1930,8.549,71.804,3.050,1,8,2.00,NONE,SEG08,409
1931,8.749,71.817,2.597,1,8,2.00,NONE,SEG08,409
1932,8.948,71.831,2.144,1,8,2.00,NONE,SEG08,409
1933,9.148,71.839,2.015,1,8,2.00,NONE,SEG08,409
1934,9.348,71.846,2.008,1,8,2.00,NONE,SEG08,409
1935,9.548,71.853,1.999,1,8,2.00,NONE,SEG08,410
1936,9.748,71.861,1.990,1,8,2.00,NONE,SEG08,410
1937,9.948,71.868,1.982,1,8,2.00,NONE,SEG08,410
1938,10.148,71.874,1.979,1,8,2.00,NONE,SEG08,410
1939,10.348,71.881,1.637,1,8,2.00,NONE,SEG08,410
1940,10.547,71.888,1.203,1,8,2.00,NONE,SEG08,411
1941,10.747,71.895,0.770,1,8,2.00,NONE,SEG08,411
1942,10.947,71.902,0.336,1,8,2.00,NONE,SEG08,411
1943,11.147,71.904,0.241,1,8,2.00,NONE,SEG08,411
1944,11.347,71.905,-0.134,1,8,2.00,NONE,SEG08,411
1945,11.547,71.906,-0.509,1,8,2.00,NONE,SEG08,412
1946,11.747,71.907,-0.884,1,8,2.00,NONE,SEG08,412
1947,11.947,71.908,-1.255,1,8,2.00,NONE,SEG08,412
1948,12.147,71.903,-1.287,1,8,2.00,NONE,SEG08,412
1949,12.347,71.899,-1.587,1,8,2.00,NONE,SEG08,412
1950,12.547,71.894,-1.887,1,8,2.00,NONE,SEG08,413
1951,12.747,71.890,-2.187,1,8,2.00,NONE,SEG08,413
1952,12.947,71.885,-2.455,1,8,2.00,NONE,SEG08,413
1953,13.147,71.877,-2.440,1,8,2.00,NONE,SEG08,413
1954,13.347,71.868,-2.403,1,8,2.00,NONE,SEG08,413
1955,13.546,71.860,-2.365,1,8,2.00,NONE,SEG08,414
1956,13.746,71.851,-2.328,1,8,2.00,NONE,SEG08,414
1957,13.946,71.843,-2.305,1,8,2.00,NONE,SEG08,414
1958,14.146,71.835,-2.462,1,8,2.00,NONE,SEG08,414
1959,14.346,71.827,-2.638,1,8,2.00,NONE,SEG08,415
1960,14.545,71.818,-2.814,1,8,2.00,NONE,SEG08,415
1961,14.745,71.810,-2.989,1,8,2.00,NONE,SEG08,415
1962,14.945,71.800,-2.979,1,8,2.00,NONE,SEG08,415
1963,15.145,71.790,-2.903,1,8,2.00,NONE,SEG08,415
1964,15.345,71.779,-2.826,1,8,2.00,NONE,SEG08,416
1965,15.544,71.769,-2.749,1,8,2.00,NONE,SEG08,416
1966,15.744,71.759,-2.701,1,8,2.00,NONE,SEG08,416
1967,15.944,71.749,-2.574,1,8,2.00,NONE,SEG08,416
1968,16.144,71.740,-2.447,1,8,2.00,NONE,SEG08,417
1969,16.343,71.730,-2.320,1,8,2.00,NONE,SEG08,417
1970,16.543,71.721,-2.192,1,8,2.00,NONE,SEG08,417
1971,16.743,71.713,-2.283,1,8,2.00,NONE,SEG08,417
1972,16.943,71.706,-2.419,1,8,2.00,NONE,SEG08,417
1973,17.143,71.698,-2.554,1,8,2.00,NONE,SEG08,418
1974,17.343,71.690,-2.689,1,8,2.00,NONE,SEG08,418
1975,17.542,71.681,-2.797,1,8,2.00,NONE,SEG08,418
1976,17.742,71.672,-3.046,1,8,2.00,NONE,SEG08,418
1977,17.942,71.662,-3.295,1,8,2.00,NONE,SEG08,419
1978,18.142,71.653,-3.544,1,8,2.00,NONE,SEG08,419
1979,18.341,71.642,-3.728,1,8,2.00,NONE,SEG08,419
1980,18.541,71.629,-3.832,1,8,2.00,NONE,SEG08,419
1981,18.741,71.616,-3.992,1,8,2.00,NONE,SEG08,419
1982,18.940,71.603,-4.151,1,8,2.00,NONE,SEG08,420
1983,19.140,71.590,-4.311,1,8,2.00,NONE,SEG08,420
1984,19.339,71.576,-4.367,1,8,2.00,NONE,SEG08,420
1985,19.539,71.561,-4.601,1,8,2.00,NONE,SEG08,420
1986,19.738,71.545,-4.848,1,8,2.00,NONE,SEG08,421
1987,19.937,71.530,-5.094,1,8,2.00,NONE,SEG08,421
1988,20.137,71.515,-5.340,1,8,2.00,NONE,SEG08,421
1989,20.336,71.496,-5.351,1,8,2.00,NONE,SEG08,421
1990,20.535,71.478,-6.867,1,8,2.00,NONE,SEG08,421
1991,20.734,71.459,-8.401,1,8,2.00,NONE,SEG08,422
1992,20.933,71.441,-9.934,1,8,2.00,NONE,SEG08,422
1993,21.132,71.422,-11.465,1,8,2.00,NONE,SEG08,422
1994,21.328,71.382,-11.554,1,8,2.00,NONE,SEG08,422
1995,21.524,71.342,-13.901,1,8,2.00,NONE,SEG08,422
1996,21.720,71.303,-16.255,1,8,2.00,NONE,SEG08,423
1997,21.916,71.263,-18.609,1,8,2.00,NONE,SEG08,423
1998,22.112,71.222,-20.882,1,8,2.00,NONE,SEG08,423
1999,22.299,71.151,-21.985,1,8,2.00,NONE,SEG08,423
2000,22.486,71.080,-26.173,1,8,2.00,NONE,SEG08,423
2001,22.673,71.008,-30.394,1,8,2.00,NONE,SEG08,424
2002,22.860,70.937,-34.603,1,8,2.00,NONE,SEG08,424
2003,23.039,70.852,-37.693,1,8,2.00,NONE,SEG08,424
2004,23.197,70.730,-41.133,1,8,2.00,NONE,SEG08,424
2005,23.356,70.608,-46.505,1,8,2.00,NONE,SEG08,424
2006,23.514,70.486,-51.912,1,8,2.00,NONE,SEG08,425
2007,23.672,70.363,-57.257,1,8,2.00,NONE,SEG08,425
2008,23.795,70.210,-59.171,1,8,2.00,NONE,SEG08,425
2009,23.897,70.038,-60.192,1,8,2.00,NONE,SEG08,425
2010,24.000,69.866,-63.720,1,8,2.00,NONE,SEG08,425
2011,24.102,69.694,-67.267,1,8,2.00,NONE,SEG08,426
2012,24.205,69.523,-70.806,1,8,2.00,NONE,SEG08,426
2013,24.295,69.345,-73.316,1,8,2.00,NONE,SEG08,426
2014,24.352,69.154,-73.316,1,8,2.00,NONE,SEG08,426
2015,24.409,68.962,-74.105,1,8,2.00,NONE,SEG08,426
2016,24.467,68.771,-76.446,1,8,2.00,NONE,SEG08,427
2017,24.524,68.579,-78.793,1,8,2.00,NONE,SEG08,427
2018,24.582,68.387,-81.136,1,8,2.00,NONE,SEG08,427
2019,24.628,68.193,-82.690,1,8,2.00,NONE,SEG08,427
2020,24.654,67.995,-82.690,1,8,2.00,NONE,SEG08,427
2021,24.679,67.797,-83.103,1,8,2.00,NONE,SEG08,427
2022,24.705,67.598,-84.397,1,8,2.00,NONE,SEG08,428
2023,24.730,67.400,-85.693,1,8,2.00,NONE,SEG08,428
2024,24.756,67.202,-86.988,1,8,2.00,NONE,SEG08,428
2025,24.775,67.003,-87.870,1,8,2.00,NONE,SEG08,428
2026,24.783,66.803,-87.870,1,8,2.00,NONE,SEG08,428
2027,24.790,66.603,-87.977,1,8,2.00,NONE,SEG08,428
2028,24.798,66.403,-88.410,1,8,2.00,NONE,SEG08,429
2029,24.805,66.203,-88.844,1,8,2.00,NONE,SEG08,429
2030,24.813,66.003,-89.277,1,8,2.00,NONE,SEG08,429
2031,24.818,65.804,-89.604,1,8,2.00,NONE,SEG08,429
2032,24.820,65.604,-89.604,1,8,2.00,NONE,SEG08,429
2033,24.821,65.404,-89.472,1,8,2.00,NONE,SEG08,429
2034,24.823,65.204,-89.244,1,8,2.00,NONE,SEG08,430
2035,24.824,65.004,-89.016,1,8,2.00,NONE,SEG08,430
2036,24.825,64.804,-88.788,1,8,2.00,NONE,SEG08,430
2037,24.829,64.604,-88.691,1,8,2.00,NONE,SEG08,430
2038,24.833,64.404,-88.872,1,8,2.00,NONE,SEG08,430
2039,24.838,64.204,-89.160,1,8,2.00,NONE,SEG08,431
2040,24.842,64.004,-89.448,1,8,2.00,NONE,SEG08,431
2041,24.847,63.804,-89.735,1,8,2.00,NONE,SEG08,431
2042,24.849,63.604,-89.887,1,8,2.00,NONE,SEG08,431
2043,24.849,63.404,-90.285,1,8,2.00,NONE,SEG08,431
2044,24.850,63.204,-90.683,1,8,2.00,NONE,SEG08,432
2045,24.851,63.004,-91.080,1,8,2.00,NONE,SEG08,432
2046,24.850,62.804,-91.433,1,8,2.00,NONE,SEG08,432
2047,24.845,62.604,-91.576,1,8,2.00,NONE,SEG08,432
2048,24.840,62.404,-91.845,1,8,2.00,NONE,SEG08,432
2049,24.835,62.204,-92.113,1,8,2.00,NONE,SEG08,433
2050,24.830,62.004,-92.382,1,8,2.00,NONE,SEG08,433
2051,24.823,61.804,-92.508,1,8,2.00,NONE,SEG08,433
2052,24.815,61.604,-92.192,1,8,2.00,NONE,SEG08,433
2053,24.806,61.405,-91.849,1,8,2.00,NONE,SEG08,434
2054,24.797,61.205,-91.506,1,8,2.00,NONE,SEG08,434
2055,24.788,61.005,-91.163,1,8,2.00,NONE,SEG08,434
2056,24.784,60.805,-91.238,1,8,2.00,NONE,SEG08,434
2057,24.780,60.605,-91.886,1,8,2.00,NONE,SEG08,434
2058,24.776,60.405,-92.535,1,8,2.00,NONE,SEG08,435
2059,24.772,60.205,-93.183,1,8,2.00,NONE,SEG08,435
2060,24.767,60.005,-93.730,1,8,2.00,NONE,SEG08,435
2061,24.754,59.806,-93.449,1,8,2.00,NONE,SEG08,435
2062,24.741,59.606,-93.030,1,8,2.00,NONE,SEG08,435
2063,24.728,59.407,-92.611,1,8,2.00,NONE,SEG08,436
2064,24.715,59.207,-92.192,1,8,2.00,NONE,SEG08,436
2065,24.706,59.007,-92.062,1,8,2.00,NONE,SEG08,436
2066,24.699,58.807,-92.167,1,8,2.00,NONE,SEG08,436
2067,24.691,58.607,-92.272,1,8,2.00,NONE,SEG08,437
2068,24.684,58.408,-92.377,1,8,2.00,NONE,SEG08,437
2069,24.677,58.208,-92.475,1,8,2.00,NONE,SEG08,437
2070,24.668,58.008,-92.302,1,8,2.00,NONE,SEG08,437
2071,24.660,57.808,-91.879,1,8,2.00,NONE,SEG08,437
2072,24.651,57.608,-91.457,1,8,2.00,NONE,SEG08,438
2073,24.642,57.408,-91.034,1,8,2.00,NONE,SEG08,438
2074,24.636,57.209,-90.785,1,8,2.00,NONE,SEG08,438
2075,24.633,57.009,-90.971,1,8,2.00,NONE,SEG08,438
2076,24.631,56.809,-91.225,1,8,2.00,NONE,SEG08,439
2077,24.628,56.609,-91.480,1,8,2.00,NONE,SEG08,439
2078,24.625,56.409,-91.734,1,8,2.00,NONE,SEG08,439
2079,24.620,56.209,-91.802,1,8,2.00,NONE,SEG08,439
2080,24.614,56.009,-91.676,1,8,2.00,NONE,SEG08,439
2081,24.607,55.809,-91.537,1,8,2.00,NONE,SEG08,440
2082,24.601,55.609,-91.397,1,8,2.00,NONE,SEG08,440
2083,24.595,55.409,-91.258,1,8,2.00,NONE,SEG08,440
2084,24.590,55.209,-91.245,1,8,2.00,NONE,SEG08,440
2085,24.586,55.009,-91.644,1,8,2.00,NONE,SEG08,440
2086,24.581,54.809,-92.072,1,8,2.00,NONE,SEG08,441
2087,24.577,54.609,-92.500,1,8,2.00,NONE,SEG08,441
2088,24.573,54.409,-92.928,1,8,2.00,NONE,SEG08,441
2089,24.563,54.210,-92.958,1,8,2.00,NONE,SEG08,441
2090,24.553,54.010,-92.763,1,8,2.00,NONE,SEG08,441
2091,24.542,53.810,-92.560,1,8,2.00,NONE,SEG08,442
2092,24.532,53.610,-92.357,1,8,2.00,NONE,SEG08,442
2093,24.522,53.411,-92.154,1,8,2.00,NONE,SEG08,442
2094,24.514,53.211,-92.167,1,8,2.00,NONE,SEG08,442
2095,24.507,53.011,-92.598,1,8,2.00,NONE,SEG08,442
2096,24.499,52.811,-93.030,1,8,2.00,NONE,SEG08,443
2097,24.492,52.611,-93.461,1,8,2.00,NONE,SEG08,443
2098,24.484,52.411,-93.872,1,8,2.00,NONE,SEG08,443
2099,24.470,52.212,-93.849,1,8,2.00,NONE,SEG08,443
2100,24.457,52.012,-93.796,1,8,2.00,NONE,SEG08,443
2101,24.443,51.813,-93.742,1,8,2.00,NONE,SEG08,444
2102,24.430,51.613,-93.688,1,8,2.00,NONE,SEG08,444
2103,24.417,51.414,-93.657,1,8,2.00,NONE,SEG08,444
2104,24.404,51.214,-93.546,1,8,2.00,NONE,SEG08,444
2105,24.391,51.014,-93.409,1,8,2.00,NONE,SEG08,445
2106,24.378,50.815,-93.273,1,8,2.00,NONE,SEG08,445
2107,24.366,50.615,-93.136,1,8,2.00,NONE,SEG08,445
2108,24.354,50.416,-93.049,1,8,2.00,NONE,SEG08,445
2109,24.343,50.216,-92.931,1,8,2.00,NONE,SEG08,445
2110,24.333,50.016,-92.813,1,8,2.00,NONE,SEG08,446
2111,24.322,49.816,-92.695,1,8,2.00,NONE,SEG08,446
2112,24.312,49.617,-92.678,1,8,2.00,NONE,SEG08,446
2113,24.303,49.417,-92.779,1,8,2.00,NONE,SEG08,446
2114,24.293,49.217,-92.880,1,8,2.00,NONE,SEG08,447
2115,24.284,49.017,-92.982,1,8,2.00,NONE,SEG08,447
2116,24.274,48.818,-93.045,1,8,2.00,NONE,SEG08,447
2117,24.264,48.618,-93.079,1,8,2.00,NONE,SEG08,447
2118,24.253,48.418,-93.114,1,8,2.00,NONE,SEG08,448
2119,24.243,48.218,-93.150,1,8,2.00,NONE,SEG08,448
2120,24.232,48.019,-93.185,1,8,2.00,NONE,SEG08,448
2121,24.221,47.819,-93.258,1,8,2.00,NONE,SEG08,448
2122,24.210,47.619,-93.481,1,8,2.00,NONE,SEG08,448
2123,24.199,47.420,-93.705,1,8,2.00,NONE,SEG08,449
2124,24.187,47.220,-93.929,1,8,2.00,NONE,SEG08,449
2125,24.175,47.020,-94.177,1,8,2.00,NONE,SEG08,449
2126,24.161,46.821,-94.522,1,8,2.00,NONE,SEG08,449
2127,24.147,46.621,-94.867,1,8,2.00,STOP_LINE,SEG08,450
2128,24.133,46.422,-95.212,1,8,2.00,NONE,SEG08,450
2129,24.117,46.223,-95.430,1,8,2.00,NONE,SEG08,450
2130,24.098,46.023,-95.347,1,8,2.00,NONE,SEG08,450
2131,24.079,45.824,-95.264,1,8,2.00,NONE,SEG08,451
2132,24.060,45.625,-95.181,1,8,2.00,NONE,SEG08,451
2133,24.041,45.426,-94.820,1,8,2.00,NONE,SEG08,451
2134,24.023,45.227,-94.468,1,8,2.00,NONE,SEG08,451
2135,24.006,45.028,-94.001,1,8,2.00,NONE,SEG08,452
2136,23.988,44.828,-92.701,1,8,2.00,NONE,SEG08,452
2137,23.974,44.629,-91.712,1,8,2.00,NONE,SEG08,452
2138,23.961,44.429,-90.287,1,8,2.00,NONE,SEG08,453
2139,23.950,44.230,-88.133,1,8,2.00,NONE,SEG08,453
2140,23.950,44.030,-86.809,1,8,2.00,NONE,SEG08,453
2141,23.950,43.830,-84.963,1,8,2.00,NONE,SEG08,454
2142,23.957,43.630,-82.644,1,8,2.00,NONE,SEG08,454
2143,23.976,43.431,-81.168,1,8,2.00,NONE,SEG08,454
2144,23.995,43.232,-79.692,1,8,2.00,NONE,SEG08,455
2145,24.020,43.034,-77.603,1,8,2.00,NONE,SEG08,455
2146,24.059,42.838,-76.453,1,8,2.00,NONE,SEG08,455
2147,24.098,42.641,-75.303,1,8,2.00,NONE,SEG08,456
2148,24.138,42.445,-74.008,1,8,2.00,NONE,SEG08,456
2149,24.192,42.253,-73.014,1,8,2.00,NONE,SEG08,456
2150,24.247,42.060,-72.031,1,8,2.00,NONE,SEG08,457
2151,24.301,41.868,-71.048,1,8,2.00,NONE,SEG08,457
2152,24.358,41.676,-70.211,1,8,2.00,NONE,SEG08,457
2153,24.426,41.488,-69.057,1,8,2.00,NONE,SEG08,457
2154,24.493,41.300,-67.625,1,8,2.00,NONE,SEG08,457
2155,24.561,41.112,-66.192,1,8,2.00,NONE,SEG08,458
2156,24.629,40.924,-64.761,1,8,2.00,NONE,SEG08,458
2157,24.711,40.742,-64.048,1,8,2.00,NONE,SEG08,458
2158,24.797,40.561,-62.784,1,8,2.00,NONE,SEG08,458
2159,24.884,40.381,-61.518,1,8,2.00,NONE,SEG08,459
2160,24.970,40.200,-60.253,1,8,2.00,NONE,SEG08,459
2161,25.061,40.022,-59.424,1,8,2.00,NONE,SEG08,459
2162,25.163,39.850,-58.210,1,8,2.00,NONE,SEG08,459
2163,25.265,39.678,-56.506,1,6,2.00,NONE,SEG06,285
2164,25.367,39.506,-54.802,1,8,2.00,NONE,SEG08,460
2165,25.468,39.334,-53.099,1,8,2.00,NONE,SEG08,460
2166,25.584,39.171,-52.585,1,8,2.00,NONE,SEG08,460
2167,25.705,39.012,-50.910,1,8,2.00,NONE,SEG08,460
2168,25.827,38.853,-49.233,1,8,2.00,NONE,SEG08,461
2169,25.948,38.694,-47.555,1,8,2.00,NONE,SEG08,461
2170,26.070,38.536,-45.905,1,8,2.00,NONE,SEG08,461
2171,26.209,38.392,-45.223,1,8,2.00,NONE,SEG08,461
2172,26.348,38.248,-42.781,1,8,2.00,NONE,SEG08,461
2173,26.488,38.105,-40.332,1,8,2.00,NONE,SEG08,462
2174,26.627,37.961,-37.885,1,8,2.00,NONE,SEG08,462
2175,26.772,37.825,-36.124,1,8,2.00,NONE,SEG08,462
2176,26.934,37.707,-35.053,1,8,2.00,NONE,SEG08,462
2177,27.095,37.589,-32.716,1,8,2.00,NONE,SEG08,462
2178,27.257,37.471,-30.375,1,8,2.00,NONE,SEG08,463
2179,27.418,37.353,-28.037,1,8,2.00,NONE,SEG08,463
2180,27.588,37.248,-26.771,1,4,2.00,NONE,SEG04,158
2181,27.766,37.158,-25.857,1,4,2.00,NONE,SEG04,158
2182,27.945,37.068,-23.998,1,4,2.00,NONE,SEG04,158
2183,28.123,36.977,-22.137,1,8,2.00,NONE,SEG08,464
2184,28.302,36.887,-20.278,1,8,2.00,NONE,SEG08,464
2185,28.485,36.809,-19.334,1,8,2.00,NONE,SEG08,464
2186,28.674,36.743,-18.630,1,8,2.00,NONE,SEG08,464
2187,28.863,36.677,-17.265,1,8,2.00,NONE,SEG08,465
2188,29.052,36.610,-15.900,1,8,2.00,NONE,SEG08,465
2189,29.240,36.544,-14.535,1,8,2.00,NONE,SEG08,465
2190,29.432,36.487,-13.874,1,8,2.00,NONE,SEG08,465
2191,29.626,36.439,-13.606,1,8,2.00,NONE,SEG08,465
2192,29.820,36.391,-12.361,1,8,2.00,NONE,SEG08,465
2193,30.014,36.343,-11.114,1,8,2.00,NONE,SEG08,466
2194,30.209,36.295,-9.868,1,8,2.00,NONE,SEG08,466
2195,30.403,36.251,-8.890,1,8,2.00,NONE,SEG08,466
2196,30.601,36.220,-8.890,1,8,2.00,NONE,SEG08,466
2197,30.799,36.189,-8.231,1,8,2.00,NONE,SEG08,466
2198,30.996,36.158,-7.436,1,8,2.00,NONE,SEG08,467
2199,31.194,36.128,-6.641,1,8,2.00,NONE,SEG08,467
2200,31.391,36.097,-5.846,1,8,2.00,NONE,SEG08,467
2201,31.590,36.075,-5.709,1,8,2.00,NONE,SEG08,467
2202,31.789,36.055,-5.614,1,8,2.00,NONE,SEG08,467
2203,31.988,36.035,-5.381,1,8,2.00,NONE,SEG08,468
2204,32.187,36.015,-5.148,1,8,2.00,NONE,SEG08,468
2205,32.386,35.995,-4.916,1,8,2.00,NONE,SEG08,468
2206,32.585,35.977,-4.778,1,8,2.00,NONE,SEG08,468
2207,32.785,35.960,-4.778,1,8,2.00,NONE,SEG08,468
2208,32.984,35.943,-4.403,1,8,2.00,NONE,SEG08,468
2209,33.183,35.927,-4.022,1,8,2.00,NONE,SEG08,469
2210,33.383,35.910,-3.641,1,8,2.00,NONE,SEG08,469
2211,33.582,35.893,-3.260,1,8,2.00,NONE,SEG08,469
2212,33.782,35.882,-3.254,1,8,2.00,NONE,SEG08,469
2213,33.981,35.871,-3.125,1,8,2.00,NONE,SEG08,469
2214,34.181,35.859,-2.682,1,8,2.00,NONE,SEG08,470
2215,34.381,35.848,-2.239,1,8,2.00,NONE,SEG08,470
2216,34.580,35.837,-1.796,1,8,2.00,NONE,SEG08,470
2217,34.780,35.827,-1.483,1,8,2.00,NONE,SEG08,470
2218,34.980,35.822,-1.483,1,8,2.00,NONE,SEG08,470
2219,35.180,35.817,-1.199,1,8,2.00,NONE,SEG08,470
2220,35.380,35.811,-0.833,1,8,2.00,NONE,SEG08,471
2221,35.580,35.806,-0.467,1,8,2.00,NONE,SEG08,471
2222,35.780,35.801,-0.101,1,8,2.00,NONE,SEG08,471
2223,35.980,35.800,-0.020,1,8,2.00,NONE,SEG08,471
2224,36.180,35.800,-0.013,1,8,2.00,NONE,SEG08,471
2225,36.380,35.800,0.008,1,8,2.00,NONE,SEG08,472
2226,36.580,35.800,0.030,1,8,2.00,NONE,SEG08,472
2227,36.780,35.800,0.051,1,8,2.00,NONE,SEG08,472
2228,36.980,35.800,0.066,1,8,2.00,NONE,SEG08,472
2229,37.180,35.800,0.066,1,8,2.00,NONE,SEG08,472
2230,37.380,35.800,0.293,1,8,2.00,NONE,SEG08,472
2231,37.580,35.800,0.570,1,8,2.00,NONE,SEG08,473
2232,37.780,35.801,0.846,1,8,2.00,NONE,SEG08,473
2233,37.980,35.801,1.122,1,8,2.00,NONE,SEG08,473
2234,38.180,35.804,1.171,1,8,2.00,NONE,SEG08,473
2235,38.380,35.808,1.154,1,8,2.00,NONE,SEG08,473
2236,38.580,35.812,1.108,1,8,2.00,NONE,SEG08,474
2237,38.779,35.817,1.062,1,8,2.00,NONE,SEG08,474
2238,38.979,35.821,1.016,1,8,2.00,NONE,SEG08,474
2239,39.179,35.824,0.987,1,8,2.00,NONE,SEG08,474
2240,39.379,35.828,0.985,1,8,2.00,NONE,SEG08,474
2241,39.579,35.831,0.831,1,8,2.00,NONE,SEG08,474
2242,39.779,35.835,0.677,1,8,2.00,NONE,SEG08,475
2243,39.979,35.838,0.523,1,8,2.00,NONE,SEG08,475
2244,40.179,35.842,0.371,1,8,2.00,NONE,SEG08,475
2245,40.379,35.843,0.371,1,8,2.00,NONE,SEG08,475
2246,40.579,35.844,0.176,1,8,2.00,NONE,SEG08,475
2247,40.779,35.846,-0.072,1,8,2.00,NONE,SEG08,476
2248,40.979,35.847,-0.320,1,8,2.00,NONE,SEG08,476
2249,41.179,35.848,-0.567,1,8,2.00,NONE,SEG08,476
2250,41.379,35.847,-0.621,1,8,2.00,NONE,SEG08,476
2251,41.579,35.845,-0.691,1,8,2.00,NONE,SEG08,476
2252,41.779,35.842,-0.849,1,8,2.00,NONE,SEG08,477
2253,41.979,35.840,-1.007,1,8,2.00,NONE,SEG08,477
2254,42.179,35.838,-1.166,1,8,2.00,NONE,SEG08,477
2255,42.379,35.835,-1.254,1,8,2.00,NONE,SEG08,477
2256,42.579,35.830,-1.266,1,8,2.00,NONE,SEG08,477
2257,42.779,35.826,-1.336,1,8,2.00,NONE,SEG08,477
2258,42.979,35.822,-1.406,1,8,2.00,NONE,SEG08,478
2259,43.179,35.817,-1.476,1,8,2.00,NONE,SEG08,478
2260,43.379,35.813,-1.534,1,8,2.00,NONE,SEG08,478
2261,43.579,35.807,-1.534,1,8,2.00,NONE,SEG08,478
2262,43.779,35.802,-1.612,1,8,2.00,NONE,SEG08,478
2263,43.979,35.797,-1.692,1,8,2.00,NONE,SEG08,479
2264,44.179,35.791,-1.771,1,8,2.00,NONE,SEG08,479
2265,44.379,35.786,-1.851,1,8,2.00,NONE,SEG08,479
2266,44.578,35.780,-1.853,1,8,2.00,NONE,SEG08,479
2267,44.778,35.773,-1.850,1,8,2.00,NONE,SEG08,479
2268,44.978,35.767,-1.847,1,8,2.00,NONE,SEG08,480
2269,45.178,35.760,-1.844,1,8,2.00,NONE,SEG08,480
2270,45.378,35.754,-1.841,1,8,2.00,NONE,SEG08,480
2271,45.578,35.747,-1.840,1,8,2.00,NONE,SEG08,480
2272,45.778,35.741,-1.933,1,8,2.00,NONE,SEG08,480
2273,45.978,35.734,-2.038,1,8,2.00,NONE,SEG08,481
2274,46.178,35.728,-2.143,1,8,2.00,NONE,SEG08,481
2275,46.377,35.722,-2.248,1,8,2.00,NONE,SEG08,481
2276,46.577,35.714,-2.261,1,8,2.00,NONE,SEG08,481
2277,46.777,35.706,-2.351,1,8,2.00,NONE,SEG08,481
2278,46.977,35.698,-2.452,1,8,2.00,NONE,SEG08,482
2279,47.177,35.690,-2.553,1,8,2.00,NONE,SEG08,482
2280,47.377,35.682,-2.654,1,8,2.00,NONE,SEG08,482
2281,47.577,35.673,-2.664,1,8,2.00,NONE,SEG08,482
2282,47.776,35.664,-2.742,1,8,2.00,NONE,SEG08,482
2283,47.976,35.655,-2.828,1,8,2.00,NONE,SEG08,483
2284,48.176,35.645,-2.913,1,8,2.00,NONE,SEG08,483
2285,48.376,35.636,-2.998,1,8,2.00,NONE,SEG08,483
2286,48.575,35.626,-3.006,1,8,2.00,NONE,SEG08,483
2287,48.775,35.615,-2.971,1,8,2.00,NONE,SEG08,483
2288,48.975,35.605,-2.933,1,8,2.00,NONE,SEG08,484
2289,49.175,35.594,-2.894,1,8,2.00,NONE,SEG08,484
2290,49.374,35.584,-2.856,1,8,2.00,NONE,SEG08,484
2291,49.574,35.574,-2.851,1,8,2.00,NONE,SEG08,484
2292,49.774,35.564,-2.653,1,8,2.00,NONE,SEG08,484
2293,49.974,35.554,-2.395,1,8,2.00,NONE,SEG08,485
2294,50.173,35.544,-2.137,1,8,2.00,NONE,SEG08,485
2295,50.373,35.534,-1.880,1,8,2.00,NONE,SEG08,485
2296,50.573,35.527,-1.821,1,8,2.00,NONE,SEG08,485
2297,50.773,35.520,-1.853,1,8,2.00,NONE,SEG08,485
2298,50.973,35.514,-1.917,1,8,2.00,NONE,SEG08,486
2299,51.173,35.508,-1.981,1,8,2.00,NONE,SEG08,486
2300,51.373,35.501,-2.045,1,8,2.00,NONE,SEG08,486
2301,51.572,35.494,-2.076,1,8,2.00,NONE,SEG08,486
2302,51.772,35.487,-2.061,1,8,2.00,NONE,SEG08,486
2303,51.972,35.480,-1.959,1,8,2.00,NONE,SEG08,486
2304,52.172,35.473,-1.857,1,8,2.00,NONE,SEG08,487
2305,52.372,35.465,-1.755,1,8,2.00,NONE,SEG08,487
2306,52.572,35.458,-1.669,1,8,2.00,NONE,SEG08,487
2307,52.772,35.453,-1.669,1,8,2.00,NONE,SEG08,487
2308,52.972,35.447,-1.677,1,8,2.00,NONE,SEG08,487
2309,53.171,35.441,-1.686,1,8,2.00,NONE,SEG08,488
2310,53.371,35.435,-1.696,1,8,2.00,NONE,SEG08,488
2311,53.571,35.429,-1.705,1,8,2.00,NONE,SEG08,488
2312,53.771,35.423,-1.707,1,8,2.00,NONE,SEG08,488
2313,53.971,35.417,-1.753,1,8,2.00,NONE,SEG08,488
2314,54.171,35.411,-1.844,1,8,2.00,NONE,SEG08,489
2315,54.371,35.406,-1.936,1,8,2.00,NONE,SEG08,489
2316,54.571,35.400,-2.027,1,8,2.00,NONE,SEG08,489
2317,54.771,35.393,-2.073,1,8,2.00,NONE,SEG08,489
2318,54.971,35.386,-2.100,1,8,2.00,NONE,SEG08,489
2319,55.170,35.379,-2.231,1,8,2.00,NONE,SEG08,489
2320,55.370,35.371,-2.362,1,8,2.00,NONE,SEG08,490
2321,55.570,35.364,-2.493,1,8,2.00,NONE,SEG08,490
2322,55.770,35.356,-2.597,1,8,2.00,NONE,SEG08,490
2323,55.970,35.347,-2.597,1,8,2.00,NONE,SEG08,490
2324,56.170,35.338,-2.342,1,8,2.00,NONE,SEG08,490
2325,56.369,35.329,-2.063,1,8,2.00,NONE,SEG08,491
2326,56.569,35.320,-1.784,1,8,2.00,NONE,SEG08,491
2327,56.769,35.311,-1.506,1,8,2.00,NONE,SEG08,491
2328,56.969,35.306,-1.482,1,8,2.00,NONE,SEG08,491
2329,57.169,35.300,-1.503,1,8,2.00,NONE,SEG08,491
2330,57.369,35.295,-1.531,1,8,2.00,NONE,SEG08,492
2331,57.569,35.290,-1.559,1,8,2.00,NONE,SEG08,492
2332,57.769,35.285,-1.587,1,8,2.00,NONE,SEG08,492
2333,57.969,35.279,-1.594,1,8,2.00,NONE,SEG08,492
2334,58.169,35.274,-1.488,1,8,2.00,NONE,SEG08,492
2335,58.368,35.268,-1.289,1,8,2.00,NONE,SEG08,493
2336,58.568,35.263,-1.091,1,8,2.00,NONE,SEG08,493
2337,58.768,35.257,-0.892,1,8,2.00,NONE,SEG08,493
2338,58.968,35.253,-0.800,1,8,2.00,NONE,SEG08,493
2339,59.168,35.250,-0.727,1,8,2.00,NONE,SEG08,493
2340,59.368,35.248,-0.503,1,8,2.00,NONE,SEG08,493
2341,59.568,35.245,-0.279,1,8,2.00,NONE,SEG08,494
2342,59.768,35.242,-0.055,1,8,2.00,NONE,SEG08,494
2343,59.968,35.240,0.097,1,8,2.00,NONE,SEG08,494
2344,60.168,35.241,0.099,1,8,2.00,NONE,SEG08,494
2345,60.368,35.241,0.124,1,8,2.00,NONE,SEG08,494
2346,60.568,35.241,0.150,1,8,2.00,NONE,SEG08,495
2347,60.768,35.242,0.175,1,8,2.00,NONE,SEG08,495
2348,60.968,35.242,0.198,1,8,2.00,NONE,SEG08,495
2349,61.168,35.243,0.198,1,8,2.00,NONE,SEG08,495
2350,61.368,35.243,0.192,1,8,2.00,NONE,SEG08,495
2351,61.568,35.244,0.184,1,8,2.00,NONE,SEG08,496
2352,61.768,35.245,0.176,1,8,2.00,NONE,SEG08,496
2353,61.968,35.245,0.168,1,8,2.00,NONE,SEG08,496
2354,62.168,35.246,0.167,1,8,2.00,NONE,SEG08,496
2355,62.368,35.247,0.322,1,8,2.00,NONE,SEG08,496
2356,62.568,35.247,0.592,1,8,2.00,NONE,SEG08,497
2357,62.768,35.248,0.862,1,8,2.00,NONE,SEG08,497
2358,62.968,35.248,1.132,1,8,2.00,NONE,SEG08,497
2359,63.168,35.251,1.247,1,8,2.00,NONE,SEG08,497
2360,63.368,35.255,1.299,1,8,2.00,NONE,SEG08,497
2361,63.568,35.260,1.459,1,8,2.00,NONE,SEG08,497
2362,63.768,35.264,1.620,1,8,2.00,NONE,SEG08,498
2363,63.968,35.268,1.780,1,8,2.00,NONE,SEG08,498
2364,64.168,35.274,1.889,1,8,2.00,NONE,SEG08,498
2365,64.368,35.280,1.894,1,8,2.00,NONE,SEG08,498
2366,64.568,35.287,1.969,1,8,2.00,NONE,SEG08,498
2367,64.768,35.293,2.044,1,8,2.00,NONE,SEG08,499
2368,64.967,35.300,2.118,1,8,2.00,NONE,SEG08,499
2369,65.167,35.307,2.188,1,8,2.00,NONE,SEG08,499
2370,65.367,35.314,2.188,1,8,2.00,NONE,SEG08,499
2371,65.567,35.322,2.504,1,8,2.00,NONE,SEG08,499
2372,65.767,35.329,2.865,1,8,2.00,NONE,SEG08,500
2373,65.967,35.337,3.226,1,8,2.00,NONE,SEG08,500
2374,66.167,35.345,3.587,1,8,2.00,NONE,SEG08,500
2375,66.366,35.357,3.631,1,8,2.00,NONE,SEG08,500
2376,66.566,35.369,3.981,1,8,2.00,NONE,SEG08,500
2377,66.765,35.382,4.469,1,8,2.00,NONE,SEG08,501
2378,66.965,35.395,4.958,1,8,2.00,NONE,SEG08,501
2379,67.165,35.407,5.447,1,8,2.00,NONE,SEG08,501
2380,67.364,35.425,5.586,1,8,2.00,NONE,SEG08,501
2381,67.563,35.444,6.074,1,8,2.00,NONE,SEG08,501
2382,67.762,35.464,6.906,1,8,2.00,NONE,SEG08,502
2383,67.961,35.483,7.738,1,8,2.00,NONE,SEG08,502
2384,68.160,35.503,8.570,1,8,2.00,NONE,SEG08,502
2385,68.358,35.529,8.913,1,8,2.00,NONE,SEG08,502
2386,68.556,35.560,9.668,1,8,2.00,NONE,SEG08,502
2387,68.753,35.591,10.997,1,8,2.00,NONE,SEG08,503
2388,68.951,35.622,12.326,1,8,2.00,NONE,SEG08,503
2389,69.149,35.653,13.655,1,8,2.00,NONE,SEG08,503
2390,69.344,35.694,14.228,1,8,2.00,NONE,SEG08,503
2391,69.538,35.743,15.688,1,8,2.00,NONE,SEG08,503
2392,69.732,35.793,17.594,1,8,2.00,NONE,SEG08,504
2393,69.926,35.842,19.502,1,8,2.00,NONE,SEG08,504
2394,70.120,35.891,21.407,1,8,2.00,NONE,SEG08,504
2395,70.307,35.959,22.225,1,8,2.00,NONE,SEG08,504
2396,70.493,36.034,24.674,1,8,2.00,NONE,SEG08,504
2397,70.678,36.108,27.130,1,8,2.00,NONE,SEG08,505
2398,70.864,36.183,29.584,1,8,2.00,NONE,SEG08,505
2399,71.047,36.262,31.660,1,8,2.00,NONE,SEG08,505
2400,71.218,36.367,33.643,1,8,2.00,NONE,SEG08,505
2401,71.388,36.472,36.607,1,8,2.00,NONE,SEG08,505
2402,71.558,36.577,39.577,1,8,2.00,NONE,SEG08,506
2403,71.728,36.682,42.536,1,8,2.00,NONE,SEG08,506
2404,71.882,36.809,43.652,1,8,2.00,NONE,SEG08,506
2405,72.027,36.946,46.389,1,8,2.00,NONE,SEG08,506
2406,72.172,37.084,49.138,1,8,2.00,NONE,SEG08,507
2407,72.317,37.222,51.887,1,8,2.00,NONE,SEG08,507
2408,72.460,37.361,54.485,1,8,2.00,NONE,SEG08,507
2409,72.577,37.523,55.054,1,8,2.00,NONE,SEG08,507
2410,72.693,37.686,56.988,1,8,2.00,NONE,SEG08,507
2411,72.809,37.849,58.926,1,8,2.00,NONE,SEG08,508
2412,72.925,38.012,60.862,1,8,2.00,NONE,SEG08,508
2413,73.035,38.179,62.228,1,8,2.00,NONE,SEG08,508
2414,73.128,38.356,62.577,1,8,2.00,NONE,SEG08,508
2415,73.221,38.533,63.928,1,8,2.00,NONE,SEG08,508
2416,73.314,38.710,65.281,1,8,2.00,NONE,SEG08,509
2417,73.407,38.887,66.633,1,8,2.00,NONE,SEG08,509
2418,73.496,39.066,67.636,1,8,2.00,NONE,SEG08,509
2419,73.572,39.251,67.665,1,8,2.00,NONE,SEG08,509
2420,73.648,39.436,68.455,1,8,2.00,NONE,SEG08,509
2421,73.724,39.621,69.246,1,8,2.00,NONE,SEG08,510
2422,73.800,39.805,70.037,1,8,2.00,NONE,SEG08,510
2423,73.876,39.991,70.799,1,8,2.00,NONE,SEG08,510
2424,73.942,40.179,70.799,1,8,2.00,NONE,SEG08,510
2425,74.008,40.368,71.399,1,8,2.00,NONE,SEG08,510
2426,74.074,40.557,72.171,1,8,2.00,NONE,SEG08,511
2427,74.139,40.746,72.942,1,8,2.00,NONE,SEG08,511
2428,74.205,40.935,73.713,1,8,2.00,NONE,SEG08,511
2429,74.263,41.126,73.884,1,8,2.00,NONE,SEG08,511
2430,74.318,41.319,74.096,1,8,2.00,NONE,SEG08,511
2431,74.374,41.511,74.402,1,8,2.00,NONE,SEG08,512
2432,74.429,41.703,74.708,1,8,2.00,NONE,SEG08,512
2433,74.485,41.895,75.014,1,8,2.00,NONE,SEG08,512
2434,74.538,42.088,75.109,1,8,2.00,NONE,SEG08,512
2435,74.589,42.281,75.366,1,8,2.00,NONE,SEG08,512
2436,74.640,42.474,75.725,1,8,2.00,NONE,SEG08,513
2437,74.692,42.668,76.084,1,8,2.00,NONE,SEG08,513
2438,74.743,42.861,76.444,1,8,2.00,NONE,SEG08,513
2439,74.791,43.055,76.546,1,8,2.00,NONE,SEG08,513
2440,74.838,43.250,76.882,1,8,2.00,NONE,SEG08,513
2441,74.884,43.444,77.340,1,8,2.00,NONE,SEG08,514
2442,74.931,43.639,77.798,1,8,2.00,NONE,SEG08,514
2443,74.977,43.833,78.256,1,8,2.00,NONE,SEG08,514
2444,75.019,44.029,78.377,1,8,2.00,NONE,SEG08,514
2445,75.059,44.225,78.855,1,8,2.00,NONE,SEG08,514
2446,75.100,44.421,79.489,1,8,2.00,NONE,SEG08,515
2447,75.140,44.616,80.124,1,8,2.00,NONE,SEG08,515
2448,75.180,44.812,80.759,1,8,2.00,NONE,SEG08,515
2449,75.214,45.009,80.917,1,8,2.00,NONE,SEG08,515
2450,75.246,45.207,81.184,1,8,2.00,NONE,SEG08,515
2451,75.277,45.404,81.600,1,8,2.00,NONE,SEG08,516
2452,75.309,45.602,82.017,1,8,2.00,NONE,SEG08,516
2453,75.340,45.799,82.433,1,8,2.00,NONE,SEG08,516
2454,75.368,45.997,82.582,1,8,2.00,NONE,SEG08,516
2455,75.394,46.196,82.749,1,8,2.00,NONE,SEG08,516
2456,75.420,46.394,83.211,1,8,2.00,NONE,SEG08,517
2457,75.446,46.592,83.673,1,8,2.00,NONE,SEG08,517
2458,75.472,46.791,84.136,1,8,2.00,NONE,SEG08,517
2459,75.495,46.989,84.432,1,8,2.00,NONE,SEG08,517
2460,75.514,47.188,84.455,1,8,2.00,NONE,SEG08,517
2461,75.534,47.387,84.865,1,8,2.00,NONE,SEG08,517
2462,75.553,47.586,85.274,1,8,2.00,NONE,SEG08,518
2463,75.573,47.786,85.683,1,8,2.00,NONE,SEG08,518
2464,75.592,47.985,86.069,1,8,2.00,NONE,SEG08,518
2465,75.605,48.184,86.069,1,8,2.00,NONE,SEG08,518
2466,75.619,48.384,86.201,1,8,2.00,NONE,SEG08,518
2467,75.633,48.583,86.363,1,8,2.00,NONE,SEG08,519
2468,75.647,48.783,86.525,1,8,2.00,NONE,SEG08,519
2469,75.660,48.982,86.686,1,8,2.00,NONE,SEG08,519
2470,75.672,49.182,86.716,1,8,2.00,NONE,SEG08,519
2471,75.684,49.382,86.831,1,8,2.00,NONE,SEG08,519
2472,75.695,49.581,87.020,1,8,2.00,NONE,SEG08,520
2473,75.707,49.781,87.210,1,8,2.00,NONE,SEG08,520
2474,75.718,49.981,87.400,1,8,2.00,NONE,SEG08,520
2475,75.728,50.180,87.476,1,8,2.00,NONE,SEG08,520
2476,75.737,50.380,87.521,1,8,2.00,NONE,SEG08,520
2477,75.746,50.580,87.611,1,8,2.00,NONE,SEG08,521
2478,75.754,50.780,87.702,1,8,2.00,NONE,SEG08,521
2479,75.763,50.980,87.793,1,8,2.00,NONE,SEG08,521
2480,75.771,51.179,87.838,1,8,2.00,NONE,SEG08,521
2481,75.779,51.379,87.853,1,8,2.00,NONE,SEG08,521
2482,75.786,51.579,87.878,1,8,2.00,NONE,SEG08,522
2483,75.794,51.779,87.903,1,8,2.00,NONE,SEG08,522
2484,75.801,51.979,87.928,1,8,2.00,NONE,SEG08,522
2485,75.809,52.179,87.939,1,8,2.00,NONE,SEG08,522
2486,75.816,52.379,87.938,1,8,2.00,NONE,SEG08,522
2487,75.823,52.578,87.937,1,8,2.00,NONE,SEG08,523
2488,75.830,52.778,87.936,1,8,2.00,NONE,SEG08,523
2489,75.838,52.978,87.934,1,8,2.00,NONE,SEG08,523
2490,75.845,53.178,88.050,1,8,2.00,NONE,SEG08,523
2491,75.852,53.378,88.239,1,8,2.00,NONE,SEG08,523
2492,75.859,53.578,88.428,1,8,2.00,NONE,SEG08,524
2493,75.866,53.778,88.617,1,8,2.00,NONE,SEG08,524
2494,75.872,53.978,88.647,1,8,2.00,NONE,SEG08,524
2495,75.877,54.178,88.588,1,8,2.00,NONE,SEG08,524
2496,75.881,54.377,88.528,1,8,2.00,NONE,SEG08,525
2497,75.886,54.577,88.463,1,8,2.00,NONE,SEG08,525
2498,75.891,54.777,88.433,1,8,2.00,NONE,SEG08,525
2499,75.896,54.977,88.418,1,8,2.00,NONE,SEG08,526
2500,75.902,55.177,88.256,1,8,2.00,NONE,SEG08,526
2501,75.907,55.377,88.036,1,8,2.00,NONE,SEG08,526
2502,75.913,55.577,87.872,1,8,2.00,NONE,SEG08,527
2503,75.918,55.777,87.946,1,8,2.00,NONE,SEG08,527
2504,75.926,55.977,88.167,1,8,2.00,NONE,SEG08,527
2505,75.935,56.177,88.541,1,8,2.00,NONE,SEG08,528
2506,75.943,56.376,88.932,1,8,2.00,NONE,SEG08,528
2507,75.947,56.576,89.087,1,8,2.00,NONE,SEG08,528
2508,75.952,56.776,89.321,1,9,2.00,NONE,SEG09,529
2509,75.955,56.976,89.482,1,9,2.00,NONE,SEG09,529
2510,75.957,57.176,89.578,1,9,2.00,NONE,SEG09,530
2511,75.960,57.376,89.663,1,9,2.00,NONE,SEG09,530
2512,75.961,57.576,89.664,1,9,2.00,NONE,SEG09,530
2513,75.962,57.776,89.650,1,9,2.00,NONE,SEG09,531
2514,75.963,57.976,89.636,1,9,2.00,NONE,SEG09,531
2515,75.965,58.176,89.475,1,9,2.00,NONE,SEG09,531
2516,75.966,58.376,89.307,1,9,2.00,NONE,SEG09,531
2517,75.967,58.576,89.140,1,9,2.00,NONE,SEG09,532
2518,75.968,58.776,88.972,1,9,2.00,NONE,SEG09,532
2519,75.972,58.976,88.874,1,9,2.00,NONE,SEG09,532
2520,75.976,59.176,88.759,1,9,2.00,NONE,SEG09,532
2521,75.979,59.376,88.643,1,9,2.00,NONE,SEG09,533
2522,75.983,59.576,88.528,1,9,2.00,NONE,SEG09,533
2523,75.988,59.776,88.354,1,9,2.00,NONE,SEG09,533
2524,75.993,59.976,88.094,1,9,2.00,NONE,SEG09,533
2525,75.998,60.176,87.833,1,9,2.00,NONE,SEG09,534
2526,76.003,60.376,87.572,1,9,2.00,NONE,SEG09,534
2527,76.011,60.576,87.460,1,9,2.00,NONE,SEG09,534
2528,76.019,60.776,87.498,1,9,2.00,NONE,SEG09,534
2529,76.028,60.975,87.537,1,9,2.00,NONE,SEG09,535
2530,76.037,61.175,87.575,1,9,2.00,NONE,SEG09,535
2531,76.046,61.375,87.611,1,9,2.00,NONE,SEG09,535
2532,76.054,61.575,87.593,1,9,2.00,NONE,SEG09,535
2533,76.063,61.775,87.522,1,9,2.00,NONE,SEG09,535
2534,76.071,61.974,87.451,1,9,2.00,NONE,SEG09,536
2535,76.079,62.174,87.381,1,9,2.00,NONE,SEG09,536
2536,76.088,62.374,87.342,1,9,2.00,NONE,SEG09,536
2537,76.097,62.574,87.648,1,9,2.00,NONE,SEG09,536
2538,76.107,62.774,87.955,1,9,2.00,NONE,SEG09,537
2539,76.116,62.973,88.262,1,9,2.00,NONE,SEG09,537
2540,76.125,63.173,88.555,1,9,2.00,NONE,SEG09,537
2541,76.130,63.373,88.593,1,9,2.00,NONE,SEG09,537
2542,76.135,63.573,88.634,1,9,2.00,NONE,SEG09,537
2543,76.140,63.773,88.675,1,9,2.00,NONE,SEG09,538
2544,76.145,63.973,88.715,1,9,2.00,NONE,SEG09,538
2545,76.150,64.173,88.963,1,9,2.00,NONE,SEG09,538
2546,76.154,64.373,89.225,1,9,2.00,NONE,SEG09,538
2547,76.159,64.573,89.487,1,9,2.00,NONE,SEG09,539
2548,76.163,64.773,89.749,1,9,2.00,NONE,SEG09,539
2549,76.164,64.973,90.333,1,9,2.00,NONE,SEG09,539
2550,76.165,65.173,90.904,1,9,2.00,NONE,SEG09,539
2551,76.166,65.373,91.475,1,9,2.00,NONE,SEG09,540
2552,76.167,65.573,92.121,1,9,2.00,NONE,SEG09,540
2553,76.160,65.773,92.802,1,9,2.00,NONE,SEG09,540
2554,76.152,65.973,93.479,1,9,2.00,NONE,SEG10,541
2555,76.145,66.172,94.155,1,9,2.00,NONE,SEG10,541
2556,76.137,66.372,94.755,1,9,2.00,NONE,SEG10,541
2557,76.120,66.571,95.502,1,9,2.00,NONE,SEG10,541
2558,76.104,66.771,96.268,1,9,2.00,NONE,SEG10,542
2559,76.087,66.970,97.034,1,9,2.00,NONE,SEG10,542
2560,76.071,67.169,97.799,1,9,2.00,NONE,SEG10,542
2561,76.044,67.368,98.475,1,9,2.00,NONE,SEG10,542
2562,76.017,67.566,99.712,1,9,2.00,NONE,SEG10,542
2563,75.989,67.764,100.950,1,9,2.00,NONE,SEG10,543
2564,75.962,67.962,102.187,1,9,2.00,NONE,SEG10,543
2565,75.926,68.159,102.767,1,9,2.00,NONE,SEG10,543
2566,75.882,68.354,104.065,1,9,2.00,NONE,SEG10,543
2567,75.838,68.549,105.480,1,9,2.00,NONE,SEG10,544
2568,75.793,68.744,106.896,1,9,2.00,NONE,SEG10,544
2569,75.749,68.939,108.309,1,9,2.00,NONE,SEG10,544
2570,75.688,69.129,108.702,1,9,2.00,NONE,SEG10,544
2571,75.624,69.319,110.135,1,9,2.00,NONE,SEG10,544
2572,75.561,69.508,111.570,1,9,2.00,NONE,SEG10,545
2573,75.498,69.698,113.004,1,9,2.00,NONE,SEG10,545
2574,75.431,69.887,114.160,1,9,2.00,NONE,SEG10,545
2575,75.349,70.069,115.310,1,9,2.00,NONE,SEG10,545
2576,75.267,70.251,117.781,1,9,2.00,NONE,SEG10,545
2577,75.186,70.434,120.258,1,9,2.00,NONE,SEG10,546
2578,75.104,70.616,122.730,1,9,2.00,NONE,SEG10,546
2579,75.008,70.791,124.051,1,9,2.00,NONE,SEG10,546
2580,74.896,70.957,125.778,1,9,2.00,NONE,SEG10,546
2581,74.784,71.123,128.595,1,9,2.00,NONE,SEG10,547
2582,74.672,71.288,131.417,1,9,2.00,NONE,SEG10,547
2583,74.560,71.454,134.230,1,9,2.00,NONE,SEG10,547
2584,74.429,71.604,135.319,1,9,2.00,NONE,SEG10,547
2585,74.287,71.745,137.075,1,9,2.00,NONE,SEG10,547
2586,74.145,71.886,139.194,1,9,2.00,NONE,SEG10,548
2587,74.003,72.026,141.314,1,9,2.00,NONE,SEG10,548
2588,73.861,72.167,143.430,1,9,2.00,NONE,SEG10,548
2589,73.703,72.289,143.790,1,9,2.00,NONE,SEG10,548
2590,73.541,72.407,145.936,1,9,2.00,NONE,SEG10,548
2591,73.380,72.525,148.252,1,9,2.00,NONE,SEG10,549
2592,73.218,72.643,150.569,1,9,2.00,NONE,SEG10,549
2593,73.057,72.761,152.879,1,9,2.00,NONE,SEG10,549
2594,72.880,72.854,153.044,1,9,2.00,NONE,SEG10,549
2595,72.702,72.945,154.786,1,9,2.00,NONE,SEG10,549
2596,72.523,73.035,156.685,1,9,2.00,NONE,SEG10,550
2597,72.345,73.126,158.586,1,9,2.00,NONE,SEG10,550
2598,72.167,73.217,160.482,1,9,2.00,NONE,SEG10,550
2599,71.979,73.285,160.636,1,9,2.00,NONE,SEG10,550
2600,71.790,73.351,161.461,1,9,2.00,NONE,SEG10,550
2601,71.602,73.418,162.601,1,9,2.00,NONE,SEG10,551
2602,71.413,73.484,163.741,1,9,2.00,NONE,SEG10,551
2603,71.224,73.550,164.880,1,9,2.00,NONE,SEG10,551
2604,71.032,73.606,165.195,1,9,2.00,NONE,SEG10,551
2605,70.839,73.657,165.751,1,9,2.00,NONE,SEG10,551
2606,70.646,73.708,166.657,1,9,2.00,NONE,SEG10,552
2607,70.452,73.759,167.562,1,9,2.00,NONE,SEG10,552
2608,70.259,73.810,168.467,1,9,2.00,NONE,SEG10,552
2609,70.064,73.854,168.816,1,9,2.00,NONE,SEG10,552
2610,69.867,73.892,169.254,1,9,2.00,NONE,SEG10,552
2611,69.671,73.931,170.159,1,9,2.00,NONE,SEG10,553
2612,69.475,73.970,171.065,1,9,2.00,NONE,SEG10,553
2613,69.279,74.009,171.970,1,9,2.00,NONE,SEG10,553
2614,69.082,74.041,172.436,1,9,2.00,NONE,SEG10,553
2615,68.883,74.068,172.677,1,9,2.00,NONE,SEG10,553
2616,68.685,74.094,173.414,1,9,2.00,NONE,SEG10,553
2617,68.487,74.120,174.150,1,9,2.00,NONE,SEG10,554
2618,68.289,74.147,174.886,1,9,2.00,NONE,SEG10,554
2619,68.090,74.170,175.382,1,9,2.00,NONE,SEG10,554
2620,67.891,74.186,175.506,1,9,2.00,NONE,SEG10,554
2621,67.691,74.202,176.079,1,9,2.00,NONE,SEG10,554
2622,67.492,74.218,176.652,1,9,2.00,NONE,SEG10,555
2623,67.293,74.234,177.225,1,9,2.00,NONE,SEG10,555
2624,67.093,74.249,177.674,1,9,2.00,NONE,SEG10,555
2625,66.893,74.257,177.741,1,9,2.00,NONE,SEG10,555
2626,66.693,74.265,178.138,1,9,2.00,NONE,SEG10,555
2627,66.494,74.273,178.534,1,9,2.00,NONE,SEG10,556
2628,66.294,74.281,178.930,1,9,2.00,NONE,SEG10,556
2629,66.094,74.288,179.259,1,9,2.00,NONE,SEG10,556
2630,65.894,74.291,179.282,1,9,2.00,NONE,SEG10,556
2631,65.694,74.293,179.497,1,9,2.00,NONE,SEG10,556
2632,65.494,74.296,179.712,1,9,2.00,NONE,SEG10,557
2633,65.294,74.299,179.927,1,9,2.00,NONE,SEG10,557
2634,65.094,74.301,-179.880,1,9,2.00,NONE,SEG10,557
2635,64.894,74.300,-179.866,1,9,2.00,NONE,SEG10,557
2636,64.694,74.300,-179.624,1,9,2.00,NONE,SEG10,557
2637,64.494,74.300,-179.382,1,9,2.00,NONE,SEG10,558
2638,64.294,74.299,-179.140,1,9,2.00,NONE,SEG10,558
2639,64.094,74.299,-178.912,1,9,2.00,NONE,SEG10,558
2640,63.894,74.295,-178.913,1,9,2.00,NONE,SEG10,558
2641,63.694,74.291,-178.964,1,9,2.00,NONE,SEG10,558
2642,63.494,74.287,-179.015,1,9,2.00,NONE,SEG10,559
2643,63.294,74.283,-179.067,1,9,2.00,NONE,SEG10,559
2644,63.094,74.280,-179.118,1,9,2.00,NONE,SEG10,559
2645,62.894,74.276,-179.118,1,9,2.00,NONE,SEG10,559
2646,62.694,74.273,-179.310,1,9,2.00,NONE,SEG10,559
2647,62.494,74.270,-179.537,1,9,2.00,NONE,SEG10,560
2648,62.294,74.267,-179.765,1,9,2.00,NONE,SEG10,560
2649,62.094,74.264,-179.992,1,9,2.00,NONE,SEG10,560
2650,61.894,74.264,179.974,1,9,2.00,NONE,SEG10,560
2651,61.694,74.264,179.918,1,9,2.00,NONE,SEG10,560
2652,61.494,74.264,179.824,1,9,2.00,NONE,SEG10,561
2653,61.294,74.264,179.729,1,9,2.00,NONE,SEG10,561
2654,61.094,74.264,179.634,1,9,2.00,NONE,SEG10,561
2655,60.894,74.265,179.595,1,9,2.00,NONE,SEG10,561
2656,60.694,74.266,179.578,1,9,2.00,NONE,SEG10,561
2657,60.494,74.268,179.521,1,9,2.00,NONE,SEG10,561
2658,60.294,74.269,179.463,1,9,2.00,NONE,SEG10,562
2659,60.094,74.271,179.405,1,9,2.00,NONE,SEG10,562
2660,59.894,74.272,179.365,1,9,2.00,NONE,SEG10,562
2661,59.694,74.275,179.365,1,9,2.00,NONE,SEG10,562
2662,59.494,74.277,179.192,1,9,2.00,NONE,SEG10,562
2663,59.294,74.279,179.009,1,9,2.00,NONE,SEG10,563
2664,59.094,74.281,178.825,1,9,2.00,NONE,SEG10,563
2665,58.894,74.283,178.642,1,9,2.00,NONE,SEG10,563
2666,58.694,74.288,178.631,1,9,2.00,NONE,SEG10,563
2667,58.495,74.293,178.561,1,9,2.00,NONE,SEG10,563
2668,58.295,74.298,178.433,1,9,2.00,NONE,SEG10,564
2669,58.095,74.302,178.306,1,9,2.00,NONE,SEG10,564
2670,57.895,74.307,178.178,1,9,2.00,NONE,SEG10,564
2671,57.695,74.313,178.120,1,9,2.00,NONE,SEG10,564
2672,57.495,74.319,178.126,1,9,2.00,NONE,SEG10,564
2673,57.295,74.326,178.163,1,9,2.00,NONE,SEG10,564
2674,57.095,74.333,178.201,1,9,2.00,NONE,SEG10,565
2675,56.895,74.339,178.238,1,9,2.00,NONE,SEG10,565
2676,56.695,74.346,178.270,1,9,2.00,NONE,SEG10,565
2677,56.495,74.352,178.270,1,9,2.00,NONE,SEG10,565
2678,56.296,74.358,178.153,1,9,2.00,NONE,SEG10,565
2679,56.096,74.364,177.997,1,9,2.00,NONE,SEG10,566
2680,55.896,74.370,177.841,1,9,2.00,NONE,SEG10,566
2681,55.696,74.376,177.685,1,9,2.00,NONE,SEG10,566
2682,55.496,74.383,177.646,1,9,2.00,NONE,SEG10,566
2683,55.296,74.392,177.646,1,9,2.00,NONE,SEG10,566
2684,55.096,74.400,177.616,1,9,2.00,NONE,SEG10,566
2685,54.896,74.408,177.552,1,9,2.00,NONE,SEG10,567
2686,54.697,74.416,177.487,1,9,2.00,NONE,SEG10,567
2687,54.497,74.425,177.423,1,9,2.00,NONE,SEG10,567
2688,54.297,74.433,177.389,1,9,2.00,NONE,SEG10,567
2689,54.097,74.442,177.389,1,9,2.00,NONE,SEG10,567
2690,53.897,74.451,177.385,1,9,2.00,NONE,SEG10,567
2691,53.698,74.461,177.370,1,9,2.00,NONE,SEG10,568
2692,53.498,74.470,177.354,1,9,2.00,NONE,SEG10,568
2693,53.298,74.479,177.338,1,9,2.00,NONE,SEG10,568
2694,53.098,74.488,177.326,1,9,2.00,NONE,SEG10,568
2695,52.898,74.497,177.326,1,9,2.00,NONE,SEG10,568
2696,52.699,74.507,177.326,1,9,2.00,NONE,SEG10,568
2697,52.499,74.516,177.477,1,9,2.00,NONE,SEG10,569
2698,52.299,74.525,177.635,1,9,2.00,NONE,SEG10,569
2699,52.099,74.535,177.792,1,9,2.00,NONE,SEG10,569
2700,51.900,74.544,177.949,1,9,2.00,NONE,SEG10,569
2701,51.700,74.551,177.955,1,9,2.00,NONE,SEG10,569
2702,51.500,74.558,177.955,1,9,2.00,NONE,SEG10,569
2703,51.300,74.565,178.073,1,9,2.00,NONE,SEG10,569
2704,51.100,74.573,178.238,1,9,2.00,NONE,SEG10,570
2705,50.900,74.580,178.403,1,9,2.00,NONE,SEG10,570
2706,50.700,74.587,178.569,1,9,2.00,NONE,SEG10,570
2707,50.500,74.592,178.616,1,9,2.00,NONE,SEG10,570
2708,50.300,74.597,178.616,1,9,2.00,NONE,SEG10,570
2709,50.100,74.602,178.858,1,9,2.00,NONE,SEG10,570
2710,49.901,74.607,179.345,1,9,2.00,NONE,SEG10,571
2711,49.701,74.612,179.833,1,9,2.00,NONE,SEG10,571
2712,49.501,74.616,-179.679,1,9,2.00,NONE,SEG10,571
2713,49.301,74.618,-179.434,1,9,2.00,NONE,SEG10,571
2714,49.101,74.616,-179.414,1,9,2.00,NONE,SEG10,571
2715,48.901,74.614,-179.325,1,9,2.00,NONE,SEG10,571
2716,48.701,74.612,-179.235,1,9,2.00,NONE,SEG10,572
2717,48.501,74.610,-179.146,1,9,2.00,NONE,SEG10,572
2718,48.301,74.608,-179.076,1,9,2.00,NONE,SEG10,572
2719,48.101,74.604,-179.076,1,9,2.00,NONE,SEG10,572
2720,47.901,74.601,-179.159,1,9,2.00,NONE,SEG10,572
2721,47.701,74.598,-179.243,1,9,2.00,NONE,SEG10,573
2722,47.501,74.595,-179.327,1,9,2.00,NONE,SEG10,573
2723,47.301,74.592,-179.412,1,9,2.00,NONE,SEG10,573
2724,47.101,74.590,-179.413,1,9,2.00,NONE,SEG10,573
2725,46.901,74.587,-179.539,1,9,2.00,NONE,SEG10,573
2726,46.701,74.585,-179.690,1,9,2.00,NONE,SEG10,574
2727,46.501,74.583,-179.841,1,9,2.00,NONE,SEG10,574
2728,46.301,74.581,-179.992,1,9,2.00,NONE,SEG10,574
2729,46.101,74.581,179.982,1,9,2.00,NONE,SEG10,574
2730,45.901,74.581,179.911,1,9,2.00,NONE,SEG10,574
2731,45.701,74.581,179.812,1,9,2.00,NONE,SEG10,575
2732,45.501,74.581,179.713,1,9,2.00,NONE,SEG10,575
2733,45.301,74.581,179.614,1,9,2.00,NONE,SEG10,575
2734,45.101,74.582,179.586,1,9,2.00,NONE,SEG10,575
2735,44.901,74.584,179.460,1,9,2.00,NONE,SEG10,575
2736,44.701,74.585,179.243,1,9,2.00,NONE,SEG10,576
2737,44.501,74.587,179.027,1,9,2.00,NONE,SEG10,576
2738,44.301,74.588,178.811,1,9,2.00,NONE,SEG10,576
2739,44.101,74.591,178.721,1,9,2.00,NONE,SEG10,576
2740,43.901,74.596,178.694,1,9,2.00,NONE,SEG10,576
2741,43.701,74.600,178.626,1,9,2.00,NONE,SEG10,576
2742,43.501,74.605,178.558,1,9,2.00,NONE,SEG10,577
2743,43.301,74.609,178.490,1,9,2.00,NONE,SEG10,577
2744,43.101,74.614,178.449,1,9,2.00,NONE,SEG10,577
2745,42.901,74.619,178.460,1,9,2.00,NONE,SEG10,577
2746,42.701,74.625,178.524,1,9,2.00,NONE,SEG10,577
2747,42.501,74.630,178.588,1,9,2.00,NONE,SEG10,578
2748,42.302,74.636,178.653,1,9,2.00,NONE,SEG10,578
2749,42.102,74.641,178.706,1,9,2.00,NONE,SEG10,578
2750,41.902,74.645,178.706,1,9,2.00,NONE,SEG10,578
2751,41.702,74.650,178.598,1,9,2.00,NONE,SEG10,578
2752,41.502,74.654,178.477,1,9,2.00,NONE,SEG10,579
2753,41.302,74.659,178.357,1,9,2.00,NONE,SEG10,579
2754,41.102,74.664,178.237,1,9,2.00,NONE,SEG10,579
2755,40.902,74.670,178.224,1,9,2.00,NONE,SEG10,579
2756,40.702,74.676,178.189,1,9,2.00,NONE,SEG10,579
2757,40.502,74.682,178.126,1,9,2.00,NONE,SEG10,580
2758,40.302,74.688,178.063,1,9,2.00,NONE,SEG10,580
2759,40.102,74.694,178.000,1,9,2.00,NONE,SEG10,580
2760,39.902,74.701,177.972,1,9,2.00,NONE,SEG10,580
2761,39.703,74.708,177.972,1,9,2.00,NONE,SEG10,580
2762,39.503,74.715,177.746,1,9,2.00,NONE,SEG10,580
2763,39.303,74.722,177.349,1,9,2.00,NONE,SEG10,581
2764,39.103,74.729,176.952,1,9,2.00,NONE,SEG10,581
2765,38.903,74.736,176.555,1,9,2.00,NONE,SEG10,581
2766,38.703,74.747,176.384,1,9,2.00,NONE,SEG10,581
2767,38.504,74.759,176.384,1,9,2.00,NONE,SEG10,581
2768,38.304,74.772,176.369,1,9,2.00,NONE,SEG10,581
2769,38.105,74.784,176.333,1,9,2.00,NONE,SEG10,582
2770,37.905,74.797,176.297,1,9,2.00,NONE,SEG10,582
2771,37.705,74.810,176.261,1,9,2.00,NONE,SEG10,582
2772,37.506,74.823,176.241,1,9,2.00,NONE,SEG10,582
2773,37.306,74.836,176.241,1,9,2.00,NONE,SEG10,582
2774,37.107,74.849,176.243,1,9,2.00,NONE,SEG10,582
2775,36.907,74.862,176.332,1,9,2.00,NONE,SEG10,583
2776,36.707,74.875,176.421,1,9,2.00,NONE,SEG10,583
2777,36.508,74.888,176.510,1,9,2.00,NONE,SEG10,583
2778,36.308,74.901,176.596,1,9,2.00,NONE,SEG10,583
2779,36.109,74.913,176.596,1,9,2.00,NONE,SEG10,583
2780,35.909,74.925,176.596,1,9,2.00,NONE,SEG10,583
2781,35.709,74.937,176.682,1,9,2.00,NONE,SEG10,583
2782,35.510,74.949,176.896,1,9,2.00,NONE,SEG10,584
2783,35.310,74.961,177.110,1,9,2.00,NONE,SEG10,584
2784,35.110,74.972,177.324,1,9,2.00,NONE,SEG10,584
2785,34.911,74.983,177.452,1,9,2.00,NONE,SEG10,584
2786,34.711,74.992,177.452,1,9,2.00,NONE,SEG10,584
2787,34.511,75.001,177.452,1,9,2.00,NONE,SEG10,584
2788,34.311,75.010,177.437,1,9,2.00,NONE,SEG10,584
2789,34.112,75.019,177.410,1,9,2.00,NONE,SEG10,585
2790,33.912,75.028,177.384,1,9,2.00,NONE,SEG10,585
2791,33.712,75.036,177.357,1,9,2.00,NONE,SEG10,585
2792,33.512,75.046,177.344,1,9,2.00,NONE,SEG10,585
2793,33.312,75.055,177.344,1,9,2.00,NONE,SEG10,585
2794,33.113,75.064,177.434,1,9,2.00,NONE,SEG10,585
2795,32.913,75.073,177.816,1,9,2.00,NONE,SEG10,586
2796,32.713,75.083,178.199,1,9,2.00,NONE,SEG10,586
2797,32.513,75.092,178.582,1,9,2.00,NONE,SEG10,586
2798,32.313,75.100,178.876,1,9,2.00,NONE,SEG10,586
2799,32.113,75.104,178.876,1,9,2.00,NONE,SEG10,586
2800,31.913,75.108,178.876,1,9,2.00,NONE,SEG10,586
2801,31.714,75.112,178.845,1,9,2.00,NONE,SEG10,587
2802,31.514,75.116,178.805,1,9,2.00,NONE,SEG10,587
2803,31.314,75.120,178.765,1,9,2.00,NONE,SEG10,587
2804,31.114,75.123,178.725,1,9,2.00,NONE,SEG10,587
2805,30.914,75.128,178.716,1,9,2.00,NONE,SEG10,587
2806,30.714,75.132,178.716,1,9,2.00,NONE,SEG10,587
2807,30.514,75.137,178.659,1,9,2.00,NONE,SEG10,587
2808,30.314,75.141,178.461,1,9,2.00,NONE,SEG10,588
2809,30.114,75.146,178.263,1,9,2.00,NONE,SEG10,588
2810,29.914,75.150,178.065,1,9,2.00,NONE,SEG10,588
2811,29.714,75.156,177.924,1,9,2.00,NONE,SEG10,588
2812,29.514,75.163,177.924,1,9,2.00,NONE,SEG10,588
2813,29.314,75.170,177.924,1,9,2.00,NONE,SEG10,588
2814,29.114,75.177,177.807,1,9,2.00,NONE,SEG10,589
2815,28.915,75.184,177.662,1,9,2.00,NONE,SEG10,589
2816,28.715,75.192,177.517,1,9,2.00,NONE,SEG10,589
2817,28.515,75.199,177.372,1,9,2.00,NONE,SEG10,589
2818,28.315,75.208,177.344,1,9,2.00,NONE,SEG10,589
2819,28.115,75.217,177.344,1,9,2.00,NONE,SEG10,589
2820,27.915,75.226,177.385,1,9,2.00,NONE,SEG10,589
2821,27.716,75.236,177.486,1,9,2.00,NONE,SEG10,590
2822,27.516,75.245,177.587,1,9,2.00,NONE,SEG10,590
2823,27.316,75.254,177.689,1,9,2.00,NONE,SEG10,590
2824,27.116,75.263,177.749,1,9,2.00,NONE,SEG10,590
2825,26.916,75.271,177.749,1,9,2.00,NONE,SEG10,590
2826,26.717,75.279,177.749,1,9,2.00,NONE,SEG10,590
2827,26.517,75.286,177.738,1,9,2.00,NONE,SEG10,591
2828,26.317,75.294,177.727,1,9,2.00,NONE,SEG10,591
2829,26.117,75.302,177.716,1,9,2.00,NONE,SEG10,591
2830,25.917,75.310,177.706,1,9,2.00,NONE,SEG10,591
2831,25.717,75.318,177.706,1,9,2.00,NONE,SEG10,591
2832,25.517,75.326,177.706,1,9,2.00,NONE,SEG10,591
2833,25.318,75.334,177.713,1,9,2.00,NONE,SEG10,591
2834,25.118,75.342,177.724,1,9,2.00,NONE,SEG10,592
2835,24.918,75.350,177.735,1,9,2.00,NONE,SEG10,592
2836,24.718,75.358,177.746,1,9,2.00,NONE,SEG10,592
2837,24.518,75.366,177.750,1,9,2.00,NONE,SEG10,592
2838,24.318,75.374,177.750,1,9,2.00,NONE,SEG10,592
2839,24.119,75.382,177.895,1,9,2.00,NONE,SEG10,592
2840,23.919,75.390,178.209,1,9,2.00,NONE,SEG10,593
2841,23.719,75.397,178.522,1,9,2.00,NONE,SEG10,593
2842,23.519,75.405,178.836,1,9,2.00,NONE,SEG10,593
2843,23.319,75.411,179.005,1,9,2.00,NONE,SEG10,593
2844,23.119,75.415,179.005,1,9,2.00,NONE,SEG10,593
2845,22.919,75.418,179.084,1,9,2.00,NONE,SEG10,593
2846,22.719,75.421,179.350,1,9,2.00,NONE,SEG10,594
2847,22.519,75.425,179.615,1,9,2.00,NONE,SEG10,594
2848,22.319,75.428,179.881,1,9,2.00,NONE,SEG10,594
2849,22.119,75.431,-179.932,1,9,2.00,NONE,SEG10,594
2850,21.919,75.431,-179.932,1,9,2.00,NONE,SEG10,594
2851,21.719,75.430,-179.909,1,9,2.00,NONE,SEG10,594
2852,21.519,75.430,-179.769,1,9,2.00,NONE,SEG10,595
2853,21.319,75.430,-179.629,1,9,2.00,NONE,SEG10,595
2854,21.119,75.430,-179.490,1,9,2.00,NONE,SEG10,595
2855,20.919,75.429,-179.373,1,9,2.00,NONE,SEG10,595
2856,20.719,75.427,-179.373,1,9,2.00,NONE,SEG10,595
2857,20.519,75.425,-179.373,1,9,2.00,NONE,SEG10,595
2858,20.319,75.423,-179.306,1,9,2.00,NONE,SEG10,596
2859,20.119,75.420,-179.238,1,9,2.00,NONE,SEG10,596
2860,19.919,75.418,-179.170,1,9,2.00,NONE,SEG10,596
2861,19.719,75.416,-179.102,1,9,2.00,NONE,SEG10,596
2862,19.519,75.413,-179.101,1,9,2.00,NONE,SEG10,596
2863,19.319,75.410,-179.101,1,9,2.00,NONE,SEG10,596
2864,19.119,75.407,-179.076,1,9,2.00,NONE,SEG10,596
2865,18.920,75.403,-179.049,1,9,2.00,NONE,SEG10,597
2866,18.720,75.400,-179.023,1,9,2.00,NONE,SEG10,597
2867,18.520,75.397,-178.996,1,9,2.00,NONE,SEG10,597
2868,18.320,75.394,-178.994,1,9,2.00,NONE,SEG10,597
2869,18.120,75.390,-178.994,1,9,2.00,NONE,SEG10,597
2870,17.920,75.387,-179.035,1,9,2.00,NONE,SEG10,597
2871,17.720,75.383,-179.088,1,9,2.00,NONE,SEG10,598
2872,17.520,75.380,-179.141,1,9,2.00,NONE,SEG10,598
2873,17.320,75.376,-179.193,1,9,2.00,NONE,SEG10,598
2874,17.120,75.373,-179.205,1,9,2.00,NONE,SEG10,598
2875,16.920,75.370,-179.205,1,9,2.00,NONE,SEG10,598
2876,16.720,75.368,-179.275,1,9,2.00,NONE,SEG10,598
2877,16.520,75.365,-179.376,1,9,2.00,NONE,SEG10,599
2878,16.320,75.362,-179.477,1,9,2.00,NONE,SEG10,599
2879,16.120,75.359,-179.578,1,9,2.00,NONE,SEG10,599
2880,15.920,75.357,-179.609,1,9,2.00,NONE,SEG10,599
2881,15.720,75.356,-179.609,1,9,2.00,NONE,SEG10,599
2882,15.520,75.355,-179.661,1,9,2.00,NONE,SEG10,599
2883,15.320,75.353,-179.752,1,9,2.00,NONE,SEG10,600
2884,15.120,75.352,-179.843,1,9,2.00,NONE,SEG10,600
2885,14.920,75.351,-179.934,1,9,2.00,NONE,SEG10,600
2886,14.720,75.350,-179.972,1,9,2.00,NONE,SEG10,600
2887,14.520,75.350,-179.972,1,9,2.00,NONE,SEG10,600
2888,14.320,75.350,179.981,1,9,2.00,NONE,SEG10,600
2889,14.120,75.350,179.879,1,9,2.00,NONE,SEG10,601
2890,13.920,75.350,179.777,1,9,2.00,NONE,SEG10,601
2891,13.720,75.350,179.675,1,9,2.00,NONE,SEG10,601
2892,13.520,75.350,179.619,1,9,2.00,NONE,SEG10,601
2893,13.320,75.351,179.619,1,9,2.00,NONE,SEG10,601
2894,13.120,75.353,179.682,1,9,2.00,NONE,SEG10,601
2895,12.920,75.354,179.849,1,9,2.00,NONE,SEG10,602
2896,12.720,75.355,-179.985,1,9,2.00,NONE,SEG10,602
2897,12.520,75.357,-179.819,1,9,2.00,NONE,SEG10,602
2898,12.320,75.357,-179.715,1,9,2.00,NONE,SEG10,602
2899,12.120,75.356,-179.715,1,9,2.00,NONE,SEG10,602
2900,11.920,75.355,-179.713,1,9,2.00,NONE,SEG10,602
2901,11.720,75.354,-179.705,1,9,2.00,NONE,SEG10,603
2902,11.520,75.353,-179.698,1,9,2.00,NONE,SEG10,603
2903,11.320,75.352,-179.691,1,9,2.00,NONE,SEG10,603
2904,11.120,75.351,-179.686,1,9,2.00,NONE,SEG10,603
2905,10.920,75.350,-179.686,1,9,2.00,NONE,SEG10,603
2906,10.720,75.349,-179.684,1,9,2.00,NONE,SEG10,603
2907,10.520,75.348,-179.675,1,9,2.00,NONE,SEG10,604
2908,10.320,75.347,-179.665,1,9,2.00,NONE,SEG10,604
2909,10.120,75.346,-179.656,1,9,2.00,NONE,SEG10,604
2910,9.920,75.345,-179.649,1,9,2.00,NONE,SEG10,604
2911,9.720,75.343,-179.649,1,9,2.00,NONE,SEG10,604
2912,9.520,75.342,-179.683,1,9,2.00,NONE,SEG10,604
2913,9.320,75.341,-179.830,1,9,2.00,NONE,SEG10,605
2914,9.120,75.340,-179.977,1,9,2.00,NONE,SEG10,605
2915,8.920,75.338,179.876,1,9,2.00,NONE,SEG10,605
2916,8.720,75.338,179.762,1,9,2.00,NONE,SEG10,605
2917,8.520,75.339,179.762,1,9,2.00,NONE,SEG10,605
2918,8.320,75.339,179.811,1,9,2.00,NONE,SEG10,605
2919,8.120,75.340,-179.890,1,9,2.00,NONE,SEG10,606
2920,7.920,75.341,-179.590,1,9,2.00,NONE,SEG10,606
2921,7.720,75.342,-179.290,1,9,2.00,NONE,SEG10,606
2922,7.520,75.342,-179.039,1,9,2.00,NONE,SEG10,606
2923,7.320,75.339,-179.039,1,9,2.00,NONE,SEG10,606
2924,7.120,75.335,-179.028,1,9,2.00,NONE,SEG10,606
2925,6.920,75.332,-178.944,1,9,2.00,NONE,SEG10,607
2926,6.720,75.329,-178.859,1,9,2.00,NONE,SEG10,607
2927,6.520,75.325,-178.775,1,9,2.00,NONE,SEG10,607
2928,6.320,75.322,-178.701,1,9,2.00,NONE,SEG10,607
2929,6.120,75.317,-178.701,1,9,2.00,NONE,SEG10,607
2930,5.920,75.313,-178.681,1,9,2.00,NONE,SEG10,607
2931,5.720,75.308,-178.368,1,9,2.00,NONE,SEG10,608
2932,5.520,75.304,-178.054,1,9,2.00,NONE,SEG10,608
2933,5.320,75.299,-177.741,1,9,2.00,NONE,SEG10,608
2934,5.120,75.294,-177.447,1,9,2.00,NONE,SEG10,608
2935,4.921,75.285,-177.447,1,9,2.00,NONE,SEG10,608
2936,4.721,75.276,-177.430,1,9,2.00,NONE,SEG10,608
2937,4.521,75.268,-176.672,1,9,2.00,NONE,SEG10,609
2938,4.321,75.259,-175.914,1,9,2.00,NONE,SEG10,609
2939,4.121,75.250,-175.155,1,9,2.00,NONE,SEG10,609
2940,3.922,75.241,-174.415,1,9,2.00,NONE,SEG10,609
2941,3.723,75.221,-174.415,1,9,2.00,NONE,SEG10,609
2942,3.524,75.202,-174.299,1,9,2.00,NONE,SEG10,609
2943,3.325,75.182,-173.011,1,9,2.00,NONE,SEG10,610
2944,3.125,75.163,-171.721,1,9,2.00,NONE,SEG10,610
2945,2.926,75.143,-170.432,1,9,2.00,NONE,SEG10,610
2946,2.728,75.122,-169.259,1,9,2.00,NONE,SEG10,610
2947,2.531,75.085,-169.259,1,9,2.00,NONE,SEG10,610
2948,2.335,75.048,-168.926,1,9,2.00,NONE,SEG10,610
2949,2.138,75.010,-167.497,1,9,2.00,NONE,SEG10,611
2950,1.942,74.973,-166.068,1,9,2.00,NONE,SEG10,611
2951,1.745,74.936,-164.639,1,9,2.00,NONE,SEG10,611
2952,1.550,74.894,-163.543,1,9,2.00,NONE,SEG10,611
2953,1.358,74.837,-163.543,1,9,2.00,NONE,SEG10,611
2954,1.166,74.781,-162.648,1,9,2.00,NONE,SEG10,611
2955,0.974,74.724,-160.488,1,9,2.00,NONE,SEG10,612
2956,0.783,74.667,-158.324,1,9,2.00,NONE,SEG10,612
2957,0.591,74.611,-156.163,1,9,2.00,NONE,SEG10,612
2958,0.403,74.542,-154.897,1,9,2.00,NONE,SEG10,612
2959,0.222,74.458,-154.897,1,9,2.00,NONE,SEG10,612
2960,0.041,74.373,-152.725,1,9,2.00,NONE,SEG10,612
2961,-0.140,74.288,-149.680,1,9,2.00,NONE,SEG10,613
2962,-0.321,74.203,-146.629,1,9,2.00,NONE,SEG10,613
2963,-0.502,74.118,-143.591,1,9,2.00,NONE,SEG10,613
2964,-0.668,74.007,-142.722,1,9,2.00,NONE,SEG10,613
2965,-0.827,73.886,-142.722,1,9,2.00,NONE,SEG10,613
2966,-0.986,73.765,-139.998,1,9,2.00,NONE,SEG10,613
2967,-1.145,73.644,-136.932,1,9,2.00,NONE,SEG10,614
2968,-1.304,73.523,-133.863,1,9,2.00,NONE,SEG10,614
2969,-1.463,73.402,-130.811,1,9,2.00,NONE,SEG10,614
2970,-1.596,73.253,-130.480,1,9,2.00,NONE,SEG10,614
2971,-1.726,73.101,-130.480,1,9,2.00,NONE,SEG10,614
2972,-1.856,72.949,-128.112,1,9,2.00,NONE,SEG10,614
2973,-1.986,72.797,-125.687,1,9,2.00,NONE,SEG10,615
2974,-2.116,72.645,-123.263,1,9,2.00,NONE,SEG10,615
2975,-2.246,72.492,-120.847,1,9,2.00,NONE,SEG10,615
2976,-2.349,72.321,-120.800,1,9,2.00,NONE,SEG10,615
2977,-2.451,72.149,-120.800,1,9,2.00,NONE,SEG10,615
2978,-2.553,71.977,-118.884,1,9,2.00,NONE,SEG10,615
2979,-2.656,71.806,-116.544,1,9,2.00,NONE,SEG10,616
2980,-2.758,71.634,-114.202,1,9,2.00,NONE,SEG10,616
2981,-2.861,71.462,-111.867,1,9,2.00,NONE,SEG10,616
2982,-2.939,71.278,-111.447,1,9,2.00,NONE,SEG10,616
2983,-3.012,71.092,-111.447,1,9,2.00,NONE,SEG10,616
2984,-3.085,70.906,-110.169,1,9,2.00,NONE,SEG10,616
2985,-3.158,70.720,-108.166,1,9,2.00,NONE,SEG10,617
2986,-3.232,70.534,-106.162,1,9,2.00,NONE,SEG10,617
2987,-3.305,70.348,-104.160,1,9,2.00,NONE,SEG10,617
2988,-3.361,70.156,-103.436,1,9,2.00,NONE,SEG10,617
2989,-3.407,69.962,-103.436,1,9,2.00,NONE,SEG10,617
2990,-3.454,69.767,-103.176,1,9,2.00,NONE,SEG10,617
2991,-3.500,69.573,-102.000,1,9,2.00,NONE,SEG10,618
2992,-3.547,69.378,-100.824,1,9,2.00,NONE,SEG10,618
2993,-3.593,69.184,-99.648,1,9,2.00,NONE,SEG10,618
2994,-3.636,68.988,-98.731,1,9,2.00,NONE,SEG10,618
2995,-3.666,68.791,-98.731,1,9,2.00,NONE,SEG10,618
2996,-3.697,68.593,-98.596,1,9,2.00,NONE,SEG10,618
2997,-3.727,68.395,-97.820,1,9,2.00,NONE,SEG10,619
2998,-3.758,68.198,-97.043,1,9,2.00,NONE,SEG10,619
2999,-3.788,68.000,-96.267,1,9,2.00,NONE,SEG10,619
3000,-3.816,67.802,-95.626,1,9,2.00,NONE,SEG10,619
3001,-3.836,67.603,-95.626,1,9,2.00,NONE,SEG10,619
3002,-3.856,67.404,-95.198,1,9,2.00,NONE,SEG10,619
3003,-3.875,67.205,-94.220,1,9,2.00,NONE,SEG10,620
3004,-3.895,67.006,-93.243,1,9,2.00,NONE,SEG10,620
3005,-3.914,66.807,-92.265,1,9,2.00,NONE,SEG10,620
3006,-3.928,66.607,-91.716,1,9,2.00,NONE,SEG10,620
3007,-3.934,66.408,-91.716,1,9,2.00,NONE,SEG10,620
3008,-3.940,66.208,-91.602,1,9,2.00,NONE,SEG10,620
3009,-3.946,66.008,-91.471,1,9,2.00,NONE,SEG10,621
3010,-3.952,65.808,-91.341,1,9,2.00,NONE,SEG10,621
3011,-3.958,65.608,-91.210,1,9,2.00,NONE,SEG10,621
3012,-3.962,65.408,-91.194,1,9,2.00,NONE,SEG10,621
3013,-3.967,65.208,-91.171,1,9,2.00,NONE,SEG10,621
3014,-3.971,65.008,-91.069,1,9,2.00,NONE,SEG10,622
3015,-3.975,64.808,-90.967,1,9,2.00,NONE,SEG10,622
3016,-3.979,64.608,-90.865,1,9,2.00,NONE,SEG10,622
3017,-3.983,64.408,-90.787,1,9,2.00,NONE,SEG10,622
3018,-3.986,64.208,-90.787,1,9,2.00,NONE,SEG10,622
3019,-3.988,64.008,-90.691,1,9,2.00,NONE,SEG10,622
3020,-3.991,63.808,-90.562,1,9,2.00,NONE,SEG10,623
3021,-3.994,63.608,-90.434,1,9,2.00,NONE,SEG10,623
3022,-3.997,63.408,-90.305,1,9,2.00,NONE,SEG10,623
3023,-3.998,63.208,-90.273,1,9,2.00,NONE,SEG10,623
3024,-3.999,63.008,-90.276,1,9,2.00,NONE,SEG10,623
3025,-4.000,62.808,-90.325,1,9,2.00,NONE,SEG10,623
3026,-4.001,62.608,-90.374,1,9,2.00,NONE,SEG10,624
3027,-4.002,62.408,-90.423,1,9,2.00,NONE,SEG10,624
3028,-4.003,62.208,-90.468,1,9,2.00,NONE,SEG10,624
3029,-4.004,62.008,-90.468,1,9,2.00,NONE,SEG10,624
3030,-4.006,61.808,-90.458,1,9,2.00,NONE,SEG10,624
3031,-4.008,61.608,-90.390,1,9,2.00,NONE,SEG10,625
3032,-4.009,61.408,-90.323,1,9,2.00,NONE,SEG10,625
3033,-4.011,61.208,-90.256,1,9,2.00,NONE,SEG10,625
3034,-4.012,61.008,-90.199,1,9,2.00,NONE,SEG10,625
3035,-4.013,60.808,-90.199,1,9,2.00,NONE,SEG10,625
3036,-4.014,60.608,-90.196,1,9,2.00,NONE,SEG10,625
3037,-4.015,60.408,-90.172,1,9,2.00,NONE,SEG10,626
3038,-4.015,60.208,-90.148,1,9,2.00,NONE,SEG10,626
3039,-4.016,60.008,-90.124,1,9,2.00,NONE,SEG10,626
3040,-4.017,59.808,-90.103,1,9,2.00,NONE,SEG10,626
3041,-4.017,59.608,-90.103,1,9,2.00,NONE,SEG10,626
3042,-4.017,59.408,-90.164,1,9,2.00,NONE,SEG10,626
3043,-4.018,59.208,-90.348,1,9,2.00,NONE,SEG10,627
3044,-4.018,59.008,-90.531,1,9,2.00,NONE,SEG10,627
3045,-4.018,58.808,-90.715,1,9,2.00,NONE,SEG10,627
3046,-4.020,58.608,-90.837,1,9,2.00,NONE,SEG10,627
3047,-4.023,58.408,-90.837,1,9,2.00,NONE,SEG10,627
3048,-4.025,58.208,-90.823,1,9,2.00,NONE,SEG10,627
3049,-4.028,58.008,-90.801,1,9,2.00,NONE,SEG10,628
3050,-4.031,57.808,-90.780,1,9,2.00,NONE,SEG10,628
3051,-4.034,57.608,-90.758,1,9,2.00,NONE,SEG10,628
3052,-4.037,57.408,-90.750,1,9,2.00,NONE,SEG10,628
3053,-4.040,57.208,-90.753,1,9,2.00,NONE,SEG10,628
3054,-4.042,57.008,-90.765,1,9,2.00,NONE,SEG10,628
3055,-4.045,56.809,-90.778,1,9,2.00,NONE,SEG10,629
3056,-4.047,56.609,-90.790,1,9,2.00,NONE,SEG10,629
3057,-4.050,56.409,-90.800,1,9,2.00,NONE,SEG10,629
3058,-4.053,56.209,-90.803,1,9,2.00,NONE,SEG10,629
3059,-4.056,56.009,-91.010,1,9,2.00,NONE,SEG10,629
3060,-4.058,55.809,-91.216,1,9,2.00,NONE,SEG10,630
3061,-4.061,55.609,-91.423,1,9,2.00,NONE,SEG10,630
3062,-4.064,55.409,-91.627,1,9,2.00,NONE,SEG10,630
3063,-4.070,55.209,-91.621,1,9,2.00,NONE,SEG10,630
3064,-4.075,55.009,-91.566,1,9,2.00,NONE,SEG10,630
3065,-4.081,54.809,-91.510,1,9,2.00,NONE,SEG10,631
3066,-4.087,54.609,-91.455,1,9,2.00,NONE,SEG10,631
3067,-4.092,54.409,-91.405,1,9,2.00,NONE,SEG10,631
3068,-4.097,54.209,-91.382,1,9,2.00,NONE,SEG10,631
3069,-4.102,54.009,-91.191,1,9,2.00,NONE,SEG10,631
3070,-4.107,53.809,-90.999,1,9,2.00,NONE,SEG10,632
3071,-4.112,53.609,-90.808,1,9,2.00,NONE,SEG10,632
3072,-4.117,53.409,-90.640,1,9,2.00,NONE,SEG10,632
3073,-4.119,53.209,-90.644,1,9,2.00,NONE,SEG10,632
3074,-4.121,53.009,-90.719,1,9,2.00,NONE,SEG10,632
3075,-4.123,52.809,-90.793,1,9,2.00,NONE,SEG10,633
3076,-4.126,52.609,-90.868,1,9,2.00,NONE,SEG10,633
3077,-4.128,52.409,-90.938,1,9,2.00,NONE,SEG10,633
3078,-4.131,52.209,-90.938,1,9,2.00,NONE,SEG10,633
3079,-4.134,52.009,-91.057,1,9,2.00,NONE,SEG10,633
3080,-4.138,51.809,-91.183,1,9,2.00,NONE,SEG10,634
3081,-4.141,51.610,-91.309,1,9,2.00,NONE,SEG10,634
3082,-4.144,51.410,-91.436,1,9,2.00,NONE,SEG10,634
3083,-4.149,51.210,-91.439,1,9,2.00,NONE,SEG10,634
3084,-4.154,51.010,-91.353,1,9,2.00,NONE,SEG10,634
3085,-4.159,50.810,-91.268,1,9,2.00,NONE,SEG10,635
3086,-4.164,50.610,-91.182,1,9,2.00,NONE,SEG10,635
3087,-4.169,50.410,-91.101,1,9,2.00,NONE,SEG10,635
3088,-4.173,50.210,-91.122,1,9,2.00,NONE,SEG10,635
3089,-4.177,50.010,-91.254,1,9,2.00,NONE,SEG10,635
3090,-4.181,49.810,-91.387,1,9,2.00,NONE,SEG10,636
3091,-4.185,49.610,-91.519,1,9,2.00,NONE,SEG10,636
3092,-4.189,49.410,-91.630,1,9,2.00,NONE,SEG10,636
3093,-4.194,49.210,-91.777,1,9,2.00,NONE,SEG10,636
3094,-4.200,49.010,-92.036,1,9,2.00,NONE,SEG10,636
3095,-4.206,48.810,-92.296,1,9,2.00,NONE,SEG10,637
3096,-4.211,48.610,-92.555,1,9,2.00,NONE,SEG10,637
3097,-4.219,48.411,-92.595,1,9,2.00,NONE,SEG10,637
3098,-4.229,48.211,-92.434,1,9,2.00,NONE,SEG10,637
3099,-4.238,48.011,-92.273,1,9,2.00,NONE,SEG10,638
3100,-4.247,47.811,-92.112,1,9,2.00,NONE,SEG10,638
3101,-4.255,47.611,-92.061,1,9,2.00,NONE,SEG10,638
3102,-4.263,47.411,-92.126,1,9,2.00,NONE,SEG10,638
3103,-4.270,47.212,-92.190,1,9,2.00,NONE,SEG10,639
3104,-4.277,47.012,-92.254,1,9,2.00,NONE,SEG10,639
3105,-4.284,46.812,-92.357,1,9,2.00,NONE,SEG10,639
3106,-4.292,46.612,-92.441,1,9,2.00,NONE,SEG10,639
3107,-4.300,46.412,-92.526,1,9,2.00,NONE,SEG10,640
3108,-4.308,46.212,-92.519,1,9,2.00,NONE,SEG10,640
3109,-4.317,46.013,-92.325,1,9,2.00,NONE,SEG10,640
3110,-4.326,45.813,-92.119,1,9,2.00,NONE,SEG10,641
3111,-4.335,45.613,-91.914,1,9,2.00,NONE,SEG10,641
3112,-4.343,45.413,-91.638,1,9,2.00,NONE,SEG10,641
3113,-4.350,45.213,-91.471,1,9,2.00,NONE,SEG10,641
3114,-4.356,45.013,-91.303,1,10,2.00,NONE,SEG11,642
3115,-4.362,44.813,-91.340,1,10,2.00,NONE,SEG11,642
3116,-4.366,44.613,-91.740,1,10,2.00,NONE,SEG11,642
3117,-4.370,44.413,-92.145,1,10,2.00,NONE,SEG11,643
3118,-4.374,44.214,-92.484,1,10,2.00,NONE,SEG11,643
3119,-4.381,44.014,-92.277,1,10,2.00,NONE,SEG11,643
3120,-4.390,43.814,-91.869,1,10,2.00,NONE,SEG11,643
3121,-4.400,43.614,-91.461,1,10,2.00,NONE,SEG11,644
3122,-4.409,43.414,-91.046,1,10,2.00,NONE,SEG11,644
3123,-4.413,43.214,-90.926,1,10,2.00,NONE,SEG11,644
3124,-4.417,43.014,-90.806,1,10,2.00,NONE,SEG11,645
3125,-4.420,42.814,-90.687,1,10,2.00,NONE,SEG11,645
3126,-4.423,42.614,-90.484,1,10,2.00,NONE,SEG11,645
3127,-4.426,42.414,-90.291,1,10,2.00,NONE,SEG11,645
3128,-4.428,42.214,-90.099,1,10,2.00,NONE,SEG11,646
3129,-4.430,42.015,-89.906,1,10,2.00,NONE,SEG11,646
3130,-4.430,41.815,-89.568,1,10,2.00,NONE,SEG11,646
3131,-4.430,41.615,-89.223,1,10,2.00,NONE,SEG11,646
3132,-4.429,41.415,-88.878,1,10,2.00,NONE,SEG11,647
3133,-4.429,41.215,-88.532,1,10,2.00,NONE,SEG11,647
3134,-4.424,41.015,-87.790,1,10,2.00,NONE,SEG11,647
3135,-4.419,40.815,-86.560,1,10,2.00,NONE,SEG11,647
3136,-4.413,40.615,-85.329,1,10,2.00,NONE,SEG11,648
3137,-4.408,40.415,-84.098,1,10,2.00,NONE,SEG11,648
3138,-4.393,40.216,-83.566,1,10,2.00,NONE,SEG11,648
3139,-4.371,40.017,-82.415,1,10,2.00,NONE,SEG11,648
3140,-4.348,39.818,-81.107,1,10,2.00,NONE,SEG11,649
3141,-4.326,39.619,-79.799,1,10,2.00,NONE,SEG11,649
3142,-4.304,39.421,-78.493,1,10,2.00,NONE,SEG11,649
3143,-4.265,39.224,-77.662,1,10,2.00,NONE,SEG11,649
3144,-4.225,39.028,-75.363,1,10,2.00,NONE,SEG11,649
3145,-4.184,38.833,-73.060,1,10,2.00,NONE,SEG11,650
3146,-4.144,38.637,-70.759,1,10,2.00,NONE,SEG11,650
3147,-4.095,38.443,-69.136,1,10,2.00,NONE,SEG11,650
3148,-4.023,38.257,-66.869,1,10,2.00,NONE,SEG11,650
3149,-3.952,38.070,-64.131,1,10,2.00,NONE,SEG11,651
3150,-3.881,37.883,-61.391,1,10,2.00,NONE,SEG11,651
3151,-3.810,37.696,-58.660,1,10,2.00,NONE,SEG11,651
3152,-3.710,37.523,-57.564,1,10,2.00,NONE,SEG11,651
3153,-3.605,37.353,-55.236,1,10,2.00,NONE,SEG11,651
3154,-3.499,37.183,-52.903,1,10,2.00,NONE,SEG11,652
3155,-3.394,37.013,-50.572,1,10,2.00,NONE,SEG11,652
3156,-3.281,36.848,-48.878,1,10,2.00,NONE,SEG11,652
3157,-3.150,36.698,-46.746,1,10,2.00,NONE,SEG11,652
3158,-3.018,36.547,-44.436,1,10,2.00,NONE,SEG11,653
3159,-2.887,36.396,-42.126,1,10,2.00,NONE,SEG11,653
3160,-2.755,36.246,-39.822,1,10,2.00,NONE,SEG11,653
3161,-2.603,36.116,-38.848,1,10,2.00,NONE,SEG11,653
3162,-2.449,35.989,-37.471,1,10,2.00,NONE,SEG11,653
3163,-2.295,35.861,-36.093,1,10,2.00,NONE,SEG11,654
3164,-2.141,35.734,-34.716,1,10,2.00,NONE,SEG11,654
3165,-1.980,35.615,-34.053,1,10,2.00,NONE,SEG11,654
3166,-1.815,35.503,-33.035,1,10,2.00,NONE,SEG11,654
3167,-1.649,35.390,-32.016,1,10,2.00,NONE,SEG11,655
3168,-1.484,35.278,-30.997,1,10,2.00,NONE,SEG11,655
3169,-1.318,35.167,-30.068,1,10,2.00,NONE,SEG11,655
3170,-1.144,35.067,-29.870,1,10,2.00,NONE,SEG11,655
3171,-0.971,34.967,-29.486,1,10,2.00,NONE,SEG11,655
3172,-0.798,34.866,-29.103,1,10,2.00,NONE,SEG11,656
3173,-0.625,34.766,-28.719,1,10,2.00,NONE,SEG11,656
3174,-0.451,34.668,-28.533,1,10,2.00,NONE,SEG11,656
3175,-0.275,34.573,-28.414,1,10,2.00,NONE,SEG11,656
3176,-0.099,34.477,-28.296,1,10,2.00,NONE,SEG11,657
3177,0.076,34.382,-28.177,1,10,2.00,NONE,SEG11,657
3178,0.252,34.286,-28.059,1,10,2.00,NONE,SEG11,657
3179,0.429,34.192,-28.104,1,10,2.00,NONE,SEG11,657
3180,0.605,34.098,-28.481,1,10,2.00,NONE,SEG11,657
3181,0.782,34.004,-28.857,1,10,2.00,NONE,SEG11,658
3182,0.958,33.910,-29.233,1,10,2.00,NONE,SEG11,658
3183,1.134,33.815,-29.564,1,10,2.00,NONE,SEG11,658
3184,1.308,33.717,-29.725,1,10,2.00,NONE,SEG11,658
3185,1.482,33.618,-30.585,1,10,2.00,NONE,SEG11,658
3186,1.656,33.519,-31.446,1,10,2.00,NONE,SEG11,659
3187,1.830,33.421,-32.306,1,10,2.00,NONE,SEG11,659
3188,2.003,33.320,-33.005,1,10,2.00,NONE,SEG11,659
3189,2.171,33.211,-33.595,1,10,2.00,NONE,SEG11,659
3190,2.338,33.102,-35.197,1,10,2.00,NONE,SEG11,659
3191,2.506,32.993,-36.801,1,10,2.00,NONE,SEG11,660
3192,2.674,32.884,-38.404,1,10,2.00,NONE,SEG11,660
3193,2.837,32.769,-39.417,1,10,2.00,NONE,SEG11,660
3194,2.991,32.642,-40.229,1,10,2.00,NONE,SEG11,660
3195,3.146,32.515,-41.534,1,10,2.00,NONE,SEG11,660
3196,3.300,32.388,-42.840,1,10,2.00,NONE,SEG11,661
3197,3.455,32.261,-44.146,1,10,2.00,NONE,SEG11,661
3198,3.602,32.125,-44.657,1,10,2.00,NONE,SEG11,661
3199,3.744,31.985,-44.881,1,10,2.00,NONE,SEG11,661
3200,3.886,31.844,-45.106,1,10,2.00,NONE,SEG11,662
3201,4.029,31.704,-45.330,1,10,2.00,NONE,SEG11,662
3202,4.171,31.563,-45.480,1,10,2.00,NONE,SEG11,662
3203,4.311,31.420,-45.195,1,10,2.00,NONE,SEG11,662
3204,4.451,31.277,-44.910,1,10,2.00,NONE,SEG11,663
3205,4.591,31.135,-44.455,1,10,2.00,NONE,SEG11,663
3206,4.732,30.993,-42.615,1,10,2.00,NONE,SEG11,663
3207,4.875,30.853,-40.999,1,10,2.00,NONE,SEG11,663
3208,5.017,30.713,-37.372,1,10,2.00,NONE,SEG11,664
3209,5.162,30.575,-32.024,1,10,2.00,NONE,SEG11,664
3210,5.320,30.452,-26.881,1,10,2.00,NONE,SEG11,664
3211,5.477,30.329,-18.217,1,10,2.00,NONE,SEG11,665
3212,5.649,30.230,-11.128,1,10,2.00,NONE,SEG11,665
3213,5.834,30.154,-2.597,1,10,2.00,NONE,SEG11,666
3214,6.023,30.093,4.701,1,10,2.00,NONE,SEG11,666
3215,6.222,30.082,11.961,1,10,2.00,NONE,SEG11,667
3216,6.422,30.077,18.907,1,10,2.00,NONE,SEG11,667
3217,6.617,30.117,25.947,1,10,2.00,NONE,SEG11,668
3218,6.813,30.158,33.916,1,10,2.00,NONE,SEG11,668
3219,6.993,30.245,39.898,1,10,2.00,NONE,SEG11,668
3220,7.172,30.334,47.820,1,10,2.00,NONE,SEG11,669
3221,7.325,30.461,52.335,1,10,2.00,NONE,SEG11,669
3222,7.469,30.599,56.876,1,10,2.00,NONE,SEG11,670
3223,7.598,30.750,60.388,1,10,2.00,NONE,SEG11,670
3224,7.704,30.920,61.816,1,10,2.00,NONE,SEG11,671
3225,7.810,31.089,62.964,1,10,2.00,NONE,SEG11,671
3226,7.904,31.265,62.672,1,10,2.00,NONE,SEG11,671
3227,7.993,31.445,61.886,1,10,2.00,NONE,SEG11,672
3228,8.081,31.624,61.099,1,10,2.00,NONE,SEG11,672
3229,8.173,31.802,59.416,1,10,2.00,NONE,SEG11,672
3230,8.272,31.976,57.687,1,10,2.00,NONE,SEG11,672
3231,8.370,32.150,55.958,1,10,2.00,NONE,SEG11,673
3232,8.468,32.324,54.228,1,10,2.00,NONE,SEG11,673
3233,8.580,32.490,52.168,1,10,2.00,NONE,SEG11,673
3234,8.698,32.651,49.700,1,10,2.00,NONE,SEG11,673
3235,8.817,32.812,47.228,1,10,2.00,NONE,SEG11,674
3236,8.935,32.973,44.759,1,10,2.00,NONE,SEG11,674
3237,9.070,33.120,43.146,1,10,2.00,NONE,SEG11,674
3238,9.214,33.259,40.428,1,10,2.00,NONE,SEG11,674
3239,9.358,33.397,37.700,1,10,2.00,NONE,SEG11,675
3240,9.503,33.536,34.976,1,10,2.00,NONE,SEG11,675
3241,9.653,33.667,32.914,1,10,2.00,NONE,SEG11,675
3242,9.821,33.776,30.508,1,10,2.00,NONE,SEG11,675
3243,9.988,33.884,27.734,1,10,2.00,NONE,SEG11,676
3244,10.156,33.993,24.958,1,10,2.00,NONE,SEG11,676
3245,10.324,34.102,22.191,1,10,2.00,NONE,SEG11,676
3246,10.508,34.181,20.659,1,10,2.00,NONE,SEG11,676
3247,10.693,34.255,18.079,1,10,2.00,NONE,SEG11,676
3248,10.879,34.329,15.492,1,10,2.00,NONE,SEG11,677
3249,11.065,34.404,12.910,1,10,2.00,NONE,SEG11,677
3250,11.255,34.462,11.504,1,10,2.00,NONE,SEG11,677
3251,11.451,34.502,9.713,1,10,2.00,NONE,SEG11,677
3252,11.647,34.542,7.660,1,10,2.00,NONE,SEG11,678
3253,11.843,34.582,5.606,1,10,2.00,NONE,SEG11,678
3254,12.039,34.622,3.556,1,10,2.00,NONE,SEG11,678
3255,12.238,34.637,2.832,1,10,2.00,NONE,SEG11,678
3256,12.438,34.649,1.736,1,10,2.00,NONE,SEG11,678
3257,12.637,34.660,0.639,1,10,2.00,NONE,SEG11,679
3258,12.837,34.672,-0.457,1,10,2.00,NONE,SEG11,679
3259,13.037,34.677,-1.100,1,10,2.00,NONE,SEG11,679
3260,13.237,34.673,-1.161,1,10,2.00,NONE,SEG11,679
3261,13.437,34.669,-1.222,1,10,2.00,NONE,SEG11,680
3262,13.637,34.665,-1.284,1,10,2.00,NONE,SEG11,680
3263,13.837,34.661,-1.334,1,10,2.00,NONE,SEG11,680
3264,14.037,34.657,-1.231,1,10,2.00,NONE,SEG11,680
3265,14.237,34.652,-1.110,1,10,2.00,NONE,SEG11,681
3266,14.437,34.647,-0.989,1,10,2.00,NONE,SEG11,681
3267,14.636,34.643,-0.868,1,10,2.00,NONE,SEG11,681
3268,14.836,34.639,-0.691,1,10,2.00,NONE,SEG11,681
3269,15.036,34.636,-0.460,1,10,2.00,NONE,SEG11,681
3270,15.236,34.633,-0.229,1,10,2.00,NONE,SEG11,682
3271,15.436,34.630,0.003,1,10,2.00,NONE,SEG11,682
3272,15.636,34.630,0.375,1,10,2.00,NONE,SEG11,682
3273,15.836,34.630,0.743,1,10,2.00,NONE,SEG11,682
3274,16.036,34.630,1.112,1,10,2.00,NONE,SEG11,683
3275,16.236,34.631,1.475,1,10,2.00,NONE,SEG11,683
3276,16.436,34.635,1.381,1,10,2.00,NONE,SEG11,683
3277,16.636,34.640,1.219,1,10,2.00,NONE,SEG11,683
3278,16.836,34.646,1.056,1,11,2.00,NONE,SEG12,684
3279,17.036,34.651,0.869,1,11,2.00,NONE,SEG12,684
3280,17.236,34.654,0.593,1,11,2.00,NONE,SEG12,684
3281,17.436,34.657,0.317,1,11,2.00,NONE,SEG12,685
3282,17.636,34.661,0.040,1,11,2.00,NONE,SEG12,685
3283,17.836,34.663,-0.221,1,11,2.00,NONE,SEG12,685
3284,18.036,34.663,-0.446,1,11,2.00,NONE,SEG12,685
3285,18.236,34.662,-0.671,1,11,2.00,NONE,SEG12,686
3286,18.436,34.661,-0.896,1,11,2.00,NONE,SEG12,686
3287,18.636,34.660,-1.106,1,11,2.00,NONE,SEG12,686
3288,18.836,34.656,-2.249,1,11,2.00,NONE,SEG12,686
3289,19.036,34.652,-3.469,1,11,2.00,STOP_LINE,SEG12,687
3290,19.236,34.649,-4.689,1,11,2.00,NONE,SEG12,687
3291,19.436,34.645,-5.909,1,11,2.00,NONE,SEG12,687
3292,19.635,34.625,-7.238,1,11,2.00,NONE,SEG12,687
3293,19.834,34.604,-9.620,1,11,2.00,NONE,SEG12,687
3294,20.033,34.583,-12.006,1,11,2.00,NONE,SEG12,688
3295,20.232,34.562,-14.387,1,11,2.00,NONE,SEG12,688
3296,20.427,34.524,-15.513,1,11,2.00,NONE,SEG12,688
3297,20.620,34.471,-17.961,1,11,2.00,NONE,SEG12,688
3298,20.813,34.417,-21.096,1,11,2.00,NONE,SEG12,689
3299,21.005,34.364,-24.234,1,11,2.00,NONE,SEG12,689
3300,21.198,34.310,-27.358,1,11,2.00,NONE,SEG12,689
3301,21.378,34.225,-28.036,1,11,2.00,NONE,SEG12,689
3302,21.555,34.131,-31.795,1,11,2.00,NONE,SEG12,689
3303,21.731,34.037,-35.737,1,11,2.00,NONE,SEG12,690
3304,21.908,33.943,-39.682,1,11,2.00,NONE,SEG12,690
3305,22.084,33.849,-43.591,1,11,2.00,NONE,SEG12,690
3306,22.230,33.713,-44.248,1,11,2.00,NONE,SEG12,690
3307,22.374,33.574,-47.922,1,11,2.00,NONE,SEG12,690
3308,22.519,33.436,-51.623,1,11,2.00,NONE,SEG12,691
3309,22.663,33.298,-55.319,1,11,2.00,NONE,SEG12,691
3310,22.803,33.155,-58.489,1,11,2.00,NONE,SEG12,691
3311,22.907,32.985,-58.489,1,11,2.00,NONE,SEG12,691
3312,23.012,32.814,-61.716,1,11,2.00,NONE,SEG12,691
3313,23.116,32.644,-65.158,1,11,2.00,NONE,SEG12,692
3314,23.221,32.473,-68.601,1,11,2.00,NONE,SEG12,692
3315,23.325,32.303,-72.020,1,11,2.00,NONE,SEG12,692
3316,23.389,32.113,-72.213,1,11,2.00,NONE,SEG12,692
3317,23.450,31.923,-73.415,1,11,2.00,NONE,SEG12,692
3318,23.511,31.732,-75.609,1,11,2.00,NONE,SEG12,693
3319,23.572,31.542,-77.806,1,11,2.00,NONE,SEG12,693
3320,23.633,31.352,-80.000,1,11,2.00,NONE,SEG12,693
3321,23.678,31.157,-80.992,1,11,2.00,NONE,SEG12,693
3322,23.709,30.960,-81.124,1,11,2.00,NONE,SEG12,693
3323,23.741,30.762,-82.651,1,11,2.00,NONE,SEG12,693
3324,23.772,30.565,-84.181,1,11,2.00,NONE,SEG12,694
3325,23.803,30.367,-85.710,1,11,2.00,NONE,SEG12,694
3326,23.833,30.169,-87.106,1,11,2.00,NONE,SEG12,694
3327,23.843,29.970,-87.106,1,11,2.00,NONE,SEG12,694
3328,23.853,29.770,-87.358,1,11,2.00,NONE,SEG12,694
3329,23.863,29.570,-88.224,1,11,2.00,NONE,SEG12,695
3330,23.873,29.370,-89.090,1,11,2.00,NONE,SEG12,695
3331,23.883,29.171,-89.957,1,11,2.00,NONE,SEG12,695
3332,23.890,28.971,-90.572,1,11,2.00,NONE,SEG12,695
3333,23.888,28.771,-90.572,1,11,2.00,NONE,SEG12,695
3334,23.886,28.571,-91.015,1,11,2.00,NONE,SEG12,695
3335,23.884,28.371,-92.001,1,11,2.00,NONE,SEG12,696
3336,23.882,28.171,-92.988,1,11,2.00,NONE,SEG12,696
3337,23.880,27.971,-93.974,1,11,2.00,NONE,SEG12,696
3338,23.872,27.771,-94.517,1,11,2.00,NONE,SEG12,696
3339,23.856,27.572,-94.517,1,11,2.00,NONE,SEG12,696
3340,23.840,27.372,-95.562,1,11,2.00,NONE,SEG12,696
3341,23.824,27.173,-97.134,1,11,2.00,NONE,SEG12,697
3342,23.809,26.974,-98.707,1,11,2.00,NONE,SEG12,697
3343,23.793,26.774,-100.278,1,11,2.00,NONE,SEG12,697
3344,23.763,26.577,-100.804,1,11,2.00,NONE,SEG12,697
3345,23.725,26.380,-100.804,1,11,2.00,NONE,SEG12,697
3346,23.688,26.184,-102.338,1,11,2.00,NONE,SEG12,697
3347,23.650,25.988,-103.980,1,11,2.00,NONE,SEG12,698
3348,23.613,25.791,-105.622,1,11,2.00,NONE,SEG12,698
3349,23.575,25.595,-107.261,1,11,2.00,NONE,SEG12,698
3350,23.517,25.403,-107.366,1,11,2.00,NONE,SEG12,698
3351,23.457,25.212,-108.276,1,11,2.00,NONE,SEG12,698
3352,23.398,25.022,-111.388,1,11,2.00,NONE,SEG12,699
3353,23.338,24.831,-114.512,1,11,2.00,NONE,SEG12,699
3354,23.278,24.640,-117.631,1,11,2.00,NONE,SEG12,699
3355,23.207,24.454,-119.834,1,11,2.00,NONE,SEG12,699
3356,23.108,24.281,-119.917,1,11,2.00,NONE,SEG12,699
3357,23.008,24.107,-123.378,1,11,2.00,NONE,SEG12,699
3358,22.909,23.934,-126.865,1,11,2.00,NONE,SEG12,700
3359,22.809,23.760,-130.351,1,11,2.00,NONE,SEG12,700
3360,22.709,23.587,-133.732,1,11,2.00,NONE,SEG12,700
3361,22.570,23.443,-133.732,1,11,2.00,NONE,SEG12,700
3362,22.432,23.298,-135.943,1,11,2.00,NONE,SEG12,700
3363,22.294,23.154,-138.891,1,11,2.00,NONE,SEG12,701
3364,22.156,23.009,-141.842,1,11,2.00,NONE,SEG12,701
3365,22.017,22.865,-144.782,1,11,2.00,NONE,SEG12,701
3366,21.859,22.744,-145.512,1,11,2.00,NONE,SEG12,701
3367,21.694,22.630,-146.691,1,11,2.00,NONE,SEG12,701
3368,21.529,22.517,-149.345,1,11,2.00,NONE,SEG12,702
3369,21.365,22.404,-152.007,1,11,2.00,NONE,SEG12,702
3370,21.200,22.291,-154.663,1,11,2.00,NONE,SEG12,702
3371,21.027,22.192,-156.140,1,11,2.00,NONE,SEG12,702
3372,20.844,22.111,-156.569,1,11,2.00,NONE,SEG12,702
3373,20.661,22.030,-158.883,1,11,2.00,NONE,SEG12,702
3374,20.478,21.949,-161.204,1,11,2.00,NONE,SEG12,703
3375,20.295,21.868,-163.523,1,11,2.00,NONE,SEG12,703
3376,20.110,21.793,-165.408,1,11,2.00,NONE,SEG12,703
3377,19.917,21.742,-165.408,1,11,2.00,NONE,SEG12,703
3378,19.723,21.692,-166.180,1,11,2.00,NONE,SEG12,703
3379,19.530,21.642,-167.744,1,11,2.00,NONE,SEG12,704
3380,19.336,21.591,-169.309,1,11,2.00,NONE,SEG12,704
3381,19.143,21.541,-170.873,1,11,2.00,NONE,SEG12,704
3382,18.947,21.501,-171.665,1,11,2.00,NONE,SEG12,704
3383,18.749,21.472,-171.665,1,11,2.00,NONE,SEG12,704
3384,18.551,21.443,-172.283,1,11,2.00,NONE,SEG12,704
3385,18.353,21.414,-173.167,1,11,2.00,NONE,SEG12,705
3386,18.155,21.385,-174.051,1,11,2.00,NONE,SEG12,705
3387,17.958,21.356,-174.935,1,11,2.00,NONE,SEG12,705
3388,17.759,21.336,-175.201,1,11,2.00,NONE,SEG12,705
3389,17.559,21.319,-175.201,1,11,2.00,NONE,SEG12,705
3390,17.360,21.302,-175.762,1,11,2.00,NONE,SEG12,705
3391,17.161,21.285,-176.370,1,11,2.00,STOP_LINE,SEG12,706
3392,16.961,21.269,-176.979,1,11,2.00,NONE,SEG12,706
3393,16.762,21.252,-177.586,1,11,2.00,NONE,SEG12,706
3394,16.562,21.243,-177.633,1,11,2.00,NONE,SEG12,706
3395,16.363,21.235,-177.665,1,11,2.00,NONE,SEG12,706
3396,16.163,21.226,-177.888,1,11,2.00,NONE,SEG12,707
3397,15.963,21.218,-178.110,1,11,2.00,NONE,SEG12,707
3398,15.763,21.210,-178.332,1,11,2.00,NONE,SEG12,707
3399,15.563,21.202,-178.522,1,11,2.00,NONE,SEG12,707
3400,15.363,21.197,-178.522,1,11,2.00,NONE,SEG12,707
3401,15.163,21.192,-178.601,1,11,2.00,NONE,SEG12,707
3402,14.963,21.187,-178.829,1,11,2.00,NONE,SEG12,708
3403,14.763,21.182,-179.058,1,11,2.00,NONE,SEG12,708
3404,14.564,21.176,-179.286,1,11,2.00,NONE,SEG12,708
3405,14.364,21.172,-179.435,1,11,2.00,NONE,SEG12,708
3406,14.164,21.170,-179.435,1,11,2.00,NONE,SEG12,708
3407,13.964,21.168,-179.387,1,11,2.00,NONE,SEG12,708
3408,13.764,21.166,-179.312,1,11,2.00,NONE,SEG12,709
3409,13.564,21.164,-179.237,1,11,2.00,NONE,SEG12,709
3410,13.364,21.162,-179.161,1,11,2.00,NONE,SEG12,709
3411,13.164,21.160,-179.134,1,11,2.00,NONE,SEG12,709
3412,12.964,21.157,-179.134,1,11,2.00,NONE,SEG12,709
3413,12.764,21.154,-179.403,1,11,2.00,NONE,SEG12,709
3414,12.564,21.151,-179.710,1,11,2.00,NONE,SEG12,710
3415,12.364,21.148,179.984,1,11,2.00,NONE,SEG12,710
3416,12.164,21.145,179.677,1,11,2.00,NONE,SEG12,710
3417,11.964,21.145,179.640,1,11,2.00,NONE,SEG12,710
3418,11.764,21.147,179.638,1,11,2.00,NONE,SEG12,710
3419,11.564,21.148,179.534,1,11,2.00,NONE,SEG12,710
3420,11.364,21.149,179.429,1,11,2.00,NONE,SEG12,711
3421,11.164,21.150,179.325,1,11,2.00,NONE,SEG12,711
3422,10.964,21.152,179.223,1,11,2.00,NONE,SEG12,711
3423,10.764,21.154,179.223,1,11,2.00,NONE,SEG12,711
3424,10.564,21.157,179.244,1,11,2.00,NONE,SEG12,711
3425,10.364,21.160,179.436,1,11,2.00,NONE,SEG12,712
3426,10.164,21.163,179.627,1,11,2.00,NONE,SEG12,712
3427,9.964,21.165,179.818,1,11,2.00,NONE,SEG12,712
3428,9.764,21.168,179.987,1,11,2.00,NONE,SEG12,712
3429,9.564,21.168,179.987,1,11,2.00,NONE,SEG12,712
3430,9.364,21.168,-180.000,1,11,2.00,NONE,SEG12,712
3431,9.164,21.168,-179.908,1,11,2.00,NONE,SEG12,713
3432,8.964,21.168,-179.817,1,11,2.00,NONE,SEG12,713
3433,8.764,21.168,-179.725,1,11,2.00,NONE,SEG12,713
3434,8.564,21.168,-179.647,1,11,2.00,NONE,SEG12,713
3435,8.364,21.167,-179.647,1,11,2.00,NONE,SEG12,713
3436,8.164,21.165,-179.626,1,11,2.00,NONE,SEG12,713
3437,7.964,21.164,-179.551,1,11,2.00,NONE,SEG12,714
3438,7.764,21.163,-179.475,1,11,2.00,NONE,SEG12,714
3439,7.564,21.162,-179.400,1,11,2.00,NONE,SEG12,714
3440,7.364,21.160,-179.346,1,11,2.00,NONE,SEG12,714
3441,7.164,21.158,-179.346,1,11,2.00,NONE,SEG12,714
3442,6.964,21.156,-179.224,1,11,2.00,NONE,SEG12,714
3443,6.764,21.153,-178.946,1,11,2.00,NONE,SEG12,715
3444,6.564,21.151,-178.668,1,11,2.00,NONE,SEG12,715
3445,6.364,21.149,-178.390,1,11,2.00,NONE,SEG12,715
3446,6.164,21.145,-178.235,1,11,2.00,NONE,SEG12,715
3447,5.964,21.139,-178.235,1,11,2.00,NONE,SEG12,715
3448,5.764,21.132,-178.092,1,11,2.00,NONE,SEG12,715
3449,5.564,21.126,-177.889,1,11,2.00,NONE,SEG12,716
3450,5.364,21.120,-177.686,1,11,2.00,NONE,SEG12,716
3451,5.165,21.114,-177.483,1,11,2.00,NONE,SEG12,716
3452,4.965,21.106,-177.423,1,11,2.00,NONE,SEG12,716
3453,4.765,21.097,-177.423,1,11,2.00,NONE,SEG12,716
3454,4.565,21.088,-177.428,1,11,2.00,NONE,SEG12,716
3455,4.365,21.079,-177.432,1,11,2.00,NONE,SEG12,717
3456,4.166,21.070,-177.437,1,11,2.00,NONE,SEG12,717
3457,3.966,21.061,-177.441,1,11,2.00,NONE,SEG12,717
3458,3.766,21.052,-177.441,1,11,2.00,NONE,SEG12,717
3459,3.566,21.043,-177.382,1,11,2.00,NONE,SEG12,717
3460,3.366,21.034,-177.263,1,11,2.00,NONE,SEG12,718
3461,3.167,21.025,-177.143,1,11,2.00,NONE,SEG12,718
3462,2.967,21.016,-177.024,1,11,2.00,NONE,SEG12,718
3463,2.767,21.006,-176.963,1,11,2.00,NONE,SEG12,718
3464,2.567,20.996,-176.963,1,11,2.00,NONE,SEG12,718
3465,2.368,20.985,-176.880,1,11,2.00,NONE,SEG12,718
3466,2.168,20.975,-176.794,1,11,2.00,NONE,SEG12,719
3467,1.968,20.964,-176.708,1,11,2.00,NONE,SEG12,719
3468,1.768,20.953,-176.622,1,11,2.00,NONE,SEG12,719
3469,1.569,20.942,-176.619,1,11,2.00,NONE,SEG12,719
3470,1.369,20.930,-176.683,1,11,2.00,NONE,SEG12,719
3471,1.169,20.918,-176.799,1,11,2.00,NONE,SEG12,720
3472,0.970,20.906,-176.915,1,11,2.00,NONE,SEG12,720
3473,0.770,20.894,-177.031,1,11,2.00,NONE,SEG12,720
3474,0.570,20.884,-177.083,1,11,2.00,NONE,SEG12,720
3475,0.371,20.873,-177.107,1,11,2.00,NONE,SEG12,720
3476,0.171,20.863,-177.318,1,11,2.00,NONE,SEG12,720
3477,-0.029,20.853,-177.528,1,11,2.00,NONE,SEG12,721
3478,-0.229,20.843,-177.738,1,11,2.00,NONE,SEG12,721
3479,-0.428,20.833,-177.923,1,11,2.00,NONE,SEG12,721
3480,-0.628,20.826,-177.923,1,11,2.00,NONE,SEG12,721
3481,-0.828,20.819,-177.913,1,11,2.00,NONE,SEG12,721
3482,-1.028,20.811,-177.896,1,11,2.00,NONE,SEG12,722
3483,-1.228,20.804,-177.878,1,11,2.00,NONE,SEG12,722
3484,-1.428,20.797,-177.861,1,11,2.00,NONE,SEG12,722
3485,-1.628,20.789,-177.854,1,11,2.00,NONE,SEG12,722
3486,-1.827,20.782,-177.854,1,11,2.00,NONE,SEG12,722
3487,-2.027,20.774,-177.968,1,11,2.00,NONE,SEG12,722
3488,-2.227,20.767,-178.093,1,11,2.00,NONE,SEG12,723
3489,-2.427,20.759,-178.218,1,11,2.00,NONE,SEG12,723
3490,-2.627,20.752,-178.343,1,11,2.00,NONE,SEG12,723
3491,-2.827,20.746,-178.354,1,11,2.00,NONE,SEG12,723
3492,-3.027,20.740,-178.419,1,11,2.00,NONE,SEG12,723
3493,-3.227,20.735,-178.665,1,11,2.00,NONE,SEG12,724
3494,-3.426,20.729,-178.911,1,11,2.00,NONE,SEG12,724
3495,-3.626,20.723,-179.157,1,11,2.00,NONE,SEG12,724
3496,-3.826,20.718,-179.339,1,11,2.00,NONE,SEG12,724
3497,-4.026,20.716,-179.338,1,11,2.00,NONE,SEG12,724
3498,-4.226,20.714,-179.282,1,11,2.00,NONE,SEG12,724
3499,-4.426,20.711,-179.227,1,11,2.00,NONE,SEG12,725
3500,-4.626,20.709,-179.096,1,11,2.00,NONE,SEG12,725
3501,-4.826,20.707,-178.759,1,11,2.00,NONE,SEG12,725
3502,-5.026,20.704,-178.476,1,11,2.00,NONE,SEG12,725
3503,-5.226,20.701,-178.232,1,11,2.00,NONE,SEG12,726
3504,-5.426,20.696,-177.985,1,11,2.00,NONE,SEG12,726
3505,-5.626,20.689,-177.985,1,11,2.00,NONE,SEG12,726
3506,-5.826,20.682,-177.985,1,11,2.00,NONE,SEG12,727
3507,-5.899,20.680,-177.985,1,11,2.00,NONE,SEG12,727
