index,dr_x_m,dr_y_m,dr_yaw_deg,direction,mode,drive_level,event,source_segment_id,source_point_index
0,-0.307809,-3.443486,155.990329,1,1,2,NONE,START_B,0
1,-0.482725,-3.365573,159.955321,1,1,2,NONE,START_B,1
2,-0.637324,-3.309167,161.995748,1,1,2,NONE,START_B,2
3,-0.794917,-3.257949,162.682639,1,1,2,NONE,START_B,3
4,-0.992497,-3.196344,157.165217,1,1,2,NONE,START_B,4
5,-1.151276,-3.129486,153.871053,1,1,2,NONE,START_B,5
6,-1.262001,-3.075173,156.035909,1,1,2,NONE,START_B,6
7,-1.431231,-2.999954,161.055621,1,1,2,NONE,START_B,7
8,-1.571208,-2.951908,158.887265,1,1,2,NONE,START_B,8
9,-1.739605,-2.886886,162.602126,1,1,2,NONE,START_B,9
10,-1.905479,-2.834911,159.774789,1,1,2,NONE,START_B,10
11,-2.064259,-2.776412,158.645010,1,1,2,NONE,START_B,11
12,-2.256241,-2.701349,158.300161,1,1,2,NONE,START_B,12
13,-2.429873,-2.632253,162.719791,1,1,2,NONE,START_B,13
14,-2.625256,-2.571472,169.056809,1,1,2,NONE,START_B,14
15,-2.817150,-2.534369,163.824883,1,1,2,NONE,START_B,15
16,-3.009044,-2.478709,162.555587,1,1,2,NONE,START_B,16
17,-3.186174,-2.423049,160.244492,1,1,2,NONE,START_B,17
18,-3.392823,-2.348832,157.269587,1,1,2,NONE,START_B,18
19,-3.569954,-2.274626,163.005948,1,1,2,NONE,START_B,19
20,-3.766975,-2.214413,165.769450,1,1,2,NONE,START_B,20
21,-3.968496,-2.163306,163.824883,1,1,2,NONE,START_B,21
22,-4.160390,-2.107646,162.555680,1,1,2,NONE,START_B,22
23,-4.337521,-2.051986,158.854599,1,1,2,NONE,START_B,23
24,-4.529406,-1.977769,155.903055,1,1,2,NONE,START_B,24
25,-4.719661,-1.892676,157.555874,1,1,2,NONE,START_B,25
26,-4.911865,-1.813282,160.996752,1,1,2,NONE,START_B,26
27,-5.134606,-1.736572,161.488187,1,1,2,NONE,START_B,27
28,-5.348518,-1.664949,160.270789,1,1,2,NONE,START_B,28
29,-5.562668,-1.588149,162.554963,1,1,2,NONE,START_B,29
30,-5.798844,-1.513932,162.556836,1,1,2,NONE,START_B,30
31,-6.035012,-1.439726,162.555032,1,1,2,NONE,START_B,31
32,-6.271189,-1.365509,167.493485,1,1,2,NONE,START_B,32
33,-6.522120,-1.309849,161.468997,1,1,2,NONE,START_B,33
34,-6.743533,-1.235632,163.526413,1,1,2,NONE,START_B,34
35,-6.994473,-1.161426,158.553585,1,1,2,NONE,START_B,35
36,-7.230641,-1.068652,162.557391,1,1,2,NONE,START_B,36
37,-7.466817,-0.994446,167.493533,1,1,2,NONE,START_B,37
38,-7.717749,-0.938786,165.177434,1,1,2,NONE,START_B,38
39,-7.957946,-0.875222,161.030766,1,1,2,NONE,START_B,39
40,-8.204857,-0.790352,159.712559,1,1,2,NONE,START_B,40
41,-8.455797,-0.697589,162.554408,1,1,2,NONE,START_B,41
42,-8.691965,-0.623372,162.557391,1,1,2,NONE,START_B,42
43,-8.928141,-0.549166,163.523607,1,1,2,NONE,START_B,43
44,-9.179073,-0.474949,161.468919,1,1,2,NONE,START_B,44
45,-9.400485,-0.400732,159.712633,1,1,2,NONE,START_B,45
46,-9.651426,-0.307969,159.792628,1,1,2,NONE,START_B,46
47,-9.892562,-0.219213,165.529608,1,1,2,NONE,START_B,47
48,-10.123770,-0.159546,162.554963,1,1,2,NONE,START_B,48
49,-10.359946,-0.085329,166.738549,1,1,2,NONE,START_B,49
50,-10.596114,-0.029669,160.245286,1,1,2,NONE,START_B,50
51,-10.802772,0.044548,158.555814,1,1,2,NONE,START_B,51
52,-11.038939,0.137311,163.993409,1,1,2,NONE,START_B,52
53,-11.267269,0.202812,167.080322,1,1,2,NONE,START_B,53
54,-11.467010,0.248631,169.821225,1,1,2,NONE,START_B,54
55,-11.673659,0.285734,172.461830,1,1,2,NONE,START_B,55
56,-11.852250,0.309367,167.048463,1,1,2,NONE,START_B,56
57,-12.072202,0.359951,161.077990,1,1,2,NONE,START_B,57
58,-12.234568,0.415611,167.011100,1,1,2,NONE,START_B,58
59,-12.435141,0.461876,163.608866,1,1,2,NONE,START_B,59
60,-12.577209,0.503665,162.181650,1,1,2,NONE,START_B,60
61,-12.694203,0.541269,162.397843,1,1,2,NONE,START_B,61
62,-12.765958,0.564034,0.000000,1,1,2,NONE,START_B,62
63,-12.765958,0.564034,164.122397,1,1,2,NONE,START_B,63
64,-12.898948,0.601861,164.010217,1,1,2,NONE,START_B,64
65,-13.090700,0.656808,167.128093,1,1,2,NONE,START_B,65
66,-13.253066,0.693911,163.711399,1,1,2,NONE,START_B,66
67,-13.417071,0.741834,160.138536,1,1,2,NONE,START_B,67
68,-13.592572,0.805231,158.504918,1,1,2,NONE,START_B,68
69,-13.776424,0.877634,160.501440,1,1,2,NONE,START_B,69
70,-13.991115,0.953654,165.889010,1,1,2,NONE,START_B,70
71,-14.212527,1.009314,161.468997,1,1,2,NONE,START_B,71
72,-14.433940,1.083531,162.554408,1,1,2,NONE,START_B,72
73,-14.670108,1.157748,156.077351,1,1,2,NONE,START_B,73
74,-14.921048,1.269068,155.694147,1,1,2,NONE,START_B,74
75,-15.155303,1.374867,162.499432,1,1,2,NONE,START_B,75
76,-15.408156,1.454594,163.523607,1,1,2,NONE,START_B,76
77,-15.659088,1.528811,162.554963,1,1,2,NONE,START_B,77
78,-15.895264,1.603028,159.711890,1,1,2,NONE,START_B,78
79,-16.146195,1.695791,158.556640,1,1,2,NONE,START_B,79
80,-16.382372,1.788554,162.554408,1,1,2,NONE,START_B,80
81,-16.618540,1.862771,167.493919,1,1,2,NONE,START_B,81
82,-16.869480,1.918431,161.468997,1,1,2,NONE,START_B,82
83,-17.090893,1.992648,162.556767,1,1,2,NONE,START_B,83
84,-17.327060,2.066854,158.554328,1,1,2,NONE,START_B,84
85,-17.563237,2.159628,161.471556,1,1,2,NONE,START_B,85
86,-17.784650,2.233834,162.554963,1,1,2,NONE,START_B,86
87,-18.020826,2.308051,167.493533,1,1,2,NONE,START_B,87
88,-18.271758,2.363711,161.468919,1,1,2,NONE,START_B,88
89,-18.493170,2.437928,154.763557,1,1,2,NONE,START_B,89
90,-18.729347,2.549248,156.096485,1,1,2,NONE,START_B,90
91,-18.959767,2.651373,162.920398,1,1,2,NONE,START_B,91
92,-19.231210,2.734774,162.554963,1,1,2,NONE,START_B,92
93,-19.467386,2.808991,158.556640,1,1,2,NONE,START_B,93
94,-19.703563,2.901754,156.076589,1,1,2,NONE,START_B,94
95,-19.954494,3.013074,156.076674,1,1,2,NONE,START_B,95
96,-20.205426,3.124394,159.710349,1,1,2,NONE,START_B,96
97,-20.456366,3.217168,165.889798,1,1,2,NONE,START_B,97
98,-20.603968,3.254271,159.712633,1,1,2,NONE,START_B,98
99,-20.854909,3.347034,159.709681,1,1,2,NONE,START_B,99
100,-21.105840,3.439808,159.711965,1,1,2,NONE,START_B,100
101,-21.356772,3.532571,151.191972,1,1,2,NONE,START_B,101
102,-21.592939,3.662448,159.712633,1,2,2,NONE,START_B,102
103,-21.843880,3.755211,162.554338,1,2,2,NONE,START_B,103
104,-22.080047,3.829428,158.557383,1,2,2,NONE,START_B,104
105,-22.316233,3.922191,156.075827,1,2,2,NONE,START_B,105
106,-22.567155,4.033511,154.763557,1,2,2,NONE,START_B,106
107,-22.803332,4.144831,159.711890,1,2,2,NONE,START_B,107
108,-23.054263,4.237594,157.265886,1,2,2,NONE,START_B,108
109,-23.275676,4.330368,158.557300,1,2,2,NONE,START_B,109
110,-23.511861,4.423131,158.555154,1,2,2,NONE,START_B,110
111,-23.748020,4.515894,156.078112,1,2,2,NONE,START_B,111
112,-23.998969,4.627214,158.552842,1,2,2,NONE,START_B,112
113,-24.235128,4.719988,163.526972,1,2,2,NONE,START_B,113
114,-24.486077,4.794194,162.553783,1,2,2,NONE,START_B,114
115,-24.722236,4.868411,162.555032,1,2,2,NONE,START_B,115
116,-24.958413,4.942628,158.556557,1,2,2,NONE,START_B,116
117,-25.194589,5.035391,158.555897,1,2,2,NONE,START_B,117
118,-25.430757,5.128154,163.524103,1,2,2,NONE,START_B,118
119,-25.681697,5.202371,166.738549,1,2,2,NONE,START_B,119
120,-25.917865,5.258031,162.554963,1,2,2,NONE,START_B,120
121,-26.154041,5.332248,155.825089,1,2,2,NONE,START_B,121
122,-26.360690,5.425011,158.556640,1,2,2,NONE,START_B,122
123,-26.596867,5.517774,156.384152,1,2,2,NONE,START_B,123
124,-26.936363,5.666208,161.471556,1,2,2,NONE,START_B,124
125,-27.157776,5.740414,162.802286,1,2,2,NONE,START_B,125
126,-27.383502,5.810278,161.230617,1,2,2,NONE,START_B,126
127,-27.598688,5.883405,154.786521,1,2,2,NONE,START_B,127
128,-27.807259,5.981611,155.825089,1,2,2,NONE,START_B,128
129,-28.013908,6.074374,157.265886,1,2,2,NONE,START_B,129
130,-28.235321,6.167148,160.247193,1,2,2,NONE,START_B,130
131,-28.441970,6.241354,160.245197,1,2,2,NONE,START_B,131
132,-28.648627,6.315571,164.925377,1,2,2,NONE,START_B,132
133,-28.855276,6.371231,158.556640,1,2,2,NONE,START_B,133
134,-29.091453,6.463994,161.468919,1,2,2,NONE,START_B,134
135,-29.312865,6.538211,165.889072,1,2,2,NONE,START_B,135
136,-29.534278,6.593871,170.487120,1,2,2,NONE,START_B,136
137,-29.755691,6.630974,164.925377,1,2,2,NONE,START_B,137
138,-29.962340,6.686634,162.554963,1,2,2,NONE,START_B,138
139,-30.198516,6.760851,159.900414,1,2,2,NONE,START_B,139
140,-30.421222,6.842348,161.949090,1,2,2,NONE,START_B,140
141,-30.626578,6.909274,161.468997,1,2,2,NONE,START_B,141
142,-30.847991,6.983491,165.889010,1,2,2,NONE,START_B,142
143,-31.069403,7.039151,160.244492,1,2,2,NONE,START_B,143
144,-31.276052,7.113368,161.471556,1,2,2,NONE,START_B,144
145,-31.497465,7.187574,157.985525,1,2,2,NONE,START_B,145
146,-31.697737,7.268548,164.968554,1,2,2,NONE,START_B,146
147,-31.923374,7.329140,167.232405,1,2,2,NONE,START_B,147
148,-32.117421,7.373111,168.169439,1,2,2,NONE,START_B,148
149,-32.294551,7.410214,165.886603,1,2,2,NONE,START_B,149
150,-32.454030,7.450312,164.804658,1,2,2,NONE,START_B,150
151,-32.623260,7.496276,165.800614,1,2,2,NONE,START_B,151
152,-32.796423,7.540091,163.303555,1,2,2,STOP_LINE,START_B,152
153,-32.942909,7.584029,160.234711,1,2,2,NONE,START_B,153
154,-33.076616,7.632075,158.859823,1,2,2,NONE,START_B,154
155,-33.233314,7.692666,157.860497,1,2,2,NONE,START_B,155
156,-33.348803,7.739654,156.469305,1,2,2,NONE,START_B,156
157,-33.477036,7.795493,159.537804,1,2,2,NONE,START_B,157
158,-33.615614,7.847201,158.626789,1,2,2,NONE,START_B,158
159,-33.710760,7.884437,160.824636,1,2,2,NONE,START_B,159
160,-33.758328,7.900979,159.623098,1,2,2,NONE,START_B,160
161,-33.903114,7.954758,158.601225,1,2,2,NONE,START_B,161
162,-34.056172,8.014737,162.513360,1,2,2,NONE,START_B,162
163,-34.207158,8.062304,160.461493,1,2,2,NONE,START_B,163
164,-34.399513,8.130566,164.510467,1,2,2,NONE,START_B,164
165,-34.612007,8.189454,163.824883,1,2,2,NONE,START_B,165
166,-34.803901,8.245114,159.338783,1,2,2,NONE,START_B,166
167,-34.951503,8.300774,160.900007,1,2,2,NONE,START_B,167
168,-35.111018,8.356011,155.689300,1,2,2,NONE,START_B,168
169,-35.276245,8.430651,159.339937,1,2,2,NONE,START_B,169
170,-35.423856,8.486311,162.555587,1,2,2,NONE,START_B,170
171,-35.600986,8.541971,164.821473,1,2,2,NONE,START_B,171
172,-35.777018,8.589727,160.707933,1,2,2,NONE,START_B,172
173,-35.942485,8.647647,157.434441,1,2,2,NONE,START_B,173
174,-36.101742,8.713827,153.432392,1,2,2,NONE,START_B,174
175,-36.263072,8.794501,156.530762,1,2,2,NONE,START_B,175
176,-36.420267,8.862751,161.095150,1,2,2,NONE,START_B,176
177,-36.571252,8.914459,161.162610,1,2,2,NONE,START_B,177
178,-36.747063,8.974438,164.745201,1,2,2,NONE,START_B,178
179,-36.929073,9.024076,161.032544,1,2,2,NONE,START_B,179
180,-37.091829,9.080014,157.266445,1,2,2,NONE,START_B,180
181,-37.268959,9.154231,157.266445,1,2,2,NONE,START_B,181
182,-37.446089,9.228448,159.330360,1,2,2,NONE,START_B,182
183,-37.611626,9.290899,162.645226,1,2,2,NONE,START_B,183
184,-37.777084,9.342607,162.822727,1,2,2,NONE,START_B,184
185,-37.947961,9.395428,162.555587,1,2,2,NONE,START_B,185
186,-38.125091,9.451088,162.555680,1,2,2,NONE,START_B,186
187,-38.302222,9.506748,158.857456,1,2,2,NONE,START_B,187
188,-38.494107,9.580954,157.266445,1,2,2,NONE,START_B,188
189,-38.671237,9.655171,162.555587,1,2,2,NONE,START_B,189
190,-38.848367,9.710831,164.926004,1,2,2,NONE,START_B,190
191,-39.055025,9.766491,163.824164,1,2,2,NONE,START_B,191
192,-39.246910,9.822151,158.855503,1,2,2,NONE,START_B,192
193,-39.438804,9.896368,154.200529,1,2,2,NONE,START_B,193
194,-39.630698,9.989131,158.854599,1,2,2,NONE,START_B,194
195,-39.822583,10.063348,163.824883,1,2,2,NONE,START_B,195
196,-40.014477,10.119008,164.925377,1,2,2,NONE,START_B,196
197,-40.221126,10.174668,161.781821,1,2,2,NONE,START_B,197
198,-40.420406,10.240258,158.629298,1,2,2,NONE,START_B,198
199,-40.610697,10.314720,159.042675,1,2,2,NONE,START_B,199
200,-40.826326,10.397308,158.857557,1,2,2,NONE,START_B,200
201,-41.018212,10.471514,163.824883,1,2,2,NONE,START_B,201
202,-41.210106,10.527174,164.925307,1,2,2,NONE,START_B,202
203,-41.416754,10.582834,164.926004,1,2,2,NONE,START_B,203
204,-41.623412,10.638494,160.244492,1,2,2,NONE,START_B,204
205,-41.830061,10.712711,160.244492,1,2,2,NONE,START_B,205
206,-42.036710,10.786928,163.824883,1,2,2,NONE,START_B,206
207,-42.228604,10.842588,161.471556,1,2,2,NONE,START_B,207
208,-42.450017,10.916794,164.925377,1,2,2,NONE,START_B,208
209,-42.656666,10.972454,163.613956,1,2,2,NONE,START_B,209
210,-42.846558,11.028292,157.487985,1,2,2,NONE,START_B,210
211,-43.069972,11.120888,155.825089,1,2,2,NONE,START_B,211
212,-43.276621,11.213651,161.084330,1,2,2,NONE,START_B,212
213,-43.480498,11.283516,164.010387,1,2,2,NONE,START_B,213
214,-43.689928,11.343528,158.858360,1,2,2,NONE,START_B,214
215,-43.881822,11.417734,157.265886,1,2,2,NONE,START_B,215
216,-44.103235,11.510508,155.824985,1,2,2,NONE,START_B,216
217,-44.309883,11.603271,160.244492,1,2,2,NONE,START_B,217
218,-44.516532,11.677488,155.826021,1,2,2,NONE,START_B,218
219,-44.723190,11.770251,160.244492,1,2,2,NONE,START_B,219
220,-44.929839,11.844468,158.858360,1,2,2,NONE,START_B,220
221,-45.121733,11.918674,155.822550,1,2,2,NONE,START_B,221
222,-45.328382,12.011448,157.269472,1,2,2,NONE,START_B,222
223,-45.505512,12.085654,162.512756,1,2,2,NONE,START_B,223
224,-45.671474,12.137941,165.695092,1,2,2,NONE,START_B,224
225,-45.830254,12.178428,166.064662,1,2,2,NONE,START_B,225
226,-46.004683,12.221709,166.881263,1,2,2,NONE,START_B,226
227,-46.196417,12.266393,165.794281,1,2,2,NONE,START_B,227
228,-46.343471,12.303619,167.298213,1,2,2,NONE,START_B,228
229,-46.475636,12.333408,168.531115,1,2,2,NONE,START_B,229
230,-46.604082,12.359468,165.501960,1,2,2,NONE,START_B,230
231,-46.712052,12.387387,164.980845,1,2,2,NONE,START_B,231
232,-46.864694,12.428342,162.942678,1,2,2,NONE,START_B,232
233,-47.028504,12.478603,165.068875,1,2,2,NONE,START_B,233
234,-47.223958,12.530723,160.741907,1,2,2,NONE,START_B,234
235,-47.378460,12.584702,156.838737,1,2,2,NONE,START_B,235
236,-47.512990,12.642254,158.327343,1,2,2,NONE,START_B,236
237,-47.663276,12.701977,159.274480,1,2,2,NONE,START_B,237
238,-47.801022,12.754097,160.394305,1,2,2,NONE,START_B,238
239,-47.955816,12.809234,159.823845,1,2,2,NONE,START_B,239
240,-48.124922,12.871373,161.564084,1,2,2,NONE,START_B,240
241,-48.320376,12.936528,163.551156,1,2,2,NONE,START_B,241
242,-48.515839,12.994237,163.748972,1,3,2,NONE,START_B,242
243,-48.708619,13.050431,163.824164,1,3,2,NONE,START_B,243
244,-48.900504,13.106091,158.855503,1,3,2,NONE,START_B,244
245,-49.092398,13.180308,158.858360,1,3,2,NONE,START_B,245
246,-49.284292,13.254514,164.925377,1,3,2,NONE,START_B,246
247,-49.490941,13.310174,164.567673,1,3,2,NONE,START_B,247
248,-49.687972,13.364565,159.750165,1,3,2,NONE,START_B,248
249,-49.859637,13.427895,156.401952,1,3,2,NONE,START_B,249
250,-50.031312,13.502891,160.200004,1,3,2,NONE,START_B,250
251,-50.197974,13.562893,157.027416,1,3,2,NONE,START_B,251
252,-50.351306,13.627892,156.992928,1,3,2,NONE,START_B,252
253,-50.472977,13.679556,156.420711,1,3,2,NONE,START_B,253
254,-50.564642,13.719564,157.011203,1,3,2,NONE,START_B,254
255,-50.674640,13.766230,156.707954,1,3,2,NONE,START_B,255
256,-50.794646,13.817893,158.085313,1,3,2,NONE,START_B,256
257,-50.939644,13.876225,159.689533,1,3,2,NONE,START_B,257
258,-51.114631,13.940991,155.826021,1,3,2,NONE,START_B,258
259,-51.321289,14.033754,159.683312,1,3,2,NONE,START_B,259
260,-51.469157,14.088501,162.262323,1,3,2,NONE,START_B,260
261,-51.646022,14.145074,164.925934,1,3,2,NONE,START_B,261
262,-51.852679,14.200734,158.854700,1,3,2,NONE,START_B,262
263,-52.044565,14.274951,155.825917,1,3,2,NONE,START_B,263
264,-52.251222,14.367714,155.822550,1,3,2,NONE,START_B,264
265,-52.457871,14.460488,160.247193,1,3,2,NONE,START_B,265
266,-52.664520,14.534694,162.555032,1,3,2,NONE,START_B,266
267,-52.900697,14.608911,161.468919,1,3,2,NONE,START_B,267
268,-53.122109,14.683128,155.825089,1,3,2,NONE,START_B,268
269,-53.328758,14.775891,155.701703,1,3,2,NONE,START_B,269
270,-53.554909,14.877994,158.940042,1,3,2,NONE,START_B,270
271,-53.771584,14.961428,161.471478,1,3,2,NONE,START_B,271
272,-53.992996,15.035634,167.493968,1,3,2,NONE,START_B,272
273,-54.243937,15.091294,161.468919,1,3,2,NONE,START_B,273
274,-54.465349,15.165511,164.393330,1,3,2,NONE,START_B,274
275,-54.731045,15.239728,166.738495,1,3,2,NONE,START_B,275
276,-54.967212,15.295388,165.889072,1,3,2,NONE,START_B,276
277,-55.188625,15.351048,167.493919,1,3,2,NONE,START_B,277
278,-55.439565,15.406708,161.471556,1,3,2,NONE,START_B,278
279,-55.660978,15.480914,163.523607,1,3,2,NONE,START_B,279
280,-55.911910,15.555131,163.523544,1,3,2,NONE,START_B,280
281,-56.162841,15.629348,171.071903,1,3,2,NONE,START_B,281
282,-56.399018,15.666451,171.589110,1,3,2,NONE,START_B,282
283,-56.649949,15.703554,171.586950,1,3,2,NONE,START_B,283
284,-56.900889,15.740668,171.071568,1,3,2,NONE,START_B,284
285,-57.137057,15.777771,168.168302,1,3,2,NONE,START_B,285
286,-57.402752,15.833431,176.004765,1,3,2,NONE,START_B,286
287,-57.668447,15.851988,177.816539,1,3,2,NONE,START_B,287
288,-57.928315,15.861896,-179.089778,1,3,2,NONE,START_B,288
289,-58.187572,15.857777,177.060558,1,3,2,NONE,START_B,289
290,-58.436014,15.870534,180.000000,1,3,2,NONE,START_B,290
291,-58.701710,15.870534,180.000000,1,3,2,NONE,START_B,291
292,-58.967405,15.870534,-176.007126,1,3,2,NONE,START_B,292
293,-59.233100,15.851988,-168.168302,1,3,2,NONE,START_B,293
294,-59.498795,15.796328,-172.048038,1,3,2,NONE,START_B,294
295,-59.764491,15.759214,-171.589110,1,3,2,NONE,START_B,295
296,-60.015422,15.722111,-168.168302,1,3,2,NONE,START_B,296
297,-60.281117,15.666451,-164.606048,1,3,2,NONE,START_B,297
298,-60.535308,15.596464,-161.388782,1,3,2,NONE,START_B,298
299,-60.768225,15.518028,-158.554328,1,3,2,NONE,START_B,299
300,-61.004402,15.425254,-162.557391,1,3,2,NONE,START_B,300
301,-61.240578,15.351048,-163.523607,1,3,2,NONE,START_B,301
302,-61.491510,15.276831,-160.384211,1,3,2,NONE,START_B,302
303,-61.720495,15.195222,-156.874788,1,3,2,NONE,START_B,303
304,-61.963854,15.091294,-153.174658,1,3,2,NONE,START_B,304
305,-62.189624,14.977124,-154.924723,1,3,2,NONE,START_B,305
306,-62.421443,14.868654,-154.763557,1,3,2,NONE,START_B,306
307,-62.657620,14.757334,-153.307980,1,3,2,NONE,START_B,307
308,-62.879032,14.646014,-147.853202,1,3,2,NONE,START_B,308
309,-63.085681,14.516148,-141.060513,1,3,2,NONE,START_B,309
310,-63.292330,14.349168,-142.277303,1,3,2,NONE,START_B,310
311,-63.484224,14.200734,-142.279358,1,3,2,NONE,START_B,311
312,-63.676118,14.052311,-141.847960,1,3,2,NONE,START_B,312
313,-63.794202,13.959548,-138.418167,1,3,2,NONE,START_B,313
314,-63.971518,13.802220,-137.343784,1,3,2,NONE,START_B,314
315,-64.163226,13.625588,-130.954203,1,3,2,NONE,START_B,315
316,-64.340356,13.421494,-128.505511,1,3,2,NONE,START_B,316
317,-64.502723,13.217411,-133.068253,1,3,2,NONE,START_B,317
318,-64.648474,13.061485,-127.244779,1,3,2,NONE,START_B,318
319,-64.797937,12.864894,-125.877804,1,3,2,NONE,START_B,319
320,-64.945548,12.660811,-123.062149,1,3,2,NONE,START_B,320
321,-65.078396,12.456728,-120.824093,1,3,2,NONE,START_B,321
322,-65.211243,12.234088,-125.876522,1,3,2,NONE,START_B,322
323,-65.358855,12.029994,-128.503792,1,3,2,NONE,START_B,323
324,-65.521212,11.825911,-123.546287,1,3,2,NONE,START_B,324
325,-65.668833,11.603271,-120.822385,1,3,2,NONE,START_B,325
326,-65.801671,11.380631,-117.940624,1,3,2,NONE,START_B,326
327,-65.919755,11.157991,-117.942432,1,3,2,NONE,START_B,327
328,-66.037848,10.935351,-116.086935,1,3,2,NONE,START_B,328
329,-66.155941,10.694154,-120.822385,1,3,2,NONE,START_B,329
330,-66.288779,10.471514,-114.894485,1,3,2,NONE,START_B,330
331,-66.392099,10.248874,-111.694398,1,3,2,NONE,START_B,331
332,-66.480673,10.026234,-108.827921,1,3,2,NONE,START_B,332
333,-66.569238,9.766491,-113.188527,1,3,2,NONE,START_B,333
334,-66.672558,9.525294,-114.896391,1,3,2,NONE,START_B,334
335,-66.775887,9.302654,-113.189473,1,3,2,NONE,START_B,335
336,-66.879207,9.061468,-108.343568,1,3,2,NONE,START_B,336
337,-66.953026,8.838828,-111.692398,1,3,2,NONE,START_B,337
338,-67.041591,8.616188,-111.015117,1,3,2,NONE,START_B,338
339,-67.125843,8.396877,-112.343908,1,3,2,NONE,START_B,339
340,-67.218722,8.170908,-110.162704,1,3,2,NONE,START_B,340
341,-67.307287,7.929711,-117.940624,1,3,2,NONE,START_B,341
342,-67.425371,7.707071,-110.162704,1,3,2,NONE,START_B,342
343,-67.513936,7.465874,-110.161665,1,3,2,NONE,START_B,343
344,-67.602492,7.224688,-108.048631,1,3,2,NONE,START_B,344
345,-67.694953,6.940942,-114.443836,1,3,2,NONE,START_B,345
346,-67.794202,6.722593,-110.587330,1,3,2,NONE,START_B,346
347,-67.886837,6.475976,-114.894485,1,3,2,NONE,START_B,347
348,-67.990157,6.253336,-110.164588,1,3,2,NONE,START_B,348
349,-68.078731,6.012139,-110.162704,1,3,2,NONE,START_B,349
350,-68.167296,5.770942,-107.013912,1,3,2,NONE,START_B,350
351,-68.241098,5.529756,-110.162704,1,3,2,NONE,START_B,351
352,-68.329663,5.288559,-107.012963,1,3,2,NONE,START_B,352
353,-68.403464,5.047362,-104.855548,1,3,2,NONE,START_B,353
354,-68.462519,4.824722,-102.803532,1,3,2,NONE,START_B,354
355,-68.521548,4.564979,-100.405301,1,3,2,NONE,START_B,355
356,-68.565839,4.323782,-103.754519,1,3,2,NONE,START_B,356
357,-68.624877,4.082596,-103.755708,1,3,2,NONE,START_B,357
358,-68.683923,3.841399,-99.675204,1,3,2,NONE,START_B,358
359,-68.728206,3.581656,-96.979343,1,3,2,NONE,START_B,359
360,-68.757733,3.340459,-94.013540,1,3,2,NONE,START_B,360
361,-68.774747,3.097971,-92.768061,1,3,2,NONE,START_B,361
362,-68.787243,2.839519,-96.485633,1,3,2,NONE,START_B,362
363,-68.816771,2.579776,-96.977470,1,3,2,NONE,START_B,363
364,-68.846290,2.338579,-93.253017,1,3,2,NONE,START_B,364
365,-68.861053,2.078836,-90.000000,1,3,2,NONE,START_B,365
366,-68.861053,1.837639,-89.522814,1,3,2,NONE,START_B,366
367,-68.858901,1.579254,-90.508327,1,3,2,NONE,START_B,367
368,-68.861053,1.336699,-90.000000,1,3,2,NONE,START_B,368
369,-68.861053,1.076956,-90.000000,1,3,2,NONE,START_B,369
370,-68.861053,0.835759,-86.497454,1,3,2,NONE,START_B,370
371,-68.846290,0.594562,-82.595575,1,3,2,NONE,START_B,371
372,-68.814459,0.349625,-83.461307,1,3,2,NONE,START_B,372
373,-68.787243,0.112179,-83.024636,1,3,2,NONE,START_B,373
374,-68.757733,-0.129018,-83.020342,1,3,2,NONE,START_B,374
375,-68.728206,-0.370204,-79.596538,1,3,2,NONE,START_B,375
376,-68.683923,-0.611401,-75.146616,1,3,2,NONE,START_B,376
377,-68.624877,-0.834041,-69.837296,1,3,2,NONE,START_B,377
378,-68.536312,-1.075238,-71.662461,1,3,2,NONE,START_B,378
379,-68.462519,-1.297878,-72.982396,1,3,2,NONE,START_B,379
380,-68.388700,-1.539064,-69.837296,1,3,2,NONE,START_B,380
381,-68.300135,-1.780261,-67.418608,1,3,2,NONE,START_B,381
382,-68.207053,-2.004081,-60.763789,1,3,2,NONE,START_B,382
383,-68.093486,-2.206984,-62.061183,1,3,2,NONE,START_B,383
384,-67.975411,-2.429624,-66.539817,1,3,2,NONE,START_B,384
385,-67.886837,-2.633718,-63.913949,1,3,2,NONE,START_B,385
386,-67.768754,-2.874904,-61.156177,1,3,2,NONE,START_B,386
387,-67.655904,-3.079806,-59.544629,1,3,2,NONE,START_B,387
388,-67.572973,-3.220846,-54.123855,1,3,2,NONE,START_B,388
389,-67.425371,-3.424929,-56.936076,1,3,2,NONE,START_B,389
390,-67.292514,-3.629012,-56.939263,1,3,2,NONE,START_B,390
391,-67.159666,-3.833106,-59.177615,1,3,2,NONE,START_B,391
392,-67.026828,-4.055746,-54.120353,1,3,2,NONE,START_B,392
393,-66.879207,-4.259829,-51.498070,1,3,2,NONE,START_B,393
394,-66.731614,-4.445366,-45.800874,1,3,2,NONE,START_B,394
395,-66.569238,-4.612346,-51.493114,1,3,2,NONE,START_B,395
396,-66.406863,-4.816429,-48.811954,1,3,2,NONE,START_B,396
397,-66.244506,-5.001966,-48.806948,1,3,2,NONE,START_B,397
398,-66.082130,-5.187492,-45.801050,1,3,2,NONE,START_B,398
399,-65.919755,-5.354472,-39.964262,1,3,2,NONE,START_B,399
400,-65.742634,-5.502906,-42.431248,1,3,2,NONE,START_B,400
401,-65.580268,-5.651329,-40.566147,1,3,2,NONE,START_B,401
402,-65.422445,-5.786438,-44.098626,1,3,2,NONE,START_B,402
403,-65.255526,-5.948186,-41.693549,1,3,2,NONE,START_B,403
404,-65.074118,-6.109778,-36.436315,1,3,2,NONE,START_B,404
405,-64.916029,-6.226486,-34.088532,1,3,2,NONE,START_B,405
406,-64.724135,-6.356352,-30.118532,1,3,2,NONE,START_B,406
407,-64.532241,-6.467672,-31.983829,1,3,2,NONE,START_B,407
408,-64.336743,-6.589756,-36.174060,1,3,2,NONE,START_B,408
409,-64.148462,-6.727426,-35.543510,1,3,2,NONE,START_B,409
410,-63.958898,-6.862858,-28.569187,1,3,2,NONE,START_B,410
411,-63.764683,-6.968612,-26.692020,1,3,2,NONE,START_B,411
412,-63.543271,-7.079932,-28.309914,1,3,2,NONE,START_B,412
413,-63.336613,-7.191252,-24.177450,1,3,2,NONE,START_B,413
414,-63.129964,-7.284026,-30.393024,1,3,2,NONE,START_B,414
415,-62.908551,-7.413892,-30.118532,1,3,2,NONE,START_B,415
416,-62.716657,-7.525212,-26.692020,1,3,2,NONE,START_B,416
417,-62.495245,-7.636532,-21.446415,1,3,2,NONE,START_B,417
418,-62.259077,-7.729306,-28.309914,1,3,2,NONE,START_B,418
419,-62.052419,-7.840626,-28.310956,1,3,2,NONE,START_B,419
420,-61.845770,-7.951946,-21.443443,1,3,2,NONE,START_B,420
421,-61.609594,-8.044709,-25.800524,1,3,2,NONE,START_B,421
422,-61.417709,-8.137472,-22.734114,1,3,2,NONE,START_B,422
423,-61.196296,-8.230246,-18.528444,1,3,2,NONE,START_B,423
424,-60.974883,-8.304452,-19.754714,1,3,2,NONE,START_B,424
425,-60.768225,-8.378669,-21.444186,1,3,2,NONE,START_B,425
426,-60.532058,-8.471432,-21.297681,1,3,2,NONE,START_B,426
427,-60.320662,-8.553842,-15.922766,1,3,2,NONE,START_B,427
428,-60.089232,-8.619866,-8.928135,1,3,2,NONE,START_B,428
429,-59.853056,-8.656969,-11.637293,1,3,2,NONE,START_B,429
430,-59.645388,-8.699738,-15.338461,1,3,2,NONE,START_B,430
431,-59.395467,-8.768289,-18.531003,1,3,2,NONE,START_B,431
432,-59.174054,-8.842506,-18.528444,1,3,2,NONE,START_B,432
433,-58.952641,-8.916712,-13.261505,1,3,2,NONE,START_B,433
434,-58.716474,-8.972372,-11.210677,1,3,2,NONE,START_B,434
435,-58.478163,-9.019605,-13.600211,1,3,2,NONE,START_B,435
436,-58.246211,-9.075721,-10.715250,1,3,2,NONE,START_B,436
437,-58.007953,-9.120806,-10.525898,1,3,2,NONE,START_B,437
438,-57.767348,-9.165512,-7.254362,1,3,2,NONE,START_B,438
439,-57.535600,-9.195012,0.000000,1,3,2,NONE,START_B,439
440,-57.284668,-9.195012,4.490005,1,3,2,NONE,START_B,440
441,-57.048492,-9.176466,0.000000,1,3,2,NONE,START_B,441
442,-56.827079,-9.176466,4.229473,1,3,2,NONE,START_B,442
443,-56.576148,-9.157909,8.410857,1,3,2,NONE,START_B,443
444,-56.325216,-9.120806,14.110990,1,3,2,NONE,START_B,444
445,-56.103804,-9.065146,18.531003,1,3,2,NONE,START_B,445
446,-55.882391,-8.990929,22.731692,1,3,2,NONE,START_B,446
447,-55.660978,-8.898166,19.754714,1,3,2,NONE,START_B,447
448,-55.454320,-8.823949,26.629792,1,3,2,NONE,START_B,448
449,-55.221518,-8.707219,32.815858,1,3,2,NONE,START_B,449
450,-55.021370,-8.578154,39.635242,1,3,2,NONE,START_B,450
451,-54.836189,-8.424767,46.491786,1,3,2,NONE,START_B,451
452,-54.686762,-8.267349,48.808806,1,3,2,NONE,START_B,452
453,-54.524387,-8.081812,51.494661,1,3,2,NONE,START_B,453
454,-54.362021,-7.877729,49.622043,1,3,2,NONE,START_B,454
455,-54.202072,-7.689643,56.131394,1,3,2,NONE,START_B,455
456,-54.066807,-7.488109,59.944101,1,3,2,NONE,START_B,456
457,-53.948714,-7.284026,61.066585,1,3,2,NONE,START_B,457
458,-53.831702,-7.072351,55.724796,1,3,2,NONE,START_B,458
459,-53.697782,-6.875849,56.455500,1,3,2,NONE,START_B,459
460,-53.550171,-6.653209,59.945994,1,3,2,NONE,START_B,460
461,-53.432087,-6.449126,63.147754,1,3,2,NONE,START_B,461
462,-53.328758,-6.245032,63.368020,1,3,2,NONE,START_B,462
463,-53.152682,-5.893906,60.821115,1,3,2,NONE,START_B,463
464,-53.048308,-5.706989,56.937851,1,3,2,NONE,START_B,464
465,-52.915460,-5.502906,61.155304,1,3,2,NONE,START_B,465
466,-52.789795,-5.274744,64.439677,1,3,2,NONE,START_B,466
467,-52.686918,-5.059641,66.819018,1,3,2,NONE,START_B,467
468,-52.590719,-4.834986,68.307602,1,3,2,NONE,START_B,468
469,-52.502154,-4.612346,63.147754,1,3,2,NONE,START_B,469
470,-52.398825,-4.408252,62.059376,1,3,2,NONE,START_B,470
471,-52.280741,-4.185612,68.307602,1,3,2,NONE,START_B,471
472,-52.192176,-3.962972,69.987802,1,3,2,NONE,START_B,472
473,-52.112653,-3.744629,71.707867,1,3,2,NONE,START_B,473
474,-52.037834,-3.518293,68.208147,1,3,2,NONE,START_B,474
475,-51.956000,-3.313609,68.307380,1,3,2,NONE,START_B,475
476,-51.867434,-3.090969,68.307602,1,3,2,NONE,START_B,476
477,-51.778869,-2.868329,70.118871,1,3,2,NONE,START_B,477
478,-51.705068,-2.664246,76.244292,1,3,2,NONE,START_B,478
479,-51.646022,-2.423049,77.317073,1,3,2,NONE,START_B,479
480,-51.598250,-2.210773,71.846930,1,3,2,NONE,START_B,480
481,-51.527938,-1.996326,68.307602,1,3,2,NONE,START_B,481
482,-51.439373,-1.773686,63.147754,1,3,2,NONE,START_B,482
483,-51.336044,-1.569592,70.118871,1,3,2,NONE,START_B,483
484,-51.262243,-1.365509,69.837296,1,3,2,NONE,START_B,484
485,-51.173678,-1.124312,63.146509,1,3,2,NONE,START_B,485
486,-51.070349,-0.920229,57.525511,1,3,2,NONE,START_B,486
487,-50.952265,-0.734692,59.945994,1,3,2,NONE,START_B,487
488,-50.834181,-0.530609,63.146509,1,3,2,NONE,START_B,488
489,-50.730852,-0.326526,62.059376,1,3,2,NONE,START_B,489
490,-50.612768,-0.103886,59.215868,1,3,2,NONE,START_B,490
491,-50.498369,0.088141,52.670906,1,3,2,NONE,START_B,491
492,-50.361828,0.267188,46.326242,1,3,2,NONE,START_B,492
493,-50.184698,0.452714,41.030075,1,3,2,NONE,START_B,493
494,-49.992813,0.619694,42.431606,1,3,2,NONE,START_B,494
495,-49.830437,0.768128,37.721943,1,3,2,NONE,START_B,495
496,-49.638552,0.916551,31.332244,1,3,2,NONE,START_B,496
497,-49.441504,1.036510,28.804669,1,3,2,NONE,START_B,497
498,-49.254764,1.139191,26.692020,1,3,2,NONE,START_B,498
499,-49.033352,1.250511,25.800524,1,3,2,NONE,START_B,499
500,-48.841467,1.343274,21.516158,1,3,2,NONE,START_B,500
501,-48.618451,1.431195,15.679454,1,3,2,NONE,START_B,501
502,-48.405213,1.491051,10.042159,1,3,2,NONE,START_B,502
503,-48.191983,1.528811,5.116174,1,3,2,NONE,START_B,503
504,-47.945055,1.550919,3.805791,1,3,2,NONE,START_B,504
505,-47.719639,1.565914,4.492657,1,3,2,NONE,START_B,505
506,-47.483463,1.584471,4.229456,1,3,2,NONE,START_B,506
507,-47.232531,1.603028,-2.683088,1,3,2,NONE,START_B,507
508,-46.998551,1.592063,-6.669916,1,3,2,NONE,START_B,508
509,-46.774942,1.565914,-8.928432,1,3,2,NONE,START_B,509
510,-46.538774,1.528811,-4.492657,1,3,2,NONE,START_B,510
511,-46.302598,1.510254,-8.410857,1,3,2,NONE,START_B,511
512,-46.051666,1.473151,-4.492657,1,3,2,NONE,START_B,512
513,-45.815490,1.454594,-11.046363,1,3,2,NONE,START_B,513
514,-45.580668,1.408752,-16.379667,1,3,2,NONE,START_B,514
515,-45.357901,1.343274,-12.506467,1,3,2,NONE,START_B,515
516,-45.106969,1.287614,-8.928135,1,3,2,NONE,START_B,516
517,-44.870793,1.250511,-13.261451,1,3,2,NONE,START_B,517
518,-44.634625,1.194851,-14.110928,1,3,2,NONE,START_B,518
519,-44.413212,1.139191,-21.443443,1,3,2,NONE,START_B,519
520,-44.177036,1.046428,-18.531003,1,3,2,NONE,START_B,520
521,-43.955623,0.972211,-17.445037,1,3,2,NONE,START_B,521
522,-43.719447,0.897994,-12.506467,1,3,2,NONE,START_B,522
523,-43.468515,0.842334,-17.442609,1,3,2,NONE,START_B,523
524,-43.232339,0.768128,-21.446415,1,3,2,NONE,START_B,524
525,-42.996171,0.675354,-22.731692,1,3,2,NONE,START_B,525
526,-42.774758,0.582591,-16.475897,1,3,2,NONE,START_B,526
527,-42.523818,0.508374,-19.911684,1,3,2,NONE,START_B,527
528,-42.282877,0.421099,-14.802011,1,3,2,NONE,START_B,528
529,-42.051474,0.359951,-18.531003,1,3,2,NONE,START_B,529
530,-41.830061,0.285734,-21.443443,1,3,2,NONE,START_B,530
531,-41.593885,0.192971,-21.444103,1,3,2,NONE,START_B,531
532,-41.357717,0.100208,-24.581306,1,3,2,NONE,START_B,532
533,-41.126872,-0.005390,-19.420193,1,3,2,NONE,START_B,533
534,-40.900128,-0.085329,-22.731692,1,3,2,NONE,START_B,534
535,-40.678715,-0.178092,-26.691916,1,3,2,NONE,START_B,535
536,-40.457302,-0.289412,-32.148985,1,3,2,NONE,START_B,536
537,-40.250653,-0.419289,-30.395255,1,3,2,NONE,START_B,537
538,-40.029241,-0.549166,-22.731692,1,3,2,NONE,START_B,538
539,-39.807828,-0.641929,-21.443360,1,3,2,NONE,START_B,539
540,-39.571651,-0.734692,-26.190116,1,3,2,NONE,START_B,540
541,-39.232155,-0.901672,-25.236443,1,3,2,NONE,START_B,541
542,-38.995978,-1.012992,-21.445755,1,3,2,NONE,START_B,542
543,-38.759802,-1.105766,-25.237285,1,3,2,NONE,START_B,543
544,-38.523634,-1.217086,-23.738880,1,3,2,NONE,START_B,544
545,-38.292984,-1.318521,-28.106062,1,3,2,NONE,START_B,545
546,-38.066045,-1.439726,-33.835708,1,3,2,NONE,START_B,546
547,-37.844632,-1.588149,-26.692020,1,3,2,NONE,START_B,547
548,-37.623220,-1.699469,-21.443360,1,3,2,NONE,START_B,548
549,-37.387043,-1.792232,-25.237285,1,3,2,NONE,START_B,549
550,-37.150875,-1.903552,-24.390537,1,3,2,NONE,START_B,550
551,-36.931216,-2.003150,-30.556817,1,3,2,NONE,START_B,551
552,-36.722805,-2.126192,-35.689326,1,3,2,NONE,START_B,552
553,-36.516156,-2.274626,-32.146798,1,3,2,NONE,START_B,553
554,-36.309507,-2.404492,-35.688143,1,3,2,NONE,START_B,554
555,-36.102849,-2.552926,-34.479614,1,3,2,NONE,START_B,555
556,-35.887441,-2.700859,-37.750052,1,3,2,NONE,START_B,556
557,-35.719070,-2.831226,-39.960739,1,3,2,NONE,START_B,557
558,-35.541940,-2.979649,-43.310472,1,3,2,NONE,START_B,558
559,-35.364810,-3.146629,-43.310472,1,3,2,NONE,START_B,559
560,-35.187680,-3.313609,-39.960739,1,3,2,NONE,START_B,560
561,-35.010550,-3.462032,-46.227821,1,3,2,NONE,START_B,561
562,-34.845544,-3.634266,-51.195996,1,3,2,NONE,START_B,562
563,-34.700572,-3.814549,-54.396620,1,3,2,NONE,START_B,563
564,-34.567724,-4.000086,-59.945994,1,3,2,NONE,START_B,564
565,-34.449640,-4.204169,-54.396824,1,3,2,NONE,START_B,565
566,-34.316793,-4.389706,-53.483747,1,3,2,NONE,START_B,566
567,-34.168402,-4.590126,-58.200868,1,3,2,NONE,START_B,567
568,-34.051097,-4.779326,-63.146733,1,3,2,NONE,START_B,568
569,-33.947769,-4.983409,-65.103609,1,3,2,NONE,START_B,569
570,-33.844440,-5.206049,-65.105515,1,3,2,NONE,START_B,570
571,-33.741120,-5.428689,-63.146509,1,3,2,NONE,START_B,571
572,-33.637791,-5.632772,-63.616202,1,3,2,NONE,START_B,572
573,-33.528670,-5.852751,-69.827248,1,3,2,NONE,START_B,573
574,-33.445897,-6.078052,-75.148540,1,3,2,NONE,START_B,574
575,-33.386859,-6.300692,-76.244292,1,3,2,NONE,START_B,575
576,-33.327813,-6.541889,-75.146616,1,3,2,NONE,START_B,576
577,-33.268767,-6.764529,-78.750705,1,3,2,NONE,START_B,577
578,-33.224484,-6.987169,-83.022530,1,3,2,NONE,START_B,578
579,-33.194965,-7.228366,-88.765271,1,3,2,NONE,START_B,579
580,-33.190103,-7.453945,-91.267753,1,3,2,NONE,START_B,580
581,-33.194965,-7.673646,-90.000000,1,4,2,NONE,START_B,581
582,-33.194965,-7.914832,-93.793919,1,4,2,NONE,START_B,582
583,-33.209729,-8.137472,-93.500653,1,4,2,NONE,START_B,583
584,-33.224484,-8.378669,-96.174125,1,4,2,NONE,START_B,584
585,-33.248087,-8.596856,-101.551267,1,4,2,NONE,START_B,585
586,-33.298294,-8.842506,-103.754519,1,4,2,NONE,START_B,586
587,-33.357332,-9.083692,-101.249047,1,4,2,NONE,START_B,587
588,-33.401614,-9.306332,-104.853624,1,4,2,NONE,START_B,588
589,-33.460661,-9.528972,-101.249047,1,4,2,NONE,START_B,589
590,-33.504943,-9.751612,-108.339394,1,4,2,NONE,START_B,590
591,-33.578744,-9.974252,-108.341713,1,4,2,NONE,START_B,591
592,-33.652555,-10.196892,-108.339394,1,4,2,NONE,START_B,592
593,-33.726356,-10.419532,-108.339394,1,4,2,NONE,START_B,593
594,-33.800157,-10.642172,-108.341481,1,4,2,NONE,START_B,594
595,-33.873967,-10.864812,-106.300607,1,4,2,NONE,START_B,595
596,-33.938195,-11.084446,-111.928892,1,4,2,NONE,START_B,596
597,-34.021570,-11.291546,-111.692398,1,4,2,NONE,START_B,597
598,-34.110135,-11.514186,-113.459185,1,4,2,NONE,START_B,598
599,-34.198700,-11.718269,-113.459185,1,4,2,NONE,START_B,599
600,-34.287265,-11.922352,-113.458057,1,4,2,NONE,START_B,600
601,-34.375830,-12.126446,-109.758508,1,4,2,NONE,START_B,601
602,-34.456531,-12.351112,-113.993364,1,4,2,NONE,START_B,602
603,-34.538205,-12.534612,-111.692620,1,4,2,NONE,START_B,603
604,-34.626771,-12.757252,-113.458057,1,4,2,NONE,START_B,604
605,-34.715336,-12.961346,-109.881129,1,4,2,NONE,START_B,605
606,-34.789137,-13.165429,-104.853384,1,4,2,NONE,START_B,606
607,-34.848183,-13.388069,-109.881378,1,4,2,NONE,START_B,607
608,-34.921985,-13.592152,-113.458057,1,4,2,NONE,START_B,608
609,-35.010550,-13.796246,-116.853491,1,4,2,NONE,START_B,609
610,-35.113879,-14.000329,-115.517203,1,4,2,NONE,START_B,610
611,-35.202444,-14.185866,-111.692398,1,4,2,NONE,START_B,611
612,-35.291009,-14.408506,-109.881129,1,4,2,NONE,START_B,612
613,-35.364810,-14.612589,-113.459185,1,4,2,NONE,START_B,613
614,-35.453375,-14.816672,-113.458057,1,4,2,NONE,START_B,614
615,-35.541940,-15.020766,-113.459185,1,4,2,NONE,START_B,615
616,-35.630505,-15.224849,-113.459185,1,4,2,NONE,START_B,616
617,-35.719070,-15.428932,-108.339626,1,4,2,NONE,START_B,617
618,-35.792872,-15.651572,-108.341481,1,4,2,NONE,START_B,618
619,-35.866682,-15.874212,-113.458057,1,4,2,NONE,START_B,619
620,-35.955247,-16.078306,-116.851480,1,4,2,NONE,START_B,620
621,-36.058567,-16.282389,-114.896391,1,4,2,NONE,START_B,621
622,-36.161896,-16.505029,-116.853491,1,4,2,NONE,START_B,622
623,-36.265225,-16.709112,-111.692398,1,4,2,NONE,START_B,623
624,-36.353790,-16.931752,-114.894485,1,4,2,NONE,START_B,624
625,-36.457110,-17.154392,-116.852246,1,4,2,NONE,START_B,625
626,-36.560439,-17.358486,-114.933291,1,4,2,NONE,START_B,626
627,-36.707802,-17.675470,-120.962543,1,4,2,NONE,START_B,627
628,-36.782799,-17.800471,-119.276894,1,4,2,NONE,START_B,628
629,-36.844467,-17.910466,-124.596519,1,4,2,NONE,START_B,629
630,-37.277125,-18.537721,-115.651830,1,4,2,NONE,START_B,630
631,-37.334471,-18.657134,-110.500992,1,4,2,NONE,START_B,631
632,-37.454645,-18.978537,-114.362688,1,4,2,NONE,START_B,632
633,-37.508200,-19.096803,-109.520672,1,4,2,NONE,START_B,633
634,-37.577210,-19.291458,-110.118817,1,4,2,NONE,START_B,634
635,-37.764928,-19.803900,-112.011343,1,4,2,NONE,COMMON_1,0
636,-37.807324,-19.908774,-113.200671,1,4,2,NONE,COMMON_1,1
637,-37.874271,-20.064968,-111.800081,1,4,2,NONE,COMMON_1,2
638,-37.909971,-20.154224,-114.275081,1,4,2,NONE,COMMON_1,3
639,-37.961295,-20.268026,-111.937232,1,4,2,NONE,COMMON_1,4
640,-38.026000,-20.428683,-113.459263,1,4,2,NONE,COMMON_1,5
641,-38.077324,-20.546950,-115.346621,1,4,2,NONE,COMMON_1,6
642,-38.137575,-20.674144,-116.831803,1,4,2,NONE,COMMON_1,7
643,-38.223120,-20.843261,-119.744848,1,4,2,NONE,COMMON_1,8
644,-38.328893,-21.028364,-114.903448,1,4,2,NONE,COMMON_1,9
645,-38.427103,-21.239906,-117.512950,1,4,2,NONE,COMMON_1,10
646,-38.521549,-21.421235,-118.300825,1,4,2,NONE,COMMON_1,11
647,-38.627322,-21.617670,-122.471668,1,4,2,NONE,COMMON_1,12
648,-38.706650,-21.742326,-124.330543,1,4,2,NONE,COMMON_1,13
649,-38.812423,-21.897206,-125.394021,1,4,2,NONE,COMMON_1,14
650,-38.914414,-22.040753,-120.385908,1,4,2,NONE,COMMON_1,15
651,-39.016875,-22.215492,-122.474489,1,4,2,NONE,COMMON_1,16
652,-39.134959,-22.401029,-120.824811,1,4,2,NONE,COMMON_1,17
653,-39.223524,-22.549452,-115.210848,1,4,2,NONE,COMMON_1,18
654,-39.321167,-22.756852,-110.264175,1,4,2,NONE,COMMON_1,19
655,-39.381542,-22.920381,-107.242003,1,4,2,NONE,COMMON_1,20
656,-39.426825,-23.066288,-111.571968,1,4,2,NONE,COMMON_1,21
657,-39.512362,-23.282639,-117.000130,1,4,2,NONE,COMMON_1,22
658,-39.592548,-23.440012,-116.436755,1,4,2,NONE,COMMON_1,23
659,-39.666350,-23.588446,-110.278200,1,4,2,NONE,COMMON_1,24
660,-39.751346,-23.818489,-106.691964,1,4,2,STOP_LINE,COMMON_1,25
661,-39.799197,-23.978066,-111.650401,1,4,2,NONE,COMMON_1,26
662,-39.879650,-24.180746,-115.944207,1,4,2,NONE,COMMON_1,27
663,-39.961573,-24.349129,-120.824811,1,4,2,NONE,COMMON_1,28
664,-40.050138,-24.497552,-120.822943,1,4,2,NONE,COMMON_1,29
665,-40.138703,-24.645986,-116.438139,1,4,2,NONE,COMMON_1,30
666,-40.212504,-24.794409,-111.691165,1,4,2,NONE,COMMON_1,31
667,-40.286305,-24.979946,-114.973964,1,4,2,NONE,COMMON_1,32
668,-40.365181,-25.149297,-120.832692,1,4,2,NONE,COMMON_1,33
669,-40.463435,-25.313906,-121.749663,1,4,2,NONE,COMMON_1,34
670,-40.566764,-25.480886,-119.115690,1,4,2,NONE,COMMON_1,35
671,-40.670093,-25.666412,-115.969029,1,4,2,NONE,COMMON_1,36
672,-40.757631,-25.846138,-111.358597,1,4,2,NONE,COMMON_1,37
673,-40.832460,-26.037486,-107.654331,1,4,2,NONE,COMMON_1,38
674,-40.891506,-26.223012,-111.691165,1,4,2,NONE,COMMON_1,39
675,-40.965307,-26.408549,-111.691165,1,4,2,NONE,COMMON_1,40
676,-41.039108,-26.594086,-109.883612,1,4,2,NONE,COMMON_1,41
677,-41.112919,-26.798169,-103.423625,1,4,2,NONE,COMMON_1,42
678,-41.157201,-26.983706,-101.249295,1,4,2,NONE,COMMON_1,43
679,-41.201484,-27.206346,-106.134065,1,4,2,NONE,COMMON_1,44
680,-41.260521,-27.410429,-106.136656,1,4,2,NONE,COMMON_1,45
681,-41.319568,-27.614512,-109.880142,1,4,2,NONE,COMMON_1,46
682,-41.393369,-27.818606,-109.883364,1,4,2,NONE,COMMON_1,47
683,-41.467179,-28.022689,-109.881129,1,4,2,NONE,COMMON_1,48
684,-41.540980,-28.226772,-108.006945,1,4,2,NONE,COMMON_1,49
685,-41.614356,-28.452507,-108.054807,1,4,2,NONE,COMMON_1,50
686,-41.673828,-28.634949,-114.896391,1,4,2,NONE,COMMON_1,51
687,-41.777157,-28.857589,-119.112124,1,4,2,NONE,COMMON_1,52
688,-41.880477,-29.043126,-116.853491,1,4,2,NONE,COMMON_1,53
689,-41.983806,-29.247209,-111.692398,1,4,2,NONE,COMMON_1,54
690,-42.072371,-29.469849,-109.881129,1,4,2,NONE,COMMON_1,55
691,-42.146172,-29.673932,-108.341481,1,4,2,NONE,COMMON_1,56
692,-42.219982,-29.896572,-114.894485,1,4,2,NONE,COMMON_1,57
693,-42.323302,-30.119212,-111.692398,1,4,2,NONE,COMMON_1,58
694,-42.411867,-30.341852,-109.882376,1,4,2,NONE,COMMON_1,59
695,-42.485677,-30.545946,-108.339626,1,4,2,NONE,COMMON_1,60
696,-42.559479,-30.768586,-108.339394,1,4,2,NONE,COMMON_1,61
697,-42.633280,-30.991226,-114.896391,1,4,2,NONE,COMMON_1,62
698,-42.736609,-31.213866,-114.896391,1,4,2,NONE,COMMON_1,63
699,-42.839938,-31.436506,-113.459185,1,4,2,NONE,COMMON_1,64
700,-42.928503,-31.640589,-108.339394,1,4,2,NONE,COMMON_1,65
701,-43.002304,-31.863229,-108.339394,1,4,2,NONE,COMMON_1,66
702,-43.076105,-32.085869,-109.883612,1,4,2,NONE,COMMON_1,67
703,-43.149916,-32.289952,-113.859237,1,4,2,NONE,COMMON_1,68
704,-43.245088,-32.505133,-111.176925,1,4,2,NONE,COMMON_1,69
705,-43.327046,-32.716686,-109.881129,1,4,2,NONE,COMMON_1,70
706,-43.400847,-32.920769,-109.247223,1,4,2,NONE,COMMON_1,71
707,-43.473718,-33.129472,-103.534399,1,4,2,NONE,COMMON_1,72
708,-43.530869,-33.366895,-108.520993,1,4,2,NONE,COMMON_1,73
709,-43.592741,-33.551586,-113.459185,1,4,2,NONE,COMMON_1,74
710,-43.681306,-33.755669,-113.459185,1,4,2,NONE,COMMON_1,75
711,-43.769871,-33.959752,-109.880142,1,4,2,NONE,COMMON_1,76
712,-43.843672,-34.163846,-109.881378,1,4,2,NONE,COMMON_1,77
713,-43.917474,-34.367929,-107.653349,1,4,2,NONE,COMMON_1,78
714,-43.976520,-34.553466,-111.470670,1,4,2,NONE,COMMON_1,79
715,-44.056282,-34.756258,-117.526897,1,4,2,NONE,COMMON_1,80
716,-44.153650,-34.943086,-116.853491,1,4,2,NONE,COMMON_1,81
717,-44.256979,-35.147169,-111.691165,1,4,2,NONE,COMMON_1,82
718,-44.330780,-35.332706,-109.881378,1,4,2,NONE,COMMON_1,83
719,-44.404582,-35.536789,-109.883364,1,4,2,NONE,COMMON_1,84
720,-44.478392,-35.740872,-113.458057,1,4,2,NONE,COMMON_1,85
721,-44.566957,-35.944966,-119.113568,1,4,2,NONE,COMMON_1,86
722,-44.670277,-36.130492,-115.517203,1,4,2,NONE,COMMON_1,87
723,-44.758842,-36.316029,-110.548614,1,4,2,NONE,COMMON_1,88
724,-44.830110,-36.506152,-110.940721,1,4,2,NONE,COMMON_1,89
725,-44.906453,-36.705649,-115.517454,1,4,2,NONE,COMMON_1,90
726,-44.995019,-36.891186,-115.518524,1,4,2,NONE,COMMON_1,91
727,-45.083584,-37.076712,-115.517203,1,4,2,NONE,COMMON_1,92
728,-45.172149,-37.262249,-114.847536,1,4,2,NONE,COMMON_1,93
729,-45.271979,-37.477831,-111.868570,1,4,2,NONE,COMMON_1,94
730,-45.349279,-37.670426,-109.881129,1,4,2,NONE,COMMON_1,95
731,-45.423080,-37.874509,-113.459185,1,4,2,NONE,COMMON_1,96
732,-45.511645,-38.078592,-116.852246,1,4,2,NONE,COMMON_1,97
733,-45.614974,-38.282686,-113.459185,1,4,2,NONE,COMMON_1,98
734,-45.703539,-38.486769,-113.459185,1,4,2,NONE,COMMON_1,99
735,-45.792104,-38.690852,-109.880390,1,4,2,NONE,COMMON_1,100
736,-45.865906,-38.894946,-109.883364,1,4,2,NONE,COMMON_1,101
737,-45.939716,-39.099029,-114.894485,1,4,2,NONE,COMMON_1,102
738,-46.043036,-39.321669,-116.853491,1,4,2,NONE,COMMON_1,103
739,-46.146365,-39.525752,-113.458057,1,4,2,NONE,COMMON_1,104
740,-46.234930,-39.729846,-109.881129,1,4,2,NONE,COMMON_1,105
741,-46.308731,-39.933929,-104.853384,1,4,2,NONE,COMMON_1,106
742,-46.367777,-40.156569,-109.881378,1,4,2,NONE,COMMON_1,107
743,-46.441579,-40.360652,-111.692398,1,4,2,NONE,COMMON_1,108
744,-46.530144,-40.583292,-113.458057,1,4,2,NONE,COMMON_1,109
745,-46.618709,-40.787386,-111.790359,1,4,2,NONE,COMMON_1,110
746,-46.700915,-40.993016,-107.896837,1,4,2,NONE,COMMON_1,111
747,-46.766320,-41.195552,-109.880390,1,4,2,NONE,COMMON_1,112
748,-46.840122,-41.399646,-111.694731,1,4,2,NONE,COMMON_1,113
749,-46.913932,-41.585172,-113.458057,1,4,2,NONE,COMMON_1,114
750,-47.002497,-41.789266,-113.459185,1,4,2,NONE,COMMON_1,115
751,-47.091062,-41.993349,-109.881129,1,4,2,NONE,COMMON_1,116
752,-47.164863,-42.197432,-106.135572,1,4,2,NONE,COMMON_1,117
753,-47.223909,-42.401526,-109.881378,1,4,2,NONE,COMMON_1,118
754,-47.297711,-42.605609,-109.881129,1,4,2,NONE,COMMON_1,119
755,-47.371512,-42.809692,-113.458057,1,4,2,NONE,COMMON_1,120
756,-47.460077,-43.013786,-113.459185,1,4,2,NONE,COMMON_1,121
757,-47.548642,-43.217869,-109.883364,1,4,2,NONE,COMMON_1,122
758,-47.622452,-43.421952,-109.880390,1,4,2,NONE,COMMON_1,123
759,-47.696254,-43.626046,-109.881129,1,4,2,NONE,COMMON_1,124
760,-47.770055,-43.830129,-114.896391,1,4,2,NONE,COMMON_1,125
761,-47.873384,-44.052769,-116.853491,1,4,2,NONE,COMMON_1,126
762,-47.976713,-44.256852,-113.458057,1,4,2,NONE,COMMON_1,127
763,-48.065278,-44.460946,-109.881129,1,4,2,NONE,COMMON_1,128
764,-48.139079,-44.665029,-109.453253,1,4,2,NONE,COMMON_1,129
765,-48.218274,-44.889250,-115.809565,1,4,2,NONE,COMMON_1,130
766,-48.316209,-45.091752,-116.852246,1,4,2,NONE,COMMON_1,131
767,-48.419538,-45.295846,-116.851480,1,4,2,NONE,COMMON_1,132
768,-48.522858,-45.499929,-115.517203,1,4,2,NONE,COMMON_1,133
769,-48.611423,-45.685466,-111.692398,1,4,2,NONE,COMMON_1,134
770,-48.699988,-45.908106,-109.883364,1,4,2,NONE,COMMON_1,135
771,-48.773798,-46.112189,-115.517454,1,4,2,NONE,COMMON_1,136
772,-48.862364,-46.297726,-120.053795,1,4,2,NONE,COMMON_1,137
773,-48.980447,-46.501809,-115.517203,1,4,2,NONE,COMMON_1,138
774,-49.069012,-46.687346,-112.747716,1,4,2,NONE,COMMON_1,139
775,-49.141592,-46.860449,-112.696222,1,4,2,NONE,COMMON_1,140
776,-49.216624,-47.039852,-113.844235,1,4,2,NONE,COMMON_1,141
777,-49.290425,-47.206832,-117.941160,1,4,2,NONE,COMMON_1,142
778,-49.378990,-47.373812,-121.749663,1,4,2,NONE,COMMON_1,143
779,-49.482319,-47.540792,-117.941160,1,4,2,NONE,COMMON_1,144
780,-49.570884,-47.707772,-112.201314,1,4,2,NONE,COMMON_1,145
781,-49.644765,-47.888800,-109.464772,1,4,2,NONE,COMMON_1,146
782,-49.718487,-48.097392,-113.280510,1,4,2,NONE,COMMON_1,147
783,-49.801100,-48.289397,-117.826189,1,4,2,NONE,COMMON_1,148
784,-49.895617,-48.468466,-115.518524,1,4,2,NONE,COMMON_1,149
785,-49.984182,-48.653992,-114.140701,1,4,2,NONE,COMMON_1,150
786,-50.064900,-48.834096,-115.342833,1,4,2,NONE,COMMON_1,151
787,-50.146557,-49.006509,-111.691106,1,4,2,NONE,COMMON_1,152
788,-50.205595,-49.154932,-116.439231,1,4,2,NONE,COMMON_1,153
789,-50.279405,-49.303366,-122.476028,1,4,2,NONE,COMMON_1,154
790,-50.397489,-49.488892,-117.055157,1,4,2,NONE,COMMON_1,155
791,-50.459865,-49.611021,-118.538568,1,4,2,NONE,COMMON_1,156
792,-50.536350,-49.751663,-122.576169,1,5,2,NONE,COMMON_1,157
793,-50.593102,-49.840485,-126.252249,1,5,2,NONE,COMMON_1,158
794,-50.674520,-49.951516,-126.386436,1,5,2,NONE,COMMON_1,159
795,-50.778150,-50.092146,-129.063310,1,5,2,NONE,COMMON_1,160
796,-50.916321,-50.262388,-123.260258,1,5,2,NONE,COMMON_1,161
797,-51.017444,-50.416566,-128.505487,1,5,2,NONE,COMMON_1,162
798,-51.150292,-50.583546,-132.279486,1,5,2,NONE,COMMON_1,163
799,-51.268376,-50.713412,-136.985746,1,5,2,NONE,COMMON_1,164
800,-51.419645,-50.854543,-141.665625,1,5,2,NONE,COMMON_1,165
801,-51.593117,-50.991712,-141.343764,1,5,2,NONE,COMMON_1,166
802,-51.755484,-51.121589,-141.345141,1,5,2,NONE,COMMON_1,167
803,-51.917859,-51.251466,-141.701649,1,5,2,NONE,COMMON_1,168
804,-52.093218,-51.389948,-145.489035,1,5,2,NONE,COMMON_1,169
805,-52.242592,-51.492652,-152.001664,1,5,2,NONE,COMMON_1,170
806,-52.448514,-51.602135,-156.848857,1,5,2,NONE,COMMON_1,171
807,-52.626380,-51.678189,-158.854599,1,5,2,NONE,COMMON_1,172
808,-52.818265,-51.752406,-157.269472,1,5,2,NONE,COMMON_1,173
809,-52.995395,-51.826612,-160.245286,1,5,2,NONE,COMMON_1,174
810,-53.202053,-51.900829,-163.824164,1,5,2,NONE,COMMON_1,175
811,-53.393938,-51.956489,-169.549162,1,5,2,NONE,COMMON_1,176
812,-53.613074,-51.996909,-170.811470,1,5,2,NONE,COMMON_1,177
813,-53.822008,-52.030706,-174.479417,1,5,2,NONE,COMMON_1,178
814,-54.013893,-52.049252,-174.476420,1,5,2,NONE,COMMON_1,179
815,-54.205787,-52.067809,-175.209140,1,5,2,NONE,COMMON_1,180
816,-54.427200,-52.086366,180.000000,1,5,2,NONE,COMMON_1,181
817,-54.619094,-52.086366,174.868625,1,5,2,NONE,COMMON_1,182
818,-54.825743,-52.067809,174.476420,1,5,2,NONE,COMMON_1,183
819,-55.017637,-52.049252,169.821225,1,5,2,NONE,COMMON_1,184
820,-55.224286,-52.012149,174.476420,1,5,2,NONE,COMMON_1,185
821,-55.416180,-51.993592,175.426656,1,5,2,NONE,COMMON_1,186
822,-55.621456,-51.977172,171.069507,1,5,2,NONE,COMMON_1,187
823,-55.794167,-51.950032,166.023375,1,5,2,NONE,COMMON_1,188
824,-55.991853,-51.900829,164.925377,1,5,2,NONE,COMMON_1,189
825,-56.198502,-51.845169,162.555587,1,5,2,NONE,COMMON_1,190
826,-56.375632,-51.789509,164.925377,1,5,2,NONE,COMMON_1,191
827,-56.582281,-51.733849,164.926004,1,5,2,NONE,COMMON_1,192
828,-56.788939,-51.678189,158.854599,1,5,2,NONE,COMMON_1,193
829,-56.980824,-51.603972,154.200529,1,5,2,NONE,COMMON_1,194
830,-57.172718,-51.511209,151.689044,1,5,2,NONE,COMMON_1,195
831,-57.379367,-51.399889,152.358944,1,5,2,NONE,COMMON_1,196
832,-57.556497,-51.307126,149.881468,1,5,2,NONE,COMMON_1,197
833,-57.748391,-51.195806,152.041894,1,5,2,NONE,COMMON_1,198
834,-57.935786,-51.096342,148.132028,1,5,2,NONE,COMMON_1,199
835,-58.118362,-50.982840,141.617966,1,5,2,NONE,COMMON_1,200
836,-58.294545,-50.843289,137.568752,1,5,2,NONE,COMMON_1,201
837,-58.456911,-50.694866,141.343764,1,5,2,NONE,COMMON_1,202
838,-58.619278,-50.564989,134.842842,1,5,2,NONE,COMMON_1,203
839,-58.766889,-50.416566,134.840913,1,5,2,NONE,COMMON_1,204
840,-58.914501,-50.268132,128.919130,1,5,2,NONE,COMMON_1,205
841,-59.038669,-50.114354,128.107202,1,5,2,NONE,COMMON_1,206
842,-59.165432,-49.952729,122.474489,1,5,2,NONE,COMMON_1,207
843,-59.283516,-49.767192,124.844832,1,5,2,NONE,COMMON_1,208
844,-59.386845,-49.618769,122.474489,1,5,2,NONE,COMMON_1,209
845,-59.504929,-49.433232,121.749415,1,5,2,NONE,COMMON_1,210
846,-59.608257,-49.266252,115.518775,1,5,2,NONE,COMMON_1,211
847,-59.696823,-49.080726,115.517203,1,5,2,NONE,COMMON_1,212
848,-59.785388,-48.895189,109.881129,1,5,2,NONE,COMMON_1,213
849,-59.859189,-48.691106,115.517203,1,5,2,NONE,COMMON_1,214
850,-59.947754,-48.505569,110.050100,1,5,2,NONE,COMMON_1,215
851,-60.020652,-48.305827,106.046275,1,5,2,NONE,COMMON_1,216
852,-60.080602,-48.097392,101.249047,1,5,2,NONE,COMMON_1,217
853,-60.124884,-47.874752,97.554858,1,5,2,NONE,COMMON_1,218
854,-60.154412,-47.652112,98.230304,1,5,2,NONE,COMMON_1,219
855,-60.183931,-47.448029,101.249047,1,5,2,NONE,COMMON_1,220
856,-60.228213,-47.225389,98.230304,1,5,2,NONE,COMMON_1,221
857,-60.257732,-47.021306,93.793919,1,5,2,NONE,COMMON_1,222
858,-60.272496,-46.798666,90.000000,1,5,2,NONE,COMMON_1,223
859,-60.272496,-46.557469,88.437354,1,5,2,NONE,COMMON_1,224
860,-60.266491,-46.337345,91.527739,1,5,2,NONE,COMMON_1,225
861,-60.272496,-46.112189,90.000000,1,5,2,NONE,COMMON_1,226
862,-60.272496,-45.889549,86.497217,1,5,2,NONE,COMMON_1,227
863,-60.257732,-45.648352,82.447418,1,5,2,NONE,COMMON_1,228
864,-60.228213,-45.425712,82.447418,1,5,2,NONE,COMMON_1,229
865,-60.198694,-45.203072,85.252349,1,5,2,NONE,COMMON_1,230
866,-60.179263,-44.969111,87.264710,1,5,2,NONE,COMMON_1,231
867,-60.169167,-44.757792,91.957564,1,5,2,NONE,COMMON_1,232
868,-60.176766,-44.535464,87.870837,1,5,2,NONE,COMMON_1,233
869,-60.169167,-44.331069,90.000000,1,5,2,NONE,COMMON_1,234
870,-60.169167,-44.108429,86.208387,1,5,2,NONE,COMMON_1,235
871,-60.154412,-43.885789,85.862253,1,5,2,NONE,COMMON_1,236
872,-60.139648,-43.681706,90.000000,1,5,2,NONE,COMMON_1,237
873,-60.139648,-43.477612,91.185482,1,5,2,NONE,COMMON_1,238
874,-60.144369,-43.249473,88.754492,1,5,2,NONE,COMMON_1,239
875,-60.139648,-43.032332,82.447418,1,5,2,NONE,COMMON_1,240
876,-60.110129,-42.809692,82.445395,1,5,2,NONE,COMMON_1,241
877,-60.080602,-42.587052,86.208387,1,5,2,NONE,COMMON_1,242
878,-60.065847,-42.364412,86.206081,1,5,2,NONE,COMMON_1,243
879,-60.051083,-42.141772,85.707073,1,5,2,NONE,COMMON_1,244
880,-60.034707,-41.923618,86.688184,1,5,2,NONE,COMMON_1,245
881,-60.021564,-41.696492,79.596303,1,5,2,NONE,COMMON_1,246
882,-59.977282,-41.455306,85.269824,1,5,2,NONE,COMMON_1,247
883,-59.959941,-41.245735,87.040238,1,5,2,NONE,COMMON_1,248
884,-59.947754,-41.010026,90.000000,1,5,2,NONE,COMMON_1,249
885,-59.947754,-40.805932,93.502942,1,5,2,NONE,COMMON_1,250
886,-59.962518,-40.564746,90.000000,1,5,2,NONE,COMMON_1,251
887,-59.962518,-40.360652,86.206081,1,5,2,NONE,COMMON_1,252
888,-59.947754,-40.138012,85.864767,1,5,2,NONE,COMMON_1,253
889,-59.932999,-39.933929,90.000000,1,5,2,NONE,COMMON_1,254
890,-59.932999,-39.711289,94.135233,1,5,2,NONE,COMMON_1,255
891,-59.947754,-39.507206,94.897406,1,5,2,NONE,COMMON_1,256
892,-59.964927,-39.306785,93.403303,1,5,2,NONE,COMMON_1,257
893,-59.977282,-39.099029,93.791613,1,5,2,NONE,COMMON_1,258
894,-59.992037,-38.876389,98.232504,1,5,2,NONE,COMMON_1,259
895,-60.021564,-38.672306,102.241916,1,5,2,NONE,COMMON_1,260
896,-60.065847,-38.468212,104.851220,1,5,2,NONE,COMMON_1,261
897,-60.124884,-38.245572,102.242556,1,5,2,NONE,COMMON_1,262
898,-60.169167,-38.041489,104.853384,1,5,2,NONE,COMMON_1,263
899,-60.228213,-37.818849,108.339394,1,5,2,NONE,COMMON_1,264
900,-60.302014,-37.596209,113.818321,1,5,2,NONE,COMMON_1,265
901,-60.389995,-37.396902,115.100216,1,5,2,NONE,COMMON_1,266
902,-60.479145,-37.206589,116.853267,1,5,2,NONE,COMMON_1,267
903,-60.582473,-37.002506,109.880390,1,5,2,NONE,COMMON_1,268
904,-60.656275,-36.798412,113.459185,1,5,2,NONE,COMMON_1,269
905,-60.744840,-36.594329,113.459185,1,5,2,NONE,COMMON_1,270
906,-60.833405,-36.390246,115.517203,1,5,2,NONE,COMMON_1,271
907,-60.921970,-36.204709,120.055899,1,5,2,NONE,COMMON_1,272
908,-61.040063,-36.000626,122.665849,1,5,2,NONE,COMMON_1,273
909,-61.151504,-35.826811,117.580740,1,5,2,NONE,COMMON_1,274
910,-61.248421,-35.641274,120.540105,1,5,2,NONE,COMMON_1,275
911,-61.364795,-35.444026,122.476467,1,5,2,NONE,COMMON_1,276
912,-61.482888,-35.258489,128.505487,1,5,2,NONE,COMMON_1,277
913,-61.615736,-35.091509,134.197363,1,5,2,NONE,COMMON_1,278
914,-61.778102,-34.924529,131.830561,1,5,2,NONE,COMMON_1,279
915,-61.910950,-34.776106,134.840719,1,5,2,NONE,COMMON_1,280
916,-62.058561,-34.627672,128.505477,1,5,2,NONE,COMMON_1,281
917,-62.206164,-34.442146,134.840719,1,5,2,NONE,COMMON_1,282
918,-62.353775,-34.293712,141.345959,1,5,2,NONE,COMMON_1,283
919,-62.516141,-34.163846,143.750173,1,5,2,NONE,COMMON_1,284
920,-62.693272,-34.033969,141.345141,1,5,2,NONE,COMMON_1,285
921,-62.855647,-33.904092,143.752333,1,5,2,NONE,COMMON_1,286
922,-63.032777,-33.774226,143.750019,1,5,2,NONE,COMMON_1,287
923,-63.209907,-33.644349,145.565180,1,5,2,NONE,COMMON_1,288
924,-63.372274,-33.533029,150.209337,1,5,2,NONE,COMMON_1,289
925,-63.568959,-33.420429,151.460249,1,5,2,NONE,COMMON_1,290
926,-63.744335,-33.325050,152.954769,1,5,2,NONE,COMMON_1,291
927,-63.918428,-33.236172,150.452379,1,5,2,NONE,COMMON_1,292
928,-64.098171,-33.134281,151.929639,1,5,2,NONE,COMMON_1,293
929,-64.282785,-33.035829,158.365595,1,5,2,NONE,COMMON_1,294
930,-64.479337,-32.957872,160.247193,1,5,2,NONE,COMMON_1,295
931,-64.685986,-32.883666,163.850060,1,5,2,NONE,COMMON_1,296
932,-64.904299,-32.820447,161.127191,1,5,2,NONE,COMMON_1,297
933,-65.099293,-32.753789,160.244492,1,5,2,NONE,COMMON_1,298
934,-65.305942,-32.679572,165.888460,1,5,2,NONE,COMMON_1,299
935,-65.527345,-32.623912,169.821659,1,5,2,NONE,COMMON_1,300
936,-65.734003,-32.586809,170.487499,1,5,2,NONE,COMMON_1,301
937,-65.955425,-32.549706,174.868625,1,5,2,NONE,COMMON_1,302
938,-66.162074,-32.531149,169.821225,1,5,2,NONE,COMMON_1,303
939,-66.368723,-32.494046,170.484309,1,5,2,NONE,COMMON_1,304
940,-66.590135,-32.456932,170.486740,1,5,2,NONE,COMMON_1,305
941,-66.811539,-32.419829,174.868847,1,5,2,NONE,COMMON_1,306
942,-67.018197,-32.401272,180.000000,1,5,2,NONE,COMMON_1,307
943,-67.269128,-32.401272,175.211967,1,5,2,NONE,COMMON_1,308
944,-67.490541,-32.382726,175.507532,1,5,2,NONE,COMMON_1,309
945,-67.726727,-32.364169,175.003139,1,5,2,NONE,COMMON_1,310
946,-67.962655,-32.343541,174.288906,1,5,2,NONE,COMMON_1,311
947,-68.178036,-32.322001,179.275671,1,5,2,NONE,COMMON_1,312
948,-68.421103,-32.318928,-173.536815,1,5,2,NONE,COMMON_1,313
949,-68.656651,-32.345612,180.000000,1,5,2,NONE,COMMON_1,314
950,-68.878064,-32.345612,180.000000,1,5,2,NONE,COMMON_1,315
951,-69.114231,-32.345612,178.796330,1,5,2,NONE,COMMON_1,316
952,-69.359530,-32.340458,-178.609247,1,5,2,NONE,COMMON_1,317
953,-69.571821,-32.345612,-175.507343,1,5,2,NONE,COMMON_1,318
954,-69.807997,-32.364169,-173.392785,1,5,2,NONE,COMMON_1,319
955,-70.054890,-32.392767,-177.839577,1,5,2,NONE,COMMON_1,320
956,-70.280341,-32.401272,180.000000,1,5,2,NONE,COMMON_1,321
957,-70.516518,-32.401272,180.000000,1,5,2,NONE,COMMON_1,322
958,-70.752685,-32.401272,180.000000,1,5,2,NONE,COMMON_1,323
959,-71.003626,-32.401272,-175.770527,1,5,2,NONE,COMMON_1,324
960,-71.254557,-32.419829,180.000000,1,5,2,NONE,COMMON_1,325
961,-71.490734,-32.419829,175.507172,1,5,2,NONE,COMMON_1,326
962,-71.726901,-32.401272,176.007568,1,5,2,NONE,COMMON_1,327
963,-71.980977,-32.383539,175.248404,1,5,2,NONE,COMMON_1,328
964,-72.214009,-32.364169,175.507362,1,5,2,NONE,COMMON_1,329
965,-72.450186,-32.345612,180.000000,1,5,2,NONE,COMMON_1,330
966,-72.686362,-32.345612,175.211967,1,5,2,NONE,COMMON_1,331
967,-72.907775,-32.327066,175.507191,1,5,2,NONE,COMMON_1,332
968,-73.143943,-32.308509,171.071865,1,5,2,NONE,COMMON_1,333
969,-73.380119,-32.271406,175.209140,1,5,2,NONE,COMMON_1,334
970,-73.601532,-32.252849,175.507343,1,5,2,NONE,COMMON_1,335
971,-73.837708,-32.234292,170.487120,1,5,2,NONE,COMMON_1,336
972,-74.059121,-32.197189,169.821225,1,5,2,NONE,COMMON_1,337
973,-74.265770,-32.160086,164.925377,1,5,2,NONE,COMMON_1,338
974,-74.472419,-32.104426,164.926004,1,5,2,NONE,COMMON_1,339
975,-74.679077,-32.048766,169.818270,1,5,2,NONE,COMMON_1,340
976,-74.885726,-32.011652,169.821225,1,5,2,NONE,COMMON_1,341
977,-75.092375,-31.974549,164.925934,1,5,2,NONE,COMMON_1,342
978,-75.299032,-31.918889,158.854599,1,5,2,NONE,COMMON_1,343
979,-75.490917,-31.844672,155.826021,1,5,2,NONE,COMMON_1,344
980,-75.697575,-31.751909,154.199476,1,5,2,NONE,COMMON_1,345
981,-75.889460,-31.659146,157.266561,1,5,2,NONE,COMMON_1,346
982,-76.066591,-31.584929,152.044088,1,5,2,NONE,COMMON_1,347
983,-76.254676,-31.485108,149.859984,1,5,2,NONE,COMMON_1,348
984,-76.445445,-31.374345,143.592945,1,5,2,NONE,COMMON_1,349
985,-76.612745,-31.250969,140.039261,1,5,2,NONE,COMMON_1,350
986,-76.789875,-31.102546,141.343592,1,5,2,NONE,COMMON_1,351
987,-76.952241,-30.972669,145.909215,1,5,2,NONE,COMMON_1,352
988,-77.144135,-30.842792,143.752487,1,5,2,NONE,COMMON_1,353
989,-77.321266,-30.712926,137.566637,1,5,2,NONE,COMMON_1,354
990,-77.483632,-30.564492,137.570333,1,5,2,NONE,COMMON_1,355
991,-77.646007,-30.416069,137.568752,1,5,2,NONE,COMMON_1,356
992,-77.808373,-30.267646,140.037330,1,5,2,NONE,COMMON_1,357
993,-77.985504,-30.119212,143.288641,1,5,2,NONE,COMMON_1,358
994,-78.183845,-29.971312,140.093192,1,5,2,NONE,COMMON_1,359
995,-78.339764,-29.840912,133.315677,1,5,2,NONE,COMMON_1,360
996,-78.506913,-29.663635,126.391885,1,5,2,NONE,COMMON_1,361
997,-78.649742,-29.469849,128.505277,1,5,2,NONE,COMMON_1,362
998,-78.782589,-29.302869,134.197539,1,5,2,NONE,COMMON_1,363
999,-78.944956,-29.135889,126.837905,1,5,2,NONE,COMMON_1,364
1000,-79.087333,-28.945832,120.954306,1,5,2,NONE,COMMON_1,365
1001,-79.195896,-28.764826,114.894485,1,5,2,NONE,COMMON_1,366
1002,-79.299216,-28.542186,111.692398,1,5,2,NONE,COMMON_1,367
1003,-79.387781,-28.319546,114.896391,1,5,2,NONE,COMMON_1,368
1004,-79.491110,-28.096906,116.184422,1,5,2,NONE,COMMON_1,369
1005,-79.599000,-27.877494,110.400990,1,5,2,NONE,COMMON_1,370
1006,-79.683004,-27.651626,108.339394,1,5,2,NONE,COMMON_1,371
1007,-79.756805,-27.428986,107.013181,1,5,2,NONE,COMMON_1,372
1008,-79.830607,-27.187789,104.853384,1,5,2,NONE,COMMON_1,373
1009,-79.889653,-26.965149,108.339394,1,5,2,NONE,COMMON_1,374
1010,-79.963454,-26.742509,107.014918,1,5,2,NONE,COMMON_1,375
1011,-80.037264,-26.501312,101.249295,1,5,2,NONE,COMMON_1,376
1012,-80.081547,-26.278672,100.403697,1,5,2,NONE,COMMON_1,377
1013,-80.125829,-26.037486,100.114380,1,5,2,NONE,COMMON_1,378
1014,-80.165666,-25.814167,102.382198,1,5,2,NONE,COMMON_1,379
1015,-80.214395,-25.592206,103.753691,1,5,2,NONE,COMMON_1,380
1016,-80.273432,-25.351009,99.315205,1,5,2,NONE,COMMON_1,381
1017,-80.309000,-25.134169,95.867991,1,5,2,NONE,COMMON_1,382
1018,-80.332478,-24.905729,90.000000,1,5,2,NONE,COMMON_1,383
1019,-80.332478,-24.664532,86.206337,1,5,2,NONE,COMMON_1,384
1020,-80.317715,-24.441892,90.000000,1,5,2,NONE,COMMON_1,385
1021,-80.317715,-24.219252,87.024870,1,5,2,NONE,COMMON_1,386
1022,-80.305670,-23.987495,85.693950,1,5,2,NONE,COMMON_1,387
1023,-80.288196,-23.755426,79.596538,1,5,2,NONE,COMMON_1,388
1024,-80.243913,-23.514229,79.596767,1,5,2,NONE,COMMON_1,389
1025,-80.199631,-23.273032,82.447418,1,5,2,NONE,COMMON_1,390
1026,-80.170112,-23.050392,83.020108,1,5,2,NONE,COMMON_1,391
1027,-80.140584,-22.809206,82.447671,1,5,2,NONE,COMMON_1,392
1028,-80.111066,-22.586566,76.244068,1,5,2,NONE,COMMON_1,393
1029,-80.052019,-22.345369,76.246309,1,5,2,NONE,COMMON_1,394
1030,-79.992982,-22.104172,76.243688,1,5,2,NONE,COMMON_1,395
1031,-79.933936,-21.862986,78.750705,1,5,2,NONE,COMMON_1,396
1032,-79.889653,-21.640346,79.596538,1,5,2,NONE,COMMON_1,397
1033,-79.845370,-21.399149,72.987037,1,5,2,NONE,COMMON_1,398
1034,-79.771569,-21.157952,71.658519,1,5,2,NONE,COMMON_1,399
1035,-79.697759,-20.935312,69.836451,1,5,2,NONE,COMMON_1,400
1036,-79.609194,-20.694126,72.987037,1,5,2,NONE,COMMON_1,401
1037,-79.535393,-20.452929,75.146376,1,5,2,NONE,COMMON_1,402
1038,-79.476346,-20.230289,72.987037,1,5,2,NONE,COMMON_1,403
1039,-79.402545,-19.989092,66.540815,1,5,2,NONE,COMMON_1,404
1040,-79.313980,-19.785009,64.482797,1,5,2,NONE,COMMON_1,405
1041,-79.225415,-19.599472,61.375229,1,5,2,NONE,COMMON_1,406
1042,-79.142908,-19.448299,56.547032,1,5,2,NONE,COMMON_1,407
1043,-79.036798,-19.287698,50.486911,1,5,2,NONE,COMMON_1,408
1044,-78.807379,-19.009520,38.659787,1,5,2,NONE,COMMON_1,409
1045,-78.477580,-18.745681,28.242646,1,6,2,NONE,COMMON_1,410
1046,-78.236435,-18.616149,29.217293,1,6,2,NONE,COMMON_1,411
1047,-78.073219,-18.524866,26.564913,1,6,2,NONE,COMMON_1,412
1048,-77.906884,-18.441699,22.136748,1,6,2,NONE,COMMON_1,413
1049,-77.737690,-18.372870,20.296607,1,6,2,NONE,COMMON_1,414
1050,-77.542678,-18.300746,15.074623,1,6,2,NONE,COMMON_1,415
1051,-77.336029,-18.245086,15.074066,1,6,2,NONE,COMMON_1,416
1052,-77.129372,-18.189426,15.074623,1,6,2,NONE,COMMON_1,417
1053,-76.922723,-18.133766,16.013967,1,6,2,NONE,COMMON_1,418
1054,-76.696678,-18.068889,12.092212,1,6,2,NONE,COMMON_1,419
1055,-76.479897,-18.022446,9.515691,1,6,2,NONE,COMMON_1,420
1056,-76.258485,-17.985332,14.110928,1,6,2,NONE,COMMON_1,421
1057,-76.037072,-17.929672,9.512880,1,6,2,NONE,COMMON_1,422
1058,-75.815659,-17.892569,5.803927,1,6,2,NONE,COMMON_1,423
1059,-75.575373,-17.868145,6.088574,1,6,2,NONE,COMMON_1,424
1060,-75.360284,-17.845202,6.667936,1,6,2,NONE,COMMON_1,425
1061,-75.139465,-17.819387,0.248145,1,6,2,NONE,COMMON_1,426
1062,-74.900489,-17.818352,0.000000,1,6,2,NONE,COMMON_1,427
1063,-74.679077,-17.818352,0.000000,1,6,2,NONE,COMMON_1,428
1064,-74.457664,-17.818352,1.154985,1,6,2,NONE,COMMON_1,429
1065,-74.224640,-17.813654,-5.127285,1,6,2,NONE,COMMON_1,430
1066,-74.000952,-17.833725,-5.586028,1,6,2,NONE,COMMON_1,431
1067,-73.778662,-17.855466,-9.512880,1,6,2,NONE,COMMON_1,432
1068,-73.557249,-17.892569,-8.928135,1,6,2,NONE,COMMON_1,433
1069,-73.321073,-17.929672,-4.790860,1,6,2,NONE,COMMON_1,434
1070,-73.099660,-17.948229,-4.790860,1,6,2,NONE,COMMON_1,435
1071,-72.878247,-17.966786,-10.178824,1,6,2,NONE,COMMON_1,436
1072,-72.671599,-18.003889,-8.928097,1,6,2,NONE,COMMON_1,437
1073,-72.435422,-18.040992,-9.515649,1,6,2,NONE,COMMON_1,438
1074,-72.214009,-18.078106,-8.928469,1,6,2,NONE,COMMON_1,439
1075,-71.977842,-18.115209,-4.492638,1,6,2,NONE,COMMON_1,440
1076,-71.741665,-18.133766,-8.773102,1,6,2,NONE,COMMON_1,441
1077,-71.511706,-18.169255,-9.652913,1,6,2,NONE,COMMON_1,442
1078,-71.284076,-18.207972,-13.261451,1,6,2,NONE,COMMON_1,443
1079,-71.047908,-18.263632,-14.362327,1,6,2,NONE,COMMON_1,444
1080,-70.800493,-18.326984,-12.038001,1,6,2,NONE,COMMON_1,445
1081,-70.575555,-18.374952,-10.351635,1,6,2,NONE,COMMON_1,446
1082,-70.304360,-18.424489,-11.323812,1,6,2,NONE,COMMON_1,447
1083,-70.088447,-18.467726,-16.474146,1,6,2,NONE,COMMON_1,448
1084,-69.837516,-18.541932,-22.734114,1,6,2,NONE,COMMON_1,449
1085,-69.616103,-18.634706,-18.528444,1,6,2,NONE,COMMON_1,450
1086,-69.394690,-18.708912,-13.261017,1,6,2,NONE,COMMON_1,451
1087,-69.158514,-18.764572,-14.110928,1,6,2,NONE,COMMON_1,452
1088,-68.937101,-18.820232,-18.531705,1,6,2,NONE,COMMON_1,453
1089,-68.715697,-18.894449,-22.730955,1,6,2,NONE,COMMON_1,454
1090,-68.494276,-18.987212,-21.130024,1,6,2,NONE,COMMON_1,455
1091,-68.251023,-19.081222,-20.043195,1,6,2,NONE,COMMON_1,456
1092,-68.038803,-19.158645,-17.334595,1,6,2,NONE,COMMON_1,457
1093,-67.815292,-19.228409,-18.530302,1,6,2,NONE,COMMON_1,458
1094,-67.593870,-19.302626,-18.528444,1,6,2,NONE,COMMON_1,459
1095,-67.372457,-19.376832,-21.446498,1,6,2,NONE,COMMON_1,460
1096,-67.136290,-19.469606,-17.260197,1,6,2,NONE,COMMON_1,461
1097,-66.900290,-19.542932,-17.627297,1,6,2,NONE,COMMON_1,462
1098,-66.663945,-19.618029,-12.505646,1,6,2,NONE,COMMON_1,463
1099,-66.412996,-19.673689,-18.531705,1,6,2,NONE,COMMON_1,464
1100,-66.191592,-19.747906,-21.444186,1,6,2,NONE,COMMON_1,465
1101,-65.955425,-19.840669,-22.730862,1,6,2,NONE,COMMON_1,466
1102,-65.734003,-19.933432,-17.445662,1,6,2,NONE,COMMON_1,467
1103,-65.497836,-20.007649,-13.260963,1,6,2,NONE,COMMON_1,468
1104,-65.261659,-20.063309,-17.445592,1,6,2,NONE,COMMON_1,469
1105,-65.025491,-20.137526,-21.443443,1,6,2,NONE,COMMON_1,470
1106,-64.789315,-20.230289,-17.444968,1,6,2,NONE,COMMON_1,471
1107,-64.553138,-20.304506,-21.444186,1,6,2,NONE,COMMON_1,472
1108,-64.316971,-20.397269,-16.063647,1,6,2,NONE,COMMON_1,473
1109,-64.086985,-20.463493,-11.442194,1,6,2,NONE,COMMON_1,474
1110,-63.846088,-20.512251,-16.536216,1,6,2,NONE,COMMON_1,475
1111,-63.608450,-20.582806,-21.443443,1,6,2,NONE,COMMON_1,476
1112,-63.372274,-20.675569,-22.731692,1,6,2,NONE,COMMON_1,477
1113,-63.150861,-20.768332,-19.889848,1,6,2,NONE,COMMON_1,478
1114,-62.931264,-20.847781,-17.430237,1,6,2,NONE,COMMON_1,479
1115,-62.684628,-20.925215,-19.187427,1,6,2,NONE,COMMON_1,480
1116,-62.442340,-21.009529,-22.731692,1,6,2,NONE,COMMON_1,481
1117,-62.220927,-21.102292,-21.445755,1,6,2,NONE,COMMON_1,482
1118,-61.984751,-21.195066,-21.444103,1,6,2,NONE,COMMON_1,483
1119,-61.748583,-21.287829,-16.475897,1,6,2,NONE,COMMON_1,484
1120,-61.497643,-21.362046,-17.443164,1,6,2,NONE,COMMON_1,485
1121,-61.261475,-21.436252,-21.445755,1,6,2,NONE,COMMON_1,486
1122,-61.025299,-21.529026,-20.288035,1,6,2,NONE,COMMON_1,487
1123,-60.774367,-21.621789,-25.236537,1,6,2,NONE,COMMON_1,488
1124,-60.538191,-21.733109,-17.444968,1,6,2,NONE,COMMON_1,489
1125,-60.302014,-21.807326,-16.474146,1,6,2,NONE,COMMON_1,490
1126,-60.051083,-21.881532,-18.531003,1,6,2,NONE,COMMON_1,491
1127,-59.829670,-21.955749,-23.923411,1,6,2,NONE,COMMON_1,492
1128,-59.578739,-22.067069,-22.731692,1,6,2,NONE,COMMON_1,493
1129,-59.357326,-22.159832,-17.445037,1,6,2,NONE,COMMON_1,494
1130,-59.121150,-22.234049,-21.443360,1,6,2,NONE,COMMON_1,495
1131,-58.884973,-22.326812,-21.446415,1,6,2,NONE,COMMON_1,496
1132,-58.648805,-22.419586,-25.236537,1,6,2,NONE,COMMON_1,497
1133,-58.412629,-22.530906,-25.236443,1,6,2,NONE,COMMON_1,498
1134,-58.176452,-22.642226,-26.692020,1,6,2,NONE,COMMON_1,499
1135,-57.955040,-22.753546,-21.444103,1,6,2,NONE,COMMON_1,500
1136,-57.718872,-22.846309,-17.444968,1,6,2,NONE,COMMON_1,501
1137,-57.482695,-22.920526,-24.175015,1,6,2,NONE,COMMON_1,502
1138,-57.276047,-23.013289,-25.236443,1,6,2,NONE,COMMON_1,503
1139,-57.039870,-23.124609,-21.443443,1,6,2,NONE,COMMON_1,504
1140,-56.803694,-23.217372,-26.691916,1,6,2,NONE,COMMON_1,505
1141,-56.582281,-23.328692,-21.446415,1,6,2,NONE,COMMON_1,506
1142,-56.346113,-23.421466,-21.443443,1,6,2,NONE,COMMON_1,507
1143,-56.109937,-23.514229,-26.691916,1,6,2,NONE,COMMON_1,508
1144,-55.888524,-23.625549,-26.691916,1,6,2,NONE,COMMON_1,509
1145,-55.667111,-23.736869,-25.236537,1,6,2,NONE,COMMON_1,510
1146,-55.430935,-23.848189,-22.731692,1,6,2,NONE,COMMON_1,511
1147,-55.209522,-23.940952,-23.181281,1,6,2,NONE,COMMON_1,512
1148,-54.990970,-24.034539,-21.040884,1,6,2,NONE,COMMON_1,513
1149,-54.751942,-24.126489,-26.691916,1,6,2,NONE,COMMON_1,514
1150,-54.530529,-24.237809,-26.691916,1,6,2,NONE,COMMON_1,515
1151,-54.309116,-24.349129,-24.173979,1,6,2,NONE,COMMON_1,516
1152,-54.102458,-24.441892,-22.734206,1,6,2,NONE,COMMON_1,517
1153,-53.881046,-24.534666,-22.731692,1,6,2,NONE,COMMON_1,518
1154,-53.659633,-24.627429,-28.310956,1,6,2,NONE,COMMON_1,519
1155,-53.452984,-24.738749,-28.310956,1,6,2,NONE,COMMON_1,520
1156,-53.246335,-24.850069,-26.691916,1,6,2,NONE,COMMON_1,521
1157,-53.024922,-24.961389,-24.174083,1,6,2,NONE,COMMON_1,522
1158,-52.818265,-25.054152,-18.531003,1,6,2,NONE,COMMON_1,523
1159,-52.596852,-25.128369,-23.433235,1,6,2,NONE,COMMON_1,524
1160,-52.400397,-25.213518,-26.416067,1,6,2,NONE,COMMON_1,525
1161,-52.198309,-25.313906,-21.142544,1,6,2,NONE,COMMON_1,526
1162,-52.006424,-25.388112,-22.733555,1,6,2,NONE,COMMON_1,527
1163,-51.829294,-25.462329,-20.677458,1,6,2,NONE,COMMON_1,528
1164,-51.661144,-25.525792,-22.012766,1,6,2,NONE,COMMON_1,529
1165,-51.511381,-25.586339,-24.075234,1,6,2,NONE,COMMON_1,530
1166,-51.361617,-25.653254,-28.703843,1,6,2,NONE,COMMON_1,531
1167,-51.227786,-25.726536,-29.745757,1,6,2,NONE,COMMON_1,532
1168,-51.093956,-25.803013,-30.343918,1,6,2,NONE,COMMON_1,533
1169,-50.963313,-25.879489,-29.742694,1,6,2,NONE,COMMON_1,534
1170,-50.751749,-26.000372,-30.365626,1,6,2,NONE,COMMON_1,535
1171,-50.593687,-26.092979,-32.399783,1,6,2,NONE,COMMON_1,536
1172,-50.427991,-26.198132,-38.373036,1,6,2,NONE,COMMON_1,537
1173,-50.279405,-26.315786,-37.021379,1,6,2,NONE,COMMON_1,538
1174,-50.131793,-26.427106,-32.710649,1,6,2,NONE,COMMON_1,539
1175,-49.972332,-26.529520,-36.830508,1,6,2,NONE,COMMON_1,540
1176,-49.836579,-26.631189,-34.925420,1,6,2,NONE,COMMON_1,541
1177,-49.703732,-26.723952,-34.878625,1,6,2,NONE,COMMON_1,542
1178,-49.580396,-26.809924,-30.719883,1,6,2,NONE,COMMON_1,543
1179,-49.453101,-26.885566,-27.951334,1,6,2,NONE,COMMON_1,544
1180,-49.258329,-26.988916,-24.565838,1,6,2,NONE,COMMON_1,545
1181,-49.119202,-27.052513,-24.343159,1,6,2,NONE,COMMON_1,546
1182,-48.952257,-27.128043,-21.162290,1,6,2,NONE,COMMON_1,547
1183,-48.829036,-27.175744,-19.883786,1,6,2,NONE,COMMON_1,548
1184,-48.642208,-27.243315,-16.992227,1,6,2,NONE,COMMON_1,549
1185,-48.499114,-27.287042,-21.317711,1,6,2,NONE,COMMON_1,550
1186,-48.336145,-27.350639,-21.501583,1,6,2,NONE,COMMON_1,551
1187,-48.204971,-27.402314,-21.501354,1,6,2,NONE,COMMON_1,552
1188,-48.073798,-27.453988,-24.443395,1,6,2,NONE,COMMON_1,553
1189,-47.942624,-27.513611,-22.833281,1,6,2,STOP_LINE,COMMON_1,554
1190,-47.791576,-27.577209,-23.750187,1,6,2,NONE,COMMON_1,555
1191,-47.622452,-27.651626,-20.660063,1,6,2,NONE,COMMON_1,556
1192,-47.474841,-27.707286,-24.561784,1,6,2,NONE,COMMON_1,557
1193,-47.312475,-27.781492,-27.643715,1,6,2,NONE,COMMON_1,558
1194,-47.135344,-27.874266,-25.799471,1,6,2,NONE,COMMON_1,559
1195,-46.943450,-27.967029,-25.445760,1,6,2,NONE,COMMON_1,560
1196,-46.761175,-28.053758,-20.172477,1,6,2,NONE,COMMON_1,561
1197,-46.544766,-28.133263,-17.744916,1,6,2,NONE,COMMON_1,562
1198,-46.323938,-28.203929,-21.800018,1,6,2,NONE,COMMON_1,563
1199,-46.125189,-28.283423,-23.117427,1,6,2,NONE,COMMON_1,564
1200,-45.910188,-28.375206,-21.142544,1,6,2,NONE,COMMON_1,565
1201,-45.718303,-28.449412,-19.754714,1,6,2,NONE,COMMON_1,566
1202,-45.511645,-28.523629,-14.647963,1,6,2,NONE,COMMON_1,567
1203,-45.281615,-28.583753,-20.837152,1,6,2,NONE,COMMON_1,568
1204,-45.098347,-28.653506,-19.752101,1,6,2,NONE,COMMON_1,569
1205,-44.891690,-28.727712,-17.856306,1,6,2,NONE,COMMON_1,570
1206,-44.694207,-28.791331,-21.454759,1,6,2,NONE,COMMON_1,571
1207,-44.478392,-28.876146,-15.073996,1,6,2,NONE,COMMON_1,572
1208,-44.271734,-28.931806,-15.074623,1,6,2,NONE,COMMON_1,573
1209,-44.065085,-28.987466,-21.141640,1,6,2,NONE,COMMON_1,574
1210,-43.873191,-29.061672,-24.177450,1,6,2,NONE,COMMON_1,575
1211,-43.666542,-29.154446,-24.174911,1,6,2,NONE,COMMON_1,576
1212,-43.459893,-29.247209,-21.144497,1,6,2,NONE,COMMON_1,577
1213,-43.267999,-29.321426,-15.074623,1,6,2,NONE,COMMON_1,578
1214,-43.061350,-29.377086,-20.174491,1,6,2,NONE,COMMON_1,579
1215,-42.852479,-29.453830,-18.107964,1,6,2,NONE,COMMON_1,580
1216,-42.633280,-29.525509,-19.755508,1,6,2,NONE,COMMON_1,581
1217,-42.426631,-29.599726,-20.686749,1,6,2,NONE,COMMON_1,582
1218,-42.216493,-29.679075,-20.134204,1,6,2,NONE,COMMON_1,583
1219,-42.028088,-29.748149,-17.975104,1,6,2,NONE,COMMON_1,584
1220,-41.818995,-29.815987,-24.076404,1,6,2,NONE,COMMON_1,585
1221,-41.611416,-29.908739,-25.463261,1,6,2,NONE,COMMON_1,586
1222,-41.425916,-29.997072,-22.075599,1,6,2,NONE,COMMON_1,587
1223,-41.216239,-30.082109,-24.174911,1,6,2,NONE,COMMON_1,588
1224,-41.009590,-30.174872,-24.177450,1,6,2,NONE,COMMON_1,589
1225,-40.802941,-30.267646,-23.091198,1,6,2,NONE,COMMON_1,590
1226,-40.608842,-30.350401,-26.688005,1,6,2,NONE,COMMON_1,591
1227,-40.404398,-30.453172,-28.309914,1,6,2,NONE,COMMON_1,592
1228,-40.197740,-30.564492,-28.310956,1,6,2,NONE,COMMON_1,593
1229,-39.991091,-30.675812,-25.802134,1,6,2,NONE,COMMON_1,594
1230,-39.799197,-30.768586,-25.237379,1,6,2,NONE,COMMON_1,595
1231,-39.563030,-30.879906,-24.173979,1,6,2,NONE,COMMON_1,596
1232,-39.356372,-30.972669,-28.310956,1,6,2,NONE,COMMON_1,597
1233,-39.149723,-31.083989,-28.310956,1,6,2,NONE,COMMON_1,598
1234,-38.943074,-31.195309,-28.309914,1,6,2,NONE,COMMON_1,599
1235,-38.736416,-31.306629,-22.731785,1,6,2,NONE,COMMON_1,600
1236,-38.515004,-31.399392,-22.734114,1,6,2,NONE,COMMON_1,601
1237,-38.293591,-31.492166,-28.310956,1,6,2,NONE,COMMON_1,602
1238,-38.086942,-31.603486,-30.118532,1,6,2,NONE,COMMON_1,603
1239,-37.895048,-31.714806,-30.119698,1,6,2,NONE,COMMON_1,604
1240,-37.703163,-31.826126,-25.799471,1,6,2,NONE,COMMON_1,605
1241,-37.511269,-31.918889,-22.731692,1,6,2,NONE,COMMON_1,606
1242,-37.289856,-32.011652,-25.802134,1,6,2,NONE,COMMON_1,607
1243,-37.097962,-32.104426,-30.119698,1,6,2,NONE,COMMON_1,608
1244,-36.906077,-32.215746,-30.118532,1,6,2,NONE,COMMON_1,609
1245,-36.714183,-32.327066,-25.799471,1,6,2,NONE,COMMON_1,610
1246,-36.522289,-32.419829,-23.799842,1,6,2,NONE,COMMON_1,611
1247,-36.311664,-32.512725,-20.079108,1,6,2,NONE,COMMON_1,612
1248,-36.108991,-32.586809,-25.799471,1,6,2,NONE,COMMON_1,613
1249,-35.917097,-32.679572,-25.802134,1,6,2,NONE,COMMON_1,614
1250,-35.725203,-32.772346,-25.800524,1,6,2,NONE,COMMON_1,615
1251,-35.533318,-32.865109,-25.799471,1,6,2,NONE,COMMON_1,616
1252,-35.341424,-32.957872,-21.573284,1,6,2,NONE,COMMON_1,617
1253,-35.150761,-33.033258,-27.510749,1,6,2,NONE,COMMON_1,618
1254,-34.971001,-33.126878,-29.845650,1,6,2,NONE,COMMON_1,619
1255,-34.780515,-33.236172,-34.654129,1,6,2,NONE,COMMON_1,620
1256,-34.618990,-33.347826,-31.976806,1,6,2,NONE,COMMON_1,621
1257,-34.411491,-33.477369,-29.740207,1,6,2,NONE,COMMON_1,622
1258,-34.249125,-33.570132,-34.339406,1,6,2,NONE,COMMON_1,623
1259,-34.064750,-33.696090,-36.656215,1,6,2,NONE,COMMON_1,624
1260,-33.903721,-33.815926,-39.645419,1,6,2,NONE,COMMON_1,625
1261,-33.772653,-33.924530,-43.659320,1,6,2,NONE,COMMON_1,626
1262,-33.599641,-34.089629,-44.352319,1,6,2,NONE,COMMON_1,627
1263,-33.466794,-34.219506,-48.524728,1,6,2,NONE,COMMON_1,628
1264,-33.319191,-34.386486,-51.680389,1,6,2,NONE,COMMON_1,629
1265,-33.195944,-34.542434,-56.633920,1,6,2,NONE,COMMON_1,630
1266,-33.094838,-34.695967,-61.557431,1,6,2,NONE,COMMON_1,631
1267,-32.997470,-34.875726,-65.091459,1,6,2,NONE,COMMON_1,632
1268,-32.905885,-35.072952,-66.155478,1,6,2,NONE,COMMON_1,633
1269,-32.832083,-35.239932,-63.147754,1,6,2,NONE,COMMON_1,634
1270,-32.728754,-35.444026,-68.307669,1,6,2,NONE,COMMON_1,635
1271,-32.654953,-35.629552,-72.346651,1,6,2,NONE,COMMON_1,636
1272,-32.595907,-35.815089,-77.757444,1,6,2,NONE,COMMON_1,637
1273,-32.551624,-36.019172,-77.758352,1,6,2,NONE,COMMON_1,638
1274,-32.507342,-36.223266,-75.701360,1,6,2,NONE,COMMON_1,639
1275,-32.450864,-36.444860,-76.705612,1,6,2,NONE,COMMON_1,640
1276,-32.416412,-36.590666,-80.537589,1,6,2,NONE,COMMON_1,641
1277,-32.381650,-36.799236,-82.876505,1,6,2,NONE,COMMON_1,642
1278,-32.358481,-36.984628,-85.821310,1,6,2,NONE,COMMON_1,643
1279,-32.344975,-37.169486,-90.000000,1,6,2,NONE,COMMON_1,644
1280,-32.344975,-37.373569,-92.882817,1,6,2,NONE,COMMON_1,645
1281,-32.355585,-37.584264,-91.974852,1,6,2,NONE,COMMON_1,646
1282,-32.361378,-37.752268,-94.897626,1,6,2,NONE,COMMON_1,647
1283,-32.378754,-37.955049,-96.340915,1,6,2,NONE,COMMON_1,648
1284,-32.401931,-38.163618,-99.288211,1,6,2,NONE,COMMON_1,649
1285,-32.433540,-38.356892,-100.038120,1,6,2,NONE,COMMON_1,650
1286,-32.468550,-38.554674,-102.617837,1,6,2,NONE,COMMON_1,651
1287,-32.507342,-38.727966,-99.682755,1,6,2,NONE,COMMON_1,652
1288,-32.538074,-38.908082,-104.027328,1,6,2,NONE,COMMON_1,653
1289,-32.581143,-39.080472,-109.474165,1,6,2,NONE,COMMON_1,654
1290,-32.640189,-39.247452,-111.692648,1,6,2,NONE,COMMON_1,655
1291,-32.699236,-39.395886,-107.651807,1,6,2,NONE,COMMON_1,656
1292,-32.758273,-39.581412,-109.188133,1,6,2,NONE,COMMON_1,657
1293,-32.813272,-39.739453,-106.773224,1,6,2,NONE,COMMON_1,658
1294,-32.884709,-39.976464,-104.757226,1,6,2,NONE,COMMON_1,659
1295,-32.923093,-40.122182,-116.804639,1,7,2,NONE,T_foword,0
1296,-33.013280,-40.300686,-117.178700,1,7,2,NONE,T_foword,1
1297,-33.104621,-40.478579,-119.823883,1,7,2,NONE,T_foword,2
1298,-33.204074,-40.652066,-118.907427,1,7,2,NONE,T_foword,3
1299,-33.300711,-40.827070,-118.540003,1,7,2,NONE,T_foword,4
1300,-33.396215,-41.002674,-116.253626,1,7,2,NONE,T_foword,5
1301,-33.484656,-41.181986,-117.359030,1,7,2,NONE,T_foword,6
1302,-33.576538,-41.359555,-117.484938,1,7,2,NONE,T_foword,7
1303,-33.668806,-41.536914,-115.445861,1,7,2,NONE,T_foword,8
1304,-33.754707,-41.717448,-114.819283,1,7,2,NONE,T_foword,9
1305,-33.838651,-41.898959,-113.507342,1,7,2,NONE,T_foword,10
1306,-33.918387,-42.082275,-110.973467,1,7,2,NONE,T_foword,11
1307,-33.989956,-42.268977,-108.016382,1,7,2,NONE,T_foword,12
1308,-34.051810,-42.459159,-110.863886,1,7,2,NONE,T_foword,13
1309,-34.122985,-42.645901,-115.412813,1,7,2,NONE,T_foword,14
1310,-34.208755,-42.826428,-116.528224,1,7,2,NONE,T_foword,15
1311,-34.297942,-43.005089,-114.487729,1,7,2,NONE,T_foword,16
1312,-34.380828,-43.187069,-113.676202,1,7,2,NONE,T_foword,17
1313,-34.461099,-43.370138,-108.632750,1,7,2,NONE,T_foword,18
1314,-34.524958,-43.559533,-109.989277,1,7,2,NONE,T_foword,19
1315,-34.593294,-43.747394,-115.683604,1,7,2,NONE,T_foword,20
1316,-34.679902,-43.927484,-117.314724,1,7,2,NONE,T_foword,21
1317,-34.771673,-44.105175,-115.590556,1,7,2,NONE,T_foword,22
1318,-34.858016,-44.285463,-113.938608,1,7,2,NONE,T_foword,23
1319,-34.939167,-44.468258,-112.507088,1,7,2,NONE,T_foword,24
1320,-35.015687,-44.652929,-110.933242,1,7,2,NONE,T_foword,25
1321,-35.087108,-44.839637,-113.612864,1,7,2,NONE,T_foword,26
1322,-35.167081,-45.022576,-116.880317,1,7,2,NONE,T_foword,27
1323,-35.257369,-45.200695,-116.554289,1,7,2,NONE,T_foword,28
1324,-35.346777,-45.379595,-112.713059,1,7,2,NONE,T_foword,29
1325,-35.423909,-45.563867,-112.090135,1,7,2,NONE,T_foword,30
1326,-35.499103,-45.749139,-111.670924,1,7,2,NONE,T_foword,31
1327,-35.572933,-45.934940,-113.124023,1,7,2,NONE,T_foword,32
1328,-35.651465,-46.118842,-115.648462,1,7,2,NONE,T_foword,33
1329,-35.737950,-46.298959,-117.800403,1,7,2,NONE,T_foword,34
1330,-35.831184,-46.475790,-115.882969,1,7,2,NONE,T_foword,35
1331,-35.918462,-46.655668,-113.480938,1,7,2,NONE,T_foword,36
1332,-35.998088,-46.838962,-109.631006,1,7,2,NONE,T_foword,37
1333,-36.065277,-47.027328,-108.943091,1,7,2,NONE,T_foword,38
1334,-36.130191,-47.216462,-108.177438,1,7,2,NONE,T_foword,39
1335,-36.192550,-47.406380,-111.396431,1,7,2,NONE,T_foword,40
1336,-36.265479,-47.592507,-112.815045,1,7,2,NONE,T_foword,41
1337,-36.343022,-47.776839,-111.490310,1,7,2,NONE,T_foword,42
1338,-36.416279,-47.962905,-108.107641,1,7,2,NONE,T_foword,43
1339,-36.478389,-48.152845,-103.915397,1,7,2,NONE,T_foword,44
1340,-36.526452,-48.346835,-104.318731,1,7,2,NONE,T_foword,45
1341,-36.575883,-48.540496,-108.207531,1,7,2,NONE,T_foword,46
1342,-36.638317,-48.730306,-112.669095,1,7,2,NONE,T_foword,47
1343,-36.715295,-48.914607,-112.690780,1,7,2,NONE,T_foword,48
1344,-36.792398,-49.099011,-108.868872,1,7,2,NONE,T_foword,49
1345,-36.857041,-49.288153,-106.411487,1,7,2,NONE,T_foword,50
1346,-36.913527,-49.479934,-104.142211,1,7,2,NONE,T_foword,51
1347,-36.962325,-49.673603,-108.586297,1,7,2,NONE,T_foword,52
1348,-37.026047,-49.863099,-113.459237,1,7,2,NONE,T_foword,53
1349,-37.105666,-50.046567,-111.025765,1,7,2,NONE,T_foword,54
1350,-37.177414,-50.233226,-112.716871,1,7,2,NONE,T_foword,55
1351,-37.254632,-50.417669,-110.880726,1,7,2,NONE,T_foword,56
1352,-37.325863,-50.604393,-106.880676,1,7,2,NONE,T_foword,57
1353,-37.383886,-50.795601,-105.741712,1,7,2,NONE,T_foword,58
1354,-37.438093,-50.987911,-110.878368,1,7,2,NONE,T_foword,59
1355,-37.509311,-51.174624,-114.075253,1,7,2,NONE,T_foword,60
1356,-37.590820,-51.357051,-113.376032,1,7,2,NONE,T_foword,61
1357,-37.670171,-51.540631,-112.152716,1,7,2,NONE,T_foword,62
1358,-37.745475,-51.725594,-109.072060,1,7,2,NONE,T_foword,63
1359,-37.810784,-51.914493,-107.744333,1,7,2,NONE,T_foword,64
1360,-37.871729,-52.104950,-108.487144,1,7,2,NONE,T_foword,65
1361,-37.935130,-52.294577,-111.073958,1,7,2,NONE,T_foword,66
1362,-38.007002,-52.481090,-114.424465,1,7,2,NONE,T_foword,67
1363,-38.089695,-52.663179,-114.603551,1,7,2,NONE,T_foword,68
1364,-38.172945,-52.844983,-110.525419,1,7,2,NONE,T_foword,69
1365,-38.243038,-53.032202,-108.181976,1,7,2,NONE,T_foword,70
1366,-38.305436,-53.222188,-108.286220,1,7,2,NONE,T_foword,71
1367,-38.368161,-53.412004,-111.292906,1,7,2,NONE,T_foword,72
1368,-38.440776,-53.598320,-111.583785,1,7,2,NONE,T_foword,73
1369,-38.514315,-53.784212,-114.847051,1,7,2,NONE,T_foword,74
1370,-38.598332,-53.965650,-112.747711,1,7,2,NONE,T_foword,75
1371,-38.675634,-54.150015,-109.378918,1,7,2,NONE,T_foword,76
1372,-38.741962,-54.338585,-107.407952,1,7,2,NONE,T_foword,77
1373,-38.801787,-54.529394,-109.216982,1,7,2,NONE,T_foword,78
1374,-38.867577,-54.718137,-110.647862,1,7,2,NONE,T_foword,79
1375,-38.938041,-54.905129,-113.357119,1,7,2,NONE,T_foword,80
1376,-39.017327,-55.088725,-110.240733,1,7,2,NONE,T_foword,81
1377,-39.086462,-55.276217,-107.346665,1,7,2,NONE,T_foword,82
1378,-39.146002,-55.466831,-106.189349,1,7,2,NONE,T_foword,83
1379,-39.201662,-55.658547,-106.420535,1,7,2,NONE,T_foword,84
1380,-39.258165,-55.850274,-107.828622,1,7,2,NONE,T_foword,85
1381,-39.319383,-56.040619,-110.664011,1,7,2,NONE,T_foword,86
1382,-39.389917,-56.227637,-112.673793,1,7,2,NONE,T_foword,87
1383,-39.467008,-56.412166,-109.998286,1,7,2,NONE,T_foword,88
1384,-39.535384,-56.600045,-110.451642,1,7,2,NONE,T_foword,89
1385,-39.605228,-56.787333,-110.671466,1,7,2,NONE,T_foword,90
1386,-39.675823,-56.974439,-114.213033,1,7,2,NONE,T_foword,91
1387,-39.749960,-57.139301,-116.146759,1,7,2,NONE,T_foword,92
1388,-39.794960,-57.230968,-114.962714,1,7,2,NONE,T_foword,93
1389,-39.839960,-57.327635,-114.842564,1,7,2,NONE,T_foword,94
1390,-39.881627,-57.417635,-126.027708,1,7,2,STOP_LINE,T_foword,95
1391,-39.948294,-57.509301,-121.607502,1,7,2,NONE,T_B,0
1392,-39.988294,-57.574301,-119.744088,1,7,1,NONE,T_B,1
1393,-40.014960,-57.620968,-120.379887,1,7,1,NONE,T_B,2
1394,-40.043294,-57.669301,-121.865615,1,7,1,NONE,T_B,3
1395,-40.081627,-57.730968,-120.141386,1,7,1,NONE,T_B,4
1396,-40.171627,-57.885968,68.154593,1,7,1,NONE,T_B,5
1397,-39.871627,-57.137635,73.536431,-1,7,1,NONE,T_B,6
1398,-39.836373,-57.018341,69.729070,-1,7,1,NONE,T_B,7
1399,-39.768045,-56.833338,65.646738,-1,7,1,NONE,T_B,8
1400,-39.696379,-56.675008,61.205684,-1,7,1,NONE,T_B,9
1401,-39.597248,-56.494647,63.829800,-1,7,1,NONE,T_B,10
1402,-39.514705,-56.326677,66.605978,-1,7,1,NONE,T_B,11
1403,-39.434872,-56.142141,68.308835,-1,7,1,NONE,T_B,12
1404,-39.361071,-55.956604,68.328445,-1,7,1,NONE,T_B,13
1405,-39.286366,-55.768607,69.441310,-1,7,1,NONE,T_B,14
1406,-39.221360,-55.595282,69.148950,-1,7,1,NONE,T_B,15
1407,-39.147868,-55.402331,71.963970,-1,7,1,NONE,T_B,16
1408,-39.099282,-55.253118,69.246380,-1,7,1,NONE,T_B,17
1409,-39.036825,-55.088297,63.936309,-1,7,1,NONE,T_B,18
1410,-38.958747,-54.928664,62.725096,-1,7,1,NONE,T_B,19
1411,-38.853026,-54.723613,62.037306,-1,7,1,NONE,T_B,20
1412,-38.781359,-54.588615,64.117143,-1,7,1,NONE,T_B,21
1413,-38.710640,-54.442864,61.620081,-1,7,1,NONE,T_B,22
1414,-38.629090,-54.291914,56.502121,-1,7,1,NONE,T_B,23
1415,-38.531342,-54.144221,51.791147,-1,7,1,NONE,T_B,24
1416,-38.420882,-54.003896,52.327215,-1,7,1,NONE,T_B,25
1417,-38.315047,-53.866827,52.371547,-1,7,1,NONE,T_B,26
1418,-38.209725,-53.730204,51.145268,-1,7,1,NONE,T_B,27
1419,-38.087762,-53.578809,52.623698,-1,7,1,NONE,T_B,28
1420,-37.992333,-53.453886,51.709893,-1,7,1,NONE,T_B,29
1421,-37.888234,-53.322027,51.339453,-1,7,1,NONE,T_B,30
1422,-37.804947,-53.217921,55.124610,-1,7,1,NONE,T_B,31
1423,-37.725141,-53.103417,56.690103,-1,7,1,NONE,T_B,32
1424,-37.645326,-52.981956,56.687722,-1,7,1,NONE,T_B,33
1425,-37.565511,-52.860506,59.744149,-1,7,1,NONE,T_B,34
1426,-37.480498,-52.714766,55.413064,-1,7,1,NONE,T_B,35
1427,-37.390285,-52.583931,54.727558,-1,7,1,NONE,T_B,36
1428,-37.326625,-52.493929,49.801238,-1,7,1,NONE,T_B,37
1429,-37.194929,-52.338081,44.518335,-1,7,1,NONE,T_B,38
1430,-37.063223,-52.208571,39.288276,-1,7,1,NONE,T_B,39
1431,-36.870054,-52.050530,32.420127,-1,7,1,NONE,T_B,40
1432,-36.707626,-51.947370,27.837590,-1,7,1,NONE,T_B,41
1433,-36.576549,-51.878151,23.368433,-1,7,1,NONE,T_B,42
1434,-36.441550,-51.819820,20.983942,-1,7,1,NONE,T_B,43
1435,-36.319879,-51.773154,17.476608,-1,7,1,NONE,T_B,44
1436,-36.139879,-51.716481,11.989982,-1,7,1,NONE,T_B,45
1437,-35.951546,-51.676484,5.218697,-1,7,1,NONE,T_B,46
1438,-35.709736,-51.654398,-0.929686,-1,7,1,NONE,T_B,47
1439,-35.468972,-51.658305,-4.137473,-1,7,1,NONE,T_B,48
1440,-35.211363,-51.676940,-12.113920,-1,7,1,NONE,T_B,49
1441,-34.969828,-51.728782,-17.428202,-1,7,1,NONE,T_B,50
1442,-34.801493,-51.781626,-23.197834,-1,7,1,NONE,T_B,51
1443,-34.582259,-51.875580,-28.741680,-1,7,1,NONE,T_B,52
1444,-34.460898,-51.942138,-28.387981,-1,7,1,NONE,T_B,53
1445,-34.337453,-52.008851,-30.068567,-1,7,1,NONE,T_B,54
1446,-34.196713,-52.090332,-25.537493,-1,7,1,NONE,T_B,55
1447,-34.030046,-52.169962,-28.406354,-1,7,1,NONE,T_B,56
1448,-33.855272,-52.264487,-29.190390,-1,7,1,NONE,T_B,57
1449,-33.722424,-52.338704,-28.130781,-1,7,1,NONE,T_B,58
1450,-33.584148,-52.412632,-30.100302,-1,7,1,NONE,T_B,59
1451,-33.461361,-52.483810,-25.548540,-1,7,1,NONE,T_B,60
1452,-33.308569,-52.556847,-22.073825,-1,7,1,NONE,T_B,61
1453,-33.155723,-52.618830,-18.706101,-1,7,1,NONE,T_B,62
1454,-33.028951,-52.661755,-18.434453,-1,7,1,NONE,T_B,63
1455,-32.890152,-52.708020,-15.803718,-1,7,1,NONE,T_B,64
1456,-32.701526,-52.761409,-9.612071,-1,7,1,NONE,T_B,65
1457,-32.508339,-52.794126,170.646411,-1,7,1,NONE,T_B,66
1458,-32.655871,-52.769825,170.389286,1,7,2,NONE,T_B,67
1459,-32.830046,-52.740332,164.797653,1,7,2,NONE,T_B,68
1460,-33.000416,-52.694036,169.487188,1,7,2,NONE,T_B,69
1461,-33.180046,-52.660702,164.054721,1,7,2,NONE,T_B,70
1462,-33.374490,-52.605147,161.896263,1,7,2,NONE,T_B,71
1463,-33.567083,-52.542184,161.760509,1,7,2,NONE,T_B,72
1464,-33.730046,-52.488480,160.994176,1,7,2,NONE,T_B,73
1465,-33.896713,-52.431073,156.903076,1,7,2,NONE,T_B,74
1466,-34.022639,-52.377369,154.133574,1,7,2,NONE,T_B,75
1467,-34.205972,-52.288480,156.297269,1,7,2,NONE,T_B,76
1468,-34.357824,-52.221813,153.749954,1,7,2,NONE,T_B,77
1469,-34.493009,-52.155147,152.076422,1,7,2,NONE,T_B,78
1470,-34.678194,-52.056999,146.469543,1,7,2,NONE,T_B,79
1471,-34.831898,-51.955147,144.647660,1,7,2,NONE,T_B,80
1472,-34.967313,-51.859082,145.081234,1,7,2,NONE,T_B,81
1473,-35.161713,-51.723372,139.829509,1,7,2,NONE,T_B,82
1474,-35.302930,-51.604159,134.999560,1,7,2,NONE,T_B,83
1475,-35.433139,-51.473948,131.249057,1,7,2,NONE,T_B,84
1476,-35.537672,-51.354747,128.733151,1,7,2,NONE,T_B,85
1477,-35.641338,-51.225504,125.740112,1,7,2,NONE,T_B,86
1478,-35.735739,-51.094325,122.249442,1,7,2,NONE,T_B,87
1479,-35.832939,-50.940269,117.672122,1,7,2,NONE,T_B,88
1480,-35.911798,-50.789887,112.621951,1,7,2,NONE,T_B,89
1481,-35.975990,-50.635842,107.494929,1,7,2,NONE,T_B,90
1482,-36.029173,-50.467115,102.087903,1,7,2,NONE,T_B,91
1483,-36.069399,-50.279284,97.554858,1,7,2,NONE,T_B,92
1484,-36.098927,-50.056644,95.049761,1,7,2,NONE,T_B,93
1485,-36.113682,-49.889664,94.549692,1,7,2,NONE,T_B,94
1486,-36.128446,-49.704127,95.220947,1,7,2,NONE,T_B,95
1487,-36.148382,-49.485951,92.630689,1,7,2,NONE,T_B,96
1488,-36.157964,-49.277404,90.000000,1,7,2,NONE,T_B,97
1489,-36.157964,-49.073321,86.208387,1,7,2,NONE,T_B,98
1490,-36.143209,-48.850681,85.862755,1,7,2,NONE,T_B,99
1491,-36.128446,-48.646587,85.862253,1,7,2,NONE,T_B,100
1492,-36.113682,-48.442504,90.000000,1,7,2,NONE,T_B,101
1493,-36.113682,-48.238421,85.535669,1,7,2,NONE,T_B,102
1494,-36.098254,-48.040817,81.453885,1,7,2,NONE,T_B,103
1495,-36.069399,-47.848801,77.758352,1,7,2,NONE,T_B,104
1496,-36.025117,-47.644707,77.757444,1,7,2,NONE,T_B,105
1497,-35.980834,-47.440624,77.757712,1,7,2,NONE,T_B,106
1498,-35.936552,-47.236541,78.750705,1,7,2,NONE,T_B,107
1499,-35.892269,-47.013901,77.758084,1,7,2,NONE,T_B,108
1500,-35.847986,-46.809807,73.865935,1,7,2,NONE,T_B,109
1501,-35.788949,-46.605724,70.116636,1,7,2,NONE,T_B,110
1502,-35.715139,-46.401641,70.818758,1,7,2,NONE,T_B,111
1503,-35.636582,-46.175818,73.420515,1,7,2,NONE,T_B,112
1504,-35.582291,-45.993464,73.865935,1,7,2,NONE,T_B,113
1505,-35.523254,-45.789381,73.864169,1,7,2,NONE,T_B,114
1506,-35.464207,-45.585287,67.200027,1,7,2,NONE,T_B,115
1507,-35.378255,-45.380815,69.436865,1,7,2,NONE,T_B,116
1508,-35.301841,-45.177121,70.117624,1,7,2,NONE,T_B,117
1509,-35.228031,-44.973027,68.307669,1,7,2,NONE,T_B,118
1510,-35.154230,-44.787501,74.487157,1,7,2,NONE,T_B,119
1511,-35.098248,-44.585812,71.713807,1,7,2,NONE,T_B,120
1512,-35.036146,-44.397881,72.381870,1,7,2,NONE,T_B,121
1513,-34.979916,-44.220816,68.449954,1,7,2,NONE,T_B,122
1514,-34.903298,-44.026807,66.540815,1,7,2,NONE,T_B,123
1515,-34.814733,-43.822724,68.306436,1,7,2,NONE,T_B,124
1516,-34.740923,-43.637187,70.118871,1,7,2,NONE,T_B,125
1517,-34.667122,-43.433104,64.482797,1,7,2,NONE,T_B,126
1518,-34.578557,-43.247567,63.954284,1,7,2,NONE,T_B,127
1519,-34.481587,-43.049151,67.254458,1,7,2,NONE,T_B,128
1520,-34.401426,-42.857947,60.884546,1,7,2,NONE,T_B,129
1521,-34.298098,-42.672421,64.482546,1,7,2,NONE,T_B,130
1522,-34.209532,-42.486884,68.308835,1,7,2,NONE,T_B,131
1523,-34.135731,-42.301347,66.942722,1,7,2,NONE,T_B,132
1524,-34.062523,-42.129358,62.576854,1,7,2,NONE,T_B,133
1525,-33.970858,-41.952693,63.262950,1,7,2,NONE,T_B,134
1526,-33.884800,-41.781861,57.523533,1,7,2,NONE,T_B,135
1527,-33.766707,-41.596324,62.161659,1,7,2,NONE,T_B,136
1528,-33.710459,-41.489813,59.611898,1,7,2,NONE,T_B,137
1529,-33.650421,-41.387432,57.487805,1,7,2,NONE,T_B,138
1530,-33.587345,-41.288469,55.809957,1,7,2,NONE,T_B,139
1531,-33.521975,-41.192244,54.623190,1,7,2,NONE,T_B,140
1532,-33.455073,-41.098023,53.917180,1,7,2,NONE,T_B,141
1533,-33.387374,-41.005126,53.721918,1,7,2,NONE,T_B,142
1534,-33.319639,-40.912842,54.038837,1,7,2,NONE,T_B,143
1535,-33.252613,-40.820457,54.870468,1,7,2,NONE,T_B,144
1536,-33.187049,-40.727271,56.212425,1,7,2,NONE,T_B,145
1537,-33.123698,-40.632594,58.058559,1,7,2,NONE,T_B,146
1538,-33.063297,-40.535712,60.402130,1,7,2,NONE,T_B,147
1539,-33.006615,-40.435925,63.198951,1,7,2,NONE,T_B,148
1540,-32.954379,-40.332520,66.420054,1,7,2,NONE,T_B,149
1541,-32.907360,-40.224795,66.836680,1,7,2,NONE,T_B,150
1542,-32.868093,-40.133016,55.839489,1,7,2,NONE,T_B,151
1543,-32.359311,-39.383255,46.080901,1,8,2,NONE,COMMON_2,0
1544,-32.044652,-39.056494,56.821562,1,8,2,NONE,COMMON_2,1
1545,-31.838914,-38.741835,46.547999,1,8,2,NONE,COMMON_2,2
1546,-31.621073,-38.511893,52.125162,1,8,2,NONE,COMMON_2,3
1547,-31.451642,-38.294052,53.615597,1,8,2,NONE,COMMON_2,4
1548,-31.282210,-38.064109,52.125035,1,8,2,NONE,COMMON_2,5
1549,-31.112779,-37.846269,49.085701,1,8,2,NONE,COMMON_2,6
1550,-30.955450,-37.664735,52.408002,1,8,2,NONE,COMMON_2,7
1551,-30.772169,-37.426671,59.981592,1,8,2,NONE,COMMON_2,8
1552,-30.607223,-37.141188,55.713129,1,8,2,NONE,COMMON_2,9
1553,-30.416901,-36.862049,45.784814,1,8,2,NONE,COMMON_2,10
1554,-30.188514,-36.627318,39.496099,1,8,2,NONE,COMMON_2,11
1555,-29.979762,-36.455260,36.027392,1,8,2,NONE,COMMON_2,12
1556,-29.795926,-36.321561,31.504189,1,8,2,NONE,COMMON_2,13
1557,-29.623231,-36.215716,34.215815,1,8,2,NONE,COMMON_2,14
1558,-29.483961,-36.121012,36.253704,1,8,2,NONE,COMMON_2,15
1559,-29.316837,-35.998455,32.397615,1,8,2,NONE,COMMON_2,16
1560,-29.098984,-35.860214,32.633685,1,8,2,NONE,COMMON_2,17
1561,-28.907064,-35.737317,30.538368,1,8,2,NONE,COMMON_2,18
1562,-28.738710,-35.637997,26.564537,1,8,2,NONE,COMMON_2,19
1563,-28.560260,-35.548774,22.169379,1,8,2,NONE,COMMON_2,20
1564,-28.378445,-35.474690,15.882177,1,8,2,NONE,COMMON_2,21
1565,-28.176207,-35.417149,9.611830,1,8,2,NONE,COMMON_2,22
1566,-27.969540,-35.382150,11.308323,1,8,2,NONE,COMMON_2,23
1567,-27.777877,-35.343823,8.382964,1,8,2,NONE,COMMON_2,24
1568,-27.580562,-35.314746,4.790882,1,8,2,NONE,COMMON_2,25
1569,-27.359150,-35.296189,0.000000,1,8,2,NONE,COMMON_2,26
1570,-27.182019,-35.296189,-5.131400,1,8,2,NONE,COMMON_2,27
1571,-26.975371,-35.314746,-10.943191,1,8,2,NONE,COMMON_2,28
1572,-26.783477,-35.351849,-10.946802,1,8,2,NONE,COMMON_2,29
1573,-26.591591,-35.388963,-5.977248,1,8,2,NONE,COMMON_2,30
1574,-26.414461,-35.407509,-8.430078,1,8,2,NONE,COMMON_2,31
1575,-26.210080,-35.437799,-9.575946,1,8,2,NONE,COMMON_2,32
1576,-26.036209,-35.467132,-14.674085,1,8,2,NONE,COMMON_2,33
1577,-25.838788,-35.518829,-19.754803,1,8,2,NONE,COMMON_2,34
1578,-25.632131,-35.593046,-19.755508,1,8,2,NONE,COMMON_2,35
1579,-25.425482,-35.667263,-21.141640,1,8,2,NONE,COMMON_2,36
1580,-25.233588,-35.741469,-15.340827,1,8,2,NONE,COMMON_2,37
1581,-25.011830,-35.802305,-18.503159,1,8,2,NONE,COMMON_2,38
1582,-24.805526,-35.871346,-19.755508,1,8,2,NONE,COMMON_2,39
1583,-24.598877,-35.945563,-26.692851,1,8,2,NONE,COMMON_2,40
1584,-24.377473,-36.056883,-22.730955,1,8,2,NONE,COMMON_2,41
1585,-24.156052,-36.149646,-22.731692,1,8,2,NONE,COMMON_2,42
1586,-23.934639,-36.242409,-24.116446,1,8,2,NONE,COMMON_2,43
1587,-23.539436,-36.419328,-25.045990,1,8,2,NONE,COMMON_2,44
1588,-23.330891,-36.516778,-32.146798,1,8,2,NONE,COMMON_2,45
1589,-23.124242,-36.646644,-35.688275,1,8,2,NONE,COMMON_2,46
1590,-22.917585,-36.795078,-30.118532,1,8,2,NONE,COMMON_2,47
1591,-22.725691,-36.906398,-30.393024,1,8,2,NONE,COMMON_2,48
1592,-22.504278,-37.036264,-32.148985,1,8,2,NONE,COMMON_2,49
1593,-22.297629,-37.166141,-34.090785,1,8,2,NONE,COMMON_2,50
1594,-22.105735,-37.296018,-34.088532,1,8,2,NONE,COMMON_2,51
1595,-21.913841,-37.425884,-28.310956,1,8,2,NONE,COMMON_2,52
1596,-21.707192,-37.537204,-33.782943,1,8,2,NONE,COMMON_2,53
1597,-21.528860,-37.656510,-34.695290,1,8,2,NONE,COMMON_2,54
1598,-21.354411,-37.777283,-34.777738,1,8,2,NONE,COMMON_2,55
1599,-21.193381,-37.889109,-36.027258,1,8,2,NONE,COMMON_2,56
1600,-21.045770,-37.996462,-40.364592,1,8,2,NONE,COMMON_2,57
1601,-20.866848,-38.148546,-40.462292,1,8,2,NONE,COMMON_2,58
1602,-20.714764,-38.278265,-43.726704,1,8,2,NONE,COMMON_2,59
1603,-20.611883,-38.376672,-44.616147,1,8,2,NONE,COMMON_2,60
1604,-20.497984,-38.489055,-45.000000,1,8,2,NONE,COMMON_2,61
1605,-20.359590,-38.627449,-43.727142,1,8,2,NONE,COMMON_2,62
1606,-20.245909,-38.736188,-41.185848,1,8,2,NONE,COMMON_2,63
1607,-20.087744,-38.874582,-45.000000,1,8,2,NONE,COMMON_2,64
1608,-19.914751,-39.047575,-46.397133,1,8,2,NONE,COMMON_2,65
1609,-19.717044,-39.255167,-51.755409,1,8,2,NONE,COMMON_2,66
1610,-19.558322,-39.456544,-51.491545,1,8,2,NONE,COMMON_2,67
1611,-19.404271,-39.650154,-56.914509,1,8,2,NONE,COMMON_2,68
1612,-19.271689,-39.853647,-56.939263,1,8,2,NONE,COMMON_2,69
1613,-19.138841,-40.057741,-60.886432,1,8,2,NONE,COMMON_2,70
1614,-19.035521,-40.243267,-61.347600,1,8,2,NONE,COMMON_2,71
1615,-18.926728,-40.442374,-60.342992,1,8,2,NONE,COMMON_2,72
1616,-18.813560,-40.641125,-64.387879,1,8,2,NONE,COMMON_2,73
1617,-18.710780,-40.855527,-70.105567,1,8,2,NONE,COMMON_2,74
1618,-18.642214,-41.044996,-71.565243,1,8,2,NONE,COMMON_2,75
1619,-18.582371,-41.224527,-70.906517,1,8,2,NONE,COMMON_2,76
1620,-18.505429,-41.446804,-73.663975,1,8,2,NONE,COMMON_2,77
1621,-18.432762,-41.694727,-80.537497,1,8,2,NONE,COMMON_2,78
1622,-18.398565,-41.899905,-78.366333,1,8,2,NONE,COMMON_2,79
1623,-18.368643,-42.045240,-78.690178,1,8,2,NONE,COMMON_2,80
1624,-18.308800,-42.344458,-80.739800,1,8,2,NONE,COMMON_2,81
1625,-18.244682,-42.737716,-80.824394,1,8,2,NONE,COMMON_2,82
1626,-18.207880,-42.965553,-80.134127,1,8,2,NONE,COMMON_2,83
1627,-18.176181,-43.147821,-84.289607,1,8,2,NONE,COMMON_2,84
1628,-18.156370,-43.345938,-87.709298,1,8,2,NONE,COMMON_2,85
1629,-18.148445,-43.544055,-93.386990,1,8,2,NONE,COMMON_2,86
1630,-18.161226,-43.760012,-93.502783,1,8,2,NONE,COMMON_2,87
1631,-18.175990,-44.001209,-100.403462,1,8,2,NONE,COMMON_2,88
1632,-18.220273,-44.242406,-103.754295,1,8,2,NONE,COMMON_2,89
1633,-18.279310,-44.483592,-102.806783,1,8,2,NONE,COMMON_2,90
1634,-18.338357,-44.743346,-104.853384,1,8,2,NONE,COMMON_2,91
1635,-18.397403,-44.965986,-103.279317,1,8,2,NONE,COMMON_2,92
1636,-18.451711,-45.196096,-104.187431,1,8,2,NONE,COMMON_2,93
1637,-18.515487,-45.448369,-110.162704,1,8,2,NONE,COMMON_2,94
1638,-18.604052,-45.689566,-110.163549,1,8,2,NONE,COMMON_2,95
1639,-18.692617,-45.930752,-108.339394,1,8,2,NONE,COMMON_2,96
1640,-18.766418,-46.153392,-102.806783,1,8,2,NONE,COMMON_2,97
1641,-18.825465,-46.413146,-108.339394,1,8,2,NONE,COMMON_2,98
1642,-18.899266,-46.635786,-111.692398,1,8,2,NONE,COMMON_2,99
1643,-18.987831,-46.858426,-111.693279,1,8,2,NONE,COMMON_2,100
1644,-19.091160,-47.118169,-107.012963,1,8,2,NONE,COMMON_2,101
1645,-19.164961,-47.359366,-111.692398,1,8,2,NONE,COMMON_2,102
1646,-19.253526,-47.582006,-105.863321,1,8,2,NONE,COMMON_2,103
1647,-19.327336,-47.841749,-110.162704,1,8,2,NONE,COMMON_2,104
1648,-19.415901,-48.082946,-110.163759,1,8,2,NONE,COMMON_2,105
1649,-19.504467,-48.324132,-113.188527,1,8,2,NONE,COMMON_2,106
1650,-19.607787,-48.565329,-108.648665,1,8,2,NONE,COMMON_2,107
1651,-19.684750,-48.793379,-106.679602,1,8,2,NONE,COMMON_2,108
1652,-19.755398,-49.029166,-109.824776,1,8,2,NONE,COMMON_2,109
1653,-19.844796,-49.277142,-107.290719,1,8,2,NONE,COMMON_2,110
1654,-19.917764,-49.511549,-114.449073,1,8,2,NONE,COMMON_2,111
1655,-20.035857,-49.771292,-113.188527,1,8,2,NONE,COMMON_2,112
1656,-20.139177,-50.012489,-110.160820,1,8,2,NONE,COMMON_2,113
1657,-20.227733,-50.253686,-110.165433,1,8,2,NONE,COMMON_2,114
1658,-20.316307,-50.494872,-111.692398,1,8,2,NONE,COMMON_2,115
1659,-20.404872,-50.717512,-113.188527,1,8,2,NONE,COMMON_2,116
1660,-20.508192,-50.958709,-114.896391,1,8,2,NONE,COMMON_2,117
1661,-20.611521,-51.181349,-115.187562,1,8,2,NONE,COMMON_2,118
1662,-20.728657,-51.430416,-107.571545,1,8,2,NONE,COMMON_2,119
1663,-20.797765,-51.648648,-107.873665,1,8,2,NONE,COMMON_2,120
1664,-20.862462,-51.849269,-114.896179,1,8,2,NONE,COMMON_2,121
1665,-20.965790,-52.071909,-114.894485,1,8,2,NONE,COMMON_2,122
1666,-21.069110,-52.294549,-114.896391,1,8,2,NONE,COMMON_2,123
1667,-21.172439,-52.517189,-116.083486,1,8,2,NONE,COMMON_2,124
1668,-21.290514,-52.758386,-110.165433,1,8,2,NONE,COMMON_2,125
1669,-21.379088,-52.999572,-114.894485,1,8,2,NONE,COMMON_2,126
1670,-21.482408,-53.222212,-114.896391,1,8,2,NONE,COMMON_2,127
1671,-21.585737,-53.444852,-116.085211,1,8,2,NONE,COMMON_2,128
1672,-21.703821,-53.686049,-108.068932,1,8,2,NONE,COMMON_2,129
1673,-21.786009,-53.937966,-109.182537,1,8,2,NONE,COMMON_2,130
1674,-21.866187,-54.168432,-107.016873,1,8,2,NONE,COMMON_2,131
1675,-21.940006,-54.409629,-110.647917,1,8,2,NONE,COMMON_2,132
1676,-22.072845,-54.762146,-107.015649,1,8,2,NONE,COMMON_2,133
1677,-22.146655,-55.003332,-110.725384,1,8,2,NONE,COMMON_2,134
1678,-22.237762,-55.244117,-106.432862,1,8,2,NONE,COMMON_2,135
1679,-22.309022,-55.485726,-108.566688,1,8,2,NONE,COMMON_2,136
1680,-22.381804,-55.702410,-109.924561,1,8,2,NONE,COMMON_2,137
1681,-22.471388,-55.949552,-113.188527,1,8,2,NONE,COMMON_2,138
1682,-22.574708,-56.190749,-113.190333,1,8,2,NONE,COMMON_2,139
1683,-22.678037,-56.431946,-111.692398,1,8,2,NONE,COMMON_2,140
1684,-22.766602,-56.654586,-108.827921,1,8,2,NONE,COMMON_2,141
1685,-22.855167,-56.914329,-111.692398,1,8,2,NONE,COMMON_2,142
1686,-22.943732,-57.136969,-118.845370,1,8,2,NONE,COMMON_2,143
1687,-23.076580,-57.378166,-118.847933,1,8,2,NONE,COMMON_2,144
1688,-23.209436,-57.619352,-114.894485,1,8,2,NONE,COMMON_2,145
1689,-23.312756,-57.841992,-111.690731,1,8,2,NONE,COMMON_2,146
1690,-23.416076,-58.101746,-117.942432,1,8,2,NONE,COMMON_2,147
1691,-23.534169,-58.324386,-117.940624,1,8,2,NONE,COMMON_2,148
1692,-23.652253,-58.547026,-117.089299,1,8,2,NONE,COMMON_2,149
1693,-23.785109,-58.806769,-116.083486,1,8,2,NONE,COMMON_2,150
1694,-23.903184,-59.047966,-113.191279,1,8,2,NONE,COMMON_2,151
1695,-24.006513,-59.289152,-110.162704,1,8,2,NONE,COMMON_2,152
1696,-24.095078,-59.530349,-114.896391,1,8,2,NONE,COMMON_2,153
1697,-24.198407,-59.752989,-117.940624,1,8,2,NONE,COMMON_2,154
1698,-24.316491,-59.975629,-116.085211,1,8,2,NONE,COMMON_2,155
1699,-24.434575,-60.216826,-116.087776,1,8,2,NONE,COMMON_2,156
1700,-24.552667,-60.458012,-114.894485,1,8,2,NONE,COMMON_2,157
1701,-24.655987,-60.680652,-117.942432,1,8,2,NONE,COMMON_2,158
1702,-24.774080,-60.903292,-118.845370,1,8,2,NONE,COMMON_2,159
1703,-24.906928,-61.144489,-114.894485,1,8,2,NONE,COMMON_2,160
1704,-25.010248,-61.367129,-117.348559,1,8,2,NONE,COMMON_2,161
1705,-25.128987,-61.596704,-120.169218,1,8,2,NONE,COMMON_2,162
1706,-25.275943,-61.849512,-118.845370,1,8,2,NONE,COMMON_2,163
1707,-25.408791,-62.090709,-123.544500,1,8,2,NONE,COMMON_2,164
1708,-25.556402,-62.313349,-126.102540,1,8,2,NONE,COMMON_2,165
1709,-25.718769,-62.535989,-126.103884,1,8,2,NONE,COMMON_2,166
1710,-25.881144,-62.758629,-128.505339,1,8,2,NONE,COMMON_2,167
1711,-26.043510,-62.962712,-125.876522,1,8,2,NONE,COMMON_2,168
1712,-26.191122,-63.166806,-130.955732,1,8,2,NONE,COMMON_2,169
1713,-26.368252,-63.370889,-135.963588,1,8,2,NONE,COMMON_2,170
1714,-26.560137,-63.556426,-136.585783,1,8,2,NONE,COMMON_2,171
1715,-26.680337,-63.670150,-136.762020,1,8,2,NONE,COMMON_2,172
1716,-26.855360,-63.834726,-138.083038,1,8,2,NONE,COMMON_2,173
1717,-27.062009,-64.020252,-134.727524,1,8,2,NONE,COMMON_2,174
1718,-27.243452,-64.203429,-142.045313,1,8,2,NONE,COMMON_2,175
1719,-27.460551,-64.372769,-146.164292,1,8,2,NONE,COMMON_2,176
1720,-27.681964,-64.521192,-147.851203,1,8,2,NONE,COMMON_2,177
1721,-27.918141,-64.669626,-153.129217,1,8,2,NONE,COMMON_2,178
1722,-28.168293,-64.796375,-145.703186,1,8,2,NONE,COMMON_2,179
1723,-28.390485,-64.947926,-148.310509,1,8,2,NONE,COMMON_2,180
1724,-28.585966,-65.068608,-154.025030,1,8,2,NONE,COMMON_2,181
1725,-28.833310,-65.189112,-160.752152,1,8,2,NONE,COMMON_2,182
1726,-29.099006,-65.281886,-154.763463,1,8,2,NONE,COMMON_2,183
1727,-29.335182,-65.393206,-162.556836,1,8,2,NONE,COMMON_2,184
1728,-29.571350,-65.467412,-163.186889,1,8,2,NONE,COMMON_2,185
1729,-29.794233,-65.534760,-165.928852,1,8,2,NONE,COMMON_2,186
1730,-30.043703,-65.597289,-172.050335,1,8,2,NONE,COMMON_2,187
1731,-30.309398,-65.634392,-172.048008,1,8,2,NONE,COMMON_2,188
1732,-30.575093,-65.671506,-171.589143,1,8,2,NONE,COMMON_2,189
1733,-30.826025,-65.708609,-171.071865,1,8,2,NONE,COMMON_2,190
1734,-31.062201,-65.745712,-176.883167,1,8,2,NONE,COMMON_2,191
1735,-31.297102,-65.758503,176.916470,1,8,2,NONE,COMMON_2,192
1736,-31.534545,-65.745712,180.000000,1,8,2,NONE,COMMON_2,193
1737,-31.800241,-65.745712,175.773025,1,8,2,NONE,COMMON_2,194
1738,-32.051172,-65.727166,180.000000,1,8,2,NONE,COMMON_2,195
1739,-32.287349,-65.727166,180.000000,1,8,2,NONE,COMMON_2,196
1740,-32.538280,-65.727166,175.015414,1,8,2,NONE,COMMON_2,197
1741,-32.777601,-65.706293,167.850695,1,8,2,NONE,COMMON_2,198
1742,-33.025388,-65.652949,172.050335,1,8,2,NONE,COMMON_2,199
1743,-33.291083,-65.615846,171.069298,1,8,2,NONE,COMMON_2,200
1744,-33.527260,-65.578732,175.773025,1,8,2,NONE,COMMON_2,201
1745,-33.778191,-65.560186,171.069298,1,8,2,NONE,COMMON_2,202
1746,-34.014368,-65.523072,168.197162,1,8,2,NONE,COMMON_2,203
1747,-34.261819,-65.471364,164.162408,1,8,2,NONE,COMMON_2,204
1748,-34.471957,-65.411752,166.738549,1,8,2,NONE,COMMON_2,205
1749,-34.708125,-65.356092,161.471478,1,8,2,NONE,COMMON_2,206
1750,-34.929537,-65.281886,167.493968,1,8,2,NONE,COMMON_2,207
1751,-35.180478,-65.226226,165.889010,1,8,2,NONE,COMMON_2,208
1752,-35.401890,-65.170566,162.554408,1,8,2,NONE,COMMON_2,209
1753,-35.638058,-65.096349,158.556557,1,8,2,NONE,COMMON_2,210
1754,-35.874234,-65.003586,160.244492,1,8,2,NONE,COMMON_2,211
1755,-36.080883,-64.929369,157.862032,1,8,2,NONE,COMMON_2,212
1756,-36.277046,-64.849564,155.473036,1,8,2,NONE,COMMON_2,213
1757,-36.479001,-64.757413,156.987123,1,8,2,NONE,COMMON_2,214
1758,-36.641943,-64.688205,157.284602,1,8,2,NONE,COMMON_2,215
1759,-36.812210,-64.616927,160.713225,1,8,2,NONE,COMMON_2,216
1760,-36.970599,-64.561501,156.799114,1,8,2,NONE,COMMON_2,217
1761,-37.109186,-64.502100,152.446726,1,8,2,NONE,COMMON_2,218
1762,-37.291329,-64.407067,154.027290,1,8,2,NONE,COMMON_2,219
1763,-37.445760,-64.331837,154.799348,1,8,2,NONE,COMMON_2,220
1764,-37.580388,-64.268484,154.795700,1,8,2,NONE,COMMON_2,221
1765,-37.715015,-64.205121,157.250074,1,8,2,NONE,COMMON_2,222
1766,-37.837767,-64.153647,160.974655,1,8,2,NONE,COMMON_2,223
1767,-37.952600,-64.114050,164.746514,1,8,2,NONE,COMMON_2,224
1768,-38.083269,-64.078417,163.302349,1,8,2,NONE,COMMON_2,225
1769,-38.202061,-64.042783,158.748887,1,8,2,NONE,COMMON_2,226
1770,-38.415884,-63.959627,160.665108,1,8,2,NONE,COMMON_2,227
1771,-38.641583,-63.880434,156.369531,1,8,2,NONE,COMMON_2,228
1772,-38.831644,-63.797278,157.217235,1,8,2,NONE,COMMON_2,229
1773,-39.029631,-63.714122,156.735465,1,8,2,NONE,COMMON_2,230
1774,-39.180661,-63.649189,161.515688,1,8,2,NONE,COMMON_2,231
1775,-39.349493,-63.592750,163.243436,1,8,2,NONE,COMMON_2,232
1776,-39.531840,-63.537847,166.103061,1,8,2,NONE,COMMON_2,233
1777,-39.722024,-63.490792,166.923288,1,8,2,NONE,COMMON_2,234
1778,-39.918710,-63.445106,166.473952,1,8,2,NONE,COMMON_2,235
1779,-40.120053,-63.396671,160.981121,1,8,2,NONE,COMMON_2,236
1780,-40.302489,-63.333786,158.855503,1,8,2,NONE,COMMON_2,237
1781,-40.494383,-63.259569,163.824164,1,8,2,NONE,COMMON_2,238
1782,-40.686268,-63.203909,164.926004,1,8,2,NONE,COMMON_2,239
1783,-40.892926,-63.148249,164.705429,1,8,2,NONE,COMMON_2,240
1784,-41.088646,-63.094726,164.094348,1,8,2,NONE,COMMON_2,241
1785,-41.291468,-63.036929,160.244492,1,8,2,NONE,COMMON_2,242
1786,-41.498117,-62.962712,153.848110,1,8,2,NONE,COMMON_2,243
1787,-41.696468,-62.865318,159.430276,1,8,2,NONE,COMMON_2,244
1788,-41.881896,-62.795732,163.824883,1,8,2,NONE,COMMON_2,245
1789,-42.073790,-62.740072,158.858360,1,8,2,NONE,COMMON_2,246
1790,-42.265684,-62.665866,157.255741,1,8,2,NONE,COMMON_2,247
1791,-42.449386,-62.588855,153.199575,1,8,2,NONE,COMMON_2,248
1792,-42.664227,-62.480329,155.825089,1,8,2,NONE,COMMON_2,249
1793,-42.870876,-62.387566,155.822550,1,8,2,NONE,COMMON_2,250
1794,-43.077525,-62.294792,161.471556,1,8,2,NONE,COMMON_2,251
1795,-43.298938,-62.220586,157.265794,1,8,2,NONE,COMMON_2,252
1796,-43.520350,-62.127812,158.858360,1,8,2,NONE,COMMON_2,253
1797,-43.712244,-62.053606,153.308084,1,8,2,NONE,COMMON_2,254
1798,-43.933657,-61.942286,157.265886,1,8,2,NONE,COMMON_2,255
1799,-44.155070,-61.849512,155.825089,1,8,2,NONE,COMMON_2,256
1800,-44.361719,-61.756749,161.468919,1,8,2,NONE,COMMON_2,257
1801,-44.583131,-61.682532,155.826021,1,8,2,NONE,COMMON_2,258
1802,-44.789789,-61.589769,151.689044,1,8,2,NONE,COMMON_2,259
1803,-44.996438,-61.478449,154.200529,1,8,2,NONE,COMMON_2,260
1804,-45.188332,-61.385686,151.689044,1,8,2,NONE,COMMON_2,261
1805,-45.394981,-61.274366,147.677052,1,8,2,NONE,COMMON_2,262
1806,-45.581225,-61.156523,150.733255,1,8,2,NONE,COMMON_2,263
1807,-45.775536,-61.047629,145.107842,1,8,2,NONE,COMMON_2,264
1808,-45.955890,-60.921849,143.750019,1,8,2,NONE,COMMON_2,265
1809,-46.133020,-60.791972,142.988439,1,8,2,NONE,COMMON_2,266
1810,-46.317882,-60.652610,146.828740,1,8,2,NONE,COMMON_2,267
1811,-46.502045,-60.532229,151.689044,1,8,2,NONE,COMMON_2,268
1812,-46.708694,-60.420909,149.881338,1,8,2,NONE,COMMON_2,269
1813,-46.900587,-60.309589,143.750173,1,8,2,NONE,COMMON_2,270
1814,-47.077718,-60.179712,140.039261,1,8,2,NONE,COMMON_2,271
1815,-47.254848,-60.031289,137.568752,1,8,2,NONE,COMMON_2,272
1816,-47.417214,-59.882866,134.198950,1,8,2,NONE,COMMON_2,273
1817,-47.579589,-59.715886,133.752250,1,8,2,NONE,COMMON_2,274
1818,-47.736040,-59.552468,129.237569,1,8,2,NONE,COMMON_2,275
1819,-47.875299,-59.381948,122.362273,1,8,2,NONE,COMMON_2,276
1820,-47.992887,-59.196389,116.853491,1,8,2,NONE,COMMON_2,277
1821,-48.096216,-58.992306,119.114246,1,8,2,NONE,COMMON_2,278
1822,-48.199545,-58.806769,114.894485,1,8,2,NONE,COMMON_2,279
1823,-48.302865,-58.584129,108.292736,1,8,2,NONE,COMMON_2,280
1824,-48.372645,-58.373044,103.773283,1,8,2,NONE,COMMON_2,281
1825,-48.420958,-58.175952,96.977551,1,8,2,NONE,COMMON_2,282
1826,-48.450476,-57.934766,98.229867,1,8,2,NONE,COMMON_2,283
1827,-48.479995,-57.730672,94.137747,1,8,2,NONE,COMMON_2,284
1828,-48.494759,-57.526589,93.793919,1,8,2,NONE,COMMON_2,285
1829,-48.509523,-57.303949,88.939365,1,8,2,NONE,COMMON_2,286
1830,-48.505688,-57.096805,87.372315,1,8,2,NONE,COMMON_2,287
1831,-48.494759,-56.858669,82.447418,1,8,2,NONE,COMMON_2,288
1832,-48.465240,-56.636029,78.750953,1,8,2,NONE,COMMON_2,289
1833,-48.420958,-56.413389,81.767221,1,8,2,NONE,COMMON_2,290
1834,-48.391430,-56.209306,84.934879,1,8,2,NONE,COMMON_2,291
1835,-48.369510,-55.961997,80.272958,1,8,2,NONE,COMMON_2,292
1836,-48.332393,-55.745469,77.757444,1,8,2,NONE,COMMON_2,293
1837,-48.288110,-55.541386,78.750953,1,8,2,NONE,COMMON_2,294
1838,-48.243828,-55.318746,77.758084,1,8,2,NONE,COMMON_2,295
1839,-48.199545,-55.114652,82.445142,1,8,2,NONE,COMMON_2,296
1840,-48.170017,-54.892012,82.447671,1,8,2,NONE,COMMON_2,297
1841,-48.140499,-54.669372,77.757444,1,8,2,NONE,COMMON_2,298
1842,-48.096216,-54.465289,73.863603,1,8,2,NONE,COMMON_2,299
1843,-48.037170,-54.261206,70.119858,1,8,2,NONE,COMMON_2,300
1844,-47.963369,-54.057112,73.863344,1,8,2,NONE,COMMON_2,301
1845,-47.904322,-53.853029,72.349175,1,8,2,NONE,COMMON_2,302
1846,-47.845285,-53.667492,77.757444,1,8,2,NONE,COMMON_2,303
1847,-47.801002,-53.463409,71.658519,1,8,2,NONE,COMMON_2,304
1848,-47.727192,-53.240769,70.118871,1,8,2,NONE,COMMON_2,305
1849,-47.653391,-53.036686,68.307602,1,8,2,NONE,COMMON_2,306
1850,-47.564826,-52.814046,68.308569,1,8,2,NONE,COMMON_2,307
1851,-47.491024,-52.628509,71.658519,1,8,2,NONE,COMMON_2,308
1852,-47.417214,-52.405869,67.376709,1,8,2,NONE,COMMON_2,309
1853,-47.329623,-52.195686,72.356203,1,8,2,NONE,COMMON_2,310
1854,-47.254848,-51.960589,69.837296,1,8,2,NONE,COMMON_2,311
1855,-47.166283,-51.719392,63.913757,1,8,2,NONE,COMMON_2,312
1856,-47.048199,-51.478206,65.103609,1,8,2,NONE,COMMON_2,313
1857,-46.944870,-51.255566,69.837296,1,8,2,NONE,COMMON_2,314
1858,-46.856305,-51.014369,66.809667,1,8,2,NONE,COMMON_2,315
1859,-46.752976,-50.773172,65.105515,1,8,2,NONE,COMMON_2,316
1860,-46.649656,-50.550532,63.912033,1,8,2,NONE,COMMON_2,317
1861,-46.531563,-50.309346,66.811473,1,8,2,NONE,COMMON_2,318
1862,-46.428243,-50.068149,71.658519,1,8,2,NONE,COMMON_2,319
1863,-46.354433,-49.845509,72.572392,1,8,2,NONE,COMMON_2,320
1864,-46.253363,-49.523538,70.200099,1,8,2,NONE,COMMON_2,321
1865,-46.198497,-49.371141,69.280694,1,8,2,NONE,COMMON_2,322
1866,-46.118266,-49.159032,65.103609,1,8,2,NONE,COMMON_2,323
1867,-46.014937,-48.936392,71.660374,1,8,2,NONE,COMMON_2,324
1868,-45.941135,-48.713752,71.658519,1,8,2,NONE,COMMON_2,325
1869,-45.867325,-48.491112,68.639694,1,8,2,NONE,COMMON_2,326
1870,-45.788449,-48.289433,71.590777,1,8,2,NONE,COMMON_2,327
1871,-45.719723,-48.082946,66.541943,1,8,2,NONE,COMMON_2,328
1872,-45.631158,-47.878852,63.146509,1,8,2,NONE,COMMON_2,329
1873,-45.527829,-47.674769,68.308569,1,8,2,NONE,COMMON_2,330
1874,-45.454027,-47.489232,67.570951,1,8,2,NONE,COMMON_2,331
1875,-45.373929,-47.295179,67.183021,1,8,2,NONE,COMMON_2,332
1876,-45.291652,-47.099612,60.886432,1,8,2,NONE,COMMON_2,333
1877,-45.188332,-46.914086,57.523533,1,8,2,NONE,COMMON_2,334
1878,-45.070239,-46.728549,61.566165,1,8,2,NONE,COMMON_2,335
1879,-44.976812,-46.556003,67.137694,1,8,2,NONE,COMMON_2,336
1880,-44.893109,-46.357486,71.660606,1,8,2,NONE,COMMON_2,337
1881,-44.819308,-46.134846,70.119858,1,8,2,NONE,COMMON_2,338
1882,-44.745507,-45.930752,66.540815,1,8,2,NONE,COMMON_2,339
1883,-44.656942,-45.726669,66.540815,1,8,2,NONE,COMMON_2,340
1884,-44.568377,-45.522586,72.346371,1,8,2,NONE,COMMON_2,341
1885,-44.509330,-45.337049,73.835455,1,8,2,NONE,COMMON_2,342
1886,-44.450682,-45.134714,69.567117,1,8,2,NONE,COMMON_2,343
1887,-44.383107,-44.953329,64.918141,1,8,2,NONE,COMMON_2,344
1888,-44.304869,-44.786171,66.929606,1,8,2,NONE,COMMON_2,345
1889,-44.223070,-44.594121,63.435458,1,8,2,NONE,COMMON_2,346
1890,-44.155495,-44.458968,64.357957,1,8,2,NONE,COMMON_2,347
1891,-44.070136,-44.281145,61.293549,1,8,2,NONE,COMMON_2,348
1892,-43.988337,-44.131776,61.232817,1,8,2,NONE,COMMON_2,349
1893,-43.888755,-43.950391,61.929046,1,8,2,NONE,COMMON_2,350
1894,-43.831852,-43.843691,61.923202,1,8,2,NONE,COMMON_2,351
1895,-43.734349,-43.660906,62.525432,1,8,2,NONE,COMMON_2,352
1896,-43.672543,-43.542049,62.241655,1,8,2,NONE,COMMON_2,353
1897,-43.577458,-43.361386,64.178805,1,8,2,NONE,COMMON_2,354
1898,-43.506143,-43.214003,64.653756,1,8,2,NONE,COMMON_2,355
1899,-43.420566,-43.033341,63.435250,1,8,2,NONE,COMMON_2,356
1900,-43.344498,-42.881203,61.049524,1,8,2,NONE,COMMON_2,357
1901,-43.269941,-42.746424,58.465005,1,8,2,NONE,COMMON_2,358
1902,-43.195537,-42.625174,59.899048,1,8,2,NONE,COMMON_2,359
1903,-43.085309,-42.435028,62.500312,1,8,2,NONE,COMMON_2,360
1904,-42.980590,-42.233862,67.714556,1,8,2,NONE,COMMON_2,361
1905,-42.911695,-42.065757,68.200144,1,8,2,NONE,COMMON_2,362
1906,-42.845563,-41.900414,70.614545,1,8,2,NONE,COMMON_2,363
1907,-42.793204,-41.751612,71.214803,1,8,2,NONE,COMMON_2,364
1908,-42.735949,-41.583284,70.463412,1,8,2,NONE,COMMON_2,365
1909,-42.683652,-41.435901,69.863803,1,8,2,NONE,COMMON_2,366
1910,-42.631355,-41.293272,66.447683,1,8,2,NONE,COMMON_2,367
1911,-42.550532,-41.107855,70.144967,1,8,2,NONE,COMMON_2,368
1912,-42.488727,-40.936701,66.190109,1,8,2,NONE,COMMON_2,369
1913,-42.422179,-40.785887,71.107759,1,8,2,NONE,COMMON_2,370
1914,-42.354249,-40.587392,71.048451,1,8,2,NONE,COMMON_2,371
1915,-42.300508,-40.430887,71.823970,1,8,2,NONE,COMMON_2,372
1916,-42.236157,-40.234886,68.308569,1,8,2,NONE,COMMON_2,373
1917,-42.162355,-40.049349,70.610883,1,8,2,NONE,COMMON_2,374
1918,-42.103858,-39.883137,71.102130,1,8,2,NONE,COMMON_2,375
1919,-42.040525,-39.698134,72.896383,1,8,2,NONE,COMMON_2,376
1920,-41.980522,-39.503135,72.149297,1,8,2,NONE,COMMON_2,377
1921,-41.917190,-39.306477,70.672631,1,8,2,NONE,COMMON_2,378
1922,-41.852378,-39.121686,70.119610,1,8,2,NONE,COMMON_2,379
1923,-41.778576,-38.917592,73.066350,1,8,2,NONE,COMMON_2,380
1924,-41.728360,-38.752660,75.157286,1,8,2,NONE,COMMON_2,381
1925,-41.678489,-38.564474,74.329004,1,8,2,NONE,COMMON_2,382
1926,-41.616201,-38.342446,75.147418,1,8,2,NONE,COMMON_2,383
1927,-41.571919,-38.175466,72.719231,1,8,2,NONE,COMMON_2,384
1928,-41.520914,-38.011514,74.493991,1,8,2,NONE,COMMON_2,385
1929,-41.468599,-37.822949,69.994800,1,8,2,NONE,COMMON_2,386
1930,-41.376048,-37.568739,73.948839,1,8,2,NONE,COMMON_2,387
1931,-41.333191,-37.419781,73.952290,1,8,2,NONE,COMMON_2,388
1932,-41.290344,-37.270824,72.838442,1,8,2,NONE,COMMON_2,389
1933,-41.247496,-37.132075,77.060877,1,8,2,NONE,COMMON_2,390
1934,-41.212805,-36.981080,75.378662,1,8,2,NONE,COMMON_2,391
1935,-41.176077,-36.840294,76.356730,1,8,2,NONE,COMMON_2,392
1936,-41.125063,-36.630122,75.847302,1,8,2,NONE,COMMON_2,393
1937,-41.065893,-36.395470,76.576787,1,8,2,NONE,COMMON_2,394
1938,-41.025773,-36.227366,76.576375,1,8,2,NONE,COMMON_2,395
1939,-40.981491,-36.041829,73.863344,1,8,2,NONE,COMMON_2,396
1940,-40.922444,-35.837746,71.660606,1,8,2,STOP_LINE,COMMON_2,397
1941,-40.848643,-35.615106,68.307602,1,8,2,NONE,COMMON_2,398
1942,-40.760078,-35.392466,75.146616,1,8,2,NONE,COMMON_2,399
1943,-40.701032,-35.169826,77.193217,1,8,2,NONE,COMMON_2,400
1944,-40.641985,-34.910072,71.660606,1,8,2,NONE,COMMON_2,401
1945,-40.568184,-34.687432,65.103609,1,8,2,NONE,COMMON_2,402
1946,-40.464855,-34.464792,68.308435,1,8,2,NONE,COMMON_2,403
1947,-40.361535,-34.205049,71.658519,1,8,2,NONE,COMMON_2,404
1948,-40.287725,-33.982409,74.138516,1,8,2,NONE,COMMON_2,405
1949,-40.213924,-33.722666,80.325198,1,8,2,NONE,COMMON_2,406
1950,-40.169641,-33.462912,72.986305,1,8,2,NONE,COMMON_2,407
1951,-40.095840,-33.221726,73.388337,1,8,2,NONE,COMMON_2,408
1952,-40.051557,-33.073292,78.021372,1,8,2,NONE,COMMON_2,409
1953,-39.992511,-32.794992,76.243688,1,8,2,NONE,COMMON_2,410
1954,-39.933465,-32.553806,83.516600,1,8,2,NONE,COMMON_2,411
1955,-39.903946,-32.294052,86.746763,1,8,2,NONE,COMMON_2,412
1956,-39.889182,-32.034309,79.596538,1,8,2,NONE,COMMON_2,413
1957,-39.844899,-31.793112,80.959112,1,8,2,NONE,COMMON_2,414
1958,-39.800617,-31.514812,86.965115,1,8,2,NONE,COMMON_2,415
1959,-39.785862,-31.236512,90.000000,1,8,2,NONE,COMMON_2,416
1960,-39.785862,-30.976769,93.034885,1,8,2,NONE,COMMON_2,417
1961,-39.800617,-30.698469,90.000000,1,8,2,NONE,COMMON_2,418
1962,-39.800617,-30.457272,86.965115,1,8,2,NONE,COMMON_2,419
1963,-39.785862,-30.178972,93.251258,1,8,2,NONE,COMMON_2,420
1964,-39.800617,-29.919229,93.253237,1,8,2,NONE,COMMON_2,421
1965,-39.815381,-29.659486,96.054463,1,8,2,NONE,COMMON_2,422
1966,-39.844899,-29.381186,100.403462,1,8,2,NONE,COMMON_2,423
1967,-39.889182,-29.139989,96.485633,1,8,2,NONE,COMMON_2,424
1968,-39.918710,-28.880246,96.483183,1,8,2,NONE,COMMON_2,425
1969,-39.948228,-28.620492,99.675204,1,8,2,NONE,COMMON_2,426
1970,-39.992511,-28.360749,107.012963,1,8,2,NONE,COMMON_2,427
1971,-40.066312,-28.119552,105.863321,1,8,2,NONE,COMMON_2,428
1972,-40.140122,-27.859809,111.692398,1,8,2,NONE,COMMON_2,429
1973,-40.228687,-27.637169,110.162704,1,8,2,NONE,COMMON_2,430
1974,-40.317252,-27.395972,115.588771,1,8,2,NONE,COMMON_2,431
1975,-40.428145,-27.164404,121.087702,1,8,2,NONE,COMMON_2,432
1976,-40.568184,-26.932146,120.824283,1,8,2,NONE,COMMON_2,433
1977,-40.701032,-26.709506,128.503834,1,8,2,NONE,COMMON_2,434
1978,-40.863398,-26.505412,123.062149,1,8,2,NONE,COMMON_2,435
1979,-40.996246,-26.301329,127.526317,1,8,2,NONE,COMMON_2,436
1980,-41.162048,-26.085457,135.000976,1,8,2,NONE,COMMON_2,437
1981,-41.338151,-25.909360,139.014780,1,8,2,NONE,COMMON_2,438
1982,-41.527636,-25.744729,141.061732,1,8,2,NONE,COMMON_2,439
1983,-41.734294,-25.577749,140.039261,1,8,2,NONE,COMMON_2,440
1984,-41.911424,-25.429326,138.969925,1,8,2,NONE,COMMON_2,441
1985,-42.103309,-25.262346,145.909215,1,8,2,NONE,COMMON_2,442
1986,-42.295203,-25.132469,149.881468,1,8,2,NONE,COMMON_2,443
1987,-42.487097,-25.021149,153.308084,1,8,2,NONE,COMMON_2,444
1988,-42.708510,-24.909829,149.880302,1,8,2,NONE,COMMON_2,445
1989,-42.900395,-24.798509,149.881468,1,8,2,NONE,COMMON_2,446
1990,-43.092289,-24.687189,151.689044,1,8,2,NONE,COMMON_2,447
1991,-43.298938,-24.575869,155.826021,1,8,2,NONE,COMMON_2,448
1992,-43.505596,-24.483106,155.822447,1,8,2,NONE,COMMON_2,449
1993,-43.712244,-24.390332,161.067317,1,8,2,NONE,COMMON_2,450
1994,-43.931824,-24.315013,156.266874,1,8,2,NONE,COMMON_2,451
1995,-44.140306,-24.223352,151.690086,1,8,2,NONE,COMMON_2,452
1996,-44.346964,-24.112032,153.308084,1,8,2,NONE,COMMON_2,453
1997,-44.568377,-24.000712,158.857456,1,8,2,NONE,COMMON_2,454
1998,-44.760262,-23.926506,164.925934,1,8,2,NONE,COMMON_2,455
1999,-44.966919,-23.870846,162.289340,1,8,2,NONE,COMMON_2,456
2000,-45.184683,-23.801304,159.254847,1,8,2,NONE,COMMON_2,457
2001,-45.373043,-23.729959,159.076970,1,8,2,NONE,COMMON_2,458
2002,-45.586875,-23.648206,157.841406,1,8,2,NONE,COMMON_2,459
2003,-45.792567,-23.564438,163.785378,1,8,2,NONE,COMMON_2,460
2004,-46.014937,-23.499772,165.889010,1,8,2,NONE,COMMON_2,461
2005,-46.236349,-23.444112,165.889072,1,8,2,NONE,COMMON_2,462
2006,-46.457762,-23.388452,160.247193,1,8,2,NONE,COMMON_2,463
2007,-46.664411,-23.314246,160.831301,1,8,2,NONE,COMMON_2,464
2008,-46.897027,-23.233383,160.929064,1,8,2,NONE,COMMON_2,465
2009,-47.092481,-23.165812,164.925377,1,8,2,NONE,COMMON_2,466
2010,-47.299130,-23.110152,165.889072,1,8,2,NONE,COMMON_2,467
2011,-47.520543,-23.054492,160.247193,1,8,2,NONE,COMMON_2,468
2012,-47.727192,-22.980286,158.855503,1,8,2,NONE,COMMON_2,469
2013,-47.919086,-22.906069,156.659204,1,8,2,NONE,COMMON_2,470
2014,-48.132767,-22.813863,158.573307,1,8,2,NONE,COMMON_2,471
2015,-48.358227,-22.725385,162.807621,1,8,2,NONE,COMMON_2,472
2016,-48.553805,-22.664872,159.849385,1,8,2,NONE,COMMON_2,473
2017,-48.777751,-22.582695,160.717286,1,8,2,NONE,COMMON_2,474
2018,-48.967103,-22.516449,157.268308,1,8,2,NONE,COMMON_2,475
2019,-49.188516,-22.423686,157.487172,1,8,2,NONE,COMMON_2,476
2020,-49.397042,-22.337257,163.154376,1,8,2,NONE,COMMON_2,477
2021,-49.601823,-22.275252,164.669321,1,8,2,NONE,COMMON_2,478
2022,-49.833686,-22.211688,161.328134,1,8,2,NONE,COMMON_2,479
2023,-50.029884,-22.145386,158.855503,1,8,2,NONE,COMMON_2,480
2024,-50.221778,-22.071169,154.194444,1,8,2,NONE,COMMON_2,481
2025,-50.437585,-21.966818,156.045366,1,8,2,NONE,COMMON_2,482
2026,-50.620321,-21.885632,160.247193,1,8,2,NONE,COMMON_2,483
2027,-50.826970,-21.811426,162.653056,1,8,2,NONE,COMMON_2,484
2028,-51.051810,-21.741194,159.442425,1,8,2,NONE,COMMON_2,485
2029,-51.285799,-21.653441,156.420869,1,8,2,NONE,COMMON_2,486
2030,-51.476453,-21.570229,155.825089,1,8,2,NONE,COMMON_2,487
2031,-51.683102,-21.477466,162.673675,1,8,2,NONE,COMMON_2,488
2032,-51.895844,-21.411097,159.136635,1,8,2,NONE,COMMON_2,489
2033,-52.111164,-21.329032,160.247899,1,8,2,NONE,COMMON_2,490
2034,-52.317821,-21.254826,160.244492,1,8,2,NONE,COMMON_2,491
2035,-52.524470,-21.180609,157.268308,1,8,2,NONE,COMMON_2,492
2036,-52.745883,-21.087846,161.833890,1,8,2,NONE,COMMON_2,493
2037,-52.919550,-21.030861,163.081659,1,8,2,NONE,COMMON_2,494
2038,-53.159190,-20.957969,162.554338,1,8,2,NONE,COMMON_2,495
2039,-53.395357,-20.883752,164.926004,1,8,2,NONE,COMMON_2,496
2040,-53.602015,-20.828092,158.819132,1,8,2,NONE,COMMON_2,497
2041,-53.801189,-20.750914,154.398059,1,8,2,NONE,COMMON_2,498
2042,-54.001754,-20.654811,158.563945,1,8,2,NONE,COMMON_2,499
2043,-54.221971,-20.568349,163.568540,1,8,2,NONE,COMMON_2,500
2044,-54.453019,-20.500210,159.238438,1,8,2,NONE,COMMON_2,501
2045,-54.664796,-20.419926,160.244492,1,8,2,NONE,COMMON_2,502
2046,-54.871445,-20.345709,155.825089,1,8,2,NONE,COMMON_2,503
2047,-55.078094,-20.252946,151.690086,1,8,2,NONE,COMMON_2,504
2048,-55.284752,-20.141626,157.265794,1,8,2,NONE,COMMON_2,505
2049,-55.506164,-20.048852,162.556836,1,8,2,NONE,COMMON_2,506
2050,-55.742332,-19.974646,162.555032,1,8,2,NONE,COMMON_2,507
2051,-55.978509,-19.900429,155.825089,1,8,2,NONE,COMMON_2,508
2052,-56.185158,-19.807666,153.307980,1,8,2,NONE,COMMON_2,509
2053,-56.406570,-19.696346,157.265886,1,8,2,NONE,COMMON_2,510
2054,-56.627983,-19.603572,162.557391,1,8,2,NONE,COMMON_2,511
2055,-56.864159,-19.529366,163.523607,1,8,2,NONE,COMMON_2,512
2056,-57.115091,-19.455149,157.268308,1,8,2,NONE,COMMON_2,513
2057,-57.336504,-19.362386,157.265794,1,8,2,NONE,COMMON_2,514
2058,-57.557916,-19.269612,154.763557,1,8,2,NONE,COMMON_2,515
2059,-57.794093,-19.158292,160.247193,1,8,2,NONE,COMMON_2,516
2060,-58.000742,-19.084086,162.554963,1,8,2,NONE,COMMON_2,517
2061,-58.236918,-19.009869,162.555032,1,8,2,NONE,COMMON_2,518
2062,-58.473095,-18.935652,157.268308,1,8,2,NONE,COMMON_2,519
2063,-58.694508,-18.842889,157.268215,1,8,2,NONE,COMMON_2,520
2064,-58.915920,-18.750126,154.762715,1,8,2,NONE,COMMON_2,521
2065,-59.152088,-18.638806,162.554963,1,8,2,NONE,COMMON_2,522
2066,-59.388264,-18.564589,163.523607,1,8,2,NONE,COMMON_2,523
2067,-59.639196,-18.490372,158.556557,1,8,2,NONE,COMMON_2,524
2068,-59.875372,-18.397609,157.268308,1,8,2,NONE,COMMON_2,525
2069,-60.096785,-18.304846,156.076674,1,8,2,NONE,COMMON_2,526
2070,-60.347717,-18.193526,158.554245,1,8,2,NONE,COMMON_2,527
2071,-60.583893,-18.100752,158.556640,1,8,2,NONE,COMMON_2,528
2072,-60.820070,-18.007989,158.555814,1,8,2,NONE,COMMON_2,529
2073,-61.056237,-17.915226,153.308084,1,8,2,NONE,COMMON_2,530
2074,-61.277650,-17.803906,149.604858,1,8,2,NONE,COMMON_2,531
2075,-61.499063,-17.674029,153.307980,1,8,2,NONE,COMMON_2,532
2076,-61.720475,-17.562709,153.308084,1,8,2,NONE,COMMON_2,533
2077,-61.941888,-17.451389,154.763557,1,8,2,NONE,COMMON_2,534
2078,-62.178065,-17.340069,154.763463,1,8,2,NONE,COMMON_2,535
2079,-62.414241,-17.228749,151.192075,1,8,2,NONE,COMMON_2,536
2080,-62.650409,-17.098872,149.397040,1,8,2,NONE,COMMON_2,537
2081,-62.901349,-16.950449,157.268308,1,8,2,NONE,COMMON_2,538
2082,-63.122762,-16.857686,159.709681,1,8,2,NONE,COMMON_2,539
2083,-63.373693,-16.764912,163.525916,1,8,2,NONE,COMMON_2,540
2084,-63.624625,-16.690706,155.823379,1,8,2,NONE,COMMON_2,541
2085,-63.831282,-16.597932,154.762715,1,8,2,NONE,COMMON_2,542
2086,-64.067450,-16.486612,156.077351,1,8,2,NONE,COMMON_2,543
2087,-64.318390,-16.375292,154.762715,1,8,2,NONE,COMMON_2,544
2088,-64.554558,-16.263972,162.557461,1,8,2,NONE,COMMON_2,545
2089,-64.790735,-16.189766,158.554245,1,8,2,NONE,COMMON_2,546
2090,-65.026911,-16.096992,153.308084,1,8,2,NONE,COMMON_2,547
2091,-65.248324,-15.985672,156.075827,1,8,2,NONE,COMMON_2,548
2092,-65.499246,-15.874352,158.557383,1,8,2,NONE,COMMON_2,549
2093,-65.735432,-15.781589,163.522986,1,8,2,NONE,COMMON_2,550
2094,-65.986354,-15.707372,158.557383,1,8,2,NONE,COMMON_2,551
2095,-66.222540,-15.614609,153.307980,1,8,2,NONE,COMMON_2,552
2096,-66.443952,-15.503289,154.761873,1,8,2,NONE,COMMON_2,553
2097,-66.680111,-15.391969,152.636474,1,8,2,NONE,COMMON_2,554
2098,-66.931060,-15.262092,153.307149,1,8,2,NONE,COMMON_2,555
2099,-67.152464,-15.150772,159.712633,1,8,2,NONE,COMMON_2,556
2100,-67.403405,-15.058009,154.762621,1,8,2,NONE,COMMON_2,557
2101,-67.639572,-14.946689,151.192075,1,8,2,NONE,COMMON_2,558
2102,-67.875740,-14.816812,154.382474,1,8,2,NONE,COMMON_2,559
2103,-68.113936,-14.702598,155.223806,1,8,2,NONE,COMMON_2,560
2104,-68.358712,-14.589619,158.640709,1,8,2,NONE,COMMON_2,561
2105,-68.584269,-14.501409,157.267477,1,8,2,NONE,COMMON_2,562
2106,-68.805673,-14.408646,154.763557,1,8,2,NONE,COMMON_2,563
2107,-69.041850,-14.297326,154.763463,1,8,2,NONE,COMMON_2,564
2108,-69.278026,-14.186006,158.553585,1,8,2,NONE,COMMON_2,565
2109,-69.514194,-14.093232,162.557391,1,8,2,NONE,COMMON_2,566
2110,-69.750370,-14.019026,162.555032,1,8,2,NONE,COMMON_2,567
2111,-69.986547,-13.944809,157.268308,1,8,2,NONE,COMMON_2,568
2112,-70.207960,-13.852046,158.553502,1,8,2,NONE,COMMON_2,569
2113,-70.444127,-13.759272,154.763557,1,8,2,NONE,COMMON_2,570
2114,-70.680304,-13.647952,157.268308,1,8,2,NONE,COMMON_2,571
2115,-70.901717,-13.555189,162.554963,1,8,2,NONE,COMMON_2,572
2116,-71.137893,-13.480972,158.555897,1,8,2,NONE,COMMON_2,573
2117,-71.374061,-13.388209,158.556557,1,8,2,NONE,COMMON_2,574
2118,-71.610237,-13.295446,154.763557,1,8,2,NONE,COMMON_2,575
2119,-71.846414,-13.184126,158.553502,1,8,2,NONE,COMMON_2,576
2120,-72.082581,-13.091352,157.268308,1,8,2,NONE,COMMON_2,577
2121,-72.303994,-12.998589,162.555032,1,8,2,NONE,COMMON_2,578
2122,-72.540171,-12.924372,161.471478,1,8,2,NONE,COMMON_2,579
2123,-72.761583,-12.850166,154.763557,1,8,2,NONE,COMMON_2,580
2124,-72.997760,-12.738846,153.308084,1,8,2,NONE,COMMON_2,581
2125,-73.219173,-12.627526,158.553502,1,8,2,NONE,COMMON_2,582
2126,-73.455340,-12.534752,162.557461,1,8,2,NONE,COMMON_2,583
2127,-73.691517,-12.460546,162.554963,1,8,2,NONE,COMMON_2,584
2128,-73.927693,-12.386329,158.555897,1,8,2,NONE,COMMON_2,585
2129,-74.163861,-12.293566,154.763463,1,8,2,NONE,COMMON_2,586
2130,-74.400037,-12.182246,161.468997,1,8,2,NONE,COMMON_2,587
2131,-74.621450,-12.108029,162.555032,1,8,2,NONE,COMMON_2,588
2132,-74.857627,-12.033812,161.471478,1,8,2,NONE,COMMON_2,589
2133,-75.079039,-11.959606,162.554408,1,8,2,NONE,COMMON_2,590
2134,-75.315207,-11.885389,158.556557,1,8,2,NONE,COMMON_2,591
2135,-75.551383,-11.792626,158.554328,1,8,2,NONE,COMMON_2,592
2136,-75.787560,-11.699852,166.055995,1,8,2,NONE,COMMON_2,593
2137,-76.025455,-11.640785,167.435514,1,8,2,NONE,COMMON_2,594
2138,-76.259904,-11.588532,162.557461,1,8,2,NONE,COMMON_2,595
2139,-76.496081,-11.514326,158.553502,1,8,2,NONE,COMMON_2,596
2140,-76.732248,-11.421552,162.372817,1,8,2,NONE,COMMON_2,597
2141,-76.970099,-11.345977,161.658579,1,8,2,NONE,COMMON_2,598
2142,-77.189838,-11.273129,163.523544,1,8,2,NONE,COMMON_2,599
2143,-77.440769,-11.198912,166.738983,1,8,2,NONE,COMMON_2,600
2144,-77.676945,-11.143252,162.557461,1,8,2,NONE,COMMON_2,601
2145,-77.913122,-11.069046,159.709681,1,8,2,NONE,COMMON_2,602
2146,-78.164053,-10.976272,167.493533,1,8,2,NONE,COMMON_2,603
2147,-78.414985,-10.920612,172.505121,1,8,2,NONE,COMMON_2,604
2148,-78.675517,-10.886336,170.005264,1,8,2,NONE,COMMON_2,605
2149,-78.902093,-10.846406,175.507343,1,8,2,NONE,COMMON_2,606
2150,-79.138269,-10.827849,171.589143,1,8,2,NONE,COMMON_2,607
2151,-79.389201,-10.790746,175.770678,1,8,2,NONE,COMMON_2,608
2152,-79.640141,-10.772189,180.000000,1,8,2,NONE,COMMON_2,609
2153,-79.876309,-10.772189,-175.770678,1,8,2,NONE,COMMON_2,610
2154,-80.127249,-10.790746,-171.071568,1,8,2,NONE,COMMON_2,611
2155,-80.363417,-10.827849,-175.209118,1,8,2,NONE,COMMON_2,612
2156,-80.584829,-10.846406,-171.539136,1,8,2,NONE,COMMON_2,613
2157,-80.853261,-10.886336,-171.646946,1,8,2,NONE,COMMON_2,614
2158,-81.086701,-10.920612,-166.407266,1,8,2,NONE,COMMON_2,615
2159,-81.338261,-10.981437,-159.597973,1,8,2,NONE,COMMON_2,616
2160,-81.573809,-11.069046,-161.471556,1,8,2,NONE,COMMON_2,617
2161,-81.795222,-11.143252,-162.554963,1,8,2,NONE,COMMON_2,618
2162,-82.031398,-11.217469,-162.554408,1,8,2,NONE,COMMON_2,619
2163,-82.267566,-11.291686,-157.268308,1,8,2,NONE,COMMON_2,620
2164,-82.488979,-11.384449,-154.763463,1,8,2,NONE,COMMON_2,621
2165,-82.725155,-11.495769,-151.689044,1,8,2,NONE,COMMON_2,622
2166,-82.931804,-11.607089,-153.308084,1,8,2,NONE,COMMON_2,623
2167,-83.153217,-11.718409,-153.308084,1,8,2,NONE,COMMON_2,624
2168,-83.374630,-11.829729,-146.164172,1,8,2,NONE,COMMON_2,625
2169,-83.596042,-11.978152,-142.277303,1,8,2,NONE,COMMON_2,626
2170,-83.787936,-12.126586,-142.279358,1,8,2,NONE,COMMON_2,627
2171,-83.979830,-12.275009,-140.039261,1,8,2,NONE,COMMON_2,628
2172,-84.156960,-12.423432,-140.037330,1,8,2,NONE,COMMON_2,629
2173,-84.334091,-12.571866,-142.278057,1,8,2,NONE,COMMON_2,630
2174,-84.525976,-12.720289,-140.039261,1,8,2,NONE,COMMON_2,631
2175,-84.703106,-12.868712,-134.198950,1,8,2,NONE,COMMON_2,632
2176,-84.865481,-13.035692,-134.197363,1,8,2,NONE,COMMON_2,633
2177,-85.027847,-13.202672,-137.566813,1,8,2,NONE,COMMON_2,634
2178,-85.190214,-13.351106,-136.689528,1,8,2,NONE,COMMON_2,635
2179,-85.367344,-13.518086,-131.476813,1,8,2,NONE,COMMON_2,636
2180,-85.514955,-13.685066,-131.191478,1,8,2,NONE,COMMON_2,637
2181,-85.677322,-13.870592,-126.706848,1,8,2,NONE,COMMON_2,638
2182,-85.809983,-14.048526,-132.957968,1,8,2,NONE,COMMON_2,639
2183,-85.972545,-14.223109,-137.568752,1,8,2,NONE,COMMON_2,640
2184,-86.134911,-14.371532,-131.189620,1,8,2,NONE,COMMON_2,641
2185,-86.297277,-14.557069,-131.477006,1,8,2,NONE,COMMON_2,642
2186,-86.444889,-14.724049,-128.505277,1,8,2,NONE,COMMON_2,643
2187,-86.577736,-14.891029,-125.877988,1,8,2,NONE,COMMON_2,644
2188,-86.725348,-15.095112,-125.603380,1,8,2,NONE,COMMON_2,645
2189,-86.858196,-15.280649,-131.189620,1,8,2,NONE,COMMON_2,646
2190,-87.020562,-15.466186,-131.476813,1,8,2,NONE,COMMON_2,647
2191,-87.168173,-15.633166,-125.604988,1,8,2,NONE,COMMON_2,648
2192,-87.301021,-15.818692,-123.060737,1,8,2,NONE,COMMON_2,649
2193,-87.433869,-16.022786,-120.053795,1,8,2,NONE,COMMON_2,650
2194,-87.551952,-16.226869,-125.603380,1,8,2,NONE,COMMON_2,651
2195,-87.684800,-16.412406,-125.877804,1,8,2,NONE,COMMON_2,652
2196,-87.832411,-16.616489,-123.062149,1,8,2,NONE,COMMON_2,653
2197,-87.965259,-16.820572,-122.474489,1,8,2,NONE,COMMON_2,654
2198,-88.083343,-17.006109,-120.054006,1,8,2,NONE,COMMON_2,655
2199,-88.201427,-17.210192,-120.054350,1,8,2,NONE,COMMON_2,656
2200,-88.319519,-17.414286,-125.604988,1,8,2,NONE,COMMON_2,657
2201,-88.452367,-17.599812,-125.603380,1,8,2,NONE,COMMON_2,658
2202,-88.585215,-17.785349,-125.603176,1,8,2,NONE,COMMON_2,659
2203,-88.718062,-17.970886,-122.476028,1,8,2,NONE,COMMON_2,660
2204,-88.836146,-18.156412,-115.079333,1,8,2,NONE,COMMON_2,661
2205,-88.983758,-18.471826,-122.475808,1,8,2,NONE,COMMON_2,662
2206,-89.101841,-18.657352,-117.940624,1,8,2,NONE,COMMON_2,663
2207,-89.219925,-18.879992,-119.114246,1,8,2,NONE,COMMON_2,664
2208,-89.323254,-19.065529,-115.163014,1,8,2,NONE,COMMON_2,665
2209,-89.420189,-19.271872,-109.996152,1,8,2,NONE,COMMON_2,666
2210,-89.500384,-19.492252,-115.517203,1,8,2,NONE,COMMON_2,667
2211,-89.588949,-19.677789,-114.896391,1,8,2,NONE,COMMON_2,668
2212,-89.692278,-19.900429,-116.851480,1,8,2,NONE,COMMON_2,669
2213,-89.795598,-20.104512,-113.458057,1,8,2,NONE,COMMON_2,670
2214,-89.884163,-20.308606,-111.692398,1,8,2,NONE,COMMON_2,671
2215,-89.972728,-20.531246,-107.015867,1,8,2,NONE,COMMON_2,672
2216,-90.046539,-20.772432,-111.786976,1,8,2,NONE,COMMON_2,673
2217,-90.135183,-20.994204,-114.792776,1,8,2,NONE,COMMON_2,674
2218,-90.238424,-21.217712,-114.896391,1,8,2,NONE,COMMON_2,675
2219,-90.341753,-21.440352,-116.852023,1,8,2,NONE,COMMON_2,676
2220,-90.445081,-21.644446,-113.189473,1,8,2,NONE,COMMON_2,677
2221,-90.548401,-21.885632,-111.692620,1,8,2,NONE,COMMON_2,678
2222,-90.636967,-22.108272,-117.942231,1,8,2,NONE,COMMON_2,679
2223,-90.755059,-22.330912,-114.894485,1,8,2,NONE,COMMON_2,680
2224,-90.858379,-22.553552,-111.692398,1,8,2,NONE,COMMON_2,681
2225,-90.946944,-22.776192,-105.300832,1,8,2,NONE,COMMON_2,682
2226,-91.008674,-23.001826,-109.826323,1,8,2,NONE,COMMON_2,683
2227,-91.094556,-23.240029,-106.136397,1,8,2,NONE,COMMON_2,684
2228,-91.153602,-23.444112,-111.692398,1,8,2,NONE,COMMON_2,685
2229,-91.242167,-23.666752,-109.880142,1,8,2,NONE,COMMON_2,686
2230,-91.315968,-23.870846,-108.339626,1,8,2,NONE,COMMON_2,687
2231,-91.389770,-24.093486,-106.136397,1,8,2,NONE,COMMON_2,688
2232,-91.448816,-24.297569,-111.966257,1,8,2,NONE,COMMON_2,689
2233,-91.529959,-24.498746,-111.368244,1,8,2,NONE,COMMON_2,690
2234,-91.596428,-24.668632,-115.517203,1,8,2,NONE,COMMON_2,691
2235,-91.684993,-24.854169,-111.690773,1,8,2,NONE,COMMON_2,692
2236,-91.744030,-25.002592,-106.743720,1,8,2,NONE,COMMON_2,693
2237,-91.790598,-25.157382,-109.177993,1,8,2,NONE,COMMON_2,694
2238,-91.846952,-25.319409,-107.592917,1,8,2,NONE,COMMON_2,695
2239,-91.892740,-25.463813,-109.534625,1,8,2,NONE,COMMON_2,696
2240,-91.931478,-25.572996,-107.526839,1,8,2,NONE,COMMON_2,697
2241,-91.973750,-25.706847,-111.716200,1,8,2,NONE,COMMON_2,698
2242,-92.021845,-25.827605,-110.246535,1,8,2,NONE,COMMON_2,699
2243,-92.111115,-26.069627,-108.083849,1,8,2,NONE,COMMON_2,700
2244,-92.167469,-26.242207,-106.387952,1,8,2,NONE,COMMON_2,701
2245,-92.220298,-26.421844,-110.170253,1,8,2,NONE,COMMON_2,702
2246,-92.283693,-26.594423,-111.318198,1,8,2,NONE,COMMON_2,703
2247,-92.340047,-26.738828,-112.543832,1,8,2,NONE,COMMON_2,704
2248,-92.417541,-26.925511,-108.083849,1,8,2,NONE,COMMON_2,705
2249,-92.473895,-27.098091,-108.004180,1,8,2,NONE,COMMON_2,706
2250,-92.519683,-27.238977,-109.855725,1,8,2,NONE,COMMON_2,707
2251,-92.565471,-27.365771,-113.850079,1,9,2,NONE,COMMON_2,708
2252,-92.644445,-27.544406,-113.851040,1,9,2,NONE,COMMON_2,709
2253,-92.713402,-27.700376,-111.837585,1,9,2,NONE,COMMON_2,710
2254,-92.777292,-27.859809,-109.678267,1,9,2,NONE,COMMON_2,711
2255,-92.843716,-28.045546,-110.051491,1,9,2,NONE,COMMON_2,712
2256,-92.924904,-28.267986,-116.851480,1,9,2,NONE,COMMON_2,713
2257,-93.028224,-28.472069,-115.517203,1,9,2,NONE,COMMON_2,714
2258,-93.116789,-28.657606,-113.459185,1,9,2,NONE,COMMON_2,715
2259,-93.205354,-28.861689,-109.474165,1,9,2,NONE,COMMON_2,716
2260,-93.264400,-29.028669,-107.013181,1,9,2,NONE,COMMON_2,717
2261,-93.338202,-29.269866,-108.341481,1,9,2,NONE,COMMON_2,718
2262,-93.412012,-29.492506,-109.881129,1,9,2,NONE,COMMON_2,719
2263,-93.485813,-29.696589,-111.692398,1,9,2,NONE,COMMON_2,720
2264,-93.574378,-29.919229,-106.136397,1,9,2,NONE,COMMON_2,721
2265,-93.633424,-30.123312,-111.691431,1,9,2,NONE,COMMON_2,722
2266,-93.707226,-30.308849,-109.881129,1,9,2,NONE,COMMON_2,723
2267,-93.781027,-30.512932,-111.692398,1,9,2,NONE,COMMON_2,724
2268,-93.869592,-30.735572,-116.852246,1,9,2,NONE,COMMON_2,725
2269,-93.972921,-30.939666,-113.191279,1,9,2,NONE,COMMON_2,726
2270,-94.076250,-31.180852,-117.083729,1,9,2,NONE,COMMON_2,727
2271,-94.178613,-31.381027,-113.629008,1,9,2,NONE,COMMON_2,728
2272,-94.253380,-31.551926,-108.339394,1,9,2,NONE,COMMON_2,729
2273,-94.327181,-31.774566,-110.523908,1,9,2,NONE,COMMON_2,730
2274,-94.393463,-31.951620,-114.324125,1,9,2,NONE,COMMON_2,731
2275,-94.489548,-32.164186,-111.692398,1,9,2,NONE,COMMON_2,732
2276,-94.578113,-32.386826,-111.692398,1,9,2,NONE,COMMON_2,733
2277,-94.666678,-32.609466,-111.692398,1,9,2,NONE,COMMON_2,734
2278,-94.755243,-32.832106,-108.341481,1,9,2,NONE,COMMON_2,735
2279,-94.829053,-33.054746,-113.459185,1,9,2,NONE,COMMON_2,736
2280,-94.917618,-33.258829,-114.894485,1,9,2,NONE,COMMON_2,737
2281,-95.020938,-33.481469,-120.055899,1,9,2,NONE,COMMON_2,738
2282,-95.139031,-33.685552,-113.458057,1,9,2,NONE,COMMON_2,739
2283,-95.227596,-33.889646,-108.339394,1,9,2,NONE,COMMON_2,740
2284,-95.301397,-34.112286,-104.853624,1,9,2,NONE,COMMON_2,741
2285,-95.360444,-34.334926,-109.881129,1,9,2,NONE,COMMON_2,742
2286,-95.434245,-34.539009,-113.459185,1,9,2,NONE,COMMON_2,743
2287,-95.522810,-34.743092,-117.940624,1,9,2,NONE,COMMON_2,744
2288,-95.640894,-34.965732,-111.692398,1,9,2,NONE,COMMON_2,745
2289,-95.729459,-35.188372,-104.853384,1,9,2,NONE,COMMON_2,746
2290,-95.788505,-35.411012,-108.339626,1,9,2,NONE,COMMON_2,747
2291,-95.862307,-35.633652,-109.882376,1,9,2,NONE,COMMON_2,748
2292,-95.936117,-35.837746,-111.692398,1,9,2,NONE,COMMON_2,749
2293,-96.024682,-36.060386,-111.692398,1,9,2,NONE,COMMON_2,750
2294,-96.113247,-36.283026,-108.339394,1,9,2,NONE,COMMON_2,751
2295,-96.187048,-36.505666,-106.460538,1,9,2,NONE,COMMON_2,752
2296,-96.242499,-36.693340,-111.037176,1,9,2,NONE,COMMON_2,753
2297,-96.326326,-36.911294,-108.058216,1,9,2,NONE,COMMON_2,754
2298,-96.393697,-37.117926,-114.896391,1,9,2,NONE,COMMON_2,755
2299,-96.497026,-37.340566,-108.991871,1,9,2,NONE,COMMON_2,756
2300,-96.566629,-37.542801,-110.747013,1,9,2,NONE,COMMON_2,757
2301,-96.644637,-37.748732,-106.133500,1,9,2,NONE,COMMON_2,758
2302,-96.703675,-37.952826,-104.853384,1,9,2,NONE,COMMON_2,759
2303,-96.762721,-38.175466,-108.339394,1,9,2,NONE,COMMON_2,760
2304,-96.836522,-38.398106,-102.185222,1,9,2,NONE,COMMON_2,761
2305,-96.890769,-38.649322,-104.193412,1,9,2,NONE,COMMON_2,762
2306,-96.939851,-38.843386,-97.552582,1,9,2,NONE,COMMON_2,763
2307,-96.969370,-39.066026,-97.554858,1,9,2,NONE,COMMON_2,764
2308,-96.998898,-39.288666,-98.230029,1,9,2,NONE,COMMON_2,765
2309,-97.028416,-39.492749,-96.071254,1,9,2,NONE,COMMON_2,766
2310,-97.052834,-39.722324,-91.735516,1,9,2,NONE,COMMON_2,767
2311,-97.058422,-39.906748,-90.000000,1,9,2,NONE,COMMON_2,768
2312,-97.058422,-40.124701,-89.883762,1,9,2,NONE,COMMON_2,769
2313,-97.057935,-40.364752,-90.000000,1,9,2,NONE,COMMON_2,770
2314,-97.057935,-40.568846,-90.000000,1,9,2,NONE,COMMON_2,771
2315,-97.057935,-40.810032,-90.000000,1,9,2,NONE,COMMON_2,772
2316,-97.057935,-41.014126,-83.563898,1,9,2,NONE,COMMON_2,773
2317,-97.033783,-41.228228,-78.689509,1,9,2,NONE,COMMON_2,774
2318,-96.986463,-41.464816,-73.907459,1,9,2,NONE,COMMON_2,775
2319,-96.939851,-41.626386,-73.863603,1,9,2,NONE,COMMON_2,776
2320,-96.880805,-41.830469,-69.464070,1,9,2,NONE,COMMON_2,777
2321,-96.800344,-42.045261,-63.059828,1,9,2,NONE,COMMON_2,778
2322,-96.702550,-42.237689,-58.522946,1,9,2,NONE,COMMON_2,779
2323,-96.607909,-42.392268,-55.357980,1,9,2,NONE,COMMON_2,780
2324,-96.488037,-42.565760,-54.907381,1,9,2,NONE,COMMON_2,781
2325,-96.378942,-42.721029,-54.730965,1,9,2,NONE,COMMON_2,782
2326,-96.260849,-42.888009,-58.252570,1,9,2,NONE,COMMON_2,783
2327,-96.157529,-43.054989,-54.731193,1,9,2,NONE,COMMON_2,784
2328,-96.039437,-43.221969,-50.780535,1,9,2,NONE,COMMON_2,785
2329,-95.910752,-43.379643,-44.999432,1,9,2,NONE,COMMON_2,786
2330,-95.759332,-43.531060,-46.471044,1,9,2,NONE,COMMON_2,787
2331,-95.639459,-43.657252,-47.639662,1,9,2,NONE,COMMON_2,788
2332,-95.541666,-43.764498,-49.674955,1,9,2,NONE,COMMON_2,789
2333,-95.419481,-43.908446,-47.134524,1,9,2,NONE,COMMON_2,790
2334,-95.316161,-44.019766,-45.991043,1,9,2,NONE,COMMON_2,791
2335,-95.175732,-44.165139,-44.255579,1,9,2,NONE,COMMON_2,792
2336,-95.052707,-44.285008,-41.328204,1,9,2,NONE,COMMON_2,793
2337,-94.932373,-44.390829,-38.152040,1,9,2,NONE,COMMON_2,794
2338,-94.814289,-44.483592,-38.155341,1,9,2,NONE,COMMON_2,795
2339,-94.696205,-44.576366,-36.175208,1,9,2,NONE,COMMON_2,796
2340,-94.534300,-44.694755,-33.977027,1,9,2,NONE,COMMON_2,797
2341,-94.373067,-44.803414,-30.618852,1,9,2,NONE,COMMON_2,798
2342,-94.201322,-44.905060,-28.031947,1,9,2,NONE,COMMON_2,799
2343,-94.017204,-45.003089,-32.147777,1,9,3,NONE,COMMON_2,800
2344,-93.840073,-45.114409,-27.641056,1,9,3,NONE,COMMON_2,801
2345,-93.662943,-45.207172,-32.147923,1,9,3,NONE,COMMON_2,802
2346,-93.485813,-45.318492,-32.184501,1,9,3,NONE,COMMON_2,803
2347,-93.279483,-45.448347,-26.565187,1,9,3,NONE,COMMON_2,804
2348,-93.111236,-45.532471,-25.782251,1,9,3,NONE,COMMON_2,805
2349,-92.939659,-45.615349,-25.800524,1,9,3,NONE,COMMON_2,806
2350,-92.747774,-45.708112,-32.147777,1,9,3,NONE,COMMON_2,807
2351,-92.570643,-45.819432,-32.539003,1,9,3,NONE,COMMON_2,808
2352,-92.398337,-45.929368,-29.179570,1,9,3,NONE,COMMON_2,809
2353,-92.201053,-46.039534,-30.017948,1,9,3,NONE,COMMON_2,810
2354,-92.041733,-46.131584,-25.016145,1,9,3,NONE,COMMON_2,811
2355,-91.882404,-46.205935,-21.392320,1,9,3,NONE,COMMON_2,812
2356,-91.684993,-46.283269,-27.640923,1,9,3,NONE,COMMON_2,813
2357,-91.507862,-46.376032,-29.741765,1,9,3,NONE,COMMON_2,814
2358,-91.345487,-46.468806,-25.274428,1,9,3,NONE,COMMON_2,815
2359,-91.203287,-46.535946,-22.988796,1,9,3,NONE,COMMON_2,816
2360,-91.053906,-46.599320,-19.282837,1,9,3,NONE,COMMON_2,817
2361,-90.843624,-46.672889,-24.563794,1,9,3,NONE,COMMON_2,818
2362,-90.681249,-46.747106,-26.690683,1,9,3,NONE,COMMON_2,819
2363,-90.533647,-46.821312,-27.643715,1,9,3,NONE,COMMON_2,820
2364,-90.356516,-46.914086,-21.973175,1,9,3,NONE,COMMON_2,821
2365,-90.172354,-46.988392,-16.884301,1,9,3,NONE,COMMON_2,822
2366,-89.974083,-47.048572,-19.179745,1,9,3,NONE,COMMON_2,823
2367,-89.811221,-47.105222,-15.643531,1,9,3,NONE,COMMON_2,824
2368,-89.634197,-47.154793,-20.807323,1,9,3,NONE,COMMON_2,825
2369,-89.457173,-47.222064,-24.860661,1,9,3,NONE,COMMON_2,826
2370,-89.312015,-47.289323,-22.855576,1,9,3,NONE,COMMON_2,827
2371,-89.101841,-47.377912,-21.144497,1,9,3,NONE,COMMON_2,828
2372,-88.909947,-47.452129,-24.174911,1,9,3,NONE,COMMON_2,829
2373,-88.703298,-47.544892,-26.817487,1,9,3,NONE,COMMON_2,830
2374,-88.522484,-47.636297,-29.039646,1,9,3,NONE,COMMON_2,831
2375,-88.319519,-47.748986,-34.088532,1,9,3,NONE,COMMON_2,832
2376,-88.127625,-47.878852,-30.118532,1,9,3,NONE,COMMON_2,833
2377,-87.935731,-47.990172,-28.311072,1,9,3,NONE,COMMON_2,834
2378,-87.729083,-48.101492,-21.546014,1,9,3,NONE,COMMON_2,835
2379,-87.509497,-48.188193,-22.509374,1,9,3,NONE,COMMON_2,836
2380,-87.315776,-48.268472,-22.734114,1,9,3,NONE,COMMON_2,837
2381,-87.094363,-48.361246,-19.604863,1,9,3,NONE,COMMON_2,838
2382,-86.883242,-48.436443,-22.932256,1,9,3,NONE,COMMON_2,839
2383,-86.666302,-48.528226,-17.442539,1,9,3,NONE,COMMON_2,840
2384,-86.430125,-48.602432,-14.110928,1,9,3,NONE,COMMON_2,841
2385,-86.208712,-48.658092,-17.445662,1,9,3,NONE,COMMON_2,842
2386,-85.972545,-48.732309,-19.754714,1,9,3,NONE,COMMON_2,843
2387,-85.765887,-48.806526,-16.175836,1,9,3,NONE,COMMON_2,844
2388,-85.574002,-48.862186,-17.442539,1,9,3,NONE,COMMON_2,845
2389,-85.337825,-48.936392,-14.110990,1,9,3,NONE,COMMON_2,846
2390,-85.116413,-48.992052,-16.582632,1,9,3,NONE,COMMON_2,847
2391,-84.925351,-49.048947,-21.118580,1,9,3,NONE,COMMON_2,848
2392,-84.688351,-49.140486,-28.309914,1,9,3,NONE,COMMON_2,849
2393,-84.481693,-49.251806,-28.310956,1,9,3,NONE,COMMON_2,850
2394,-84.275044,-49.363126,-22.731785,1,9,3,NONE,COMMON_2,851
2395,-84.053632,-49.455889,-18.531003,1,9,3,NONE,COMMON_2,852
2396,-83.832219,-49.530106,-24.174911,1,9,3,NONE,COMMON_2,853
2397,-83.625570,-49.622869,-22.731692,1,9,3,NONE,COMMON_2,854
2398,-83.404157,-49.715632,-22.668670,1,9,3,NONE,COMMON_2,855
2399,-83.211750,-49.795994,-25.460174,1,9,3,NONE,COMMON_2,856
2400,-82.990851,-49.901169,-22.035667,1,9,3,NONE,COMMON_2,857
2401,-82.804598,-49.976555,-18.676396,1,9,3,NONE,COMMON_2,858
2402,-82.553224,-50.061525,-20.886808,1,9,3,NONE,COMMON_2,859
2403,-82.341376,-50.142366,-26.692020,1,9,3,NONE,COMMON_2,860
2404,-82.119964,-50.253686,-19.752013,1,9,3,NONE,COMMON_2,861
2405,-81.913306,-50.327892,-21.446415,1,9,3,NONE,COMMON_2,862
2406,-81.677138,-50.420666,-16.380798,1,9,3,NONE,COMMON_2,863
2407,-81.441511,-50.489929,-20.909358,1,9,3,NONE,COMMON_2,864
2408,-81.234313,-50.569089,-26.691916,1,9,3,NONE,COMMON_2,865
2409,-81.012900,-50.680409,-22.731692,1,9,3,NONE,COMMON_2,866
2410,-80.791487,-50.773172,-24.176517,1,9,3,NONE,COMMON_2,867
2411,-80.584829,-50.865946,-24.175015,1,9,3,NONE,COMMON_2,868
2412,-80.378181,-50.958709,-28.310956,1,9,3,NONE,COMMON_2,869
2413,-80.171532,-51.070029,-21.824944,1,9,3,NONE,COMMON_2,870
2414,-79.944902,-51.160789,-27.662085,1,9,3,NONE,COMMON_2,871
2415,-79.728706,-51.274112,-22.734206,1,9,3,NONE,COMMON_2,872
2416,-79.507294,-51.366886,-21.443360,1,9,3,NONE,COMMON_2,873
2417,-79.271117,-51.459649,-20.934708,1,9,3,NONE,COMMON_2,874
2418,-78.931620,-51.589526,-25.373699,1,9,3,NONE,COMMON_2,875
2419,-78.695433,-51.701543,-26.995668,1,9,3,NONE,COMMON_2,876
2420,-78.478312,-51.812151,-20.723674,1,9,3,NONE,COMMON_2,877
2421,-78.282137,-51.886372,-19.755508,1,9,3,NONE,COMMON_2,878
2422,-78.075488,-51.960589,-21.443443,1,9,3,NONE,COMMON_2,879
2423,-77.839312,-52.053352,-20.824405,1,9,3,NONE,COMMON_2,880
2424,-77.621327,-52.136263,-24.533763,1,9,3,NONE,COMMON_2,881
2425,-77.396486,-52.238889,-26.692020,1,9,3,NONE,COMMON_2,882
2426,-77.175074,-52.350209,-21.444103,1,9,3,NONE,COMMON_2,883
2427,-76.938906,-52.442972,-22.734114,1,9,3,NONE,COMMON_2,884
2428,-76.717493,-52.535746,-17.853374,1,9,3,NONE,COMMON_2,885
2429,-76.484824,-52.610687,-21.960184,1,9,3,NONE,COMMON_2,886
2430,-76.265315,-52.699197,-22.285666,1,9,3,NONE,COMMON_2,887
2431,-76.049349,-52.787708,-25.152191,1,9,3,NONE,COMMON_2,888
2432,-75.823701,-52.893660,-23.754079,1,9,3,NONE,COMMON_2,889
2433,-75.625185,-52.981026,-22.731692,1,9,3,NONE,COMMON_2,890
2434,-75.403772,-53.073789,-18.531003,1,9,3,NONE,COMMON_2,891
2435,-75.182359,-53.148006,-22.731785,1,9,3,NONE,COMMON_2,892
2436,-74.960947,-53.240769,-26.691916,1,9,3,NONE,COMMON_2,893
2437,-74.739534,-53.352089,-24.935372,1,9,3,NONE,COMMON_2,894
2438,-74.544638,-53.442703,-27.453769,1,9,3,NONE,COMMON_2,895
2439,-74.326236,-53.556172,-21.445755,1,9,3,NONE,COMMON_2,896
2440,-74.090060,-53.648946,-24.080012,1,9,3,NONE,COMMON_2,897
2441,-73.886103,-53.740095,-25.304145,1,9,3,NONE,COMMON_2,898
2442,-73.647234,-53.853029,-28.310956,1,9,3,NONE,COMMON_2,899
2443,-73.440585,-53.964349,-22.731785,1,9,3,NONE,COMMON_2,900
2444,-73.219173,-54.057112,-21.445672,1,9,3,NONE,COMMON_2,901
2445,-72.982996,-54.149886,-17.817700,1,9,3,NONE,COMMON_2,902
2446,-72.770856,-54.218069,-17.138372,1,9,3,NONE,COMMON_2,903
2447,-72.510652,-54.298309,-20.287441,1,9,3,NONE,COMMON_2,904
2448,-72.259712,-54.391072,-21.691988,1,9,3,NONE,COMMON_2,905
2449,-72.017939,-54.487246,-21.184882,1,9,3,NONE,COMMON_2,906
2450,-71.787367,-54.576609,-20.478443,1,9,3,NONE,COMMON_2,907
2451,-71.552927,-54.664162,-14.351782,1,9,3,NONE,COMMON_2,908
2452,-71.315023,-54.725032,-20.289651,1,9,3,NONE,COMMON_2,909
2453,-71.064083,-54.817806,-21.444103,1,9,3,NONE,COMMON_2,910
2454,-70.827915,-54.910569,-20.287441,1,9,3,NONE,COMMON_2,911
2455,-70.576975,-55.003332,-21.446415,1,9,3,NONE,COMMON_2,912
2456,-70.340807,-55.096106,-18.293722,1,9,3,NONE,COMMON_2,913
2457,-70.100720,-55.175478,-19.527464,1,9,3,NONE,COMMON_2,914
2458,-69.853699,-55.263086,-23.922649,1,9,3,NONE,COMMON_2,915
2459,-69.602759,-55.374406,-28.805876,1,9,3,NONE,COMMON_2,916
2460,-69.366591,-55.504272,-22.454894,1,9,3,NONE,COMMON_2,917
2461,-69.151883,-55.593009,-20.955876,1,9,3,NONE,COMMON_2,918
2462,-68.830530,-55.716081,-26.250169,1,9,3,NONE,COMMON_2,919
2463,-68.658071,-55.801129,-26.779927,1,9,3,NONE,COMMON_2,920
2464,-68.406617,-55.928037,-27.357045,1,9,3,NONE,COMMON_2,921
2465,-68.185726,-56.042326,-24.995529,1,9,3,NONE,COMMON_2,922
2466,-67.952251,-56.151175,-26.918597,1,9,3,NONE,COMMON_2,923
2467,-67.728137,-56.264966,-25.237379,1,9,3,NONE,COMMON_2,924
2468,-67.491970,-56.376286,-25.235601,1,9,3,NONE,COMMON_2,925
2469,-67.255784,-56.487606,-23.924173,1,9,3,NONE,COMMON_2,926
2470,-67.004862,-56.598926,-23.922565,1,9,3,NONE,COMMON_2,927
2471,-66.753921,-56.710246,-25.237379,1,9,3,NONE,COMMON_2,928
2472,-66.517754,-56.821566,-22.732469,1,9,3,NONE,COMMON_2,929
2473,-66.252058,-56.932886,-26.692020,1,9,3,NONE,COMMON_2,930
2474,-66.030646,-57.044206,-22.732469,1,9,3,NONE,COMMON_2,931
2475,-65.764950,-57.155526,-21.443443,1,9,3,NONE,COMMON_2,932
2476,-65.528774,-57.248289,-21.443360,1,9,3,NONE,COMMON_2,933
2477,-65.292597,-57.341052,-20.290319,1,9,3,NONE,COMMON_2,934
2478,-65.041666,-57.433826,-21.444103,1,9,3,NONE,COMMON_2,935
2479,-64.805498,-57.526589,-22.731785,1,9,3,NONE,COMMON_2,936
2480,-64.584086,-57.619352,-26.691916,1,9,3,NONE,COMMON_2,937
2481,-64.362673,-57.730672,-21.445672,1,9,3,NONE,COMMON_2,938
2482,-64.126496,-57.823446,-21.443443,1,9,3,NONE,COMMON_2,939
2483,-63.890320,-57.916209,-16.476393,1,9,3,NONE,COMMON_2,940
2484,-63.639388,-57.990426,-21.443443,1,9,3,NONE,COMMON_2,941
2485,-63.403212,-58.083189,-21.444103,1,9,3,NONE,COMMON_2,942
2486,-63.167044,-58.175952,-23.897337,1,9,3,NONE,COMMON_2,943
2487,-62.942461,-58.275461,-21.721403,1,9,3,NONE,COMMON_2,944
2488,-62.679936,-58.380046,-19.245801,1,9,3,NONE,COMMON_2,945
2489,-62.414241,-58.472809,-21.443443,1,9,3,NONE,COMMON_2,946
2490,-62.178065,-58.565572,-22.732469,1,9,3,NONE,COMMON_2,947
2491,-61.912369,-58.676892,-26.692020,1,9,3,NONE,COMMON_2,948
2492,-61.690957,-58.788212,-21.445672,1,9,3,NONE,COMMON_2,949
2493,-61.454780,-58.880986,-21.444103,1,9,3,NONE,COMMON_2,950
2494,-61.218612,-58.973749,-23.922649,1,9,3,NONE,COMMON_2,951
2495,-60.967672,-59.085069,-27.365204,1,9,3,NONE,COMMON_2,952
2496,-60.716741,-59.214946,-23.923326,1,9,3,NONE,COMMON_2,953
2497,-60.465809,-59.326266,-28.805057,1,9,3,NONE,COMMON_2,954
2498,-60.229633,-59.456132,-21.445672,1,9,3,NONE,COMMON_2,955
2499,-59.993456,-59.548906,-20.288110,1,9,3,NONE,COMMON_2,956
2500,-59.742525,-59.641669,-23.923326,1,9,3,NONE,COMMON_2,957
2501,-59.491593,-59.752989,-26.835124,1,9,3,NONE,COMMON_2,958
2502,-59.344540,-59.827384,-22.641214,1,9,3,NONE,COMMON_2,959
2503,-59.122569,-59.919969,-20.288110,1,9,3,NONE,COMMON_2,960
2504,-58.871638,-60.012732,-19.247848,1,9,3,NONE,COMMON_2,961
2505,-58.605942,-60.105506,-20.287441,1,9,3,NONE,COMMON_2,962
2506,-58.355002,-60.198269,-21.444103,1,9,3,NONE,COMMON_2,963
2507,-58.118834,-60.291032,-26.692020,1,9,3,NONE,COMMON_2,964
2508,-57.897422,-60.402352,-23.922565,1,9,3,NONE,COMMON_2,965
2509,-57.646481,-60.513672,-20.290319,1,9,3,NONE,COMMON_2,966
2510,-57.395550,-60.606446,-20.453747,1,9,3,NONE,COMMON_2,967
2511,-57.153369,-60.696771,-21.240672,1,9,3,NONE,COMMON_2,968
2512,-56.908442,-60.791972,-25.236537,1,9,3,NONE,COMMON_2,969
2513,-56.672266,-60.903292,-27.365111,1,9,3,NONE,COMMON_2,970
2514,-56.421334,-61.033169,-22.731692,1,9,3,NONE,COMMON_2,971
2515,-56.199921,-61.125932,-23.923411,1,9,3,NONE,COMMON_2,972
2516,-55.948990,-61.237252,-20.039962,1,9,3,NONE,COMMON_2,973
2517,-55.696065,-61.329509,-23.030601,1,9,3,NONE,COMMON_2,974
2518,-55.476637,-61.422789,-21.444103,1,9,3,NONE,COMMON_2,975
2519,-55.240469,-61.515552,-21.445755,1,9,3,NONE,COMMON_2,976
2520,-55.004293,-61.608326,-23.923326,1,9,3,NONE,COMMON_2,977
2521,-54.753361,-61.719646,-15.604526,1,9,3,NONE,COMMON_2,978
2522,-54.487666,-61.793852,-20.983117,1,9,3,NONE,COMMON_2,979
2523,-54.212991,-61.899197,-23.491714,1,9,3,NONE,COMMON_2,980
2524,-53.985794,-61.997946,-21.538623,1,9,3,NONE,COMMON_2,981
2525,-53.646550,-62.131842,-19.247783,1,9,3,NONE,COMMON_2,982
2526,-53.498686,-62.183472,-16.476456,1,9,3,NONE,COMMON_2,983
2527,-53.247755,-62.257689,-20.287441,1,9,3,NONE,COMMON_2,984
2528,-52.996815,-62.350452,-20.290245,1,9,3,NONE,COMMON_2,985
2529,-52.745883,-62.443226,-25.236537,1,9,3,NONE,COMMON_2,986
2530,-52.509707,-62.554546,-20.288035,1,9,3,NONE,COMMON_2,987
2531,-52.258775,-62.647309,-20.288110,1,9,3,NONE,COMMON_2,988
2532,-52.007844,-62.740072,-21.445672,1,9,3,NONE,COMMON_2,989
2533,-51.771667,-62.832846,-25.236537,1,9,3,NONE,COMMON_2,990
2534,-51.535491,-62.944166,-29.186775,1,9,3,NONE,COMMON_2,991
2535,-51.402643,-63.018372,-26.691916,1,9,3,NONE,COMMON_2,992
2536,-51.181230,-63.129692,-21.446498,1,9,3,NONE,COMMON_2,993
2537,-50.945063,-63.222466,-20.287367,1,9,3,NONE,COMMON_2,994
2538,-50.694122,-63.315229,-17.445662,1,9,3,NONE,COMMON_2,995
2539,-50.457955,-63.389446,-21.443360,1,9,3,NONE,COMMON_2,996
2540,-50.221778,-63.482209,-20.288110,1,9,3,NONE,COMMON_2,997
2541,-49.970847,-63.574972,-23.922565,1,9,3,NONE,COMMON_2,998
2542,-49.719906,-63.686292,-21.446498,1,9,3,NONE,COMMON_2,999
2543,-49.483739,-63.779066,-20.287367,1,9,3,NONE,COMMON_2,1000
2544,-49.232798,-63.871829,-20.288110,1,9,3,NONE,COMMON_2,1001
2545,-48.981867,-63.964592,-25.236443,1,9,3,NONE,COMMON_2,1002
2546,-48.745690,-64.075912,-17.669558,1,9,3,NONE,COMMON_2,1003
2547,-48.478490,-64.161030,-24.543381,1,9,3,NONE,COMMON_2,1004
2548,-48.258582,-64.261449,-20.288110,1,9,3,NONE,COMMON_2,1005
2549,-48.007651,-64.354212,-21.445755,1,9,3,NONE,COMMON_2,1006
2550,-47.771475,-64.446986,-25.237285,1,9,3,NONE,COMMON_2,1007
2551,-47.535307,-64.558306,-21.075574,1,9,3,NONE,COMMON_2,1008
2552,-47.296103,-64.650490,-25.641107,1,9,3,NONE,COMMON_2,1009
2553,-47.130885,-64.729795,-28.739761,1,9,3,NONE,COMMON_2,1010
2554,-46.926013,-64.842144,-23.197470,1,9,3,NONE,COMMON_2,1011
2555,-46.679175,-64.947926,-23.365421,1,9,3,NONE,COMMON_2,1012
2556,-46.403923,-65.066841,-27.756803,1,9,3,NONE,COMMON_2,1013
2557,-46.206831,-65.170566,-25.236443,1,9,3,NONE,COMMON_2,1014
2558,-45.970654,-65.281886,-23.507999,1,9,3,NONE,COMMON_2,1015
2559,-45.690178,-65.403887,-19.166567,1,9,3,NONE,COMMON_2,1016
2560,-45.454027,-65.485969,-16.475897,1,9,3,NONE,COMMON_2,1017
2561,-45.203087,-65.560186,-22.731692,1,9,3,NONE,COMMON_2,1018
2562,-44.981674,-65.652949,-21.444186,1,9,3,NONE,COMMON_2,1019
2563,-44.745507,-65.745712,-25.236443,1,9,3,NONE,COMMON_2,1020
2564,-44.509330,-65.857032,-17.445037,1,9,3,NONE,COMMON_2,1021
2565,-44.273154,-65.931249,-21.444103,1,9,3,NONE,COMMON_2,1022
2566,-44.036986,-66.024012,-25.236537,1,9,3,NONE,COMMON_2,1023
2567,-43.800810,-66.135332,-26.589586,1,9,3,NONE,COMMON_2,1024
2568,-43.561728,-66.255001,-26.918298,1,9,3,NONE,COMMON_2,1025
2569,-43.350683,-66.362155,-25.940289,1,9,3,NONE,COMMON_2,1026
2570,-43.092289,-66.487849,-21.443360,1,9,3,NONE,COMMON_2,1027
2571,-42.856112,-66.580612,-23.726982,1,9,3,NONE,COMMON_2,1028
2572,-42.632096,-66.679074,-27.998053,1,9,3,NONE,COMMON_2,1029
2573,-42.398532,-66.803252,-20.850923,1,9,3,NONE,COMMON_2,1030
2574,-42.220587,-66.871028,-25.987835,1,9,3,NONE,COMMON_2,1031
2575,-41.940943,-67.007346,-21.443360,1,9,3,NONE,COMMON_2,1032
2576,-41.704766,-67.100109,-20.288110,1,9,3,NONE,COMMON_2,1033
2577,-41.453835,-67.192872,-17.444968,1,9,3,NONE,COMMON_2,1034
2578,-41.217658,-67.267089,-23.508792,1,9,3,NONE,COMMON_2,1035
2579,-40.958317,-67.379901,-29.197686,1,9,3,NONE,COMMON_2,1036
2580,-40.733620,-67.505468,-21.777910,1,9,3,NONE,COMMON_2,1037
2581,-40.494383,-67.601049,-21.555570,1,9,3,NONE,COMMON_2,1038
2582,-40.251182,-67.697121,-23.189999,1,9,3,NONE,COMMON_2,1039
2583,-40.020985,-67.795736,-25.999076,1,9,3,NONE,COMMON_2,1040
2584,-39.748917,-67.928427,-22.075129,1,9,3,NONE,COMMON_2,1041
2585,-39.549685,-68.009226,-21.443443,1,9,3,NONE,COMMON_2,1042
2586,-39.313509,-68.101989,-19.564258,1,9,3,NONE,COMMON_2,1043
2587,-39.032681,-68.201790,-22.569199,1,9,3,NONE,COMMON_2,1044
2588,-38.826401,-68.287526,-26.975244,1,9,3,NONE,COMMON_2,1045
2589,-38.565749,-68.420193,-19.440082,1,9,3,NONE,COMMON_2,1046
2590,-38.309690,-68.510567,-27.030713,1,9,3,NONE,COMMON_2,1047
2591,-38.120980,-68.606847,-22.956433,1,9,3,NONE,COMMON_2,1048
2592,-37.911231,-68.695692,-23.923411,1,9,3,NONE,COMMON_2,1049
2593,-37.660300,-68.807012,-26.937930,1,9,3,NONE,COMMON_2,1050
2594,-37.428545,-68.924781,-23.551253,1,9,3,NONE,COMMON_2,1051
2595,-37.187947,-69.029652,-27.013219,1,9,3,NONE,COMMON_2,1052
2596,-36.978393,-69.136486,-25.028375,1,9,3,NONE,COMMON_2,1053
2597,-36.730367,-69.252292,-17.444968,1,9,3,NONE,COMMON_2,1054
2598,-36.494190,-69.326509,-17.445037,1,9,3,NONE,COMMON_2,1055
2599,-36.258014,-69.400726,-25.237285,1,9,3,NONE,COMMON_2,1056
2600,-36.021846,-69.512046,-20.469910,1,9,3,NONE,COMMON_2,1057
2601,-35.772836,-69.604998,-21.246395,1,9,3,NONE,COMMON_2,1058
2602,-35.534738,-69.697572,-21.445672,1,9,3,NONE,COMMON_2,1059
2603,-35.298561,-69.790346,-20.288110,1,9,2,NONE,COMMON_2,1060
2604,-35.047630,-69.883109,-22.731692,1,9,2,NONE,COMMON_2,1061
2605,-34.826217,-69.975872,-26.898635,1,9,2,NONE,COMMON_2,1062
2606,-34.619134,-70.080925,-19.684158,1,9,2,NONE,COMMON_2,1063
2607,-34.391354,-70.162411,-18.836450,1,9,2,NONE,COMMON_2,1064
2608,-34.176734,-70.235626,-15.074623,1,9,2,NONE,COMMON_2,1065
2609,-33.970085,-70.291286,-16.175117,1,9,2,NONE,COMMON_2,1066
2610,-33.778191,-70.346946,-19.752807,1,9,2,NONE,COMMON_2,1067
2611,-33.571542,-70.421152,-22.734206,1,9,2,NONE,COMMON_2,1068
2612,-33.350130,-70.513926,-16.175117,1,9,2,NONE,COMMON_2,1069
2613,-33.158236,-70.569586,-15.074623,1,9,2,NONE,COMMON_2,1070
2614,-32.951587,-70.625246,-11.503655,1,9,2,NONE,COMMON_2,1071
2615,-32.759870,-70.664264,-15.633294,1,9,2,NONE,COMMON_2,1072
2616,-32.567808,-70.718009,-19.754714,1,9,2,NONE,COMMON_2,1073
2617,-32.361150,-70.792226,-17.444413,1,9,2,NONE,COMMON_2,1074
2618,-32.184020,-70.847886,-17.444320,1,9,2,NONE,COMMON_2,1075
2619,-32.006889,-70.903546,-16.004275,1,9,2,NONE,COMMON_2,1076
2620,-31.833948,-70.953150,-11.432559,1,9,2,NONE,COMMON_2,1077
2621,-31.669138,-70.986479,-15.046772,1,9,2,NONE,COMMON_2,1078
2622,-31.496914,-71.032777,-11.311271,1,9,2,NONE,COMMON_2,1079
2623,-31.348762,-71.062411,-8.243826,1,9,2,NONE,COMMON_2,1080
2624,-31.220990,-71.080923,-4.399724,1,9,2,NONE,COMMON_2,1081
2625,-31.100612,-71.090185,-4.706070,1,9,2,NONE,COMMON_2,1082
2626,-30.943205,-71.103143,-3.889553,1,9,2,NONE,COMMON_2,1083
2627,-30.752471,-71.116111,-7.875699,1,9,2,NONE,COMMON_2,1084
2628,-30.545566,-71.144732,-6.770029,1,9,2,NONE,COMMON_2,1085
2629,-30.365433,-71.166116,-1.620986,1,9,2,NONE,COMMON_2,1086
2630,-30.169137,-71.171671,2.827432,1,9,2,NONE,COMMON_2,1087
2631,-29.999420,-71.163289,0.000000,1,9,2,NONE,COMMON_2,1088
2632,-29.822290,-71.163289,-1.855911,1,9,2,NONE,COMMON_2,1089
2633,-29.620982,-71.169812,1.019558,1,9,2,NONE,COMMON_2,1090
2634,-29.468986,-71.167107,0.945454,1,9,2,NONE,COMMON_2,1091
2635,-29.267323,-71.163779,2.027731,1,9,2,NONE,COMMON_2,1092
2636,-29.078990,-71.157111,7.337844,1,9,2,NONE,COMMON_2,1093
2637,-28.858985,-71.128780,14.142880,1,9,2,NONE,COMMON_2,1094
2638,-28.647324,-71.075446,20.557144,1,9,2,NONE,COMMON_2,1095
2639,-28.447317,-71.000439,22.442989,1,9,2,NONE,COMMON_2,1096
2640,-28.257637,-70.922092,19.200710,1,9,2,NONE,COMMON_2,1097
2641,-28.042318,-70.847107,23.384872,1,9,2,NONE,COMMON_2,1098
2642,-27.829576,-70.755112,28.309914,1,9,2,NONE,COMMON_2,1099
2643,-27.622918,-70.643792,30.119698,1,9,2,NONE,COMMON_2,1100
2644,-27.431033,-70.532472,30.118532,1,9,2,NONE,COMMON_2,1101
2645,-27.239139,-70.421152,30.118532,1,9,2,NONE,COMMON_2,1102
2646,-27.047245,-70.309832,28.260717,1,9,2,NONE,COMMON_2,1103
2647,-26.840658,-70.198779,32.618648,1,9,2,NONE,COMMON_2,1104
2648,-26.673987,-70.092112,35.688939,1,9,2,NONE,COMMON_2,1105
2649,-26.486336,-69.957326,42.433187,1,9,2,NONE,COMMON_2,1106
2650,-26.323969,-69.808892,36.247667,1,9,2,NONE,COMMON_2,1107
2651,-26.146839,-69.679026,34.090785,1,9,2,NONE,COMMON_2,1108
2652,-25.954945,-69.549149,34.090785,1,9,2,NONE,COMMON_2,1109
2653,-25.763051,-69.419272,39.960739,1,9,2,NONE,COMMON_2,1110
2654,-25.585921,-69.270849,42.431248,1,9,2,NONE,COMMON_2,1111
2655,-25.423555,-69.122426,43.310310,1,9,2,NONE,COMMON_2,1112
2656,-25.246424,-68.955446,36.249981,1,9,2,NONE,COMMON_2,1113
2657,-25.069294,-68.825569,43.310472,1,9,2,NONE,COMMON_2,1114
2658,-24.892164,-68.658589,43.447515,1,9,2,NONE,COMMON_2,1115
2659,-24.740842,-68.515253,46.346028,1,9,2,NONE,COMMON_2,1116
2660,-24.587137,-68.354151,49.391706,1,9,2,NONE,COMMON_2,1117
2661,-24.434575,-68.176206,42.434769,1,9,2,NONE,COMMON_2,1118
2662,-24.272217,-68.027772,48.521453,1,9,2,NONE,COMMON_2,1119
2663,-24.124597,-67.860792,51.496225,1,9,2,NONE,COMMON_2,1120
2664,-23.977003,-67.675266,56.616531,1,9,2,NONE,COMMON_2,1121
2665,-23.859362,-67.496742,59.299250,1,9,2,NONE,COMMON_2,1122
2666,-23.753802,-67.318964,58.201767,1,9,2,NONE,COMMON_2,1123
2667,-23.638986,-67.133772,58.454482,1,9,2,NONE,COMMON_2,1124
2668,-23.524170,-66.946743,56.292963,1,9,2,NONE,COMMON_2,1125
2669,-23.416076,-66.784706,54.735082,1,9,2,NONE,COMMON_2,1126
2670,-23.298001,-66.617726,54.394987,1,9,2,NONE,COMMON_2,1127
2671,-23.165145,-66.432189,60.885754,1,9,2,NONE,COMMON_2,1128
2672,-23.061816,-66.246652,63.148520,1,9,2,NONE,COMMON_2,1129
2673,-22.958496,-66.042569,59.944101,1,9,2,NONE,COMMON_2,1130
2674,-22.840403,-65.838486,57.527489,1,9,2,NONE,COMMON_2,1131
2675,-22.722328,-65.652949,56.936273,1,9,2,NONE,COMMON_2,1132
2676,-22.589472,-65.448866,59.947333,1,9,2,NONE,COMMON_2,1133
2677,-22.471388,-65.244772,66.540815,1,9,2,NONE,COMMON_2,1134
2678,-22.382823,-65.040689,68.540986,1,9,2,NONE,COMMON_2,1135
2679,-22.296392,-64.820810,66.325127,1,9,2,NONE,COMMON_2,1136
2680,-22.205702,-64.613966,70.682585,1,9,2,NONE,COMMON_2,1137
2681,-22.120467,-64.370810,74.744557,1,9,2,NONE,COMMON_2,1138
2682,-22.059357,-64.146745,77.213220,1,9,2,NONE,COMMON_2,1139
2683,-22.013808,-63.946046,78.480347,1,9,2,NONE,COMMON_2,1140
2684,-21.966771,-63.715257,76.420498,1,9,2,NONE,COMMON_2,1141
2685,-21.910479,-63.482209,74.138312,1,9,2,NONE,COMMON_2,1142
2686,-21.836677,-63.222466,75.144452,1,9,2,NONE,COMMON_2,1143
2687,-21.777622,-62.999826,78.755703,1,9,2,NONE,COMMON_2,1144
2688,-21.748112,-62.851392,79.594235,1,9,2,NONE,COMMON_2,1145
2689,-21.703821,-62.610206,83.516600,1,9,2,NONE,COMMON_2,1146
2690,-21.674302,-62.350452,79.598372,1,9,2,NONE,COMMON_2,1147
2691,-21.630029,-62.109266,72.984865,1,9,2,NONE,COMMON_2,1148
2692,-21.556218,-61.868069,69.837296,1,9,2,NONE,COMMON_2,1149
2693,-21.467653,-61.626872,72.984351,1,9,2,NONE,COMMON_2,1150
2694,-21.393843,-61.385686,71.662693,1,9,2,NONE,COMMON_2,1151
2695,-21.320051,-61.163046,72.985082,1,9,2,NONE,COMMON_2,1152
2696,-21.246241,-60.921849,71.660374,1,9,2,NONE,COMMON_2,1153
2697,-21.172439,-60.699209,72.985082,1,9,2,NONE,COMMON_2,1154
2698,-21.098629,-60.458012,69.372159,1,9,2,NONE,COMMON_2,1155
2699,-21.014917,-60.235628,75.178203,1,9,2,NONE,COMMON_2,1156
2700,-20.951027,-59.994186,76.229634,1,9,2,NONE,COMMON_2,1157
2701,-20.890838,-59.748592,68.931753,1,9,2,NONE,COMMON_2,1158
2702,-20.803805,-59.522668,69.144358,1,9,2,NONE,COMMON_2,1159
2703,-20.714841,-59.289152,65.453044,1,9,2,NONE,COMMON_2,1160
2704,-20.607509,-59.054144,66.203100,1,9,2,NONE,COMMON_2,1161
2705,-20.522965,-58.862429,65.101704,1,9,2,NONE,COMMON_2,1162
2706,-20.419627,-58.639789,66.542942,1,9,2,NONE,COMMON_2,1163
2707,-20.331071,-58.435706,59.945440,1,9,2,NONE,COMMON_2,1164
2708,-20.212978,-58.231612,63.148520,1,9,2,NONE,COMMON_2,1165
2709,-20.109658,-58.027529,63.146509,1,9,2,NONE,COMMON_2,1166
2710,-20.006329,-57.823446,63.149765,1,9,2,NONE,COMMON_2,1167
2711,-19.903009,-57.619352,65.103821,1,9,2,NONE,COMMON_2,1168
2712,-19.799681,-57.396712,66.540579,1,9,2,NONE,COMMON_2,1169
2713,-19.711115,-57.192629,63.146733,1,9,2,NONE,COMMON_2,1170
2714,-19.607787,-56.988546,64.489143,1,9,2,NONE,COMMON_2,1171
2715,-19.505653,-56.774522,67.381620,1,9,2,NONE,COMMON_2,1172
2716,-19.422322,-56.574513,71.723534,1,9,2,NONE,COMMON_2,1173
2717,-19.356855,-56.376286,71.660606,1,9,2,NONE,COMMON_2,1174
2718,-19.283054,-56.153646,68.306436,1,9,2,NONE,COMMON_2,1175
2719,-19.209244,-55.968109,66.540815,1,9,2,NONE,COMMON_2,1176
2720,-19.120679,-55.764026,67.048190,1,9,2,NONE,COMMON_2,1177
2721,-19.027880,-55.544893,69.796436,1,9,2,NONE,COMMON_2,1178
2722,-18.958312,-55.355849,74.387597,1,9,2,NONE,COMMON_2,1179
2723,-18.901949,-55.154148,69.147123,1,9,2,NONE,COMMON_2,1180
2724,-18.827882,-54.959706,66.937094,1,9,2,NONE,COMMON_2,1181
2725,-18.751663,-54.780692,65.103609,1,9,2,NONE,COMMON_2,1182
2726,-18.648334,-54.558052,70.118871,1,9,2,NONE,COMMON_2,1183
2727,-18.574533,-54.353969,68.306436,1,9,2,NONE,COMMON_2,1184
2728,-18.500723,-54.168432,73.865676,1,9,2,NONE,COMMON_2,1185
2729,-18.441685,-53.964349,70.116636,1,9,2,NONE,COMMON_2,1186
2730,-18.367875,-53.760266,64.482797,1,9,2,NONE,COMMON_2,1187
2731,-18.279310,-53.574729,64.490043,1,9,2,NONE,COMMON_2,1188
2732,-18.190843,-53.389337,69.192928,1,9,2,NONE,COMMON_2,1189
2733,-18.120469,-53.204145,72.200954,1,9,2,NONE,COMMON_2,1190
2734,-18.072661,-53.055232,73.295868,1,9,2,NONE,COMMON_2,1191
2735,-18.022321,-52.887484,70.740792,1,9,2,NONE,COMMON_2,1192
2736,-17.968615,-52.733773,65.574718,1,9,2,NONE,COMMON_2,1193
2737,-17.895531,-52.572849,62.058840,1,9,2,NONE,COMMON_2,1194
2738,-17.806966,-52.405869,57.525511,1,9,2,NONE,COMMON_2,1195
2739,-17.688882,-52.220332,63.559076,1,9,2,NONE,COMMON_2,1196
2740,-17.615072,-52.071909,68.308835,1,9,2,NONE,COMMON_2,1197
2741,-17.541271,-51.886372,63.665562,1,9,2,NONE,COMMON_2,1198
2742,-17.455655,-51.713403,60.384294,1,9,2,NONE,COMMON_2,1199
2743,-17.364141,-51.552412,60.884310,1,9,2,NONE,COMMON_2,1200
2744,-17.260812,-51.366886,67.168816,1,9,2,NONE,COMMON_2,1201
2745,-17.185283,-51.187483,68.997594,1,9,2,NONE,COMMON_2,1202
2746,-17.105655,-50.980071,73.128621,1,9,2,NONE,COMMON_2,1203
2747,-17.054163,-50.810286,75.147097,1,9,2,NONE,COMMON_2,1204
2748,-17.009880,-50.643306,69.582519,1,9,2,NONE,COMMON_2,1205
2749,-16.940844,-50.457847,67.055968,1,9,2,NONE,COMMON_2,1206
2750,-16.862269,-50.272232,72.088628,1,9,2,NONE,COMMON_2,1207
2751,-16.801956,-50.085626,74.743691,1,9,2,NONE,COMMON_2,1208
2752,-16.751952,-49.902293,77.877424,1,9,2,NONE,COMMON_2,1209
2753,-16.699903,-49.659972,71.694458,1,9,2,NONE,COMMON_2,1210
2754,-16.627651,-49.441573,75.772858,1,9,2,NONE,COMMON_2,1211
2755,-16.584750,-49.272367,72.181827,1,9,2,NONE,COMMON_2,1212
2756,-16.498957,-49.005444,68.858852,1,9,2,NONE,COMMON_2,1213
2757,-16.429841,-48.826708,70.441035,1,9,2,NONE,COMMON_2,1214
2758,-16.365490,-48.645579,72.537529,1,9,2,NONE,COMMON_2,1215
2759,-16.298765,-48.433470,70.997588,1,9,2,NONE,COMMON_2,1216
2760,-16.214647,-48.189207,67.298865,1,10,2,NONE,V_foword,0
2761,-16.137481,-48.004746,67.182888,1,10,2,NONE,V_foword,1
2762,-16.059947,-47.820454,66.487330,1,10,2,NONE,V_foword,2
2763,-15.980209,-47.637180,66.575612,1,10,2,NONE,V_foword,3
2764,-15.900749,-47.453773,66.089626,1,10,2,NONE,V_foword,4
2765,-15.819763,-47.271107,63.593876,1,10,2,NONE,V_foword,5
2766,-15.730923,-47.092188,61.021188,1,10,2,NONE,V_foword,6
2767,-15.634127,-46.917411,65.058098,1,10,2,NONE,V_foword,7
2768,-15.549964,-46.736444,64.478151,1,10,2,NONE,V_foword,8
2769,-15.463847,-46.556073,67.714291,1,10,2,NONE,V_foword,9
2770,-15.388074,-46.371188,66.441970,1,10,2,NONE,V_foword,10
2771,-15.308166,-46.187920,62.731942,1,10,2,NONE,V_foword,11
2772,-15.216620,-46.010310,60.377531,1,10,2,NONE,V_foword,12
2773,-15.117821,-45.836551,61.621302,1,10,2,NONE,V_foword,13
2774,-15.022834,-45.660720,63.083496,1,10,2,NONE,V_foword,14
2775,-14.932302,-45.482399,62.275261,1,10,2,NONE,V_foword,15
2776,-14.839269,-45.305383,62.889439,1,10,2,NONE,V_foword,16
2777,-14.748145,-45.127392,63.504492,1,10,2,NONE,V_foword,17
2778,-14.659053,-44.948666,61.940077,1,10,2,NONE,V_foword,18
2779,-14.565044,-44.772306,62.664254,1,10,2,NONE,V_foword,19
2780,-14.473224,-44.594680,61.274599,1,10,2,NONE,V_foword,20
2781,-14.377126,-44.419338,60.877371,1,10,2,NONE,V_foword,21
2782,-14.280176,-44.245315,60.527559,1,10,2,NONE,V_foword,22
2783,-14.182072,-44.071722,61.937901,1,10,2,NONE,V_foword,23
2784,-14.088209,-43.895652,66.676604,1,10,2,NONE,V_foword,24
2785,-14.009140,-43.712262,68.035196,1,10,2,NONE,V_foword,25
2786,-13.934368,-43.526867,67.132094,1,10,2,NONE,V_foword,26
2787,-13.856672,-43.342647,68.616813,1,10,2,NONE,V_foword,27
2788,-13.783766,-43.156452,68.596891,1,10,2,NONE,V_foword,28
2789,-13.710801,-42.970297,68.581228,1,10,2,NONE,V_foword,29
2790,-13.637802,-42.784205,71.586400,1,10,2,NONE,V_foword,30
2791,-13.574803,-42.594973,74.812330,1,10,2,NONE,V_foword,31
2792,-13.522532,-42.402420,76.917112,1,10,2,NONE,V_foword,32
2793,-13.477314,-42.207844,77.810706,1,10,2,NONE,V_foword,33
2794,-13.435102,-42.012429,79.444664,1,10,2,NONE,V_foword,34
2795,-13.398524,-41.816130,79.560438,1,10,2,NONE,V_foword,35
2796,-13.362343,-41.619759,81.554724,1,10,2,NONE,V_foword,36
2797,-13.333024,-41.422291,84.500276,1,10,2,NONE,V_foword,37
2798,-13.313875,-41.223411,89.089864,1,10,2,NONE,V_foword,38
2799,-13.310703,-41.023741,92.997944,1,10,2,NONE,V_foword,39
2800,-13.321144,-40.824378,93.238750,1,10,2,NONE,V_foword,40
2801,-13.332432,-40.624898,93.270234,1,10,2,NONE,V_foword,41
2802,-13.343829,-40.425435,92.577232,1,10,2,NONE,V_foword,42
2803,-13.352812,-40.225864,97.120457,1,10,2,NONE,V_foword,43
2804,-13.377543,-40.027888,98.805607,1,10,2,NONE,V_foword,44
2805,-13.408011,-39.831204,100.488187,1,10,2,NONE,V_foword,45
2806,-13.444030,-39.636639,106.058510,1,10,2,NONE,V_foword,46
2807,-13.498844,-39.446214,105.825409,1,10,2,NONE,V_foword,47
2808,-13.553186,-39.254498,109.003923,1,10,2,NONE,V_foword,48
2809,-13.618038,-39.066196,111.566731,1,10,2,NONE,V_foword,49
2810,-13.691298,-38.880848,110.293139,1,10,2,NONE,V_foword,50
2811,-13.760044,-38.694935,115.910397,1,10,2,NONE,V_foword,51
2812,-13.846416,-38.517141,118.782373,1,10,2,NONE,V_foword,52
2813,-13.941290,-38.344440,122.172439,1,10,2,NONE,V_foword,53
2814,-14.045262,-38.179159,124.566605,1,10,2,NONE,V_foword,54
2815,-14.157537,-38.016204,124.418733,1,10,2,NONE,V_foword,55
2816,-14.270294,-37.851642,123.240792,1,10,2,NONE,V_foword,56
2817,-14.379627,-37.684823,122.796846,1,10,2,NONE,V_foword,57
2818,-14.486934,-37.518295,124.835655,1,10,2,NONE,V_foword,58
2819,-14.599609,-37.356392,127.215019,1,10,2,NONE,V_foword,59
2820,-14.718071,-37.200409,128.542716,1,10,2,NONE,V_foword,60
2821,-14.840398,-37.046858,129.350955,1,10,2,NONE,V_foword,61
2822,-14.965779,-36.893950,130.713626,1,10,2,NONE,V_foword,62
2823,-15.095654,-36.743029,128.976137,1,10,2,NONE,V_foword,63
2824,-15.220986,-36.588125,129.521310,1,10,2,NONE,V_foword,64
2825,-15.347064,-36.435296,129.116098,1,10,2,NONE,V_foword,65
2826,-15.471950,-36.281712,130.818531,1,10,2,NONE,V_foword,66
2827,-15.601278,-36.131982,134.583284,1,10,2,NONE,V_foword,67
2828,-15.739680,-35.991552,135.828541,1,10,2,NONE,V_foword,68
2829,-15.881554,-35.853723,135.332170,1,10,2,NONE,V_foword,69
2830,-16.023033,-35.713875,136.367079,1,10,2,NONE,V_foword,70
2831,-16.167638,-35.576011,134.210319,1,10,2,NONE,V_foword,71
2832,-16.306590,-35.433175,135.803848,1,10,2,NONE,V_foword,72
2833,-16.449183,-35.294528,136.771348,1,10,2,NONE,V_foword,73
2834,-16.594426,-35.157999,137.780037,1,10,2,NONE,V_foword,74
2835,-16.742169,-35.023940,140.891013,1,10,2,NONE,V_foword,75
2836,-16.896840,-34.898202,138.351594,1,10,2,NONE,V_foword,76
2837,-17.046072,-34.765482,137.782067,1,10,2,NONE,V_foword,77
2838,-17.194176,-34.631105,136.445014,1,10,2,NONE,V_foword,78
2839,-17.339086,-34.493326,138.861971,1,10,2,NONE,V_foword,79
2840,-17.489606,-34.361843,139.688093,1,10,2,NONE,V_foword,80
2841,-17.641980,-34.232566,142.891281,1,10,2,NONE,V_foword,81
2842,-17.800667,-34.112514,144.897227,1,10,2,NONE,V_foword,82
2843,-17.963839,-33.997823,147.411362,1,10,2,NONE,V_foword,83
2844,-18.132090,-33.890269,149.429132,1,10,2,NONE,V_foword,84
2845,-18.430958,-33.713724,156.801305,1,10,2,NONE,V_foword,85
2846,-18.761690,-33.571981,155.480344,1,10,2,NONE,V_foword,86
2847,-19.006518,-33.460305,159.775238,1,10,2,NONE,V_foword,87
2848,-19.169737,-33.400172,161.200050,1,10,2,NONE,V_foword,88
2849,-19.371613,-33.331448,154.855251,1,10,2,NONE,V_foword,89
2850,-19.582079,-33.232658,158.198683,1,10,2,NONE,V_foword,90
2851,-19.796840,-33.146754,157.379925,1,10,2,NONE,V_foword,91
2852,-19.951468,-33.082325,161.113937,1,10,2,NONE,V_foword,92
2853,-20.114687,-33.026487,158.428680,1,10,2,NONE,V_foword,93
2854,-20.299382,-32.953468,162.474600,1,10,2,NONE,V_foword,94
2855,-20.462600,-32.901926,164.219276,1,10,2,NONE,V_foword,95
2856,-20.660181,-32.846088,165.650539,1,10,2,NONE,V_foword,96
2857,-20.844876,-32.798840,162.349926,1,10,2,NONE,V_foword,97
2858,-21.033866,-32.738707,162.436639,1,10,2,NONE,V_foword,98
2859,-21.229149,-32.676897,158.108634,1,10,2,NONE,V_foword,99
2860,-21.411986,-32.603429,159.853727,1,10,2,NONE,V_foword,100
2861,-21.596215,-32.535842,160.041894,1,10,2,NONE,V_foword,101
2862,-21.779705,-32.469209,157.906128,1,10,2,NONE,V_foword,102
2863,-21.959099,-32.396387,159.951567,1,10,2,NONE,V_foword,103
2864,-22.142823,-32.329341,158.368814,1,10,2,NONE,V_foword,104
2865,-22.325263,-32.256993,156.727274,1,10,2,NONE,V_foword,105
2866,-22.506582,-32.179007,156.326436,1,10,2,NONE,V_foword,106
2867,-22.514198,-32.175668,143.021396,1,10,2,NONE,V_foword,107
2868,-22.652051,-32.071869,-32.405294,1,10,2,NONE,V_B,0
2869,-22.338234,-32.271064,-24.843910,-1,10,1,NONE,V_B,1
2870,-22.172796,-32.347661,-19.898550,-1,10,1,NONE,V_B,2
2871,-22.047323,-32.393078,-23.333803,-1,10,1,NONE,V_B,3
2872,-21.908409,-32.453001,-24.417589,-1,10,1,NONE,V_B,4
2873,-21.788043,-32.507646,-20.563543,-1,10,1,NONE,V_B,5
2874,-21.626414,-32.568281,-16.593546,-1,10,1,NONE,V_B,6
2875,-21.459375,-32.618057,-21.061798,-1,10,1,NONE,V_B,7
2876,-21.263227,-32.693594,-21.509733,-1,10,1,NONE,V_B,8
2877,-21.116348,-32.751480,-23.594598,-1,10,1,NONE,V_B,9
2878,-20.967407,-32.816534,-23.082584,-1,10,1,NONE,V_B,10
2879,-20.755373,-32.906898,-20.019032,-1,10,1,NONE,V_B,11
2880,-20.612498,-32.958954,-20.767630,-1,10,1,NONE,V_B,12
2881,-20.460501,-33.016594,-23.426557,-1,10,1,NONE,V_B,13
2882,-20.307670,-33.082814,-25.516699,-1,10,1,NONE,V_B,14
2883,-20.116464,-33.174083,-24.630826,-1,10,1,NONE,V_B,15
2884,-19.953179,-33.248947,-22.188765,-1,10,1,NONE,V_B,16
2885,-19.792466,-33.314496,-21.027829,-1,10,1,NONE,V_B,17
2886,-19.646920,-33.370447,-20.268387,-1,10,1,NONE,V_B,18
2887,-19.514526,-33.419338,-22.654798,-1,10,1,NONE,V_B,19
2888,-19.357229,-33.484991,-20.480388,-1,10,1,NONE,V_B,20
2889,-19.218895,-33.536658,-24.087440,-1,10,1,NONE,V_B,21
2890,-19.077229,-33.599991,-18.898432,-1,10,1,NONE,V_B,22
2891,-18.892229,-33.663325,-17.589131,-1,10,1,NONE,V_B,23
2892,-18.684797,-33.729083,-13.134022,-1,10,1,NONE,V_B,24
2893,-18.534797,-33.764083,-11.360337,-1,10,1,NONE,V_B,25
2894,-18.362789,-33.798642,-12.240983,-1,10,1,NONE,V_B,26
2895,-18.155305,-33.843657,-12.597959,-1,10,1,NONE,V_B,27
2896,-17.984630,-33.881801,-11.545607,-1,10,1,NONE,V_B,28
2897,-17.807257,-33.918035,-10.555296,-1,10,1,NONE,V_B,29
2898,-17.672260,-33.943190,-10.036759,-1,10,1,NONE,V_B,30
2899,-17.555970,-33.963772,-9.747087,-1,10,1,NONE,V_B,31
2900,-17.439326,-33.983809,-8.512564,-1,10,1,NONE,V_B,32
2901,-17.346966,-33.997633,-5.587765,-1,10,1,NONE,V_B,33
2902,-17.232079,-34.008873,-3.249937,-1,10,1,NONE,V_B,34
2903,-17.101230,-34.016303,-3.430882,-1,10,1,NONE,V_B,35
2904,-16.913446,-34.027561,-5.908594,-1,10,1,NONE,V_B,36
2905,-16.647318,-34.055103,-5.288550,-1,10,1,NONE,V_B,37
2906,-16.412328,-34.076855,-2.586020,-1,10,1,NONE,V_B,38
2907,-16.244212,-34.084448,-0.908305,-1,10,1,NONE,V_B,39
2908,-16.075172,-34.087128,-0.300864,-1,10,1,NONE,V_B,40
2909,-15.915968,-34.087964,1.974149,-1,10,1,NONE,V_B,41
2910,-15.777757,-34.083200,6.250018,-1,10,1,NONE,V_B,42
2911,-15.611611,-34.065004,7.060186,-1,10,1,NONE,V_B,43
2912,-15.502278,-34.051463,3.695240,-1,10,1,NONE,V_B,44
2913,-15.247229,-34.034991,2.758396,-1,10,1,NONE,V_B,45
2914,-15.043017,-34.025152,-0.949645,-1,10,1,NONE,V_B,46
2915,-14.823301,-34.028794,3.056451,-1,10,1,NONE,V_B,47
2916,-14.660629,-34.020108,5.947151,-1,10,1,NONE,V_B,48
2917,-14.427226,-33.995794,6.276070,-1,10,1,NONE,V_B,49
2918,-14.221249,-33.973141,9.806671,-1,10,1,NONE,V_B,50
2919,-14.051327,-33.943770,10.821073,-1,10,1,NONE,V_B,51
2920,-13.899926,-33.914831,7.650691,-1,10,1,NONE,V_B,52
2921,-13.752229,-33.894991,7.904862,-1,10,1,NONE,V_B,53
2922,-13.595482,-33.873227,4.109291,-1,10,1,NONE,V_B,54
2923,-13.411625,-33.860018,9.467092,-1,10,1,NONE,V_B,55
2924,-13.205157,-33.825589,12.871480,-1,10,1,NONE,V_B,56
2925,-12.992660,-33.777032,11.141670,-1,10,1,NONE,V_B,57
2926,-12.828987,-33.744797,13.106074,-1,10,1,NONE,V_B,58
2927,-12.680043,-33.710120,12.081705,-1,10,1,NONE,V_B,59
2928,-12.556519,-33.683680,12.335797,-1,10,1,NONE,V_B,60
2929,-12.387229,-33.646658,12.937878,-1,10,1,NONE,V_B,61
2930,-12.271709,-33.620120,10.424410,-1,10,1,NONE,V_B,62
2931,-12.124254,-33.592992,12.944172,-1,10,1,NONE,V_B,63
2932,-11.961303,-33.555539,13.418283,-1,10,1,NONE,V_B,64
2933,-11.796396,-33.516197,17.622872,-1,10,1,NONE,V_B,65
2934,-11.645032,-33.468115,22.104915,-1,10,1,NONE,V_B,66
2935,-11.501962,-33.410006,26.065614,-1,10,1,NONE,V_B,67
2936,-11.363931,-33.342488,30.526030,-1,10,1,NONE,V_B,68
2937,-11.215365,-33.254885,30.601401,-1,10,1,NONE,V_B,69
2938,-10.940082,-33.092074,-148.208728,-1,10,1,NONE,V_B,70
2939,-11.124161,-33.206169,-148.504943,1,10,2,NONE,V_B,71
2940,-11.221763,-33.265968,-147.786846,1,10,2,NONE,V_B,72
2941,-11.298604,-33.314382,-151.463655,1,10,2,NONE,V_B,73
2942,-11.423703,-33.382408,-155.942117,1,10,2,NONE,V_B,74
2943,-11.575560,-33.450203,-161.128166,1,10,2,NONE,V_B,75
2944,-11.738929,-33.506047,-163.459323,1,10,2,NONE,V_B,76
2945,-11.917456,-33.559067,-167.752528,1,10,2,NONE,V_B,77
2946,-12.097297,-33.598106,-167.610392,1,10,2,NONE,V_B,78
2947,-12.273376,-33.636786,-170.622956,1,10,2,NONE,V_B,79
2948,-12.455043,-33.666786,-168.494006,1,10,2,NONE,V_B,80
2949,-12.677212,-33.712011,-167.822000,1,10,2,NONE,V_B,81
2950,-12.864941,-33.752524,-164.755868,1,10,2,NONE,V_B,82
2951,-13.070580,-33.808565,-167.817145,1,10,2,NONE,V_B,83
2952,-13.276287,-33.852976,-173.491186,1,10,2,NONE,V_B,84
2953,-13.478651,-33.876064,-178.953130,1,10,2,NONE,V_B,85
2954,-13.699519,-33.880100,-176.444299,1,10,2,NONE,V_B,86
2955,-13.927381,-33.894259,-170.803474,1,10,2,NONE,V_B,87
2956,-14.144135,-33.929352,-173.109668,1,10,2,NONE,V_B,88
2957,-14.389902,-33.959051,-172.351325,1,10,2,NONE,V_B,89
2958,-14.605475,-33.988001,-177.363836,1,10,2,NONE,V_B,90
2959,-14.824361,-33.998079,179.429903,1,10,2,NONE,V_B,91
2960,-15.064653,-33.995688,-178.832998,1,10,2,NONE,V_B,92
2961,-15.283446,-34.000145,179.626404,1,10,2,NONE,V_B,93
2962,-15.493397,-33.998776,-176.444549,1,10,2,NONE,V_B,94
2963,-15.721259,-34.012934,-173.539923,1,10,2,NONE,V_B,95
2964,-15.945714,-34.038349,179.869087,1,10,2,NONE,V_B,96
2965,-16.157542,-34.037865,176.338345,1,10,2,NONE,V_B,97
2966,-16.369027,-34.024331,174.235677,1,10,2,NONE,V_B,98
2967,-16.590093,-34.002015,179.623399,1,10,2,NONE,V_B,99
2968,-16.800042,-34.000635,174.235395,1,10,2,NONE,V_B,100
2969,-17.021107,-33.978318,178.957645,1,10,2,NONE,V_B,101
2970,-17.245570,-33.974234,174.576031,1,10,2,NONE,V_B,102
2971,-17.452121,-33.954622,169.444534,1,10,2,NONE,V_B,103
2972,-17.669787,-33.914062,164.952036,1,10,2,NONE,V_B,104
2973,-17.898568,-33.852555,169.444534,1,10,2,NONE,V_B,105
2974,-18.116234,-33.811995,169.444665,1,10,2,NONE,V_B,106
2975,-18.348414,-33.768731,171.031328,1,10,2,NONE,V_B,107
2976,-18.600600,-33.728930,167.286822,1,10,2,NONE,V_B,108
2977,-18.783746,-33.687612,160.516147,1,10,2,NONE,V_B,109
2978,-19.009121,-33.607874,162.711992,1,10,2,NONE,V_B,110
2979,-19.227229,-33.539991,157.827047,1,10,2,NONE,V_B,111
2980,-19.445371,-33.451089,160.516641,1,10,2,NONE,V_B,112
2981,-19.670755,-33.371350,160.516067,1,10,2,NONE,V_B,113
2982,-19.896129,-33.291612,155.333867,1,10,2,NONE,V_B,114
2983,-20.103599,-33.196335,154.905306,1,10,2,NONE,V_B,115
2984,-20.333217,-33.088800,156.112088,1,10,2,NONE,V_B,116
2985,-20.557175,-32.989612,159.835365,1,10,2,NONE,V_B,117
2986,-20.776464,-32.909083,155.723830,1,10,2,NONE,V_B,118
2987,-21.020537,-32.799002,155.334021,1,10,2,NONE,V_B,119
2988,-21.228015,-32.703722,151.687058,1,10,2,NONE,V_B,120
2989,-21.453684,-32.582146,152.335260,1,10,2,NONE,V_B,121
2990,-21.665184,-32.471272,156.183070,1,10,2,NONE,V_B,122
2991,-21.887159,-32.373291,155.333258,1,10,2,NONE,V_B,123
2992,-22.094621,-32.278015,158.994715,1,10,2,NONE,V_B,124
2993,-22.311263,-32.194831,152.649948,1,10,2,NONE,V_B,125
2994,-22.524075,-32.084755,150.916083,1,10,2,NONE,V_B,126
2995,-22.728147,-31.971245,160.272800,1,10,2,NONE,V_B,127
2996,-23.096944,-31.838999,165.963625,1,10,2,NONE,V_B,128
2997,-23.404389,-31.762137,163.178706,1,10,2,NONE,V_B,129
2998,-23.771615,-31.651116,157.011231,1,10,2,NONE,V_B,130
2999,-24.053439,-31.531554,160.463233,1,10,2,NONE,V_B,131
3000,-24.318183,-31.437612,161.896271,1,10,2,NONE,V_B,132
3001,-24.762270,-31.292430,158.895170,1,10,2,NONE,V_B,133
3002,-25.249058,-31.104547,162.801539,1,10,2,NONE,V_B,134
3003,-25.607743,-30.993526,162.407561,1,10,2,NONE,V_B,135
3004,-25.957889,-30.882504,164.248732,1,10,2,NONE,V_B,136
3005,-26.290954,-30.788562,158.867312,1,10,2,NONE,V_B,137
3006,-26.596493,-30.670464,158.351184,1,10,2,NONE,V_B,138
3007,-26.922924,-30.540899,153.434846,1,10,2,NONE,V_B,139
3008,-27.144967,-30.429877,155.695416,1,10,2,NONE,V_B,140
3009,-27.409711,-30.310315,149.036194,1,10,2,NONE,V_B,141
3010,-27.580514,-30.207833,154.566074,1,10,2,NONE,V_B,142
3011,-27.734549,-30.134580,155.329949,1,10,2,NONE,V_B,143
3012,-27.873066,-30.070957,151.699004,1,10,2,NONE,V_B,144
3013,-28.000968,-30.002086,156.413092,1,10,2,NONE,V_B,145
3014,-28.233815,-29.900421,163.044573,1,10,2,NONE,V_B,146
3015,-28.502737,-29.818432,162.897306,1,10,2,NONE,V_B,147
3016,-28.843809,-29.713487,169.046095,1,10,2,NONE,V_B,148
3017,-29.047141,-29.674133,167.774581,1,10,2,NONE,V_B,149
3018,-29.243913,-29.631498,167.366623,1,10,2,NONE,V_B,150
3019,-29.434126,-29.588864,165.963811,1,10,2,NONE,V_B,151
3020,-29.683371,-29.526553,164.538848,1,10,2,NONE,V_B,152
3021,-29.837510,-29.483919,167.711873,1,10,2,NONE,V_B,153
3022,-30.312429,-29.380473,165.797613,1,11,2,NONE,END_common,0
3023,-30.505895,-29.331510,165.120714,1,11,2,NONE,END_common,1
3024,-30.698919,-29.280225,165.220074,1,11,2,NONE,END_common,2
3025,-30.892084,-29.229261,165.089455,1,11,2,STOP_LINE,END_common,3
3026,-31.085169,-29.177847,165.152972,1,11,2,NONE,END_common,4
3027,-31.278364,-29.126633,163.858765,1,11,2,NONE,END_common,5
3028,-31.470220,-29.071107,162.914549,1,11,2,NONE,END_common,6
3029,-31.661086,-29.012442,163.234662,1,11,2,NONE,END_common,7
3030,-31.852291,-28.954840,161.694701,1,11,2,NONE,END_common,8
3031,-32.041490,-28.892249,160.538630,1,11,2,NONE,END_common,9
3032,-32.229273,-28.825894,161.154360,1,11,2,NONE,END_common,10
3033,-32.417869,-28.761523,159.733494,1,11,2,NONE,END_common,11
3034,-32.605069,-28.692400,156.411707,1,11,2,NONE,END_common,12
3035,-32.787654,-28.612675,153.105023,1,11,2,NONE,END_common,13
3036,-32.965386,-28.522526,152.151709,1,11,2,NONE,END_common,14
3037,-33.141000,-28.429746,150.109614,1,11,2,NONE,END_common,15
3038,-33.314063,-28.330269,149.547181,1,11,2,NONE,END_common,16
3039,-33.485653,-28.229385,150.670950,1,11,2,NONE,END_common,17
3040,-33.657805,-28.132663,148.953489,1,11,2,NONE,END_common,18
3041,-33.826778,-28.030947,144.342660,1,11,2,NONE,END_common,19
3042,-33.987373,-27.915729,140.153145,1,11,2,NONE,END_common,20
3043,-34.139490,-27.788779,137.891052,1,11,2,NONE,END_common,21
3044,-34.286879,-27.655561,134.122440,1,11,2,NONE,END_common,22
3045,-34.425252,-27.512883,131.695899,1,11,2,NONE,END_common,23
3046,-34.557669,-27.364240,131.009341,1,11,2,NONE,END_common,24
3047,-34.688698,-27.213558,125.855373,1,11,2,NONE,END_common,25
3048,-34.805556,-27.051860,122.700298,1,11,2,NONE,END_common,26
3049,-34.913489,-26.883739,119.096246,1,11,2,NONE,END_common,27
3050,-35.010580,-26.709274,116.526453,1,11,2,NONE,END_common,28
3051,-35.099821,-26.530491,118.910506,1,11,2,NONE,END_common,29
3052,-35.196441,-26.355540,117.072908,1,11,2,NONE,END_common,30
3053,-35.287421,-26.177542,113.567580,1,11,2,NONE,END_common,31
3054,-35.367296,-25.994433,109.759976,1,11,2,NONE,END_common,32
3055,-35.434857,-25.806363,106.252550,1,11,2,NONE,END_common,33
3056,-35.490663,-25.614933,101.877272,1,11,2,NONE,END_common,34
3057,-35.531790,-25.419387,100.205566,1,11,2,NONE,END_common,35
3058,-35.567175,-25.222835,98.579441,1,11,2,NONE,END_common,36
3059,-35.596966,-25.025372,97.821076,1,11,2,NONE,END_common,37
3060,-35.624130,-24.827611,94.566200,1,11,2,NONE,END_common,38
3061,-35.639983,-24.629112,91.001664,1,11,2,NONE,END_common,39
3062,-35.643464,-24.430017,87.847923,1,11,2,NONE,END_common,40
3063,-35.635979,-24.230834,86.677824,1,11,2,NONE,END_common,41
3064,-35.624413,-24.031585,87.220057,1,11,2,NONE,END_common,42
3065,-35.614730,-23.832171,86.685986,1,11,2,NONE,END_common,43
3066,-35.603178,-23.632672,85.811210,1,11,2,NONE,END_common,44
3067,-35.588592,-23.433515,84.292126,1,11,2,NONE,END_common,45
3068,-35.568782,-23.235320,81.072016,1,11,2,NONE,END_common,46
3069,-35.537769,-23.037906,79.610907,1,11,2,NONE,END_common,47
3070,-35.501734,-22.841356,78.830297,1,11,2,NONE,END_common,48
3071,-35.463021,-22.645297,79.163325,1,11,2,NONE,END_common,49
3072,-35.425443,-22.448989,78.174335,1,11,2,NONE,END_common,50
3073,-35.384489,-22.253391,80.085634,1,11,2,NONE,END_common,51
3074,-35.350072,-22.056482,79.279463,1,11,2,NONE,END_common,52
3075,-35.312891,-21.860093,76.991814,1,11,2,NONE,END_common,53
3076,-35.267938,-21.665507,74.796707,1,11,2,NONE,END_common,54
3077,-35.215556,-21.472753,73.663345,1,11,2,NONE,END_common,55
3078,-35.159355,-21.281016,75.280307,1,11,2,NONE,END_common,56
3079,-35.108569,-21.087702,75.203593,1,11,2,NONE,END_common,57
3080,-35.057521,-20.894444,73.182500,1,11,2,NONE,END_common,58
3081,-34.999759,-20.703338,70.462604,1,11,2,NONE,END_common,59
3082,-34.932982,-20.515156,71.983124,1,11,2,NONE,END_common,60
3083,-34.871375,-20.325739,71.404524,1,11,2,NONE,END_common,61
3084,-34.807741,-20.136605,71.919791,1,11,2,NONE,END_common,62
3085,-34.745715,-19.946614,72.126821,1,11,2,NONE,END_common,63
3086,-34.684372,-19.756388,69.482308,1,11,2,NONE,END_common,64
3087,-34.614325,-19.569215,69.179715,1,11,2,NONE,END_common,65
3088,-34.543280,-19.382387,68.779288,1,11,2,NONE,END_common,66
3089,-34.471124,-19.196557,66.828355,1,11,2,NONE,END_common,67
3090,-34.392683,-19.013290,66.825016,1,11,2,NONE,END_common,68
3091,-34.314044,-18.829590,64.003084,1,11,2,NONE,END_common,69
3092,-34.226447,-18.649965,64.462626,1,11,2,NONE,END_common,70
3093,-34.140549,-18.470178,67.108943,1,11,2,NONE,END_common,71
3094,-34.062843,-18.286142,65.567672,1,11,2,NONE,END_common,72
3095,-33.980188,-18.104203,63.084039,1,11,2,NONE,END_common,73
3096,-33.889716,-17.925996,65.023454,1,11,2,NONE,END_common,74
3097,-33.805350,-17.744879,64.219213,1,11,2,NONE,END_common,75
3098,-33.718439,-17.564941,64.204060,1,11,2,NONE,END_common,76
3099,-33.631652,-17.385381,62.712736,1,11,2,NONE,END_common,77
3100,-33.540498,-17.208677,62.083121,1,11,2,NONE,END_common,78
3101,-33.446971,-17.032161,61.627987,1,11,2,NONE,END_common,79
3102,-33.352179,-16.856642,58.795739,1,11,2,NONE,END_common,80
3103,-33.248713,-16.685828,58.085231,1,11,2,NONE,END_common,81
3104,-33.143052,-16.516174,58.430782,1,11,2,NONE,END_common,82
3105,-33.038442,-16.345928,58.345019,1,11,2,NONE,END_common,83
3106,-32.933763,-16.176140,56.029764,1,11,2,NONE,END_common,84
3107,-32.822331,-16.010750,53.936017,1,11,2,NONE,END_common,85
3108,-32.704739,-15.849278,54.134865,1,11,2,NONE,END_common,86
3109,-32.587620,-15.687277,53.611968,1,11,2,NONE,END_common,87
3110,-32.469055,-15.526389,49.021510,1,11,2,NONE,END_common,88
3111,-32.338072,-15.375596,51.232529,1,11,2,NONE,END_common,89
3112,-32.213172,-15.220071,47.202262,1,11,2,NONE,END_common,90
3113,-32.077788,-15.073858,45.746812,1,11,2,NONE,END_common,91
3114,-31.938546,-14.930938,44.949678,1,11,2,NONE,END_common,92
3115,-31.797237,-14.789877,40.768713,1,11,2,NONE,END_common,93
3116,-31.645904,-14.659394,38.893280,1,11,2,NONE,END_common,94
3117,-31.490370,-14.533924,35.788211,1,11,2,NONE,END_common,95
3118,-31.328304,-14.417089,35.036601,1,11,2,NONE,END_common,96
3119,-31.164852,-14.302483,34.788467,1,11,2,NONE,END_common,97
3120,-31.001530,-14.189020,32.605365,1,11,2,NONE,END_common,98
3121,-30.833975,-14.081842,31.854137,1,11,2,NONE,END_common,99
3122,-30.664255,-13.976389,31.846771,1,11,2,NONE,END_common,100
3123,-30.494467,-13.870924,28.631967,1,11,2,NONE,END_common,101
3124,-30.319049,-13.775156,26.253715,1,11,2,NONE,END_common,102
3125,-30.139981,-13.686835,23.751282,1,11,2,NONE,END_common,103
3126,-29.957401,-13.606493,21.240383,1,11,2,NONE,END_common,104
3127,-29.771374,-13.534187,19.220600,1,11,2,NONE,END_common,105
3128,-29.582655,-13.468392,17.168825,1,11,2,NONE,END_common,106
3129,-29.391757,-13.409413,15.143936,1,11,2,NONE,END_common,107
3130,-29.199009,-13.357247,12.105880,1,11,2,NONE,END_common,108
3131,-29.003782,-13.315373,10.408258,1,11,2,NONE,END_common,109
3132,-28.807259,-13.279275,9.896308,1,11,2,NONE,END_common,110
3133,-28.610356,-13.244923,7.404664,1,11,2,NONE,END_common,111
3134,-28.412326,-13.219187,5.230324,1,11,2,NONE,END_common,112
3135,-28.213726,-13.201007,1.386589,1,11,2,NONE,END_common,113
3136,-28.014224,-13.196178,-1.687307,1,11,2,NONE,END_common,114
3137,-27.814581,-13.202059,-1.557030,1,11,2,NONE,END_common,115
3138,-27.614890,-13.207487,-6.396201,1,11,2,NONE,END_common,116
3139,-27.416292,-13.229750,-6.231444,1,11,2,NONE,END_common,117
3140,-27.217730,-13.251431,-7.733254,1,11,2,NONE,END_common,118
3141,-27.019735,-13.278318,-7.673192,1,11,2,NONE,END_common,119
3142,-26.822012,-13.304957,-9.698832,1,11,2,NONE,END_common,120
3143,-26.625215,-13.338592,-9.239918,1,11,2,NONE,END_common,121
3144,-26.428030,-13.370670,-8.761057,1,11,2,NONE,END_common,122
3145,-26.230901,-13.401050,-11.042519,1,11,2,NONE,END_common,123
3146,-26.034837,-13.439312,-14.870288,1,11,2,NONE,END_common,124
3147,-25.841800,-13.490568,-14.483648,1,11,2,NONE,END_common,125
3148,-25.648341,-13.540541,-12.404898,1,11,2,NONE,END_common,126
3149,-25.453191,-13.583465,-10.384501,1,11,2,NONE,END_common,127
3150,-25.256634,-13.619485,-11.945709,1,11,2,NONE,END_common,128
3151,-25.061102,-13.660853,-14.936294,1,11,2,NONE,END_common,129
3152,-24.868073,-13.712345,-17.691664,1,11,2,NONE,END_common,130
3153,-24.677682,-13.773076,-19.545383,1,11,2,NONE,END_common,131
3154,-24.489617,-13.839841,-15.799955,1,11,2,NONE,END_common,132
3155,-24.297590,-13.894179,-16.071535,1,11,2,NONE,END_common,133
3156,-24.105856,-13.949417,-14.073681,1,11,2,NONE,END_common,134
3157,-23.912154,-13.997977,-12.776517,1,11,2,NONE,END_common,135
3158,-23.717224,-14.042180,-13.940078,1,11,2,NONE,END_common,136
3159,-23.523261,-14.090325,-17.108484,1,11,2,NONE,END_common,137
3160,-23.332291,-14.149106,-18.744987,1,11,2,NONE,END_common,138
3161,-23.143083,-14.213315,-18.401651,1,11,2,NONE,END_common,139
3162,-22.953596,-14.276355,-15.398375,1,11,2,NONE,END_common,140
3163,-22.760996,-14.329400,-16.122541,1,11,2,NONE,END_common,141
3164,-22.569317,-14.384807,-16.537746,1,11,2,NONE,END_common,142
3165,-22.377804,-14.441673,-18.308408,1,11,2,NONE,END_common,143
3166,-22.188174,-14.504418,-18.107526,1,11,2,NONE,END_common,144
3167,-21.998511,-14.566437,63.490345,1,11,2,STOP_LINE,END_common,145
3168,-21.993556,-14.556503,-22.314018,1,11,2,NONE,END_AB,0
3169,-21.852404,-14.614434,-24.717472,1,11,2,NONE,END_AB,1
3170,-21.707741,-14.681025,-20.969134,1,11,2,NONE,END_AB,2
3171,-21.476070,-14.769812,-18.531003,1,11,2,NONE,END_AB,3
3172,-21.254657,-14.844029,-24.173047,1,11,2,NONE,END_AB,4
3173,-21.047990,-14.936792,-19.756302,1,11,2,NONE,END_AB,5
3174,-20.841350,-15.011009,-26.692020,1,11,2,NONE,END_AB,6
3175,-20.619938,-15.122329,-19.755508,1,11,2,NONE,END_AB,7
3176,-20.413289,-15.196546,-19.752013,1,11,2,NONE,END_AB,8
3177,-20.206631,-15.270752,-24.177450,1,11,2,NONE,END_AB,9
3178,-19.999982,-15.363526,-25.799471,1,11,2,NONE,END_AB,10
3179,-19.808088,-15.456289,-25.800524,1,11,2,NONE,END_AB,11
3180,-19.616203,-15.549052,-25.802134,1,11,2,NONE,END_AB,12
3181,-19.424309,-15.641826,-25.799471,1,11,2,NONE,END_AB,13
3182,-19.232415,-15.734589,-25.800524,1,11,2,NONE,END_AB,14
3183,-19.040530,-15.827352,-30.020475,1,11,2,NONE,END_AB,15
3184,-18.862558,-15.930189,-34.199360,1,11,2,NONE,END_AB,16
3185,-18.686269,-16.049992,-39.962829,1,11,2,NONE,END_AB,17
3186,-18.509139,-16.198426,-38.652492,1,11,2,NONE,END_AB,18
3187,-18.346764,-16.328292,-36.249981,1,11,2,NONE,END_AB,19
3188,-18.169634,-16.458169,-37.978846,1,11,2,NONE,END_AB,20
3189,-18.013653,-16.579942,-42.847659,1,11,2,NONE,END_AB,21
3190,-17.844901,-16.736469,-48.523187,1,11,2,NONE,END_AB,22
3191,-17.697290,-16.903449,-51.494476,1,11,2,NONE,END_AB,23
3192,-17.549678,-17.088986,-45.158905,1,11,2,NONE,END_AB,24
3193,-17.402076,-17.237409,-42.429491,1,11,2,NONE,END_AB,25
3194,-17.239700,-17.385832,-48.810380,1,11,2,NONE,END_AB,26
3195,-17.077334,-17.571369,-45.157158,1,11,2,NONE,END_AB,27
3196,-16.929723,-17.719792,-51.494513,1,11,2,NONE,END_AB,28
3197,-16.796875,-17.886772,-48.810380,1,11,2,NONE,END_AB,29
3198,-16.634509,-18.072309,-48.522994,1,11,2,NONE,END_AB,30
3199,-16.486897,-18.239289,-48.524920,1,11,2,NONE,END_AB,31
3200,-16.339295,-18.406269,-48.808631,1,11,2,NONE,END_AB,32
3201,-16.176919,-18.591806,-51.494712,1,11,2,NONE,END_AB,33
3202,-16.029317,-18.777332,-54.396620,1,11,2,NONE,END_AB,34
3203,-15.896469,-18.962869,-49.691128,1,11,2,NONE,END_AB,35
3204,-15.753295,-19.131641,-44.721110,1,11,2,NONE,END_AB,36
3205,-15.586491,-19.296829,-37.720787,1,11,2,NONE,END_AB,37
3206,-15.394598,-19.445252,-43.310310,1,11,2,NONE,END_AB,38
3207,-15.217467,-19.612232,-39.962829,1,11,2,NONE,END_AB,39
3208,-15.040337,-19.760666,-37.720642,1,11,2,NONE,END_AB,40
3209,-14.848443,-19.909089,-32.148985,1,11,2,NONE,END_AB,41
3210,-14.641794,-20.038966,-28.310956,1,11,2,NONE,END_AB,42
3211,-14.435145,-20.150286,-26.692020,1,11,2,NONE,END_AB,43
3212,-14.213733,-20.261606,-28.309914,1,11,2,NONE,END_AB,44
3213,-14.007075,-20.372926,-30.393024,1,11,2,NONE,END_AB,45
3214,-13.785662,-20.502792,-26.719702,1,11,2,NONE,END_AB,46
3215,-13.580395,-20.606119,-19.088836,1,11,2,NONE,END_AB,47
3216,-13.342837,-20.688329,-25.237285,1,11,2,NONE,END_AB,48
3217,-13.106669,-20.799649,-28.309914,1,11,2,NONE,END_AB,49
3218,-12.900011,-20.910969,-28.310956,1,11,2,NONE,END_AB,50
3219,-12.693362,-21.022289,-30.395255,1,11,2,NONE,END_AB,51
3220,-12.471950,-21.152166,-22.731692,1,11,2,NONE,END_AB,52
3221,-12.250537,-21.244929,-24.174911,1,11,2,NONE,END_AB,53
3222,-12.043888,-21.337692,-24.487477,1,11,2,NONE,END_AB,54
3223,-11.806516,-21.445806,-26.716519,1,11,2,NONE,END_AB,55
3224,-11.615818,-21.541786,-28.310956,1,11,2,NONE,END_AB,56
3225,-11.409169,-21.653106,-26.691916,1,11,2,NONE,END_AB,57
3226,-11.187756,-21.764426,-25.236443,1,11,2,NONE,END_AB,58
3227,-10.951579,-21.875746,-21.444186,1,11,2,NONE,END_AB,59
3228,-10.715412,-21.968509,-16.475897,1,11,2,NONE,END_AB,60
3229,-10.464472,-22.042726,-21.444103,1,11,2,NONE,END_AB,61
3230,-10.228304,-22.135489,-25.236443,1,11,2,NONE,END_AB,62
3231,-9.992127,-22.246809,-21.443443,1,11,2,NONE,END_AB,63
3232,-9.755951,-22.339572,-17.445592,1,11,2,NONE,END_AB,64
3233,-9.519783,-22.413789,-16.475897,1,11,2,NONE,END_AB,65
3234,-9.268843,-22.488006,-21.444103,1,11,2,NONE,END_AB,66
3235,-9.032675,-22.580769,-20.287441,1,11,2,NONE,END_AB,67
3236,-8.781735,-22.673532,-20.287769,1,11,2,NONE,END_AB,68
3237,-8.537968,-22.763645,-21.412185,1,11,2,NONE,END_AB,69
3238,-8.294627,-22.859069,-16.476456,1,11,2,NONE,END_AB,70
3239,-8.043696,-22.933286,-18.528444,1,11,2,NONE,END_AB,71
3240,-7.822283,-23.007492,-21.445672,1,11,2,NONE,END_AB,72
3241,-7.586106,-23.100266,-17.570527,1,11,2,NONE,END_AB,73
3242,-7.359637,-23.171978,-17.327497,1,11,2,NONE,END_AB,74
3243,-7.113762,-23.248689,-17.445037,1,11,2,NONE,END_AB,75
3244,-6.877586,-23.322906,-17.443164,1,11,2,NONE,END_AB,76
3245,-6.641418,-23.397112,-21.445672,1,11,2,NONE,END_AB,77
3246,-6.405241,-23.489886,-21.443443,1,11,2,NONE,END_AB,78
3247,-6.169065,-23.582649,-22.731692,1,11,2,NONE,END_AB,79
3248,-5.947652,-23.675412,-17.445662,1,11,2,NONE,END_AB,80
3249,-5.711485,-23.749629,-16.475835,1,11,2,NONE,END_AB,81
3250,-5.460544,-23.823846,-18.528522,1,11,2,NONE,END_AB,82
3251,-5.239132,-23.898052,-17.445592,1,11,2,NONE,END_AB,83
3252,-5.002964,-23.972269,-19.754714,1,11,2,NONE,END_AB,84
3253,-4.796306,-24.046486,-17.976213,1,11,2,NONE,END_AB,85
3254,-4.600196,-24.110116,-20.156829,1,11,2,NONE,END_AB,86
3255,-4.440770,-24.168637,-20.296023,1,11,2,NONE,END_AB,87
3256,-4.293460,-24.223117,-24.905196,1,11,2,NONE,END_AB,88
3257,-4.123947,-24.301821,-21.277550,1,11,2,NONE,END_AB,89
3258,-3.969702,-24.361889,-21.277550,1,11,2,NONE,END_AB,90
