index,dr_x_m,dr_y_m,dr_yaw_deg,direction,mode,drive_level,event,source_segment_id,source_point_index
0,1.081892,-0.506308,160.936,1,1,2,NONE,START_A,0
1,0.991148,-0.474949,158.714,1,1,2,NONE,START_A,1
2,0.823256,-0.405541,157.734,1,1,2,NONE,START_A,2
3,0.682180,-0.348445,158.963,1,1,2,NONE,START_A,3
4,0.517600,-0.287987,162.103,1,1,2,NONE,START_A,4
5,0.359732,-0.244316,166.054,1,1,2,NONE,START_A,5
6,0.149780,-0.196649,164.489,1,1,2,NONE,START_A,6
7,-0.012586,-0.140989,160.611,1,1,2,NONE,START_A,7
8,-0.219244,-0.066772,159.574,1,1,2,NONE,START_A,8
9,-0.411129,0.007434,158.856,1,1,2,NONE,START_A,9
10,-0.603023,0.081651,161.950,1,1,2,NONE,START_A,10
11,-0.809672,0.137311,167.773,1,1,2,NONE,START_A,11
12,-1.031085,0.174414,166.921,1,1,2,NONE,START_A,12
13,-1.248255,0.239202,160.876,1,1,2,NONE,START_A,13
14,-1.459155,0.322848,157.802,1,1,2,NONE,START_A,14
15,-1.680568,0.415611,159.155,1,1,2,NONE,START_A,15
16,-1.913999,0.496040,162.029,1,1,2,NONE,START_A,16
17,-2.138148,0.564034,164.964,1,1,2,NONE,START_A,17
18,-2.374325,0.619694,164.626,1,1,2,NONE,START_A,18
19,-2.610501,0.693911,159.952,1,1,2,NONE,START_A,19
20,-2.831914,0.786674,157.929,1,1,2,NONE,START_A,20
21,-3.068082,0.879448,161.078,1,1,2,NONE,START_A,21
22,-3.319022,0.953654,165.072,1,1,2,NONE,START_A,22
23,-3.555190,1.009314,166.327,1,1,2,NONE,START_A,23
24,-3.776602,1.064974,164.155,1,1,2,NONE,START_A,24
25,-4.012779,1.139191,162.028,1,1,2,NONE,START_A,25
26,-4.234192,1.213408,161.994,1,1,2,NONE,START_A,26
27,-4.474203,1.289173,163.054,1,1,2,NONE,START_A,27
28,-4.721300,1.361831,163.569,1,1,2,NONE,START_A,28
29,-4.972231,1.436048,164.626,1,1,2,NONE,START_A,29
30,-5.193644,1.491708,162.029,1,1,2,NONE,START_A,30
31,-5.429820,1.584471,159.150,1,1,2,NONE,START_A,31
32,-5.680752,1.677234,163.525,1,1,2,NONE,START_A,32
33,-5.931692,1.732894,165.491,1,1,2,NONE,START_A,33
34,-6.182623,1.807111,163.053,1,1,2,NONE,START_A,34
35,-6.418800,1.881328,163.054,1,1,2,NONE,START_A,35
36,-6.669731,1.955534,161.078,1,1,2,NONE,START_A,36
37,-6.905908,2.048308,159.148,1,1,2,NONE,START_A,37
38,-7.156839,2.141071,159.150,1,1,2,NONE,START_A,38
39,-7.393016,2.233834,160.531,1,1,2,NONE,START_A,39
40,-7.629184,2.308051,160.531,1,1,2,NONE,START_A,40
41,-7.865360,2.400814,159.148,1,1,2,NONE,START_A,41
42,-8.116292,2.493588,158.555,1,1,2,NONE,START_A,42
43,-8.337704,2.586351,158.557,1,1,2,NONE,START_A,43
44,-8.588645,2.679114,163.054,1,1,2,NONE,START_A,44
45,-8.824812,2.734774,164.626,1,1,2,NONE,START_A,45
46,-9.060989,2.808991,164.155,1,1,2,NONE,START_A,46
47,-9.282401,2.864651,164.626,1,1,2,NONE,START_A,47
48,-9.533333,2.938868,162.556,1,1,2,NONE,START_A,48
49,-9.754746,3.013074,163.655,1,1,2,NONE,START_A,49
50,-9.976158,3.068734,166.470,1,1,2,NONE,START_A,50
51,-10.180682,3.115566,164.926,1,1,2,NONE,START_A,51
52,-10.389465,3.180054,160.905,1,1,2,NONE,START_A,52
53,-10.581359,3.254271,157.397,1,1,2,NONE,START_A,53
54,-10.779019,3.342236,158.838,1,1,2,NONE,START_A,54
55,-10.950684,3.397239,163.578,1,1,2,NONE,START_A,55
56,-11.095683,3.435567,163.167,1,1,2,NONE,START_A,56
57,-11.275683,3.495568,163.913,1,1,2,NONE,START_A,57
58,-11.454017,3.538905,165.256,1,1,2,NONE,START_A,58
59,-11.592347,3.578902,164.390,1,1,2,NONE,START_A,59
60,-11.680682,3.602235,165.215,1,1,2,NONE,START_A,60
61,-11.712344,3.610573,163.244,1,1,2,NONE,START_A,61
62,-11.835680,3.648901,160.017,1,1,2,NONE,START_A,62
63,-12.005680,3.717240,161.322,1,1,2,NONE,START_A,63
64,-12.205049,3.773768,163.882,1,1,2,NONE,START_A,64
65,-12.369019,3.822237,163.415,1,1,2,NONE,START_A,65
66,-12.535680,3.872242,160.611,1,1,2,NONE,START_A,66
67,-12.757350,3.958904,158.523,1,1,2,NONE,START_A,67
68,-12.942345,4.032242,160.252,1,1,2,NONE,START_A,68
69,-13.120219,4.089171,162.404,1,1,2,NONE,START_A,69
70,-13.297349,4.144831,159.866,1,1,2,NONE,START_A,70
71,-13.474479,4.219048,158.857,1,1,2,NONE,START_A,71
72,-13.681137,4.293254,160.246,1,1,2,NONE,START_A,72
73,-13.887786,4.367471,159.573,1,1,2,NONE,START_A,73
74,-14.079680,4.441688,160.877,1,1,2,NONE,START_A,74
75,-14.315847,4.515894,161.470,1,1,2,NONE,START_A,75
76,-14.522505,4.590111,160.011,1,1,2,NONE,START_A,76
77,-14.745680,4.672243,157.929,1,1,2,NONE,START_A,77
78,-14.980086,4.775648,158.066,1,1,2,NONE,START_A,78
79,-15.186743,4.849854,158.690,1,1,2,NONE,START_A,79
80,-15.408156,4.942628,159.340,1,1,2,NONE,START_A,80
81,-15.629569,5.016834,159.340,1,1,2,NONE,START_A,81
82,-15.850981,5.109608,155.255,1,1,2,NONE,START_A,82
83,-16.072394,5.220928,155.257,1,1,2,NONE,START_A,83
84,-16.293807,5.313691,159.952,1,1,2,NONE,START_A,84
85,-16.529975,5.387908,163.054,1,1,2,NONE,START_A,85
86,-16.780915,5.462114,164.627,1,1,2,NONE,START_A,86
87,-17.002328,5.517774,162.027,1,1,2,NONE,START_A,87
88,-17.238495,5.610548,158.555,1,1,2,NONE,START_A,88
89,-17.474672,5.703311,157.930,1,1,2,NONE,START_A,89
90,-17.696084,5.796074,161.078,1,1,2,NONE,START_A,90
91,-17.961780,5.870291,163.970,1,1,2,NONE,START_A,91
92,-18.212711,5.944508,162.556,1,1,2,NONE,START_A,92
93,-18.434124,6.018714,160.531,1,1,2,NONE,START_A,93
94,-18.685064,6.111488,158.555,1,1,2,NONE,START_A,94
95,-18.906477,6.204251,160.119,1,1,2,NONE,START_A,95
96,-19.153910,6.281029,163.054,1,1,2,NONE,START_A,96
97,-19.393585,6.352674,160.938,1,1,2,NONE,START_A,97
98,-19.629753,6.445448,158.602,1,1,2,NONE,START_A,98
99,-19.859738,6.535339,158.090,1,1,2,NONE,START_A,99
100,-19.998777,6.593871,158.795,1,1,2,NONE,START_A,100
101,-20.249699,6.686634,161.597,1,1,2,NONE,START_A,101
102,-20.500648,6.760851,161.078,1,2,2,NONE,START_A,102
103,-20.736807,6.853614,159.148,1,2,2,NONE,START_A,103
104,-20.987756,6.946388,159.711,1,2,2,NONE,START_A,104
105,-21.238688,7.039151,159.150,1,2,2,NONE,START_A,105
106,-21.474864,7.131914,158.555,1,2,2,NONE,START_A,106
107,-21.711023,7.224688,161.078,1,2,2,NONE,START_A,107
108,-21.961972,7.298894,163.506,1,2,2,NONE,START_A,108
109,-22.133851,7.349890,161.303,1,2,2,NONE,START_A,109
110,-22.345751,7.428771,159.652,1,2,2,NONE,START_A,110
111,-22.596674,7.521534,159.711,1,2,2,NONE,START_A,111
112,-22.847614,7.614308,159.711,1,2,2,NONE,START_A,112
113,-23.098546,7.707071,161.597,1,2,2,NONE,START_A,113
114,-23.349477,7.781288,162.556,1,2,2,NONE,START_A,114
115,-23.570890,7.855494,161.470,1,2,2,NONE,START_A,115
116,-23.792303,7.929711,157.929,1,2,2,NONE,START_A,116
117,-24.028479,8.041031,158.555,1,2,2,NONE,START_A,117
118,-24.264656,8.115248,162.556,1,2,2,NONE,START_A,118
119,-24.500823,8.189454,164.627,1,2,2,NONE,START_A,119
120,-24.737000,8.245114,165.659,1,2,2,NONE,START_A,120
121,-24.957536,8.306218,161.469,1,2,2,NONE,START_A,121
122,-25.179825,8.393548,158.979,1,2,2,NONE,START_A,122
123,-25.396916,8.475068,161.470,1,2,2,NONE,START_A,123
124,-25.622651,8.541971,160.932,1,2,2,NONE,START_A,124
125,-25.858827,8.634734,159.340,1,2,2,NONE,START_A,125
126,-26.065476,8.708951,162.555,1,2,2,NONE,START_A,126
127,-26.272125,8.764611,162.029,1,2,2,NONE,START_A,127
128,-26.523065,8.857374,160.531,1,2,2,NONE,START_A,128
129,-26.744478,8.931591,162.028,1,2,2,NONE,START_A,129
130,-26.980646,9.005808,162.029,1,2,2,NONE,START_A,130
131,-27.202058,9.080014,163.123,1,2,2,NONE,START_A,131
132,-27.408716,9.135674,163.122,1,2,2,NONE,START_A,132
133,-27.630129,9.209891,160.325,1,2,2,NONE,START_A,133
134,-27.846166,9.292090,161.470,1,2,2,NONE,START_A,134
135,-28.072954,9.358314,162.602,1,2,2,NONE,START_A,135
136,-28.294367,9.432531,163.654,1,2,2,NONE,START_A,136
137,-28.515780,9.488191,165.423,1,2,2,NONE,START_A,137
138,-28.722429,9.543851,163.122,1,2,2,NONE,START_A,138
139,-28.943841,9.618068,161.470,1,2,2,NONE,START_A,139
140,-29.165254,9.692274,163.566,1,2,2,NONE,START_A,140
141,-29.402148,9.753255,166.327,1,2,2,NONE,START_A,141
142,-29.622843,9.803594,165.591,1,2,2,NONE,START_A,142
143,-29.814728,9.859254,162.104,1,2,2,NONE,START_A,143
144,-30.006746,9.927560,157.267,1,2,2,NONE,START_A,144
145,-30.213271,10.026234,156.542,1,2,2,NONE,START_A,145
146,-30.405165,10.100451,158.856,1,2,2,NONE,START_A,146
147,-30.597059,10.174668,158.856,1,2,2,NONE,START_A,147
148,-30.788944,10.248874,158.994,1,2,2,NONE,START_A,148
149,-30.965384,10.316100,156.385,1,2,2,NONE,START_A,149
150,-31.128450,10.397308,153.930,1,2,2,NONE,START_A,150
151,-31.303091,10.481321,156.672,1,2,2,NONE,START_A,151
152,-31.453785,10.537605,160.974,1,2,2,STOP_LINE,START_A,152
153,-31.619003,10.590259,162.130,1,2,2,NONE,START_A,153
154,-31.786045,10.644728,160.400,1,2,2,NONE,START_A,154
155,-31.910772,10.694154,158.630,1,2,2,NONE,START_A,155
156,-32.078355,10.759109,158.460,1,2,2,NONE,START_A,156
157,-32.236310,10.822651,159.325,1,2,2,NONE,START_A,157
158,-32.397880,10.879691,159.628,1,2,2,NONE,START_A,158
159,-32.589774,10.953908,158.090,1,2,2,NONE,START_A,159
160,-32.766904,11.028114,155.653,1,2,2,NONE,START_A,160
161,-32.958789,11.120888,156.816,1,2,2,NONE,START_A,161
162,-33.135042,11.185777,161.305,1,2,2,NONE,START_A,162
163,-33.342577,11.250754,160.787,1,2,2,NONE,START_A,163
164,-33.534462,11.324971,161.303,1,2,2,NONE,START_A,164
165,-33.726356,11.380631,162.555,1,2,2,NONE,START_A,165
166,-33.947769,11.454848,158.690,1,2,2,NONE,START_A,166
167,-34.154418,11.547611,158.001,1,2,2,NONE,START_A,167
168,-34.361075,11.621828,163.122,1,2,2,NONE,START_A,168
169,-34.582488,11.677488,166.327,1,2,2,NONE,START_A,169
170,-34.818656,11.733148,165.889,1,2,2,NONE,START_A,170
171,-35.025313,11.788808,161.470,1,2,2,NONE,START_A,171
172,-35.261481,11.881571,158.556,1,2,2,NONE,START_A,172
173,-35.497658,11.974334,161.078,1,2,2,NONE,START_A,173
174,-35.748589,12.048551,163.524,1,2,2,NONE,START_A,174
175,-35.999529,12.122768,164.153,1,2,2,NONE,START_A,175
176,-36.227026,12.184362,161.470,1,2,2,NONE,START_A,176
177,-36.442355,12.271191,156.305,1,2,2,NONE,START_A,177
178,-36.678522,12.382511,157.929,1,2,2,NONE,START_A,178
179,-36.899935,12.456728,163.654,1,2,2,NONE,START_A,179
180,-37.121348,12.512388,166.327,1,2,2,NONE,START_A,180
181,-37.357524,12.568048,164.011,1,2,2,NONE,START_A,181
182,-37.579654,12.643712,158.001,1,2,2,NONE,START_A,182
183,-37.770831,12.735028,155.169,1,2,2,NONE,START_A,183
184,-37.977480,12.827791,158.000,1,2,2,NONE,START_A,184
185,-38.184129,12.902008,162.555,1,2,2,NONE,START_A,185
186,-38.390787,12.957668,162.557,1,2,2,NONE,START_A,186
187,-38.597436,13.031874,158.856,1,2,2,NONE,START_A,187
188,-38.774566,13.106091,154.199,1,2,2,NONE,START_A,188
189,-38.981215,13.217411,154.523,1,2,2,NONE,START_A,189
190,-39.168308,13.293699,157.268,1,2,2,NONE,START_A,190
191,-39.335475,13.365834,157.824,1,2,2,NONE,START_A,191
192,-39.527369,13.440051,159.989,1,2,2,NONE,START_A,192
193,-39.705730,13.500676,159.065,1,2,2,NONE,START_A,193
194,-39.866865,13.569928,157.109,1,2,2,NONE,START_A,194
195,-40.032544,13.638668,160.133,1,2,2,NONE,START_A,195
196,-40.197762,13.689497,163.005,1,2,2,NONE,START_A,196
197,-40.353973,13.736908,165.143,1,2,2,NONE,START_A,197
198,-40.516349,13.774011,166.537,1,2,2,NONE,START_A,198
199,-40.663951,13.811114,162.556,1,2,2,NONE,START_A,199
200,-40.870609,13.885331,160.057,1,2,2,NONE,START_A,200
201,-41.029309,13.943685,161.078,1,2,2,NONE,START_A,201
202,-41.195342,13.996651,163.964,1,2,2,NONE,START_A,202
203,-41.332520,14.030837,165.257,1,2,2,NONE,START_A,203
204,-41.463242,14.067150,164.112,1,2,2,NONE,START_A,204
205,-41.568546,14.098019,163.846,1,2,2,NONE,START_A,205
206,-41.726502,14.143404,163.703,1,2,2,NONE,START_A,206
207,-41.879020,14.188789,162.986,1,2,2,NONE,START_A,207
208,-42.095756,14.256394,162.622,1,2,2,NONE,START_A,208
209,-42.272887,14.312054,161.950,1,2,2,NONE,START_A,209
210,-42.494299,14.386271,159.340,1,2,2,NONE,START_A,210
211,-42.715712,14.479034,159.340,1,2,2,NONE,START_A,211
212,-42.937125,14.553251,157.929,1,2,2,NONE,START_A,212
213,-43.173301,14.664571,158.555,1,2,2,NONE,START_A,213
214,-43.409469,14.738788,162.556,1,2,2,NONE,START_A,214
215,-43.645645,14.812994,159.952,1,2,2,NONE,START_A,215
216,-43.867058,14.905768,157.929,1,2,2,NONE,START_A,216
217,-44.103235,14.998531,156.633,1,2,2,NONE,START_A,217
218,-44.339402,15.109851,155.963,1,2,2,NONE,START_A,218
219,-44.560815,15.202614,159.952,1,2,2,NONE,START_A,219
220,-44.796991,15.276831,161.078,1,2,2,NONE,START_A,220
221,-45.047923,15.369594,161.078,1,2,2,NONE,START_A,221
222,-45.284099,15.443811,160.531,1,2,2,NONE,START_A,222
223,-45.520276,15.536574,158.555,1,2,2,NONE,START_A,223
224,-45.756444,15.629348,161.078,1,2,2,NONE,START_A,224
225,-46.007384,15.703554,165.890,1,2,2,NONE,START_A,225
226,-46.273079,15.759214,165.491,1,2,2,NONE,START_A,226
227,-46.509247,15.833431,163.524,1,2,2,NONE,START_A,227
228,-46.774942,15.907648,163.525,1,2,2,NONE,START_A,228
229,-47.011119,15.981854,163.525,1,2,2,NONE,START_A,229
230,-47.276814,16.056071,164.022,1,2,2,NONE,START_A,230
231,-47.527382,16.129676,163.054,1,3,2,NONE,START_A,231
232,-47.763922,16.204494,161.642,1,3,2,NONE,START_A,232
233,-47.926811,16.262225,160.245,1,3,2,NONE,START_A,233
234,-48.177228,16.352928,160.431,1,3,2,NONE,START_A,234
235,-48.442924,16.445691,162.089,1,3,2,NONE,START_A,235
236,-48.693855,16.519908,163.971,1,3,2,NONE,START_A,236
237,-48.959550,16.594114,162.089,1,3,2,NONE,START_A,237
238,-49.210482,16.686888,159.846,1,3,2,NONE,START_A,238
239,-49.470084,16.781488,160.246,1,3,2,NONE,START_A,239
240,-49.623789,16.835311,160.735,1,3,2,NONE,START_A,240
241,-49.889484,16.928074,163.000,1,3,2,NONE,START_A,241
242,-50.169943,17.002291,162.556,1,3,2,NONE,START_A,242
243,-50.420874,17.095054,159.626,1,3,2,NONE,START_A,243
244,-50.819417,17.243488,161.237,1,3,2,NONE,START_A,244
245,-50.967029,17.280591,162.557,1,3,2,NONE,START_A,245
246,-51.232724,17.373354,162.556,1,3,2,NONE,START_A,246
247,-51.498419,17.447571,164.925,1,3,2,NONE,START_A,247
248,-51.646022,17.484674,162.555,1,3,2,NONE,START_A,248
249,-51.911717,17.577448,159.510,1,3,2,NONE,START_A,249
250,-52.192176,17.688768,159.511,1,3,2,NONE,START_A,250
251,-52.457871,17.781531,162.557,1,3,2,NONE,START_A,251
252,-52.605483,17.818634,164.926,1,3,2,NONE,START_A,252
253,-52.871178,17.892851,164.925,1,3,2,NONE,START_A,253
254,-53.018781,17.929954,162.626,1,3,2,NONE,START_A,254
255,-53.259261,18.014279,160.587,1,3,2,NONE,START_A,255
256,-53.428111,18.074203,161.263,1,3,2,NONE,START_A,256
257,-53.569726,18.119588,161.581,1,3,2,NONE,START_A,257
258,-53.830630,18.208254,162.887,1,3,2,NONE,START_A,258
259,-53.978242,18.245368,164.926,1,3,2,NONE,START_A,259
260,-54.243937,18.319574,164.925,1,3,2,NONE,START_A,260
261,-54.391539,18.356688,161.950,1,3,2,NONE,START_A,261
262,-54.642480,18.449451,159.574,1,3,2,NONE,START_A,262
263,-54.790082,18.505111,159.339,1,3,2,NONE,START_A,263
264,-54.937694,18.560771,160.246,1,3,2,NONE,START_A,264
265,-55.203389,18.653534,163.000,1,3,2,NONE,START_A,265
266,-55.483848,18.727751,163.000,1,3,2,NONE,START_A,266
267,-55.749543,18.820514,162.556,1,3,2,NONE,START_A,267
268,-56.015238,18.894731,162.999,1,3,2,NONE,START_A,268
269,-56.295689,18.987494,161.919,1,3,2,NONE,START_A,269
270,-56.443840,19.034660,162.555,1,3,2,NONE,START_A,270
271,-56.590911,19.080268,164.321,1,3,2,NONE,START_A,271
272,-56.738514,19.117371,166.537,1,3,2,NONE,START_A,272
273,-56.900889,19.154474,168.169,1,3,2,NONE,START_A,273
274,-57.181339,19.210134,167.771,1,3,2,NONE,START_A,274
275,-57.328951,19.247248,167.772,1,3,2,NONE,START_A,275
276,-57.609410,19.302908,166.964,1,3,2,NONE,START_A,276
277,-57.889860,19.377114,166.964,1,3,2,NONE,START_A,277
278,-58.170319,19.432774,170.486,1,3,2,NONE,START_A,278
279,-58.332686,19.451331,172.592,1,3,2,NONE,START_A,279
280,-58.598381,19.488434,169.821,1,3,2,NONE,START_A,280
281,-58.849321,19.544094,167.840,1,3,2,NONE,START_A,281
282,-59.115016,19.599754,170.367,1,3,2,NONE,START_A,282
283,-59.377860,19.633807,174.333,1,3,2,NONE,START_A,283
284,-59.675926,19.655414,177.805,1,3,2,NONE,START_A,284
285,-59.941621,19.655414,-177.793,1,3,2,NONE,START_A,285
286,-60.189444,19.635621,-175.772,1,3,2,NONE,START_A,286
287,-60.443493,19.618311,-174.342,1,3,2,NONE,START_A,287
288,-60.738707,19.581208,-172.463,1,3,2,NONE,START_A,288
289,-61.004402,19.544094,-170.097,1,3,2,NONE,START_A,289
290,-61.270097,19.488434,-163.971,1,3,2,NONE,START_A,290
291,-61.521029,19.395671,-162.089,1,3,2,NONE,START_A,291
292,-61.786724,19.321454,-164.796,1,3,2,NONE,START_A,292
293,-62.067183,19.247248,-163.000,1,3,2,NONE,START_A,293
294,-62.332878,19.154474,-158.989,1,3,2,NONE,START_A,294
295,-62.598573,19.043154,-156.077,1,3,2,NONE,START_A,295
296,-62.834750,18.931834,-156.633,1,3,2,NONE,START_A,296
297,-63.070918,18.839071,-157.871,1,3,2,NONE,START_A,297
298,-63.336613,18.727751,-156.687,1,3,2,NONE,START_A,298
299,-63.587553,18.616431,-156.687,1,3,2,NONE,START_A,299
300,-63.853248,18.505111,-154.331,1,3,2,NONE,START_A,300
301,-64.089416,18.375234,-151.194,1,3,2,NONE,START_A,301
302,-64.325593,18.245368,-152.093,1,3,2,NONE,START_A,302
303,-64.537821,18.137744,-151.624,1,3,2,NONE,START_A,303
304,-64.679446,18.054232,-148.163,1,3,2,NONE,START_A,304
305,-64.812701,17.967068,-146.404,1,3,2,NONE,START_A,305
306,-65.034104,17.818634,-142.978,1,3,2,NONE,START_A,306
307,-65.255526,17.633108,-140.529,1,3,2,NONE,START_A,307
308,-65.462175,17.466128,-141.344,1,3,2,NONE,START_A,308
309,-65.580268,17.373354,-140.657,1,3,2,NONE,START_A,309
310,-65.801671,17.187828,-139.665,1,3,2,NONE,START_A,310
311,-65.939479,17.068348,-136.239,1,3,2,NONE,START_A,311
312,-66.111649,16.890971,-132.511,1,3,2,NONE,START_A,312
313,-66.219079,16.763332,-126.922,1,3,2,NONE,START_A,313
314,-66.362590,16.557011,-127.974,1,3,2,NONE,START_A,314
315,-66.524947,16.371474,-131.067,1,3,2,NONE,START_A,315
316,-66.702077,16.167391,-131.644,1,3,2,NONE,START_A,316
317,-66.805406,16.056071,-132.868,1,3,2,NONE,START_A,317
318,-66.908735,15.944751,-130.023,1,3,2,NONE,START_A,318
319,-67.085865,15.722111,-128.506,1,3,2,NONE,START_A,319
320,-67.248240,15.518028,-126.921,1,3,2,NONE,START_A,320
321,-67.336805,15.388151,-126.920,1,3,2,NONE,START_A,321
322,-67.499163,15.184068,-128.505,1,3,2,NONE,START_A,322
323,-67.676293,14.961428,-128.664,1,3,2,NONE,START_A,323
324,-67.776877,14.836972,-127.006,1,3,2,NONE,START_A,324
325,-67.941988,14.608911,-124.764,1,3,2,NONE,START_A,325
326,-68.098235,14.373981,-121.159,1,3,2,NONE,START_A,326
327,-68.222447,14.145074,-121.047,1,3,2,NONE,START_A,327
328,-68.370059,13.922434,-122.476,1,3,2,NONE,START_A,328
329,-68.517661,13.681248,-122.476,1,3,2,NONE,START_A,329
330,-68.606235,13.551371,-120.824,1,3,2,NONE,START_A,330
331,-68.739074,13.310174,-118.845,1,3,2,NONE,START_A,331
332,-68.871922,13.068988,-117.941,1,3,2,NONE,START_A,332
333,-69.004769,12.809234,-120.173,1,3,2,NONE,START_A,333
334,-69.152381,12.586594,-124.843,1,3,2,NONE,START_A,334
335,-69.314747,12.363954,-125.445,1,3,2,NONE,START_A,335
336,-69.403312,12.234088,-124.070,1,3,2,NONE,START_A,336
337,-69.565688,11.992891,-122.724,1,3,2,NONE,START_A,337
338,-69.713290,11.751694,-123.754,1,3,2,NONE,START_A,338
339,-69.875665,11.529054,-126.103,1,3,2,NONE,START_A,339
340,-70.038032,11.306414,-128.505,1,3,2,NONE,START_A,340
341,-70.215162,11.102331,-128.505,1,3,2,NONE,START_A,341
342,-70.377528,10.879691,-122.475,1,3,2,NONE,START_A,342
343,-70.510376,10.638494,-122.476,1,3,2,NONE,START_A,343
344,-70.672751,10.415854,-124.843,1,3,2,NONE,START_A,344
345,-70.820354,10.193214,-124.997,1,3,2,NONE,START_A,345
346,-70.997484,9.952028,-123.755,1,3,2,NONE,START_A,346
347,-71.130331,9.729388,-118.414,1,3,2,NONE,START_A,347
348,-71.248424,9.488191,-118.414,1,3,2,NONE,START_A,348
349,-71.381272,9.265551,-120.824,1,3,2,NONE,START_A,349
350,-71.514119,9.042911,-121.158,1,3,2,NONE,START_A,350
351,-71.661722,8.801714,-122.475,1,3,2,NONE,START_A,351
352,-71.750287,8.671848,-120.381,1,3,2,NONE,START_A,352
353,-71.868380,8.449208,-118.414,1,3,2,NONE,START_A,353
354,-72.001227,8.208011,-118.845,1,3,2,NONE,START_A,354
355,-72.134075,7.966814,-121.159,1,3,2,NONE,START_A,355
356,-72.281678,7.744174,-122.476,1,3,2,NONE,START_A,356
357,-72.429289,7.502988,-122.358,1,3,2,NONE,START_A,357
358,-72.575528,7.280393,-120.824,1,3,2,NONE,START_A,358
359,-72.694984,7.057708,-118.542,1,3,2,NONE,START_A,359
360,-72.827832,6.816511,-120.824,1,3,2,NONE,START_A,360
361,-72.960679,6.612428,-122.205,1,3,2,NONE,START_A,361
362,-73.108291,6.371231,-121.159,1,3,2,NONE,START_A,362
363,-73.241139,6.148591,-119.403,1,3,2,NONE,START_A,363
364,-73.359222,5.925951,-114.014,1,3,2,NONE,START_A,364
365,-73.447787,5.684754,-112.475,1,3,2,NONE,START_A,365
366,-73.551116,5.462114,-113.190,1,3,2,NONE,START_A,366
367,-73.654436,5.202371,-112.417,1,3,2,NONE,START_A,367
368,-73.757765,4.961174,-110.163,1,3,2,NONE,START_A,368
369,-73.831567,4.719988,-107.014,1,3,2,NONE,START_A,369
370,-73.905377,4.478791,-103.265,1,3,2,NONE,START_A,370
371,-73.949659,4.219048,-102.089,1,3,2,NONE,START_A,371
372,-74.008697,3.996408,-102.089,1,3,2,NONE,START_A,372
373,-74.052979,3.736654,-98.382,1,3,2,NONE,START_A,373
374,-74.082507,3.495468,-95.245,1,3,2,NONE,START_A,374
375,-74.097262,3.254271,-93.372,1,3,2,NONE,START_A,375
376,-74.112026,2.994528,-93.373,1,3,2,NONE,START_A,376
377,-74.126789,2.753331,-93.502,1,3,2,NONE,START_A,377
378,-74.141544,2.512134,-93.372,1,3,2,NONE,START_A,378
379,-74.156308,2.252391,-90.301,1,3,2,NONE,START_A,379
380,-74.144219,2.002422,-84.948,1,3,2,NONE,START_A,380
381,-74.112026,1.751451,-81.484,1,3,2,NONE,START_A,381
382,-74.067743,1.491708,-79.974,1,3,2,NONE,START_A,382
383,-74.023460,1.250511,-76.245,1,3,2,NONE,START_A,383
384,-73.949659,1.009314,-73.816,1,3,2,NONE,START_A,384
385,-73.905970,0.845674,-72.346,1,3,2,NONE,START_A,385
386,-73.831567,0.638251,-70.036,1,3,2,NONE,START_A,386
387,-73.743001,0.397054,-66.755,1,3,2,NONE,START_A,387
388,-73.628744,0.166043,-65.105,1,3,2,NONE,START_A,388
389,-73.536353,-0.048226,-66.746,1,3,2,NONE,START_A,389
390,-73.433024,-0.289412,-64.482,1,3,2,NONE,START_A,390
391,-73.314940,-0.512052,-62.059,1,3,2,NONE,START_A,391
392,-73.196856,-0.734692,-58.093,1,3,2,NONE,START_A,392
393,-73.049245,-0.938786,-55.324,1,3,2,NONE,START_A,393
394,-72.901633,-1.161426,-57.795,1,3,2,NONE,START_A,394
395,-72.768785,-1.384066,-57.796,1,3,2,NONE,START_A,395
396,-72.621183,-1.606706,-55.324,1,3,2,NONE,START_A,396
397,-72.473571,-1.810789,-53.989,1,3,2,NONE,START_A,397
398,-72.309248,-2.035878,-51.495,1,3,2,NONE,START_A,398
399,-72.148830,-2.218966,-50.117,1,3,2,NONE,START_A,399
400,-72.001227,-2.404492,-50.190,1,3,2,NONE,START_A,400
401,-71.824097,-2.608586,-48.357,1,3,2,NONE,START_A,401
402,-71.720768,-2.719906,-43.310,1,3,2,NONE,START_A,402
403,-71.528874,-2.886886,-41.492,1,3,2,NONE,START_A,403
404,-71.322225,-3.072412,-41.414,1,3,2,NONE,START_A,404
405,-71.115647,-3.251370,-41.029,1,3,2,NONE,START_A,405
406,-70.938446,-3.406372,-38.930,1,3,2,NONE,START_A,406
407,-70.717034,-3.573352,-37.960,1,3,2,NONE,START_A,407
408,-70.510376,-3.740332,-37.349,1,3,2,NONE,START_A,408
409,-70.303727,-3.888766,-34.741,1,3,2,NONE,START_A,409
410,-70.082314,-4.037189,-33.029,1,3,2,NONE,START_A,410
411,-69.875665,-4.167066,-34.926,1,3,2,NONE,START_A,411
412,-69.683771,-4.315489,-35.687,1,3,2,NONE,START_A,412
413,-69.462359,-4.463912,-34.741,1,3,2,NONE,START_A,413
414,-69.255710,-4.612346,-34.741,1,3,2,NONE,START_A,414
415,-69.034297,-4.760769,-32.513,1,3,2,NONE,START_A,415
416,-68.821032,-4.889410,-32.147,1,3,2,NONE,START_A,416
417,-68.620990,-5.020512,-34.502,1,3,2,NONE,START_A,417
418,-68.414341,-5.168946,-34.741,1,3,2,NONE,START_A,418
419,-68.192929,-5.317369,-31.307,1,3,2,NONE,START_A,419
420,-67.956752,-5.447246,-27.794,1,3,2,NONE,START_A,420
421,-67.735339,-5.558566,-26.692,1,3,2,NONE,START_A,421
422,-67.513936,-5.669886,-29.399,1,3,2,NONE,START_A,422
423,-67.307287,-5.799752,-33.954,1,3,2,NONE,START_A,423
424,-67.100620,-5.948186,-33.028,1,3,2,NONE,START_A,424
425,-66.879207,-6.078052,-28.576,1,3,2,NONE,START_A,425
426,-66.657804,-6.189372,-25.842,1,3,2,NONE,START_A,426
427,-66.456088,-6.282981,-26.281,1,3,2,NONE,START_A,427
428,-66.244506,-6.393466,-29.034,1,3,2,NONE,START_A,428
429,-66.023084,-6.523332,-30.394,1,3,2,NONE,START_A,429
430,-65.801671,-6.653209,-28.577,1,3,2,NONE,START_A,430
431,-65.580268,-6.764529,-25.946,1,3,2,NONE,START_A,431
432,-65.344091,-6.875849,-24.743,1,3,2,NONE,START_A,432
433,-65.137442,-6.968612,-25.490,1,3,2,NONE,START_A,433
434,-64.916029,-7.079932,-27.794,1,3,2,NONE,START_A,434
435,-64.679853,-7.209809,-27.050,1,3,2,NONE,START_A,435
436,-64.443676,-7.321129,-23.367,1,3,2,NONE,START_A,436
437,-64.207509,-7.413892,-22.071,1,3,2,NONE,START_A,437
438,-63.986096,-7.506666,-23.433,1,3,2,NONE,START_A,438
439,-63.779438,-7.599429,-27.479,1,3,2,NONE,START_A,439
440,-63.558026,-7.729306,-27.794,1,3,2,NONE,START_A,440
441,-63.321858,-7.840626,-23.367,1,3,2,NONE,START_A,441
442,-63.085681,-7.933389,-21.171,1,3,2,NONE,START_A,442
443,-62.866492,-8.016990,-17.971,1,3,2,NONE,START_A,443
444,-62.628092,-8.081812,-16.824,1,3,2,NONE,START_A,444
445,-62.406679,-8.156029,-20.048,1,3,2,NONE,START_A,445
446,-62.170512,-8.248792,-18.922,1,3,2,NONE,START_A,446
447,-61.919572,-8.323009,-14.929,1,3,2,NONE,START_A,447
448,-61.683404,-8.378669,-10.782,1,3,2,NONE,START_A,448
449,-61.432464,-8.415772,-9.873,1,3,2,NONE,START_A,449
450,-61.203567,-8.462181,-11.461,1,3,2,NONE,START_A,450
451,-60.974883,-8.508546,-12.379,1,3,2,NONE,START_A,451
452,-60.738707,-8.564206,-13.261,1,3,2,NONE,START_A,452
453,-60.502530,-8.619866,-13.261,1,3,2,NONE,START_A,453
454,-60.266362,-8.675526,-11.460,1,3,2,NONE,START_A,454
455,-60.044950,-8.712629,-11.058,1,3,2,NONE,START_A,455
456,-59.836184,-8.759595,-14.111,1,3,2,NONE,START_A,456
457,-59.602124,-8.823949,-15.643,1,3,2,NONE,START_A,457
458,-59.368543,-8.890541,-13.673,1,3,2,NONE,START_A,458
459,-59.144535,-8.935269,-7.590,1,3,2,NONE,START_A,459
460,-58.893604,-8.953826,-6.519,1,3,2,NONE,START_A,460
461,-58.657427,-8.990929,-6.935,1,3,2,NONE,START_A,461
462,-58.436014,-9.009486,-4.636,1,3,2,NONE,START_A,462
463,-58.199838,-9.028032,-2.248,1,3,2,NONE,START_A,463
464,-57.963670,-9.028032,1.023,1,3,2,NONE,START_A,464
465,-57.728069,-9.019605,4.491,1,3,2,NONE,START_A,465
466,-57.491317,-8.990929,5.704,1,3,2,NONE,START_A,466
467,-57.255150,-8.972372,6.721,1,3,2,NONE,START_A,467
468,-57.018973,-8.935269,10.782,1,3,2,NONE,START_A,468
469,-56.768042,-8.879609,14.929,1,3,2,NONE,START_A,469
470,-56.531865,-8.805392,17.444,1,3,2,NONE,START_A,470
471,-56.295689,-8.731186,20.048,1,3,2,NONE,START_A,471
472,-56.074276,-8.638412,20.660,1,3,2,NONE,START_A,472
473,-55.852863,-8.564206,20.048,1,3,2,NONE,START_A,473
474,-55.616696,-8.471432,23.369,1,3,2,NONE,START_A,474
475,-55.380519,-8.360112,28.061,1,3,2,NONE,START_A,475
476,-55.174756,-8.235845,34.926,1,3,2,NONE,START_A,476
477,-54.981976,-8.081812,42.110,1,3,2,NONE,START_A,477
478,-54.819610,-7.914832,44.529,1,3,2,NONE,START_A,478
479,-54.642480,-7.747852,42.145,1,3,2,NONE,START_A,479
480,-54.450586,-7.580872,43.688,1,3,2,NONE,START_A,480
481,-54.273455,-7.395346,50.189,1,3,2,NONE,START_A,481
482,-54.125844,-7.191252,56.686,1,3,2,NONE,START_A,482
483,-53.992996,-6.968612,59.543,1,3,2,NONE,START_A,483
484,-53.874913,-6.764529,56.938,1,3,2,NONE,START_A,484
485,-53.727301,-6.560446,54.124,1,3,2,NONE,START_A,485
486,-53.579699,-6.356352,56.939,1,3,2,NONE,START_A,486
487,-53.461606,-6.152269,62.058,1,3,2,NONE,START_A,487
488,-53.343522,-5.911072,63.561,1,3,2,NONE,START_A,488
489,-53.240193,-5.706989,63.148,1,3,2,NONE,START_A,489
490,-53.136873,-5.502906,63.561,1,3,2,NONE,START_A,490
491,-53.018781,-5.261709,63.914,1,3,2,NONE,START_A,491
492,-52.900697,-5.020512,65.986,1,3,2,NONE,START_A,492
493,-52.812132,-4.797872,70.707,1,3,2,NONE,START_A,493
494,-52.738330,-4.556686,70.707,1,3,2,NONE,START_A,494
495,-52.649765,-4.334046,65.985,1,3,2,NONE,START_A,495
496,-52.531673,-4.092849,63.962,1,3,2,NONE,START_A,496
497,-52.417556,-3.858743,65.345,1,3,2,NONE,START_A,497
498,-52.310260,-3.610466,68.191,1,3,2,NONE,START_A,498
499,-52.221695,-3.369269,68.308,1,3,2,NONE,START_A,499
500,-52.118375,-3.128072,65.986,1,3,2,NONE,START_A,500
501,-52.015046,-2.905432,64.482,1,3,2,NONE,START_A,501
502,-51.896962,-2.664246,63.913,1,3,2,NONE,START_A,502
503,-51.778869,-2.423049,63.914,1,3,2,NONE,START_A,503
504,-51.660786,-2.181852,66.268,1,3,2,NONE,START_A,504
505,-51.572061,-1.952644,65.105,1,3,2,NONE,START_A,505
506,-51.454137,-1.736572,60.247,1,3,2,NONE,START_A,506
507,-51.321289,-1.513932,58.092,1,3,2,NONE,START_A,507
508,-51.188441,-1.309849,59.542,1,3,2,NONE,START_A,508
509,-51.070349,-1.087209,63.561,1,3,2,NONE,START_A,509
510,-50.967029,-0.864569,65.105,1,3,2,NONE,START_A,510
511,-50.863700,-0.641929,62.577,1,3,2,NONE,START_A,511
512,-50.745616,-0.437846,56.939,1,3,2,NONE,START_A,512
513,-50.598004,-0.233752,56.939,1,3,2,NONE,START_A,513
514,-50.479921,-0.029669,58.418,1,3,2,NONE,START_A,514
515,-50.347073,0.174414,56.342,1,3,2,NONE,START_A,515
516,-50.200950,0.389295,54.253,1,3,2,NONE,START_A,516
517,-50.066614,0.564034,49.033,1,3,2,NONE,START_A,517
518,-49.904248,0.731014,42.145,1,3,2,NONE,START_A,518
519,-49.697590,0.897994,39.415,1,3,2,NONE,START_A,519
520,-49.520460,1.046428,38.647,1,3,2,NONE,START_A,520
521,-49.316175,1.202989,35.126,1,3,2,NONE,START_A,521
522,-49.119765,1.328313,30.171,1,3,2,NONE,START_A,522
523,-48.915268,1.436048,23.761,1,3,2,NONE,START_A,523
524,-48.664336,1.528811,17.444,1,3,2,NONE,START_A,524
525,-48.442924,1.584471,15.845,1,3,2,NONE,START_A,525
526,-48.206747,1.658688,14.254,1,3,2,NONE,START_A,526
527,-47.971244,1.704296,9.211,1,3,2,NONE,START_A,527
528,-47.749158,1.732894,3.460,1,3,2,NONE,START_A,528
529,-47.498227,1.732894,-2.116,1,3,2,NONE,START_A,529
530,-47.247295,1.714348,-4.491,1,3,2,NONE,START_A,530
531,-47.025882,1.695791,-4.357,1,3,2,NONE,START_A,531
532,-46.760187,1.677234,-6.970,1,3,2,NONE,START_A,532
533,-46.514082,1.633218,-13.261,1,3,2,NONE,START_A,533
534,-46.287834,1.565914,-18.544,1,3,2,NONE,START_A,534
535,-46.036903,1.473151,-18.922,1,3,2,NONE,START_A,535
536,-45.800726,1.398934,-15.374,1,3,2,NONE,START_A,536
537,-45.564558,1.343274,-14.928,1,3,2,NONE,START_A,537
538,-45.313618,1.269068,-18.008,1,3,2,NONE,START_A,538
539,-45.081232,1.186157,-22.071,1,3,2,NONE,START_A,539
540,-44.856038,1.083531,-23.679,1,3,2,NONE,START_A,540
541,-44.624812,0.986004,-20.852,1,3,2,NONE,START_A,541
542,-44.368930,0.897994,-17.748,1,3,2,NONE,START_A,542
543,-44.117990,0.823788,-17.893,1,3,2,NONE,START_A,543
544,-43.870982,0.737226,-21.445,1,3,2,NONE,START_A,544
545,-43.645645,0.638251,-23.824,1,3,2,NONE,START_A,545
546,-43.394714,0.526931,-23.923,1,3,2,NONE,START_A,546
547,-43.143774,0.415611,-22.732,1,3,2,NONE,START_A,547
548,-42.907606,0.322848,-20.289,1,3,2,NONE,START_A,548
549,-42.641911,0.230074,-20.933,1,3,2,NONE,START_A,549
550,-42.445615,0.146128,-25.237,1,3,2,NONE,START_A,550
551,-42.287650,0.063094,-25.422,1,3,2,NONE,START_A,551
552,-42.036710,-0.048226,-22.732,1,3,2,NONE,START_A,552
553,-41.800542,-0.140989,-20.850,1,3,2,NONE,START_A,553
554,-41.549602,-0.233752,-19.217,1,3,2,NONE,START_A,554
555,-41.293357,-0.317776,-21.445,1,3,2,NONE,START_A,555
556,-41.077258,-0.419289,-27.095,1,3,2,NONE,START_A,556
557,-40.841081,-0.549166,-27.051,1,3,2,NONE,START_A,557
558,-40.604914,-0.660486,-25.237,1,3,2,NONE,START_A,558
559,-40.368737,-0.771806,-23.367,1,3,2,NONE,START_A,559
560,-40.132561,-0.864569,-23.367,1,3,2,NONE,START_A,560
561,-39.896393,-0.975889,-25.237,1,3,2,NONE,START_A,561
562,-39.660217,-1.087209,-26.343,1,3,2,NONE,START_A,562
563,-39.409285,-1.217086,-26.343,1,3,2,NONE,START_A,563
564,-39.173109,-1.328406,-24.563,1,3,2,NONE,START_A,564
565,-38.922177,-1.439726,-22.732,1,3,2,NONE,START_A,565
566,-38.686001,-1.532489,-24.743,1,3,2,NONE,START_A,566
567,-38.479352,-1.643809,-29.581,1,3,2,NONE,START_A,567
568,-38.228411,-1.792232,-27.794,1,3,2,NONE,START_A,568
569,-38.021762,-1.885006,-24.745,1,3,2,NONE,START_A,569
570,-37.785586,-1.996326,-25.365,1,3,2,NONE,START_A,570
571,-37.563465,-2.102280,-26.692,1,3,2,NONE,START_A,571
572,-37.342761,-2.218966,-30.948,1,3,2,NONE,START_A,572
573,-37.121348,-2.367389,-32.148,1,3,2,NONE,START_A,573
574,-36.899935,-2.497266,-30.394,1,3,2,NONE,START_A,574
575,-36.678522,-2.627132,-30.394,1,3,2,NONE,START_A,575
576,-36.457110,-2.757009,-33.955,1,3,2,NONE,START_A,576
577,-36.265225,-2.905432,-39.415,1,3,2,NONE,START_A,577
578,-36.073331,-3.072412,-39.961,1,3,2,NONE,START_A,578
579,-35.866682,-3.239392,-39.416,1,3,2,NONE,START_A,579
580,-35.689552,-3.387826,-37.722,1,3,2,NONE,START_A,580
581,-35.482894,-3.536249,-37.537,1,3,2,NONE,START_A,581
582,-35.298218,-3.688512,-42.495,1,3,2,NONE,START_A,582
583,-35.118643,-3.869964,-49.289,1,3,2,NONE,START_A,583
584,-34.966267,-4.074292,-52.423,1,3,2,NONE,START_A,584
585,-34.818656,-4.259829,-50.126,1,3,2,NONE,START_A,585
586,-34.656289,-4.445366,-52.321,1,3,2,NONE,START_A,586
587,-34.514452,-4.653724,-58.684,1,3,2,NONE,START_A,587
588,-34.413444,-4.844526,-63.924,1,3,2,NONE,START_A,588
589,-34.316793,-5.057626,-66.972,1,3,2,NONE,START_A,589
590,-34.228228,-5.280266,-65.787,1,3,2,NONE,START_A,590
591,-34.124899,-5.484349,-63.147,1,3,2,NONE,START_A,591
592,-34.021570,-5.688432,-64.810,1,3,2,NONE,START_A,592
593,-33.925229,-5.908868,-69.169,1,3,2,NONE,START_A,593
594,-33.859204,-6.115166,-73.744,1,3,2,NONE,START_A,594
595,-33.800157,-6.337806,-75.717,1,3,2,NONE,START_A,595
596,-33.741120,-6.578992,-74.017,1,3,2,NONE,START_A,596
597,-33.667310,-6.801632,-74.018,1,3,2,NONE,START_A,597
598,-33.608272,-7.042829,-77.964,1,3,2,NONE,START_A,598
599,-33.571695,-7.250062,-82.446,1,3,2,NONE,START_A,599
600,-33.549226,-7.488109,-87.416,1,3,2,NONE,START_A,600
601,-33.549226,-7.747852,-90.000,1,4,2,NONE,START_A,601
602,-33.549226,-7.970492,-88.177,1,4,2,NONE,START_A,602
603,-33.534462,-8.211689,-88.247,1,4,2,NONE,START_A,603
604,-33.534462,-8.452886,-93.003,1,4,2,NONE,START_A,604
605,-33.558596,-8.671685,-98.699,1,4,2,NONE,START_A,605
606,-33.608272,-8.935269,-100.544,1,4,2,NONE,START_A,606
607,-33.652555,-9.176466,-101.186,1,4,2,NONE,START_A,607
608,-33.702629,-9.412420,-100.404,1,4,2,NONE,START_A,608
609,-33.741120,-9.658849,-100.008,1,4,2,NONE,START_A,609
610,-33.785402,-9.881489,-104.283,1,4,2,NONE,START_A,610
611,-33.859204,-10.122686,-106.418,1,4,2,NONE,START_A,611
612,-33.933005,-10.382429,-106.419,1,4,2,NONE,START_A,612
613,-34.006815,-10.623626,-105.397,1,4,2,NONE,START_A,613
614,-34.065852,-10.864812,-104.853,1,4,2,NONE,START_A,614
615,-34.139663,-11.124566,-107.490,1,4,2,NONE,START_A,615
616,-34.224862,-11.369448,-111.692,1,4,2,NONE,START_A,616
617,-34.331548,-11.606949,-113.688,1,4,2,NONE,START_A,617
618,-34.434877,-11.848146,-111.693,1,4,2,NONE,START_A,618
619,-34.523442,-12.089332,-110.163,1,4,2,NONE,START_A,619
620,-34.612007,-12.330529,-110.960,1,4,2,NONE,START_A,620
621,-34.715336,-12.590272,-112.417,1,4,2,NONE,START_A,621
622,-34.818656,-12.831469,-113.189,1,4,2,NONE,START_A,622
623,-34.921985,-13.072666,-112.475,1,4,2,NONE,START_A,623
624,-35.010550,-13.295306,-110.901,1,4,2,NONE,START_A,624
625,-35.099115,-13.536492,-110.163,1,4,2,NONE,START_A,625
626,-35.187680,-13.777689,-112.475,1,4,2,NONE,START_A,626
627,-35.291009,-14.000329,-114.014,1,4,2,NONE,START_A,627
628,-35.394329,-14.241526,-115.517,1,4,2,NONE,START_A,628
629,-35.512421,-14.464166,-114.015,1,4,2,NONE,START_A,629
630,-35.600986,-14.705352,-109.655,1,4,2,NONE,START_A,630
631,-35.690588,-14.963002,-110.163,1,4,2,NONE,START_A,631
632,-35.778117,-15.187746,-112.274,1,4,2,NONE,START_A,632
633,-35.881437,-15.428932,-113.190,1,4,2,NONE,START_A,633
634,-35.984766,-15.670129,-111.692,1,4,2,NONE,START_A,634
635,-36.073331,-15.911326,-110.163,1,4,2,NONE,START_A,635
636,-36.161896,-16.152512,-108.603,1,4,2,NONE,START_A,636
637,-36.235697,-16.393709,-108.602,1,4,2,NONE,START_A,637
638,-36.324262,-16.634906,-110.163,1,4,2,NONE,START_A,638
639,-36.412827,-16.876092,-110.163,1,4,2,NONE,START_A,639
640,-36.501392,-17.117289,-110.163,1,4,2,NONE,START_A,640
641,-36.589957,-17.358486,-110.163,1,4,2,NONE,START_A,641
642,-36.678522,-17.599672,-113.314,1,4,2,NONE,START_A,642
643,-36.781851,-17.803766,-119.000,1,4,2,NONE,START_A,643
644,-36.895914,-17.991863,-123.291,1,4,2,NONE,START_A,644
645,-37.107053,-18.299017,-123.975,1,4,2,NONE,START_A,645
646,-37.220107,-18.472944,-120.336,1,4,2,NONE,START_A,646
647,-37.336056,-18.690341,-116.565,1,4,2,NONE,START_A,647
648,-37.379533,-18.791798,-113.021,1,4,2,NONE,START_A,648
649,-37.416137,-18.878805,-112.298,1,4,2,NONE,START_A,649
650,-37.452803,-18.970466,-112.874,1,4,2,NONE,START_A,650
651,-37.506137,-19.092139,-112.119,1,4,2,NONE,START_A,651
652,-37.581514,-19.287149,-111.133,1,4,2,NONE,START_A,652
653,-37.642652,-19.459399,0.0,1,4,2,NONE,START_A_BRIDGE_COMMON_1,1
654,-37.703790,-19.631650,0.0,1,4,2,NONE,START_A_BRIDGE_COMMON_1,2
655,-37.764928,-19.803900,-112.011,1,4,2,NONE,COMMON_1,0
656,-37.807324,-19.908774,-112.725,1,4,2,NONE,COMMON_1,1
657,-37.874271,-20.064968,-112.695,1,4,2,NONE,COMMON_1,2
658,-37.909971,-20.154224,-113.198,1,4,2,NONE,COMMON_1,3
659,-37.961295,-20.268026,-112.916,1,4,2,NONE,COMMON_1,4
660,-38.026000,-20.428683,-112.587,1,4,2,NONE,COMMON_1,5
661,-38.077324,-20.546950,-114.444,1,4,2,NONE,COMMON_1,6
662,-38.137575,-20.674144,-116.199,1,4,2,NONE,COMMON_1,7
663,-38.223120,-20.843261,-118.374,1,4,2,NONE,COMMON_1,8
664,-38.328893,-21.028364,-117.215,1,4,2,NONE,COMMON_1,9
665,-38.427103,-21.239906,-116.122,1,4,2,NONE,COMMON_1,10
666,-38.521549,-21.421235,-117.924,1,4,2,NONE,COMMON_1,11
667,-38.627322,-21.617670,-119.962,1,4,2,NONE,COMMON_1,12
668,-38.706650,-21.742326,-123.511,1,4,2,NONE,COMMON_1,13
669,-38.812423,-21.897206,-124.846,1,4,2,NONE,COMMON_1,14
670,-38.914414,-22.040753,-122.715,1,4,2,NONE,COMMON_1,15
671,-39.016875,-22.215492,-121.473,1,4,2,NONE,COMMON_1,16
672,-39.134959,-22.401029,-121.749,1,4,2,NONE,COMMON_1,17
673,-39.223524,-22.549452,-117.624,1,4,2,NONE,COMMON_1,18
674,-39.321167,-22.756852,-113.074,1,4,2,NONE,COMMON_1,19
675,-39.381542,-22.920381,-108.853,1,4,2,NONE,COMMON_1,20
676,-39.426825,-23.066288,-109.856,1,4,2,NONE,COMMON_1,21
677,-39.512362,-23.282639,-113.914,1,4,2,NONE,COMMON_1,22
678,-39.592548,-23.440012,-116.727,1,4,2,NONE,COMMON_1,23
679,-39.666350,-23.588446,-112.762,1,4,2,NONE,COMMON_1,24
680,-39.751346,-23.818489,-108.828,1,4,2,STOP_LINE,COMMON_1,25
681,-39.799197,-23.978066,-109.503,1,4,2,NONE,COMMON_1,26
682,-39.879650,-24.180746,-113.634,1,4,2,NONE,COMMON_1,27
683,-39.961573,-24.349129,-118.287,1,4,2,NONE,COMMON_1,28
684,-40.050138,-24.497552,-120.824,1,4,2,NONE,COMMON_1,29
685,-40.138703,-24.645986,-118.676,1,4,2,NONE,COMMON_1,30
686,-40.212504,-24.794409,-113.844,1,4,2,NONE,COMMON_1,31
687,-40.286305,-24.979946,-113.278,1,4,2,NONE,COMMON_1,32
688,-40.365181,-25.149297,-117.941,1,4,2,NONE,COMMON_1,33
689,-40.463435,-25.313906,-121.297,1,4,2,NONE,COMMON_1,34
690,-40.566764,-25.480886,-120.381,1,4,2,NONE,COMMON_1,35
691,-40.670093,-25.666412,-117.590,1,4,2,NONE,COMMON_1,36
692,-40.757631,-25.846138,-113.632,1,4,2,NONE,COMMON_1,37
693,-40.832460,-26.037486,-109.556,1,4,2,NONE,COMMON_1,38
694,-40.891506,-26.223012,-109.698,1,4,2,NONE,COMMON_1,39
695,-40.965307,-26.408549,-111.691,1,4,2,NONE,COMMON_1,40
696,-41.039108,-26.594086,-110.750,1,4,2,NONE,COMMON_1,41
697,-41.112919,-26.798169,-106.862,1,4,2,NONE,COMMON_1,42
698,-41.157201,-26.983706,-102.242,1,4,2,NONE,COMMON_1,43
699,-41.201484,-27.206346,-103.611,1,4,2,NONE,COMMON_1,44
700,-41.260521,-27.410429,-106.135,1,4,2,NONE,COMMON_1,45
701,-41.319568,-27.614512,-108.028,1,4,2,NONE,COMMON_1,46
702,-41.393369,-27.818606,-109.882,1,4,2,NONE,COMMON_1,47
703,-41.467179,-28.022689,-109.882,1,4,2,NONE,COMMON_1,48
704,-41.540980,-28.226772,-108.902,1,4,2,NONE,COMMON_1,49
705,-41.614356,-28.452507,-108.028,1,4,2,NONE,COMMON_1,50
706,-41.673828,-28.634949,-111.895,1,4,2,NONE,COMMON_1,51
707,-41.777157,-28.857589,-116.852,1,4,2,NONE,COMMON_1,52
708,-41.880477,-29.043126,-117.941,1,4,2,NONE,COMMON_1,53
709,-41.983806,-29.247209,-114.213,1,4,2,NONE,COMMON_1,54
710,-42.072371,-29.469849,-110.832,1,4,2,NONE,COMMON_1,55
711,-42.146172,-29.673932,-109.081,1,4,2,NONE,COMMON_1,56
712,-42.219982,-29.896572,-111.692,1,4,2,NONE,COMMON_1,57
713,-42.323302,-30.119212,-113.313,1,4,2,NONE,COMMON_1,58
714,-42.411867,-30.341852,-110.832,1,4,2,NONE,COMMON_1,59
715,-42.485677,-30.545946,-109.081,1,4,2,NONE,COMMON_1,60
716,-42.559479,-30.768586,-108.340,1,4,2,NONE,COMMON_1,61
717,-42.633280,-30.991226,-111.692,1,4,2,NONE,COMMON_1,62
718,-42.736609,-31.213866,-114.896,1,4,2,NONE,COMMON_1,63
719,-42.839938,-31.436506,-114.213,1,4,2,NONE,COMMON_1,64
720,-42.928503,-31.640589,-110.832,1,4,2,NONE,COMMON_1,65
721,-43.002304,-31.863229,-108.339,1,4,2,NONE,COMMON_1,66
722,-43.076105,-32.085869,-109.082,1,4,2,NONE,COMMON_1,67
723,-43.149916,-32.289952,-111.952,1,4,2,NONE,COMMON_1,68
724,-43.245088,-32.505133,-112.543,1,4,2,NONE,COMMON_1,69
725,-43.327046,-32.716686,-110.543,1,4,2,NONE,COMMON_1,70
726,-43.400847,-32.920769,-109.561,1,4,2,NONE,COMMON_1,71
727,-43.473718,-33.129472,-106.249,1,4,2,NONE,COMMON_1,72
728,-43.530869,-33.366895,-105.747,1,4,2,NONE,COMMON_1,73
729,-43.592741,-33.551586,-111.154,1,4,2,NONE,COMMON_1,74
730,-43.681306,-33.755669,-113.459,1,4,2,NONE,COMMON_1,75
731,-43.769871,-33.959752,-111.692,1,4,2,NONE,COMMON_1,76
732,-43.843672,-34.163846,-109.881,1,4,2,NONE,COMMON_1,77
733,-43.917474,-34.367929,-108.828,1,4,2,NONE,COMMON_1,78
734,-43.976520,-34.553466,-109.669,1,4,2,NONE,COMMON_1,79
735,-44.056282,-34.756258,-114.448,1,4,2,NONE,COMMON_1,80
736,-44.153650,-34.943086,-117.176,1,4,2,NONE,COMMON_1,81
737,-44.256979,-35.147169,-114.448,1,4,2,NONE,COMMON_1,82
738,-44.330780,-35.332706,-110.749,1,4,2,NONE,COMMON_1,83
739,-44.404582,-35.536789,-109.882,1,4,2,NONE,COMMON_1,84
740,-44.478392,-35.740872,-111.693,1,4,2,NONE,COMMON_1,85
741,-44.566957,-35.944966,-116.220,1,4,2,NONE,COMMON_1,86
742,-44.670277,-36.130492,-117.344,1,4,2,NONE,COMMON_1,87
743,-44.758842,-36.316029,-113.048,1,4,2,NONE,COMMON_1,88
744,-44.830110,-36.506152,-110.750,1,4,2,NONE,COMMON_1,89
745,-44.906453,-36.705649,-113.185,1,4,2,NONE,COMMON_1,90
746,-44.995019,-36.891186,-115.518,1,4,2,NONE,COMMON_1,91
747,-45.083584,-37.076712,-115.518,1,4,2,NONE,COMMON_1,92
748,-45.172149,-37.262249,-115.158,1,4,2,NONE,COMMON_1,93
749,-45.271979,-37.477831,-113.459,1,4,2,NONE,COMMON_1,94
750,-45.349279,-37.670426,-110.853,1,4,2,NONE,COMMON_1,95
751,-45.423080,-37.874509,-111.692,1,4,2,NONE,COMMON_1,96
752,-45.511645,-38.078592,-115.179,1,4,2,NONE,COMMON_1,97
753,-45.614974,-38.282686,-115.179,1,4,2,NONE,COMMON_1,98
754,-45.703539,-38.486769,-113.459,1,4,2,NONE,COMMON_1,99
755,-45.792104,-38.690852,-111.692,1,4,2,NONE,COMMON_1,100
756,-45.865906,-38.894946,-109.882,1,4,2,NONE,COMMON_1,101
757,-45.939716,-39.099029,-112.543,1,4,2,NONE,COMMON_1,102
758,-46.043036,-39.321669,-115.839,1,4,2,NONE,COMMON_1,103
759,-46.146365,-39.525752,-115.179,1,4,2,NONE,COMMON_1,104
760,-46.234930,-39.729846,-111.692,1,4,2,NONE,COMMON_1,105
761,-46.308731,-39.933929,-107.292,1,4,2,NONE,COMMON_1,106
762,-46.367777,-40.156569,-107.292,1,4,2,NONE,COMMON_1,107
763,-46.441579,-40.360652,-110.832,1,4,2,NONE,COMMON_1,108
764,-46.530144,-40.583292,-112.543,1,4,2,NONE,COMMON_1,109
765,-46.618709,-40.787386,-112.626,1,4,2,NONE,COMMON_1,110
766,-46.700915,-40.993016,-109.882,1,4,2,NONE,COMMON_1,111
767,-46.766320,-41.195552,-108.898,1,4,2,NONE,COMMON_1,112
768,-46.840122,-41.399646,-110.750,1,4,2,NONE,COMMON_1,113
769,-46.913932,-41.585172,-112.624,1,4,2,NONE,COMMON_1,114
770,-47.002497,-41.789266,-113.459,1,4,2,NONE,COMMON_1,115
771,-47.091062,-41.993349,-111.692,1,4,2,NONE,COMMON_1,116
772,-47.164863,-42.197432,-108.028,1,4,2,NONE,COMMON_1,117
773,-47.223909,-42.401526,-108.028,1,4,2,NONE,COMMON_1,118
774,-47.297711,-42.605609,-109.881,1,4,2,NONE,COMMON_1,119
775,-47.371512,-42.809692,-111.692,1,4,2,NONE,COMMON_1,120
776,-47.460077,-43.013786,-113.459,1,4,2,NONE,COMMON_1,121
777,-47.548642,-43.217869,-111.693,1,4,2,NONE,COMMON_1,122
778,-47.622452,-43.421952,-109.882,1,4,2,NONE,COMMON_1,123
779,-47.696254,-43.626046,-109.881,1,4,2,NONE,COMMON_1,124
780,-47.770055,-43.830129,-112.543,1,4,2,NONE,COMMON_1,125
781,-47.873384,-44.052769,-115.840,1,4,2,NONE,COMMON_1,126
782,-47.976713,-44.256852,-115.179,1,4,2,NONE,COMMON_1,127
783,-48.065278,-44.460946,-111.692,1,4,2,NONE,COMMON_1,128
784,-48.139079,-44.665029,-109.657,1,4,2,NONE,COMMON_1,129
785,-48.218274,-44.889250,-112.543,1,4,2,NONE,COMMON_1,130
786,-48.316209,-45.091752,-116.335,1,4,2,NONE,COMMON_1,131
787,-48.419538,-45.295846,-116.852,1,4,2,NONE,COMMON_1,132
788,-48.522858,-45.499929,-116.220,1,4,2,NONE,COMMON_1,133
789,-48.611423,-45.685466,-113.459,1,4,2,NONE,COMMON_1,134
790,-48.699988,-45.908106,-110.833,1,4,2,NONE,COMMON_1,135
791,-48.773798,-46.112189,-112.624,1,4,2,NONE,COMMON_1,136
792,-48.862364,-46.297726,-117.941,1,4,2,NONE,COMMON_1,137
793,-48.980447,-46.501809,-117.941,1,4,2,NONE,COMMON_1,138
794,-49.069012,-46.687346,-114.195,1,4,2,NONE,COMMON_1,139
795,-49.141592,-46.860449,-112.722,1,4,2,NONE,COMMON_1,140
796,-49.216624,-47.039852,-113.252,1,4,2,NONE,COMMON_1,141
797,-49.290425,-47.206832,-115.928,1,4,2,NONE,COMMON_1,142
798,-49.378990,-47.373812,-119.882,1,4,2,NONE,COMMON_1,143
799,-49.482319,-47.540792,-119.882,1,4,2,NONE,COMMON_1,144
800,-49.570884,-47.707772,-115.023,1,4,2,NONE,COMMON_1,145
801,-49.644765,-47.888800,-110.749,1,4,2,NONE,COMMON_1,146
802,-49.718487,-48.097392,-111.318,1,4,2,NONE,COMMON_1,147
803,-49.801100,-48.289397,-115.517,1,4,2,NONE,COMMON_1,148
804,-49.895617,-48.468466,-116.664,1,4,2,NONE,COMMON_1,149
805,-49.984182,-48.653992,-114.844,1,4,2,NONE,COMMON_1,150
806,-50.064900,-48.834096,-114.732,1,4,2,NONE,COMMON_1,151
807,-50.146557,-49.006509,-113.679,1,4,2,NONE,COMMON_1,152
808,-50.205595,-49.154932,-114.109,1,4,2,NONE,COMMON_1,153
809,-50.279405,-49.303366,-119.882,1,4,2,NONE,COMMON_1,154
810,-50.397489,-49.488892,-120.394,1,4,2,NONE,COMMON_1,155
811,-50.459865,-49.611021,-117.854,1,4,2,NONE,COMMON_1,156
812,-50.536350,-49.751663,-120.141,1,5,2,NONE,COMMON_1,157
813,-50.593102,-49.840485,-124.658,1,5,2,NONE,COMMON_1,158
814,-50.674520,-49.951516,-126.327,1,5,2,NONE,COMMON_1,159
815,-50.778150,-50.092146,-127.876,1,5,2,NONE,COMMON_1,160
816,-50.916321,-50.262388,-126.413,1,5,2,NONE,COMMON_1,161
817,-51.017444,-50.416566,-126.074,1,5,2,NONE,COMMON_1,162
818,-51.150292,-50.583546,-130.209,1,5,2,NONE,COMMON_1,163
819,-51.268376,-50.713412,-134.826,1,5,2,NONE,COMMON_1,164
820,-51.419645,-50.854543,-139.404,1,5,2,NONE,COMMON_1,165
821,-51.593117,-50.991712,-141.510,1,5,2,NONE,COMMON_1,166
822,-51.755484,-51.121589,-141.344,1,5,2,NONE,COMMON_1,167
823,-51.917859,-51.251466,-141.530,1,5,2,NONE,COMMON_1,168
824,-52.093218,-51.389948,-143.398,1,5,2,NONE,COMMON_1,169
825,-52.242592,-51.492652,-149.154,1,5,2,NONE,COMMON_1,170
826,-52.448514,-51.602135,-154.199,1,5,2,NONE,COMMON_1,171
827,-52.626380,-51.678189,-157.883,1,5,2,NONE,COMMON_1,172
828,-52.818265,-51.752406,-158.089,1,5,2,NONE,COMMON_1,173
829,-52.995395,-51.826612,-158.857,1,5,2,NONE,COMMON_1,174
830,-53.202053,-51.900829,-161.950,1,5,2,NONE,COMMON_1,175
831,-53.393938,-51.956489,-166.843,1,5,2,NONE,COMMON_1,176
832,-53.613074,-51.996909,-170.164,1,5,2,NONE,COMMON_1,177
833,-53.822008,-52.030706,-172.560,1,5,2,NONE,COMMON_1,178
834,-54.013893,-52.049252,-174.478,1,5,2,NONE,COMMON_1,179
835,-54.205787,-52.067809,-174.869,1,5,2,NONE,COMMON_1,180
836,-54.427200,-52.086366,-177.429,1,5,2,NONE,COMMON_1,181
837,-54.619094,-52.086366,177.334,1,5,2,NONE,COMMON_1,182
838,-54.825743,-52.067809,174.680,1,5,2,NONE,COMMON_1,183
839,-55.017637,-52.049252,172.050,1,5,2,NONE,COMMON_1,184
840,-55.224286,-52.012149,172.050,1,5,2,NONE,COMMON_1,185
841,-55.416180,-51.993592,174.967,1,5,2,NONE,COMMON_1,186
842,-55.621456,-51.977172,173.426,1,5,2,NONE,COMMON_1,187
843,-55.794167,-51.950032,168.354,1,5,2,NONE,COMMON_1,188
844,-55.991853,-51.900829,165.461,1,5,2,NONE,COMMON_1,189
845,-56.198502,-51.845169,163.825,1,5,2,NONE,COMMON_1,190
846,-56.375632,-51.789509,163.825,1,5,2,NONE,COMMON_1,191
847,-56.582281,-51.733849,164.926,1,5,2,NONE,COMMON_1,192
848,-56.788939,-51.678189,161.950,1,5,2,NONE,COMMON_1,193
849,-56.980824,-51.603972,156.486,1,5,2,NONE,COMMON_1,194
850,-57.172718,-51.511209,152.884,1,5,2,NONE,COMMON_1,195
851,-57.379367,-51.399889,151.997,1,5,2,NONE,COMMON_1,196
852,-57.556497,-51.307126,151.056,1,5,2,NONE,COMMON_1,197
853,-57.748391,-51.195806,150.938,1,5,2,NONE,COMMON_1,198
854,-57.935786,-51.096342,150.074,1,5,2,NONE,COMMON_1,199
855,-58.118362,-50.982840,144.803,1,5,2,NONE,COMMON_1,200
856,-58.294545,-50.843289,139.615,1,5,2,NONE,COMMON_1,201
857,-58.456911,-50.694866,139.403,1,5,2,NONE,COMMON_1,202
858,-58.619278,-50.564989,138.082,1,5,2,NONE,COMMON_1,203
859,-58.766889,-50.416566,134.842,1,5,2,NONE,COMMON_1,204
860,-58.914501,-50.268132,131.965,1,5,2,NONE,COMMON_1,205
861,-59.038669,-50.114354,128.505,1,5,2,NONE,COMMON_1,206
862,-59.165432,-49.952729,125.195,1,5,2,NONE,COMMON_1,207
863,-59.283516,-49.767192,123.544,1,5,2,NONE,COMMON_1,208
864,-59.386845,-49.618769,123.544,1,5,2,NONE,COMMON_1,209
865,-59.504929,-49.433232,122.132,1,5,2,NONE,COMMON_1,210
866,-59.608257,-49.266252,118.563,1,5,2,NONE,COMMON_1,211
867,-59.696823,-49.080726,115.518,1,5,2,NONE,COMMON_1,212
868,-59.785388,-48.895189,112.623,1,5,2,NONE,COMMON_1,213
869,-59.859189,-48.691106,112.623,1,5,2,NONE,COMMON_1,214
870,-59.947754,-48.505569,112.738,1,5,2,NONE,COMMON_1,215
871,-60.020652,-48.305827,108.028,1,5,2,NONE,COMMON_1,216
872,-60.080602,-48.097392,103.593,1,5,2,NONE,COMMON_1,217
873,-60.124884,-47.874752,99.412,1,5,2,NONE,COMMON_1,218
874,-60.154412,-47.652112,97.878,1,5,2,NONE,COMMON_1,219
875,-60.183931,-47.448029,99.812,1,5,2,NONE,COMMON_1,220
876,-60.228213,-47.225389,99.812,1,5,2,NONE,COMMON_1,221
877,-60.257732,-47.021306,95.925,1,5,2,NONE,COMMON_1,222
878,-60.272496,-46.798666,91.823,1,5,2,NONE,COMMON_1,223
879,-60.272496,-46.557469,89.254,1,5,2,NONE,COMMON_1,224
880,-60.266491,-46.337345,90.000,1,5,2,NONE,COMMON_1,225
881,-60.272496,-46.112189,90.768,1,5,2,NONE,COMMON_1,226
882,-60.272496,-45.889549,88.177,1,5,2,NONE,COMMON_1,227
883,-60.257732,-45.648352,84.546,1,5,2,NONE,COMMON_1,228
884,-60.228213,-45.425712,82.447,1,5,2,NONE,COMMON_1,229
885,-60.198694,-45.203072,83.881,1,5,2,NONE,COMMON_1,230
886,-60.179263,-44.969111,86.206,1,5,2,NONE,COMMON_1,231
887,-60.169167,-44.757792,89.670,1,5,2,NONE,COMMON_1,232
888,-60.176766,-44.535464,90.000,1,5,2,NONE,COMMON_1,233
889,-60.169167,-44.331069,88.981,1,5,2,NONE,COMMON_1,234
890,-60.169167,-44.108429,88.102,1,5,2,NONE,COMMON_1,235
891,-60.154412,-43.885789,86.043,1,5,2,NONE,COMMON_1,236
892,-60.139648,-43.681706,87.928,1,5,2,NONE,COMMON_1,237
893,-60.139648,-43.477612,90.626,1,5,2,NONE,COMMON_1,238
894,-60.144369,-43.249473,90.000,1,5,2,NONE,COMMON_1,239
895,-60.139648,-43.032332,85.548,1,5,2,NONE,COMMON_1,240
896,-60.110129,-42.809692,82.446,1,5,2,NONE,COMMON_1,241
897,-60.080602,-42.587052,84.321,1,5,2,NONE,COMMON_1,242
898,-60.065847,-42.364412,86.207,1,5,2,NONE,COMMON_1,243
899,-60.051083,-42.141772,85.959,1,5,2,NONE,COMMON_1,244
900,-60.034707,-41.923618,86.207,1,5,2,NONE,COMMON_1,245
901,-60.021564,-41.696492,83.009,1,5,2,NONE,COMMON_1,246
902,-59.977282,-41.455306,82.215,1,5,2,NONE,COMMON_1,247
903,-59.959941,-41.245735,86.206,1,5,2,NONE,COMMON_1,248
904,-59.947754,-41.010026,88.413,1,5,2,NONE,COMMON_1,249
905,-59.947754,-40.805932,91.899,1,5,2,NONE,COMMON_1,250
906,-59.962518,-40.564746,91.899,1,5,2,NONE,COMMON_1,251
907,-59.962518,-40.360652,88.018,1,5,2,NONE,COMMON_1,252
908,-59.947754,-40.138012,86.043,1,5,2,NONE,COMMON_1,253
909,-59.932999,-39.933929,88.020,1,5,2,NONE,COMMON_1,254
910,-59.932999,-39.711289,91.980,1,5,2,NONE,COMMON_1,255
911,-59.947754,-39.507206,94.513,1,5,2,NONE,COMMON_1,256
912,-59.964927,-39.306785,94.138,1,5,2,NONE,COMMON_1,257
913,-59.977282,-39.099029,93.604,1,5,2,NONE,COMMON_1,258
914,-59.992037,-38.876389,95.925,1,5,2,NONE,COMMON_1,259
915,-60.021564,-38.672306,100.250,1,5,2,NONE,COMMON_1,260
916,-60.065847,-38.468212,103.610,1,5,2,NONE,COMMON_1,261
917,-60.124884,-38.245572,103.611,1,5,2,NONE,COMMON_1,262
918,-60.169167,-38.041489,103.612,1,5,2,NONE,COMMON_1,263
919,-60.228213,-37.818849,106.612,1,5,2,NONE,COMMON_1,264
920,-60.302014,-37.596209,110.978,1,5,2,NONE,COMMON_1,265
921,-60.389995,-37.396902,114.448,1,5,2,NONE,COMMON_1,266
922,-60.479145,-37.206589,116.014,1,5,2,NONE,COMMON_1,267
923,-60.582473,-37.002506,113.459,1,5,2,NONE,COMMON_1,268
924,-60.656275,-36.798412,111.692,1,5,2,NONE,COMMON_1,269
925,-60.744840,-36.594329,113.459,1,5,2,NONE,COMMON_1,270
926,-60.833405,-36.390246,114.448,1,5,2,NONE,COMMON_1,271
927,-60.921970,-36.204709,117.942,1,5,2,NONE,COMMON_1,272
928,-61.040063,-36.000626,121.274,1,5,2,NONE,COMMON_1,273
929,-61.151504,-35.826811,120.106,1,5,2,NONE,COMMON_1,274
930,-61.248421,-35.641274,119.127,1,5,2,NONE,COMMON_1,275
931,-61.364795,-35.444026,121.489,1,5,2,NONE,COMMON_1,276
932,-61.482888,-35.258489,125.445,1,5,2,NONE,COMMON_1,277
933,-61.615736,-35.091509,131.476,1,5,2,NONE,COMMON_1,278
934,-61.778102,-34.924529,133.106,1,5,2,NONE,COMMON_1,279
935,-61.910950,-34.776106,133.373,1,5,2,NONE,COMMON_1,280
936,-62.058561,-34.627672,131.476,1,5,2,NONE,COMMON_1,281
937,-62.206164,-34.442146,131.476,1,5,2,NONE,COMMON_1,282
938,-62.353775,-34.293712,138.082,1,5,2,NONE,COMMON_1,283
939,-62.516141,-34.163846,142.581,1,5,2,NONE,COMMON_1,284
940,-62.693272,-34.033969,142.581,1,5,2,NONE,COMMON_1,285
941,-62.855647,-33.904092,142.582,1,5,2,NONE,COMMON_1,286
942,-63.032777,-33.774226,143.751,1,5,2,NONE,COMMON_1,287
943,-63.209907,-33.644349,144.608,1,5,2,NONE,COMMON_1,288
944,-63.372274,-33.533029,148.051,1,5,2,NONE,COMMON_1,289
945,-63.568959,-33.420429,150.795,1,5,2,NONE,COMMON_1,290
946,-63.744335,-33.325050,152.200,1,5,2,NONE,COMMON_1,291
947,-63.918428,-33.236172,151.669,1,5,2,NONE,COMMON_1,292
948,-64.098171,-33.134281,151.196,1,5,2,NONE,COMMON_1,293
949,-64.282785,-33.035829,155.165,1,5,2,NONE,COMMON_1,294
950,-64.479337,-32.957872,159.324,1,5,2,NONE,COMMON_1,295
951,-64.685986,-32.883666,162.080,1,5,2,NONE,COMMON_1,296
952,-64.904299,-32.820447,162.555,1,5,2,NONE,COMMON_1,297
953,-65.099293,-32.753789,160.672,1,5,2,NONE,COMMON_1,298
954,-65.305942,-32.679572,163.121,1,5,2,NONE,COMMON_1,299
955,-65.527345,-32.623912,167.773,1,5,2,NONE,COMMON_1,300
956,-65.734003,-32.586809,170.166,1,5,2,NONE,COMMON_1,301
957,-65.955425,-32.549706,172.592,1,5,2,NONE,COMMON_1,302
958,-66.162074,-32.531149,172.330,1,5,2,NONE,COMMON_1,303
959,-66.368723,-32.494046,170.164,1,5,2,NONE,COMMON_1,304
960,-66.590135,-32.456932,170.486,1,5,2,NONE,COMMON_1,305
961,-66.811539,-32.419829,172.592,1,5,2,NONE,COMMON_1,306
962,-67.018197,-32.401272,177.678,1,5,2,NONE,COMMON_1,307
963,-67.269128,-32.401272,177.752,1,5,2,NONE,COMMON_1,308
964,-67.490541,-32.382726,175.364,1,5,2,NONE,COMMON_1,309
965,-67.726727,-32.364169,175.255,1,5,2,NONE,COMMON_1,310
966,-67.962655,-32.343541,174.662,1,5,2,NONE,COMMON_1,311
967,-68.178036,-32.322001,176.927,1,5,2,NONE,COMMON_1,312
968,-68.421103,-32.318928,-177.176,1,5,2,NONE,COMMON_1,313
969,-68.656651,-32.345612,-176.658,1,5,2,NONE,COMMON_1,314
970,-68.878064,-32.345612,180.000,1,5,2,NONE,COMMON_1,315
971,-69.114231,-32.345612,179.387,1,5,2,NONE,COMMON_1,316
972,-69.359530,-32.340458,180.000,1,5,2,NONE,COMMON_1,317
973,-69.571821,-32.345612,-176.974,1,5,2,NONE,COMMON_1,318
974,-69.807997,-32.364169,-174.425,1,5,2,NONE,COMMON_1,319
975,-70.054890,-32.392767,-175.509,1,5,2,NONE,COMMON_1,320
976,-70.280341,-32.401272,-178.945,1,5,2,NONE,COMMON_1,321
977,-70.516518,-32.401272,180.000,1,5,2,NONE,COMMON_1,322
978,-70.752685,-32.401272,180.000,1,5,2,NONE,COMMON_1,323
979,-71.003626,-32.401272,-177.882,1,5,2,NONE,COMMON_1,324
980,-71.254557,-32.419829,-177.818,1,5,2,NONE,COMMON_1,325
981,-71.490734,-32.419829,177.750,1,5,2,NONE,COMMON_1,326
982,-71.726901,-32.401272,175.766,1,5,2,NONE,COMMON_1,327
983,-71.980977,-32.383539,175.644,1,5,2,NONE,COMMON_1,328
984,-72.214009,-32.364169,175.379,1,5,2,NONE,COMMON_1,329
985,-72.450186,-32.345612,177.750,1,5,2,NONE,COMMON_1,330
986,-72.686362,-32.345612,177.679,1,5,2,NONE,COMMON_1,331
987,-72.907775,-32.327066,175.364,1,5,2,NONE,COMMON_1,332
988,-73.143943,-32.308509,173.279,1,5,2,NONE,COMMON_1,333
989,-73.380119,-32.271406,173.065,1,5,2,NONE,COMMON_1,334
990,-73.601532,-32.252849,175.363,1,5,2,NONE,COMMON_1,335
991,-73.837708,-32.234292,173.065,1,5,2,NONE,COMMON_1,336
992,-74.059121,-32.197189,170.165,1,5,2,NONE,COMMON_1,337
993,-74.265770,-32.160086,167.350,1,5,2,NONE,COMMON_1,338
994,-74.472419,-32.104426,164.926,1,5,2,NONE,COMMON_1,339
995,-74.679077,-32.048766,167.349,1,5,2,NONE,COMMON_1,340
996,-74.885726,-32.011652,169.820,1,5,2,NONE,COMMON_1,341
997,-75.092375,-31.974549,167.350,1,5,2,NONE,COMMON_1,342
998,-75.299032,-31.918889,161.950,1,5,2,NONE,COMMON_1,343
999,-75.490917,-31.844672,157.267,1,5,2,NONE,COMMON_1,344
1000,-75.697575,-31.751909,155.038,1,5,2,NONE,COMMON_1,345
1001,-75.889460,-31.659146,155.653,1,5,2,NONE,COMMON_1,346
1002,-76.066591,-31.584929,154.521,1,5,2,NONE,COMMON_1,347
1003,-76.254676,-31.485108,150.933,1,5,2,NONE,COMMON_1,348
1004,-76.445445,-31.374345,146.820,1,5,2,NONE,COMMON_1,349
1005,-76.612745,-31.250969,141.722,1,5,2,NONE,COMMON_1,350
1006,-76.789875,-31.102546,140.657,1,5,2,NONE,COMMON_1,351
1007,-76.952241,-30.972669,143.750,1,5,2,NONE,COMMON_1,352
1008,-77.144135,-30.842792,144.860,1,5,2,NONE,COMMON_1,353
1009,-77.321266,-30.712926,140.657,1,5,2,NONE,COMMON_1,354
1010,-77.483632,-30.564492,137.568,1,5,2,NONE,COMMON_1,355
1011,-77.646007,-30.416069,137.570,1,5,2,NONE,COMMON_1,356
1012,-77.808373,-30.267646,138.833,1,5,2,NONE,COMMON_1,357
1013,-77.985504,-30.119212,141.718,1,5,2,NONE,COMMON_1,358
1014,-78.183845,-29.971312,141.847,1,5,2,NONE,COMMON_1,359
1015,-78.339764,-29.840912,136.398,1,5,2,NONE,COMMON_1,360
1016,-78.506913,-29.663635,129.875,1,5,2,NONE,COMMON_1,361
1017,-78.649742,-29.469849,127.385,1,5,2,NONE,COMMON_1,362
1018,-78.782589,-29.302869,131.476,1,5,2,NONE,COMMON_1,363
1019,-78.944956,-29.135889,130.482,1,5,2,NONE,COMMON_1,364
1020,-79.087333,-28.945832,124.069,1,5,2,NONE,COMMON_1,365
1021,-79.195896,-28.764826,117.696,1,5,2,NONE,COMMON_1,366
1022,-79.299216,-28.542186,113.313,1,5,2,NONE,COMMON_1,367
1023,-79.387781,-28.319546,113.314,1,5,2,NONE,COMMON_1,368
1024,-79.491110,-28.096906,115.539,1,5,2,NONE,COMMON_1,369
1025,-79.599000,-27.877494,113.314,1,5,2,NONE,COMMON_1,370
1026,-79.683004,-27.651626,109.384,1,5,2,NONE,COMMON_1,371
1027,-79.756805,-27.428986,107.652,1,5,2,NONE,COMMON_1,372
1028,-79.830607,-27.187789,105.982,1,5,2,NONE,COMMON_1,373
1029,-79.889653,-26.965149,106.612,1,5,2,NONE,COMMON_1,374
1030,-79.963454,-26.742509,107.653,1,5,2,NONE,COMMON_1,375
1031,-80.037264,-26.501312,104.284,1,5,2,NONE,COMMON_1,376
1032,-80.081547,-26.278672,100.810,1,5,2,NONE,COMMON_1,377
1033,-80.125829,-26.037486,100.265,1,5,2,NONE,COMMON_1,378
1034,-80.165666,-25.814167,101.249,1,5,2,NONE,COMMON_1,379
1035,-80.214395,-25.592206,103.098,1,5,2,NONE,COMMON_1,380
1036,-80.273432,-25.351009,101.670,1,5,2,NONE,COMMON_1,381
1037,-80.309000,-25.134169,97.554,1,5,2,NONE,COMMON_1,382
1038,-80.332478,-24.905729,92.862,1,5,2,NONE,COMMON_1,383
1039,-80.332478,-24.664532,88.177,1,5,2,NONE,COMMON_1,384
1040,-80.317715,-24.441892,88.101,1,5,2,NONE,COMMON_1,385
1041,-80.317715,-24.219252,88.482,1,5,2,NONE,COMMON_1,386
1042,-80.305670,-23.987495,86.358,1,5,2,NONE,COMMON_1,387
1043,-80.288196,-23.755426,82.565,1,5,2,NONE,COMMON_1,388
1044,-80.243913,-23.514229,79.597,1,5,2,NONE,COMMON_1,389
1045,-80.199631,-23.273032,80.959,1,5,2,NONE,COMMON_1,390
1046,-80.170112,-23.050392,82.745,1,5,2,NONE,COMMON_1,391
1047,-80.140584,-22.809206,82.745,1,5,2,NONE,COMMON_1,392
1048,-80.111066,-22.586566,79.190,1,5,2,NONE,COMMON_1,393
1049,-80.052019,-22.345369,76.245,1,5,2,NONE,COMMON_1,394
1050,-79.992982,-22.104172,76.245,1,5,2,NONE,COMMON_1,395
1051,-79.933936,-21.862986,77.441,1,5,2,NONE,COMMON_1,396
1052,-79.889653,-21.640346,79.190,1,5,2,NONE,COMMON_1,397
1053,-79.845370,-21.399149,76.245,1,5,2,NONE,COMMON_1,398
1054,-79.771569,-21.157952,72.347,1,5,2,NONE,COMMON_1,399
1055,-79.697759,-20.935312,70.706,1,5,2,NONE,COMMON_1,400
1056,-79.609194,-20.694126,71.397,1,5,2,NONE,COMMON_1,401
1057,-79.535393,-20.452929,74.018,1,5,2,NONE,COMMON_1,402
1058,-79.476346,-20.230289,74.018,1,5,2,NONE,COMMON_1,403
1059,-79.402545,-19.989092,69.966,1,5,2,NONE,COMMON_1,404
1060,-79.313980,-19.785009,65.552,1,5,2,NONE,COMMON_1,405
1061,-79.225415,-19.599472,63.066,1,5,2,NONE,COMMON_1,406
1062,-79.142908,-19.448299,58.827,1,5,2,NONE,COMMON_1,407
1063,-79.036798,-19.287698,52.595,1,5,2,NONE,COMMON_1,408
1064,-78.807379,-19.009520,44.105,1,5,2,NONE,COMMON_1,409
1065,-78.477580,-18.745681,34.566,1,6,2,NONE,COMMON_1,410
1066,-78.236435,-18.616149,28.638,1,6,2,NONE,COMMON_1,411
1067,-78.073219,-18.524866,27.895,1,6,2,NONE,COMMON_1,412
1068,-77.906884,-18.441699,24.371,1,6,2,NONE,COMMON_1,413
1069,-77.737690,-18.372870,21.157,1,6,2,NONE,COMMON_1,414
1070,-77.542678,-18.300746,17.648,1,6,2,NONE,COMMON_1,415
1071,-77.336029,-18.245086,15.074,1,6,2,NONE,COMMON_1,416
1072,-77.129372,-18.189426,15.074,1,6,2,NONE,COMMON_1,417
1073,-76.922723,-18.133766,15.566,1,6,2,NONE,COMMON_1,418
1074,-76.696678,-18.068889,14.111,1,6,2,NONE,COMMON_1,419
1075,-76.479897,-18.022446,10.796,1,6,2,NONE,COMMON_1,420
1076,-76.258485,-17.985332,11.833,1,6,2,NONE,COMMON_1,421
1077,-76.037072,-17.929672,11.831,1,6,2,NONE,COMMON_1,422
1078,-75.815659,-17.892569,7.591,1,6,2,NONE,COMMON_1,423
1079,-75.575373,-17.868145,5.938,1,6,2,NONE,COMMON_1,424
1080,-75.360284,-17.845202,6.382,1,6,2,NONE,COMMON_1,425
1081,-75.139465,-17.819387,3.342,1,6,2,NONE,COMMON_1,426
1082,-74.900489,-17.818352,0.129,1,6,2,NONE,COMMON_1,427
1083,-74.679077,-17.818352,0.000,1,6,2,NONE,COMMON_1,428
1084,-74.457664,-17.818352,0.592,1,6,2,NONE,COMMON_1,429
1085,-74.224640,-17.813654,-1.928,1,6,2,NONE,COMMON_1,430
1086,-74.000952,-17.833725,-5.356,1,6,2,NONE,COMMON_1,431
1087,-73.778662,-17.855466,-7.554,1,6,2,NONE,COMMON_1,432
1088,-73.557249,-17.892569,-9.211,1,6,2,NONE,COMMON_1,433
1089,-73.321073,-17.929672,-6.935,1,6,2,NONE,COMMON_1,434
1090,-73.099660,-17.948229,-4.791,1,6,2,NONE,COMMON_1,435
1091,-72.878247,-17.966786,-7.409,1,6,2,NONE,COMMON_1,436
1092,-72.671599,-18.003889,-9.513,1,6,2,NONE,COMMON_1,437
1093,-72.435422,-18.040992,-9.213,1,6,2,NONE,COMMON_1,438
1094,-72.214009,-18.078106,-9.213,1,6,2,NONE,COMMON_1,439
1095,-71.977842,-18.115209,-6.721,1,6,2,NONE,COMMON_1,440
1096,-71.741665,-18.133766,-6.614,1,6,2,NONE,COMMON_1,441
1097,-71.511706,-18.169255,-9.211,1,6,2,NONE,COMMON_1,442
1098,-71.284076,-18.207972,-11.502,1,6,2,NONE,COMMON_1,443
1099,-71.047908,-18.263632,-13.826,1,6,2,NONE,COMMON_1,444
1100,-70.800493,-18.326984,-13.261,1,6,2,NONE,COMMON_1,445
1101,-70.575555,-18.374952,-11.119,1,6,2,NONE,COMMON_1,446
1102,-70.304360,-18.424489,-10.783,1,6,2,NONE,COMMON_1,447
1103,-70.088447,-18.467726,-14.121,1,6,2,NONE,COMMON_1,448
1104,-69.837516,-18.541932,-19.469,1,6,2,NONE,COMMON_1,449
1105,-69.616103,-18.634706,-20.660,1,6,2,NONE,COMMON_1,450
1106,-69.394690,-18.708912,-15.844,1,6,2,NONE,COMMON_1,451
1107,-69.158514,-18.764572,-13.673,1,6,2,NONE,COMMON_1,452
1108,-68.937101,-18.820232,-16.346,1,6,2,NONE,COMMON_1,453
1109,-68.715697,-18.894449,-20.660,1,6,2,NONE,COMMON_1,454
1110,-68.494276,-18.987212,-21.897,1,6,2,NONE,COMMON_1,455
1111,-68.251023,-19.081222,-20.626,1,6,2,NONE,COMMON_1,456
1112,-68.038803,-19.158645,-18.665,1,6,2,NONE,COMMON_1,457
1113,-67.815292,-19.228409,-17.932,1,6,2,NONE,COMMON_1,458
1114,-67.593870,-19.302626,-18.529,1,6,2,NONE,COMMON_1,459
1115,-67.372457,-19.376832,-20.048,1,6,2,NONE,COMMON_1,460
1116,-67.136290,-19.469606,-19.381,1,6,2,NONE,COMMON_1,461
1117,-66.900290,-19.542932,-17.444,1,6,2,NONE,COMMON_1,462
1118,-66.663945,-19.618029,-15.021,1,6,2,NONE,COMMON_1,463
1119,-66.412996,-19.673689,-15.374,1,6,2,NONE,COMMON_1,464
1120,-66.191592,-19.747906,-20.048,1,6,2,NONE,COMMON_1,465
1121,-65.955425,-19.840669,-22.070,1,6,2,NONE,COMMON_1,466
1122,-65.734003,-19.933432,-20.048,1,6,2,NONE,COMMON_1,467
1123,-65.497836,-20.007649,-15.374,1,6,2,NONE,COMMON_1,468
1124,-65.261659,-20.063309,-15.374,1,6,2,NONE,COMMON_1,469
1125,-65.025491,-20.137526,-19.469,1,6,2,NONE,COMMON_1,470
1126,-64.789315,-20.230289,-19.469,1,6,2,NONE,COMMON_1,471
1127,-64.553138,-20.304506,-19.469,1,6,2,NONE,COMMON_1,472
1128,-64.316971,-20.397269,-18.833,1,6,2,NONE,COMMON_1,473
1129,-64.086985,-20.463493,-13.722,1,6,2,NONE,COMMON_1,474
1130,-63.846088,-20.512251,-14.000,1,6,2,NONE,COMMON_1,475
1131,-63.608450,-20.582806,-19.018,1,6,2,NONE,COMMON_1,476
1132,-63.372274,-20.675569,-22.070,1,6,2,NONE,COMMON_1,477
1133,-63.150861,-20.768332,-21.330,1,6,2,NONE,COMMON_1,478
1134,-62.931264,-20.847781,-18.598,1,6,2,NONE,COMMON_1,479
1135,-62.684628,-20.925215,-18.305,1,6,2,NONE,COMMON_1,480
1136,-62.442340,-21.009529,-20.901,1,6,2,NONE,COMMON_1,481
1137,-62.220927,-21.102292,-22.071,1,6,2,NONE,COMMON_1,482
1138,-61.984751,-21.195066,-21.445,1,6,2,NONE,COMMON_1,483
1139,-61.748583,-21.287829,-18.922,1,6,2,NONE,COMMON_1,484
1140,-61.497643,-21.362046,-16.946,1,6,2,NONE,COMMON_1,485
1141,-61.261475,-21.436252,-19.469,1,6,2,NONE,COMMON_1,486
1142,-61.025299,-21.529026,-20.852,1,6,2,NONE,COMMON_1,487
1143,-60.774367,-21.621789,-22.732,1,6,2,NONE,COMMON_1,488
1144,-60.538191,-21.733109,-21.445,1,6,2,NONE,COMMON_1,489
1145,-60.302014,-21.807326,-16.946,1,6,2,NONE,COMMON_1,490
1146,-60.051083,-21.881532,-17.444,1,6,2,NONE,COMMON_1,491
1147,-59.829670,-21.955749,-21.445,1,6,2,NONE,COMMON_1,492
1148,-59.578739,-22.067069,-23.367,1,6,2,NONE,COMMON_1,493
1149,-59.357326,-22.159832,-20.048,1,6,2,NONE,COMMON_1,494
1150,-59.121150,-22.234049,-19.469,1,6,2,NONE,COMMON_1,495
1151,-58.884973,-22.326812,-21.445,1,6,2,NONE,COMMON_1,496
1152,-58.648805,-22.419586,-23.369,1,6,2,NONE,COMMON_1,497
1153,-58.412629,-22.530906,-25.236,1,6,2,NONE,COMMON_1,498
1154,-58.176452,-22.642226,-25.945,1,6,2,NONE,COMMON_1,499
1155,-57.955040,-22.753546,-24.037,1,6,2,NONE,COMMON_1,500
1156,-57.718872,-22.846309,-19.469,1,6,2,NONE,COMMON_1,501
1157,-57.482695,-22.920526,-20.660,1,6,2,NONE,COMMON_1,502
1158,-57.276047,-23.013289,-24.743,1,6,2,NONE,COMMON_1,503
1159,-57.039870,-23.124609,-23.367,1,6,2,NONE,COMMON_1,504
1160,-56.803694,-23.217372,-24.037,1,6,2,NONE,COMMON_1,505
1161,-56.582281,-23.328692,-24.038,1,6,2,NONE,COMMON_1,506
1162,-56.346113,-23.421466,-21.445,1,6,2,NONE,COMMON_1,507
1163,-56.109937,-23.514229,-24.037,1,6,2,NONE,COMMON_1,508
1164,-55.888524,-23.625549,-26.692,1,6,2,NONE,COMMON_1,509
1165,-55.667111,-23.736869,-25.945,1,6,2,NONE,COMMON_1,510
1166,-55.430935,-23.848189,-24.037,1,6,2,NONE,COMMON_1,511
1167,-55.209522,-23.940952,-22.955,1,6,2,NONE,COMMON_1,512
1168,-54.990970,-24.034539,-22.071,1,6,2,NONE,COMMON_1,513
1169,-54.751942,-24.126489,-23.820,1,6,2,NONE,COMMON_1,514
1170,-54.530529,-24.237809,-26.692,1,6,2,NONE,COMMON_1,515
1171,-54.309116,-24.349129,-25.489,1,6,2,NONE,COMMON_1,516
1172,-54.102458,-24.441892,-23.433,1,6,2,NONE,COMMON_1,517
1173,-53.881046,-24.534666,-22.733,1,6,2,NONE,COMMON_1,518
1174,-53.659633,-24.627429,-25.490,1,6,2,NONE,COMMON_1,519
1175,-53.452984,-24.738749,-28.311,1,6,2,NONE,COMMON_1,520
1176,-53.246335,-24.850069,-27.479,1,6,2,NONE,COMMON_1,521
1177,-53.024922,-24.961389,-25.490,1,6,2,NONE,COMMON_1,522
1178,-52.818265,-25.054152,-21.310,1,6,2,NONE,COMMON_1,523
1179,-52.596852,-25.128369,-20.876,1,6,2,NONE,COMMON_1,524
1180,-52.400397,-25.213518,-24.964,1,6,2,NONE,COMMON_1,525
1181,-52.198309,-25.313906,-23.901,1,6,2,NONE,COMMON_1,526
1182,-52.006424,-25.388112,-21.911,1,6,2,NONE,COMMON_1,527
1183,-51.829294,-25.462329,-21.740,1,6,2,NONE,COMMON_1,528
1184,-51.661144,-25.525792,-21.310,1,6,2,NONE,COMMON_1,529
1185,-51.511381,-25.586339,-23.052,1,6,2,NONE,COMMON_1,530
1186,-51.361617,-25.653254,-26.306,1,6,2,NONE,COMMON_1,531
1187,-51.227786,-25.726536,-29.227,1,6,2,NONE,COMMON_1,532
1188,-51.093956,-25.803013,-30.042,1,6,2,NONE,COMMON_1,533
1189,-50.963313,-25.879489,-29.973,1,6,2,NONE,COMMON_1,534
1190,-50.751749,-26.000372,-30.010,1,6,2,NONE,COMMON_1,535
1191,-50.593687,-26.092979,-31.418,1,6,2,NONE,COMMON_1,536
1192,-50.427991,-26.198132,-35.334,1,6,2,NONE,COMMON_1,537
1193,-50.279405,-26.315786,-37.706,1,6,2,NONE,COMMON_1,538
1194,-50.131793,-26.427106,-34.839,1,6,2,NONE,COMMON_1,539
1195,-49.972332,-26.529520,-34.656,1,6,2,NONE,COMMON_1,540
1196,-49.836579,-26.631189,-35.900,1,6,2,NONE,COMMON_1,541
1197,-49.703732,-26.723952,-34.903,1,6,2,NONE,COMMON_1,542
1198,-49.580396,-26.809924,-32.815,1,6,2,NONE,COMMON_1,543
1199,-49.453101,-26.885566,-29.064,1,6,2,NONE,COMMON_1,544
1200,-49.258329,-26.988916,-26.565,1,6,2,NONE,COMMON_1,545
1201,-49.119202,-27.052513,-24.444,1,6,2,NONE,COMMON_1,546
1202,-48.952257,-27.128043,-23.011,1,6,2,NONE,COMMON_1,547
1203,-48.829036,-27.175744,-20.394,1,6,2,NONE,COMMON_1,548
1204,-48.642208,-27.243315,-18.642,1,6,2,NONE,COMMON_1,549
1205,-48.499114,-27.287042,-19.324,1,6,2,NONE,COMMON_1,550
1206,-48.336145,-27.350639,-21.400,1,6,2,NONE,COMMON_1,551
1207,-48.204971,-27.402314,-21.501,1,6,2,NONE,COMMON_1,552
1208,-48.073798,-27.453988,-22.988,1,6,2,NONE,COMMON_1,553
1209,-47.942624,-27.513611,-23.587,1,6,2,STOP_LINE,COMMON_1,554
1210,-47.791576,-27.577209,-23.319,1,6,2,NONE,COMMON_1,555
1211,-47.622452,-27.651626,-22.327,1,6,2,NONE,COMMON_1,556
1212,-47.474841,-27.707286,-22.731,1,6,2,NONE,COMMON_1,557
1213,-47.312475,-27.781492,-26.190,1,6,2,NONE,COMMON_1,558
1214,-47.135344,-27.874266,-26.692,1,6,2,NONE,COMMON_1,559
1215,-46.943450,-27.967029,-25.627,1,6,2,NONE,COMMON_1,560
1216,-46.761175,-28.053758,-22.634,1,6,2,NONE,COMMON_1,561
1217,-46.544766,-28.133263,-18.955,1,6,2,NONE,COMMON_1,562
1218,-46.323938,-28.203929,-19.691,1,6,2,NONE,COMMON_1,563
1219,-46.125189,-28.283423,-22.488,1,6,2,NONE,COMMON_1,564
1220,-45.910188,-28.375206,-22.193,1,6,2,NONE,COMMON_1,565
1221,-45.718303,-28.449412,-20.426,1,6,2,NONE,COMMON_1,566
1222,-45.511645,-28.523629,-17.100,1,6,2,NONE,COMMON_1,567
1223,-45.281615,-28.583753,-17.445,1,6,2,NONE,COMMON_1,568
1224,-45.098347,-28.653506,-20.264,1,6,2,NONE,COMMON_1,569
1225,-44.891690,-28.727712,-18.831,1,6,2,NONE,COMMON_1,570
1226,-44.694207,-28.791331,-19.756,1,6,2,NONE,COMMON_1,571
1227,-44.478392,-28.876146,-18.392,1,6,2,NONE,COMMON_1,572
1228,-44.271734,-28.931806,-15.074,1,6,2,NONE,COMMON_1,573
1229,-44.065085,-28.987466,-18.048,1,6,2,NONE,COMMON_1,574
1230,-43.873191,-29.061672,-22.733,1,6,2,NONE,COMMON_1,575
1231,-43.666542,-29.154446,-24.176,1,6,2,NONE,COMMON_1,576
1232,-43.459893,-29.247209,-22.733,1,6,2,NONE,COMMON_1,577
1233,-43.267999,-29.321426,-18.050,1,6,2,NONE,COMMON_1,578
1234,-43.061350,-29.377086,-17.674,1,6,2,NONE,COMMON_1,579
1235,-42.852479,-29.453830,-19.123,1,6,2,NONE,COMMON_1,580
1236,-42.633280,-29.525509,-18.912,1,6,2,NONE,COMMON_1,581
1237,-42.426631,-29.599726,-20.226,1,6,2,NONE,COMMON_1,582
1238,-42.216493,-29.679075,-20.426,1,6,2,NONE,COMMON_1,583
1239,-42.028088,-29.748149,-19.005,1,6,2,NONE,COMMON_1,584
1240,-41.818995,-29.815987,-21.077,1,6,2,NONE,COMMON_1,585
1241,-41.611416,-29.908739,-24.735,1,6,2,NONE,COMMON_1,586
1242,-41.425916,-29.997072,-23.688,1,6,2,NONE,COMMON_1,587
1243,-41.216239,-30.082109,-23.126,1,6,2,NONE,COMMON_1,588
1244,-41.009590,-30.174872,-24.176,1,6,2,NONE,COMMON_1,589
1245,-40.802941,-30.267646,-23.654,1,6,2,NONE,COMMON_1,590
1246,-40.608842,-30.350401,-24.962,1,6,2,NONE,COMMON_1,591
1247,-40.404398,-30.453172,-27.509,1,6,2,NONE,COMMON_1,592
1248,-40.197740,-30.564492,-28.310,1,6,2,NONE,COMMON_1,593
1249,-39.991091,-30.675812,-27.117,1,6,2,NONE,COMMON_1,594
1250,-39.799197,-30.768586,-25.491,1,6,2,NONE,COMMON_1,595
1251,-39.563030,-30.879906,-24.743,1,6,2,NONE,COMMON_1,596
1252,-39.356372,-30.972669,-26.279,1,6,2,NONE,COMMON_1,597
1253,-39.149723,-31.083989,-28.311,1,6,2,NONE,COMMON_1,598
1254,-38.943074,-31.195309,-28.310,1,6,2,NONE,COMMON_1,599
1255,-38.736416,-31.306629,-25.490,1,6,2,NONE,COMMON_1,600
1256,-38.515004,-31.399392,-22.733,1,6,2,NONE,COMMON_1,601
1257,-38.293591,-31.492166,-25.491,1,6,2,NONE,COMMON_1,602
1258,-38.086942,-31.603486,-29.189,1,6,2,NONE,COMMON_1,603
1259,-37.895048,-31.714806,-30.119,1,6,2,NONE,COMMON_1,604
1260,-37.703163,-31.826126,-28.003,1,6,2,NONE,COMMON_1,605
1261,-37.511269,-31.918889,-24.174,1,6,2,NONE,COMMON_1,606
1262,-37.289856,-32.011652,-24.176,1,6,2,NONE,COMMON_1,607
1263,-37.097962,-32.104426,-28.004,1,6,2,NONE,COMMON_1,608
1264,-36.906077,-32.215746,-30.119,1,6,2,NONE,COMMON_1,609
1265,-36.714183,-32.327066,-28.002,1,6,2,NONE,COMMON_1,610
1266,-36.522289,-32.419829,-24.761,1,6,2,NONE,COMMON_1,611
1267,-36.311664,-32.512725,-22.000,1,6,2,NONE,COMMON_1,612
1268,-36.108991,-32.586809,-22.922,1,6,2,NONE,COMMON_1,613
1269,-35.917097,-32.679572,-25.801,1,6,2,NONE,COMMON_1,614
1270,-35.725203,-32.772346,-25.801,1,6,2,NONE,COMMON_1,615
1271,-35.533318,-32.865109,-25.800,1,6,2,NONE,COMMON_1,616
1272,-35.341424,-32.957872,-23.727,1,6,2,NONE,COMMON_1,617
1273,-35.150761,-33.033258,-24.525,1,6,2,NONE,COMMON_1,618
1274,-34.971001,-33.126878,-28.725,1,6,2,NONE,COMMON_1,619
1275,-34.780515,-33.236172,-32.115,1,6,2,NONE,COMMON_1,620
1276,-34.618990,-33.347826,-33.169,1,6,2,NONE,COMMON_1,621
1277,-34.411491,-33.477369,-31.008,1,6,2,NONE,COMMON_1,622
1278,-34.249125,-33.570132,-32.243,1,6,2,NONE,COMMON_1,623
1279,-34.064750,-33.696090,-35.436,1,6,2,NONE,COMMON_1,624
1280,-33.903721,-33.815926,-38.028,1,6,2,NONE,COMMON_1,625
1281,-33.772653,-33.924530,-41.990,1,6,2,NONE,COMMON_1,626
1282,-33.599641,-34.089629,-43.962,1,6,2,NONE,COMMON_1,627
1283,-33.466794,-34.219506,-46.628,1,6,2,NONE,COMMON_1,628
1284,-33.319191,-34.386486,-50.012,1,6,2,NONE,COMMON_1,629
1285,-33.195944,-34.542434,-54.060,1,6,2,NONE,COMMON_1,630
1286,-33.094838,-34.695967,-59.226,1,6,2,NONE,COMMON_1,631
1287,-32.997470,-34.875726,-63.379,1,6,2,NONE,COMMON_1,632
1288,-32.905885,-35.072952,-65.577,1,6,2,NONE,COMMON_1,633
1289,-32.832083,-35.239932,-64.483,1,6,2,NONE,COMMON_1,634
1290,-32.728754,-35.444026,-65.552,1,6,2,NONE,COMMON_1,635
1291,-32.654953,-35.629552,-70.302,1,6,2,NONE,COMMON_1,636
1292,-32.595907,-35.815089,-75.147,1,6,2,NONE,COMMON_1,637
1293,-32.551624,-36.019172,-77.758,1,6,2,NONE,COMMON_1,638
1294,-32.507342,-36.223266,-76.683,1,6,2,NONE,COMMON_1,639
1295,-32.450864,-36.444860,-76.099,1,6,2,NONE,COMMON_1,640
1296,-32.416412,-36.590666,-78.949,1,6,2,NONE,COMMON_1,641
1297,-32.381650,-36.799236,-81.635,1,6,2,NONE,COMMON_1,642
1298,-32.358481,-36.984628,-84.343,1,6,2,NONE,COMMON_1,643
1299,-32.344975,-37.169486,-88.011,1,6,2,NONE,COMMON_1,644
1300,-32.344975,-37.373569,-91.465,1,6,2,NONE,COMMON_1,645
1301,-32.355585,-37.584264,-92.480,1,6,2,NONE,COMMON_1,646
1302,-32.361378,-37.752268,-93.576,1,6,2,NONE,COMMON_1,647
1303,-32.378754,-37.955049,-95.630,1,6,2,NONE,COMMON_1,648
1304,-32.401931,-38.163618,-97.764,1,6,2,NONE,COMMON_1,649
1305,-32.433540,-38.356892,-99.668,1,6,2,NONE,COMMON_1,650
1306,-32.468550,-38.554674,-101.249,1,6,2,NONE,COMMON_1,651
1307,-32.507342,-38.727966,-101.129,1,6,2,NONE,COMMON_1,652
1308,-32.538074,-38.908082,-101.825,1,6,2,NONE,COMMON_1,653
1309,-32.581143,-39.080472,-106.746,1,6,2,NONE,COMMON_1,654
1310,-32.640189,-39.247452,-110.526,1,6,2,NONE,COMMON_1,655
1311,-32.699236,-39.395886,-109.473,1,6,2,NONE,COMMON_1,656
1312,-32.758273,-39.581412,-108.362,1,6,2,NONE,COMMON_1,657
1313,-32.813272,-39.739453,-107.747,1,6,2,NONE,COMMON_1,658
1314,-32.884709,-39.976464,-106.773,1,6,2,NONE,COMMON_1,659
1315,-32.923093,-40.122182,-116.805,1,7,2,NONE,T_foword,0
1316,-33.013280,-40.300686,-116.992,1,7,2,NONE,T_foword,1
1317,-33.104621,-40.478579,-118.501,1,7,2,NONE,T_foword,2
1318,-33.204074,-40.652066,-119.366,1,7,2,NONE,T_foword,3
1319,-33.300711,-40.827070,-118.724,1,7,2,NONE,T_foword,4
1320,-33.396215,-41.002674,-117.397,1,7,2,NONE,T_foword,5
1321,-33.484656,-41.181986,-116.806,1,7,2,NONE,T_foword,6
1322,-33.576538,-41.359555,-117.422,1,7,2,NONE,T_foword,7
1323,-33.668806,-41.536914,-116.465,1,7,2,NONE,T_foword,8
1324,-33.754707,-41.717448,-115.133,1,7,2,NONE,T_foword,9
1325,-33.838651,-41.898959,-114.163,1,7,2,NONE,T_foword,10
1326,-33.918387,-42.082275,-112.240,1,7,2,NONE,T_foword,11
1327,-33.989956,-42.268977,-109.495,1,7,2,NONE,T_foword,12
1328,-34.051810,-42.459159,-109.440,1,7,2,NONE,T_foword,13
1329,-34.122985,-42.645901,-113.138,1,7,2,NONE,T_foword,14
1330,-34.208755,-42.826428,-115.970,1,7,2,NONE,T_foword,15
1331,-34.297942,-43.005089,-115.507,1,7,2,NONE,T_foword,16
1332,-34.380828,-43.187069,-114.082,1,7,2,NONE,T_foword,17
1333,-34.461099,-43.370138,-111.155,1,7,2,NONE,T_foword,18
1334,-34.524958,-43.559533,-109.311,1,7,2,NONE,T_foword,19
1335,-34.593294,-43.747394,-112.836,1,7,2,NONE,T_foword,20
1336,-34.679902,-43.927484,-116.499,1,7,2,NONE,T_foword,21
1337,-34.771673,-44.105175,-116.453,1,7,2,NONE,T_foword,22
1338,-34.858016,-44.285463,-114.764,1,7,2,NONE,T_foword,23
1339,-34.939167,-44.468258,-113.223,1,7,2,NONE,T_foword,24
1340,-35.015687,-44.652929,-111.720,1,7,2,NONE,T_foword,25
1341,-35.087108,-44.839637,-112.272,1,7,2,NONE,T_foword,26
1342,-35.167081,-45.022576,-115.247,1,7,2,NONE,T_foword,27
1343,-35.257369,-45.200695,-116.717,1,7,2,NONE,T_foword,28
1344,-35.346777,-45.379595,-114.635,1,7,2,NONE,T_foword,29
1345,-35.423909,-45.563867,-112.401,1,7,2,NONE,T_foword,30
1346,-35.499103,-45.749139,-111.881,1,7,2,NONE,T_foword,31
1347,-35.572933,-45.934940,-112.398,1,7,2,NONE,T_foword,32
1348,-35.651465,-46.118842,-114.386,1,7,2,NONE,T_foword,33
1349,-35.737950,-46.298959,-116.725,1,7,2,NONE,T_foword,34
1350,-35.831184,-46.475790,-116.842,1,7,2,NONE,T_foword,35
1351,-35.918462,-46.655668,-114.682,1,7,2,NONE,T_foword,36
1352,-35.998088,-46.838962,-111.555,1,7,2,NONE,T_foword,37
1353,-36.065277,-47.027328,-109.287,1,7,2,NONE,T_foword,38
1354,-36.130191,-47.216462,-108.560,1,7,2,NONE,T_foword,39
1355,-36.192550,-47.406380,-109.787,1,7,2,NONE,T_foword,40
1356,-36.265479,-47.592507,-112.106,1,7,2,NONE,T_foword,41
1357,-36.343022,-47.776839,-112.153,1,7,2,NONE,T_foword,42
1358,-36.416279,-47.962905,-109.800,1,7,2,NONE,T_foword,43
1359,-36.478389,-48.152845,-106.011,1,7,2,NONE,T_foword,44
1360,-36.526452,-48.346835,-104.117,1,7,2,NONE,T_foword,45
1361,-36.575883,-48.540496,-106.263,1,7,2,NONE,T_foword,46
1362,-36.638317,-48.730306,-110.438,1,7,2,NONE,T_foword,47
1363,-36.715295,-48.914607,-112.680,1,7,2,NONE,T_foword,48
1364,-36.792398,-49.099011,-110.780,1,7,2,NONE,T_foword,49
1365,-36.857041,-49.288153,-107.640,1,7,2,NONE,T_foword,50
1366,-36.913527,-49.479934,-105.277,1,7,2,NONE,T_foword,51
1367,-36.962325,-49.673603,-106.365,1,7,2,NONE,T_foword,52
1368,-37.026047,-49.863099,-111.023,1,7,2,NONE,T_foword,53
1369,-37.105666,-50.046567,-112.243,1,7,2,NONE,T_foword,54
1370,-37.177414,-50.233226,-111.871,1,7,2,NONE,T_foword,55
1371,-37.254632,-50.417669,-111.799,1,7,2,NONE,T_foword,56
1372,-37.325863,-50.604393,-108.881,1,7,2,NONE,T_foword,57
1373,-37.383886,-50.795601,-106.311,1,7,2,NONE,T_foword,58
1374,-37.438093,-50.987911,-108.310,1,7,2,NONE,T_foword,59
1375,-37.509311,-51.174624,-112.477,1,7,2,NONE,T_foword,60
1376,-37.590820,-51.357051,-113.725,1,7,2,NONE,T_foword,61
1377,-37.670171,-51.540631,-112.765,1,7,2,NONE,T_foword,62
1378,-37.745475,-51.725594,-110.612,1,7,2,NONE,T_foword,63
1379,-37.810784,-51.914493,-108.408,1,7,2,NONE,T_foword,64
1380,-37.871729,-52.104950,-108.116,1,7,2,NONE,T_foword,65
1381,-37.935130,-52.294577,-109.780,1,7,2,NONE,T_foword,66
1382,-38.007002,-52.481090,-112.750,1,7,2,NONE,T_foword,67
1383,-38.089695,-52.663179,-114.514,1,7,2,NONE,T_foword,68
1384,-38.172945,-52.844983,-112.565,1,7,2,NONE,T_foword,69
1385,-38.243038,-53.032202,-109.354,1,7,2,NONE,T_foword,70
1386,-38.305436,-53.222188,-108.234,1,7,2,NONE,T_foword,71
1387,-38.368161,-53.412004,-109.790,1,7,2,NONE,T_foword,72
1388,-38.440776,-53.598320,-111.438,1,7,2,NONE,T_foword,73
1389,-38.514315,-53.784212,-113.216,1,7,2,NONE,T_foword,74
1390,-38.598332,-53.965650,-113.797,1,7,2,NONE,T_foword,75
1391,-38.675634,-54.150015,-111.063,1,7,2,NONE,T_foword,76
1392,-38.741962,-54.338585,-108.393,1,7,2,NONE,T_foword,77
1393,-38.801787,-54.529394,-108.312,1,7,2,NONE,T_foword,78
1394,-38.867577,-54.718137,-109.932,1,7,2,NONE,T_foword,79
1395,-38.938041,-54.905129,-112.003,1,7,2,NONE,T_foword,80
1396,-39.017327,-55.088725,-111.800,1,7,2,NONE,T_foword,81
1397,-39.086462,-55.276217,-108.794,1,7,2,NONE,T_foword,82
1398,-39.146002,-55.466831,-106.768,1,7,2,NONE,T_foword,83
1399,-39.201662,-55.658547,-106.305,1,7,2,NONE,T_foword,84
1400,-39.258165,-55.850274,-107.125,1,7,2,NONE,T_foword,85
1401,-39.319383,-56.040619,-109.246,1,7,2,NONE,T_foword,86
1402,-39.389917,-56.227637,-111.669,1,7,2,NONE,T_foword,87
1403,-39.467008,-56.412166,-111.336,1,7,2,NONE,T_foword,88
1404,-39.535384,-56.600045,-110.225,1,7,2,NONE,T_foword,89
1405,-39.605228,-56.787333,-110.562,1,7,2,NONE,T_foword,90
1406,-39.675823,-56.974439,-112.353,1,7,2,NONE,T_foword,91
1407,-39.749960,-57.139301,-114.911,1,7,2,NONE,T_foword,92
1408,-39.794960,-57.230968,-115.542,1,7,2,NONE,T_foword,93
1409,-39.839960,-57.327635,-114.905,1,7,2,NONE,T_foword,94
1410,-39.881627,-57.417635,-114.843,1,7,2,STOP_LINE,T_foword,95
1411,-39.886627,-57.507635,-106.887,1,7,2,NONE,T_A,0
1412,-39.914960,-57.600968,-108.104,1,7,1,NONE,T_A,1
1413,-39.943294,-57.680968,-111.233,1,7,1,NONE,T_A,2
1414,-40.016627,-57.862635,-114.528,1,7,1,NONE,T_A,3
1415,-40.099960,-58.024301,-118.072,1,7,1,NONE,T_A,4
1416,-40.029960,-57.887635,63.054,-1,7,1,NONE,T_A,5
1417,-39.998294,-57.824301,63.726,-1,7,1,NONE,T_A,6
1418,-39.964960,-57.755968,63.877,-1,7,1,NONE,T_A,7
1419,-39.913294,-57.650968,64.676,-1,7,1,NONE,T_A,8
1420,-39.833415,-57.477981,64.069,-1,7,1,NONE,T_A,9
1421,-39.742229,-57.299157,65.270,-1,7,1,NONE,T_A,10
1422,-39.671049,-57.125464,70.980,-1,7,1,NONE,T_A,11
1423,-39.612003,-56.921381,71.480,-1,7,1,NONE,T_A,12
1424,-39.552965,-56.772947,69.691,-1,7,1,NONE,T_A,13
1425,-39.492944,-56.599680,70.356,-1,7,1,NONE,T_A,14
1426,-39.434713,-56.441670,71.252,-1,7,1,NONE,T_A,15
1427,-39.368041,-56.231676,71.643,-1,7,1,NONE,T_A,16
1428,-39.314707,-56.080003,71.826,-1,7,1,NONE,T_A,17
1429,-39.259708,-55.901668,71.333,-1,7,1,NONE,T_A,18
1430,-39.189707,-55.710008,69.781,-1,7,1,NONE,T_A,19
1431,-39.115507,-55.510144,70.585,-1,7,1,NONE,T_A,20
1432,-39.046373,-55.303334,73.125,-1,7,1,NONE,T_A,21
1433,-38.992047,-55.103147,71.565,-1,7,1,NONE,T_A,22
1434,-38.911373,-54.898341,69.350,-1,7,1,NONE,T_A,23
1435,-38.859199,-54.750641,72.959,-1,7,1,NONE,T_A,24
1436,-38.814917,-54.583661,75.940,-1,7,1,NONE,T_A,25
1437,-38.769713,-54.393338,74.418,-1,7,1,NONE,T_A,26
1438,-38.713040,-54.218343,69.135,-1,7,1,NONE,T_A,27
1439,-38.623032,-54.008504,67.513,-1,7,1,NONE,T_A,28
1440,-38.557175,-53.841814,69.133,-1,7,1,NONE,T_A,29
1441,-38.486376,-53.650009,69.087,-1,7,1,NONE,T_A,30
1442,-38.416374,-53.473334,66.963,-1,7,1,NONE,T_A,31
1443,-38.334708,-53.293340,65.830,-1,7,1,NONE,T_A,32
1444,-38.263041,-53.131670,64.952,-1,7,1,NONE,T_A,33
1445,-38.179710,-52.961673,64.558,-1,7,1,NONE,T_A,34
1446,-38.099709,-52.788337,64.722,-1,7,1,NONE,T_A,35
1447,-38.009710,-52.601676,64.254,-1,7,1,NONE,T_A,36
1448,-37.941373,-52.460010,62.306,-1,7,1,NONE,T_A,37
1449,-37.851373,-52.300010,62.659,-1,7,1,NONE,T_A,38
1450,-37.764712,-52.118335,63.104,-1,7,1,NONE,T_A,39
1451,-37.681278,-51.964680,61.006,-1,7,1,NONE,T_A,40
1452,-37.586278,-51.796347,61.267,-1,7,1,NONE,T_A,41
1453,-37.508839,-51.650146,61.902,-1,7,1,NONE,T_A,42
1454,-37.414712,-51.475006,64.081,-1,7,1,NONE,T_A,43
1455,-37.329611,-51.281347,64.159,-1,7,1,NONE,T_A,44
1456,-37.228574,-51.090662,60.134,-1,7,1,NONE,T_A,45
1457,-37.129541,-50.932933,54.808,-1,7,1,NONE,T_A,46
1458,-37.004832,-50.773389,49.666,-1,7,1,NONE,T_A,47
1459,-36.881957,-50.641342,45.603,-1,7,1,NONE,T_A,48
1460,-36.746240,-50.509294,41.137,-1,7,1,NONE,T_A,49
1461,-36.577524,-50.375420,36.314,-1,7,1,NONE,T_A,50
1462,-36.441807,-50.285552,32.521,-1,7,1,NONE,T_A,51
1463,-36.304265,-50.201193,31.445,-1,7,1,NONE,T_A,52
1464,-36.154714,-50.110000,34.112,-1,7,1,NONE,T_A,53
1465,-36.009706,-50.001675,33.976,-1,7,1,NONE,T_A,54
1466,-35.848040,-49.903335,29.305,-1,7,1,NONE,T_A,55
1467,-35.611819,-49.778344,28.546,-1,7,1,NONE,T_A,56
1468,-35.431376,-49.676676,26.931,-1,7,1,NONE,T_A,57
1469,-35.278265,-49.608893,21.066,-1,7,1,NONE,T_A,58
1470,-35.108264,-49.552220,16.661,-1,7,1,NONE,T_A,59
1471,-34.937174,-49.506813,12.355,-1,7,1,NONE,T_A,60
1472,-34.758264,-49.475554,8.090,-1,7,1,NONE,T_A,61
1473,-34.588263,-49.457220,3.576,-1,7,1,NONE,T_A,62
1474,-34.384927,-49.452221,-1.421,-1,7,1,NONE,T_A,63
1475,-34.184929,-49.467227,-6.710,-1,7,1,NONE,T_A,64
1476,-34.016593,-49.495558,-12.368,-1,7,1,NONE,T_A,65
1477,-33.804932,-49.550550,-15.431,-1,7,1,NONE,T_A,66
1478,-33.648260,-49.597227,-19.637,-1,7,1,NONE,T_A,67
1479,-33.449927,-49.677221,-24.991,-1,7,1,NONE,T_A,68
1480,-33.259611,-49.778384,-28.334,-1,7,1,NONE,T_A,69
1481,-33.109926,-49.860554,-26.946,-1,7,1,NONE,T_A,70
1482,-32.979930,-49.920556,-23.010,-1,7,1,NONE,T_A,71
1483,-32.811940,-49.987103,-22.482,-1,7,1,NONE,T_A,72
1484,-32.641939,-50.060429,-23.198,-1,7,1,NONE,T_A,73
1485,-32.496941,-50.122101,-22.199,-1,7,1,NONE,T_A,74
1486,-32.351933,-50.178774,-20.066,-1,7,1,NONE,T_A,75
1487,-32.218607,-50.223769,-17.798,-1,7,1,NONE,T_A,76
1488,-32.035268,-50.280431,-18.524,-1,7,1,NONE,T_A,77
1489,-31.895274,-50.332106,-20.042,-1,7,1,NONE,T_A,78
1490,-31.770273,-50.377101,-21.173,-1,7,1,NONE,T_A,79
1491,-31.670008,-50.419358,156.797,-1,7,1,NONE,T_A,80
1492,-31.816938,-50.357097,155.729,1,7,2,NONE,T_A,81
1493,-31.980650,-50.279284,153.889,1,7,2,NONE,T_A,82
1494,-32.149925,-50.193891,155.154,1,7,2,NONE,T_A,83
1495,-32.298262,-50.132220,157.576,1,7,2,NONE,T_A,84
1496,-32.482513,-50.056644,157.040,1,7,2,NONE,T_A,85
1497,-32.636599,-49.988884,156.254,1,7,2,NONE,T_A,86
1498,-32.777736,-49.926767,154.727,1,7,2,NONE,T_A,87
1499,-32.925339,-49.852561,151.842,1,7,2,NONE,T_A,88
1500,-33.088263,-49.760555,150.507,1,7,2,NONE,T_A,89
1501,-33.220562,-49.685581,153.147,1,7,2,NONE,T_A,90
1502,-33.382928,-49.611364,154.216,1,7,2,NONE,T_A,91
1503,-33.544931,-49.528887,151.516,1,7,2,NONE,T_A,92
1504,-33.691595,-49.443883,147.055,1,7,2,NONE,T_A,93
1505,-33.843263,-49.335558,141.749,1,7,2,NONE,T_A,94
1506,-33.973365,-49.221744,137.177,1,7,2,NONE,T_A,95
1507,-34.106212,-49.091867,137.767,1,7,2,NONE,T_A,96
1508,-34.239060,-48.980547,137.552,1,7,2,NONE,T_A,97
1509,-34.388266,-48.833883,134.161,1,7,2,NONE,T_A,98
1510,-34.489929,-48.722218,129.690,1,7,2,NONE,T_A,99
1511,-34.591593,-48.588890,124.445,1,7,2,NONE,T_A,100
1512,-34.708260,-48.403888,119.566,1,7,2,NONE,T_A,101
1513,-34.788261,-48.242217,113.616,1,7,2,NONE,T_A,102
1514,-34.864932,-48.045560,110.527,1,7,2,NONE,T_A,103
1515,-34.924926,-47.877221,107.783,1,7,2,NONE,T_A,104
1516,-34.978260,-47.692219,103.974,1,7,2,NONE,T_A,105
1517,-35.014926,-47.515554,99.258,1,7,2,NONE,T_A,106
1518,-35.039928,-47.313887,94.764,1,7,2,NONE,T_A,107
1519,-35.048261,-47.115559,92.148,1,7,2,NONE,T_A,108
1520,-35.054930,-46.913892,91.150,1,7,2,NONE,T_A,109
1521,-35.056595,-46.700558,89.424,1,7,2,NONE,T_A,110
1522,-35.050901,-46.512961,88.459,1,7,2,NONE,T_A,111
1523,-35.046596,-46.328894,85.667,1,7,2,NONE,T_A,112
1524,-35.021382,-46.123341,80.371,1,7,2,NONE,T_A,113
1525,-34.977099,-45.919247,80.188,1,7,2,NONE,T_A,114
1526,-34.947581,-45.696607,80.188,1,7,2,NONE,T_A,115
1527,-34.903298,-45.492524,78.588,1,7,2,NONE,T_A,116
1528,-34.865197,-45.288453,77.758,1,7,2,NONE,T_A,117
1529,-34.814733,-45.084347,73.067,1,7,2,NONE,T_A,118
1530,-34.740923,-44.880264,70.118,1,7,2,NONE,T_A,119
1531,-34.667122,-44.676181,71.972,1,7,2,NONE,T_A,120
1532,-34.608075,-44.472087,73.865,1,7,2,NONE,T_A,121
1533,-34.549038,-44.268004,73.139,1,7,2,NONE,T_A,122
1534,-34.489991,-44.082467,72.346,1,7,2,NONE,T_A,123
1535,-34.430945,-43.896941,73.139,1,7,2,NONE,T_A,124
1536,-34.371908,-43.692847,71.972,1,7,2,NONE,T_A,125
1537,-34.298098,-43.488764,70.118,1,7,2,NONE,T_A,126
1538,-34.224296,-43.284681,70.119,1,7,2,NONE,T_A,127
1539,-34.150495,-43.080587,70.944,1,7,2,NONE,T_A,128
1540,-34.088251,-42.890820,73.138,1,7,2,NONE,T_A,129
1541,-34.032402,-42.690967,72.205,1,7,2,NONE,T_A,130
1542,-33.958601,-42.486884,67.377,1,7,2,NONE,T_A,131
1543,-33.870036,-42.301347,66.367,1,7,2,NONE,T_A,132
1544,-33.796235,-42.115821,70.302,1,7,2,NONE,T_A,133
1545,-33.737188,-41.930284,72.017,1,7,2,NONE,T_A,134
1546,-33.679922,-41.757482,70.143,1,7,2,NONE,T_A,135
1547,-33.611585,-41.582487,66.690,1,7,2,NONE,T_A,136
1548,-33.530539,-41.410787,64.602,1,7,2,NONE,T_A,137
1549,-33.441974,-41.225261,62.059,1,7,2,NONE,T_A,138
1550,-33.353409,-41.076827,59.465,1,7,2,NONE,T_A,139
1551,-33.289917,-40.967478,59.627,1,7,2,NONE,T_A,140
1552,-33.236583,-40.877487,59.184,1,7,2,NONE,T_A,141
1553,-33.176589,-40.777488,58.877,1,7,2,NONE,T_A,142
1554,-33.129915,-40.700822,59.250,1,7,2,NONE,T_A,143
1555,-33.098253,-40.645819,61.345,1,7,2,NONE,T_A,144
1556,-33.051588,-40.557486,62.758,1,7,2,NONE,T_A,145
1557,-33.011583,-40.477480,64.268,1,7,2,NONE,T_A,146
1558,-32.984916,-40.419149,65.926,1,7,2,NONE,T_A,147
1559,-32.952971,-40.346290,67.505,1,7,2,NONE,T_A,148
1560,-32.911159,-40.241037,68.068,1,7,2,NONE,T_A,149
1561,-32.866426,-40.131349,67.813,1,7,2,NONE,T_A,150
1562,-32.765003,-39.981730,0.0,1,8,2,NONE,T_A_BRIDGE_COMMON_2,1
1563,-32.663580,-39.832111,0.0,1,8,2,NONE,T_A_BRIDGE_COMMON_2,2
1564,-32.562157,-39.682493,0.0,1,8,2,NONE,T_A_BRIDGE_COMMON_2,3
1565,-32.460734,-39.532874,0.0,1,8,2,NONE,T_A_BRIDGE_COMMON_2,4
1566,-32.359311,-39.383255,46.081,1,8,2,NONE,COMMON_2,0
1567,-32.044652,-39.056494,50.947,1,8,2,NONE,COMMON_2,1
1568,-31.838914,-38.741835,52.125,1,8,2,NONE,COMMON_2,2
1569,-31.621073,-38.511893,49.145,1,8,2,NONE,COMMON_2,3
1570,-31.451642,-38.294052,52.883,1,8,2,NONE,COMMON_2,4
1571,-31.282210,-38.064109,52.883,1,8,2,NONE,COMMON_2,5
1572,-31.112779,-37.846269,50.711,1,8,2,NONE,COMMON_2,6
1573,-30.955450,-37.664735,50.932,1,8,2,NONE,COMMON_2,7
1574,-30.772169,-37.426671,56.371,1,8,2,NONE,COMMON_2,8
1575,-30.607223,-37.141188,57.821,1,8,2,NONE,COMMON_2,9
1576,-30.416901,-36.862049,50.826,1,8,2,NONE,COMMON_2,10
1577,-30.188514,-36.627318,42.940,1,8,2,NONE,COMMON_2,11
1578,-29.979762,-36.455260,37.912,1,8,2,NONE,COMMON_2,12
1579,-29.795926,-36.321561,33.896,1,8,2,NONE,COMMON_2,13
1580,-29.623231,-36.215716,32.735,1,8,2,NONE,COMMON_2,14
1581,-29.483961,-36.121012,35.340,1,8,2,NONE,COMMON_2,15
1582,-29.316837,-35.998455,34.115,1,8,2,NONE,COMMON_2,16
1583,-29.098984,-35.860214,32.508,1,8,2,NONE,COMMON_2,17
1584,-28.907064,-35.737317,31.666,1,8,2,NONE,COMMON_2,18
1585,-28.738710,-35.637997,28.531,1,8,2,NONE,COMMON_2,19
1586,-28.560260,-35.548774,24.385,1,8,2,NONE,COMMON_2,20
1587,-28.378445,-35.474690,18.918,1,8,2,NONE,COMMON_2,21
1588,-28.176207,-35.417149,12.752,1,8,2,NONE,COMMON_2,22
1589,-27.969540,-35.382150,10.430,1,8,2,NONE,COMMON_2,23
1590,-27.777877,-35.343823,9.831,1,8,2,NONE,COMMON_2,24
1591,-27.580562,-35.314746,6.490,1,8,2,NONE,COMMON_2,25
1592,-27.359150,-35.296189,2.666,1,8,2,NONE,COMMON_2,26
1593,-27.182019,-35.296189,-2.768,1,8,2,NONE,COMMON_2,27
1594,-26.975371,-35.314746,-7.950,1,8,2,NONE,COMMON_2,28
1595,-26.783477,-35.351849,-10.945,1,8,2,NONE,COMMON_2,29
1596,-26.591591,-35.388963,-8.577,1,8,2,NONE,COMMON_2,30
1597,-26.414461,-35.407509,-7.295,1,8,2,NONE,COMMON_2,31
1598,-26.210080,-35.437799,-8.958,1,8,2,NONE,COMMON_2,32
1599,-26.036209,-35.467132,-12.311,1,8,2,NONE,COMMON_2,33
1600,-25.838788,-35.518829,-17.307,1,8,2,NONE,COMMON_2,34
1601,-25.632131,-35.593046,-19.755,1,8,2,NONE,COMMON_2,35
1602,-25.425482,-35.667263,-20.426,1,8,2,NONE,COMMON_2,36
1603,-25.233588,-35.741469,-18.080,1,8,2,NONE,COMMON_2,37
1604,-25.011830,-35.802305,-16.878,1,8,2,NONE,COMMON_2,38
1605,-24.805526,-35.871346,-19.132,1,8,2,NONE,COMMON_2,39
1606,-24.598877,-35.945563,-23.434,1,8,2,NONE,COMMON_2,40
1607,-24.377473,-36.056883,-24.743,1,8,2,NONE,COMMON_2,41
1608,-24.156052,-36.149646,-22.731,1,8,2,NONE,COMMON_2,42
1609,-23.934639,-36.242409,-23.623,1,8,2,NONE,COMMON_2,43
1610,-23.539436,-36.419328,-24.439,1,8,2,NONE,COMMON_2,44
1611,-23.330891,-36.516778,-28.700,1,8,2,NONE,COMMON_2,45
1612,-23.124242,-36.646644,-33.954,1,8,2,NONE,COMMON_2,46
1613,-22.917585,-36.795078,-33.094,1,8,2,NONE,COMMON_2,47
1614,-22.725691,-36.906398,-30.266,1,8,2,NONE,COMMON_2,48
1615,-22.504278,-37.036264,-31.249,1,8,2,NONE,COMMON_2,49
1616,-22.297629,-37.166141,-33.095,1,8,2,NONE,COMMON_2,50
1617,-22.105735,-37.296018,-34.090,1,8,2,NONE,COMMON_2,51
1618,-21.913841,-37.425884,-31.181,1,8,2,NONE,COMMON_2,52
1619,-21.707192,-37.537204,-30.924,1,8,2,NONE,COMMON_2,53
1620,-21.528860,-37.656510,-34.237,1,8,2,NONE,COMMON_2,54
1621,-21.354411,-37.777283,-34.735,1,8,2,NONE,COMMON_2,55
1622,-21.193381,-37.889109,-35.380,1,8,2,NONE,COMMON_2,56
1623,-21.045770,-37.996462,-38.468,1,8,2,NONE,COMMON_2,57
1624,-20.866848,-38.148546,-40.410,1,8,2,NONE,COMMON_2,58
1625,-20.714764,-38.278265,-41.820,1,8,2,NONE,COMMON_2,59
1626,-20.611883,-38.376672,-44.197,1,8,2,NONE,COMMON_2,60
1627,-20.497984,-38.489055,-44.827,1,8,2,NONE,COMMON_2,61
1628,-20.359590,-38.627449,-44.433,1,8,2,NONE,COMMON_2,62
1629,-20.245909,-38.736188,-42.274,1,8,2,NONE,COMMON_2,63
1630,-20.087744,-38.874582,-43.238,1,8,2,NONE,COMMON_2,64
1631,-19.914751,-39.047575,-45.754,1,8,2,NONE,COMMON_2,65
1632,-19.717044,-39.255167,-48.927,1,8,2,NONE,COMMON_2,66
1633,-19.558322,-39.456544,-51.626,1,8,2,NONE,COMMON_2,67
1634,-19.404271,-39.650154,-54.178,1,8,2,NONE,COMMON_2,68
1635,-19.271689,-39.853647,-56.927,1,8,2,NONE,COMMON_2,69
1636,-19.138841,-40.057741,-58.778,1,8,2,NONE,COMMON_2,70
1637,-19.035521,-40.243267,-61.125,1,8,2,NONE,COMMON_2,71
1638,-18.926728,-40.442374,-60.843,1,8,2,NONE,COMMON_2,72
1639,-18.813560,-40.641125,-62.405,1,8,2,NONE,COMMON_2,73
1640,-18.710780,-40.855527,-67.010,1,8,2,NONE,COMMON_2,74
1641,-18.642214,-41.044996,-70.813,1,8,2,NONE,COMMON_2,75
1642,-18.582371,-41.224527,-71.200,1,8,2,NONE,COMMON_2,76
1643,-18.505429,-41.446804,-72.350,1,8,2,NONE,COMMON_2,77
1644,-18.432762,-41.694727,-76.729,1,8,2,NONE,COMMON_2,78
1645,-18.398565,-41.899905,-79.634,1,8,2,NONE,COMMON_2,79
1646,-18.368643,-42.045240,-78.584,1,8,2,NONE,COMMON_2,80
1647,-18.308800,-42.344458,-79.851,1,8,2,NONE,COMMON_2,81
1648,-18.244682,-42.737716,-80.771,1,8,2,NONE,COMMON_2,82
1649,-18.207880,-42.965553,-80.517,1,8,2,NONE,COMMON_2,83
1650,-18.176181,-43.147821,-82.288,1,8,2,NONE,COMMON_2,84
1651,-18.156370,-43.345938,-85.996,1,8,2,NONE,COMMON_2,85
1652,-18.148445,-43.544055,-90.672,1,8,2,NONE,COMMON_2,86
1653,-18.161226,-43.760012,-93.448,1,8,2,NONE,COMMON_2,87
1654,-18.175990,-44.001209,-96.979,1,8,2,NONE,COMMON_2,88
1655,-18.220273,-44.242406,-102.089,1,8,2,NONE,COMMON_2,89
1656,-18.279310,-44.483592,-103.264,1,8,2,NONE,COMMON_2,90
1657,-18.338357,-44.743346,-103.756,1,8,2,NONE,COMMON_2,91
1658,-18.397403,-44.965986,-104.056,1,8,2,NONE,COMMON_2,92
1659,-18.451711,-45.196096,-103.755,1,8,2,NONE,COMMON_2,93
1660,-18.515487,-45.448369,-107.156,1,8,2,NONE,COMMON_2,94
1661,-18.604052,-45.689566,-110.163,1,8,2,NONE,COMMON_2,95
1662,-18.692617,-45.930752,-109.293,1,8,2,NONE,COMMON_2,96
1663,-18.766418,-46.153392,-105.397,1,8,2,NONE,COMMON_2,97
1664,-18.825465,-46.413146,-105.397,1,8,2,NONE,COMMON_2,98
1665,-18.899266,-46.635786,-110.034,1,8,2,NONE,COMMON_2,99
1666,-18.987831,-46.858426,-111.693,1,8,2,NONE,COMMON_2,100
1667,-19.091160,-47.118169,-109.473,1,8,2,NONE,COMMON_2,101
1668,-19.164961,-47.359366,-109.293,1,8,2,NONE,COMMON_2,102
1669,-19.253526,-47.582006,-108.604,1,8,2,NONE,COMMON_2,103
1670,-19.327336,-47.841749,-107.960,1,8,2,NONE,COMMON_2,104
1671,-19.415901,-48.082946,-110.163,1,8,2,NONE,COMMON_2,105
1672,-19.504467,-48.324132,-111.692,1,8,2,NONE,COMMON_2,106
1673,-19.607787,-48.565329,-111.017,1,8,2,NONE,COMMON_2,107
1674,-19.684750,-48.793379,-107.653,1,8,2,NONE,COMMON_2,108
1675,-19.755398,-49.029166,-108.306,1,8,2,NONE,COMMON_2,109
1676,-19.844796,-49.277142,-108.603,1,8,2,NONE,COMMON_2,110
1677,-19.917764,-49.511549,-111.139,1,8,2,NONE,COMMON_2,111
1678,-20.035857,-49.771292,-113.845,1,8,2,NONE,COMMON_2,112
1679,-20.139177,-50.012489,-111.691,1,8,2,NONE,COMMON_2,113
1680,-20.227733,-50.253686,-110.163,1,8,2,NONE,COMMON_2,114
1681,-20.316307,-50.494872,-110.902,1,8,2,NONE,COMMON_2,115
1682,-20.404872,-50.717512,-112.474,1,8,2,NONE,COMMON_2,116
1683,-20.508192,-50.958709,-114.014,1,8,2,NONE,COMMON_2,117
1684,-20.611521,-51.181349,-115.050,1,8,2,NONE,COMMON_2,118
1685,-20.728657,-51.430416,-111.730,1,8,2,NONE,COMMON_2,119
1686,-20.797765,-51.648648,-107.716,1,8,2,NONE,COMMON_2,120
1687,-20.862462,-51.849269,-111.652,1,8,2,NONE,COMMON_2,121
1688,-20.965790,-52.071909,-114.895,1,8,2,NONE,COMMON_2,122
1689,-21.069110,-52.294549,-114.895,1,8,2,NONE,COMMON_2,123
1690,-21.172439,-52.517189,-115.517,1,8,2,NONE,COMMON_2,124
1691,-21.290514,-52.758386,-113.190,1,8,2,NONE,COMMON_2,125
1692,-21.379088,-52.999572,-112.476,1,8,2,NONE,COMMON_2,126
1693,-21.482408,-53.222212,-114.895,1,8,2,NONE,COMMON_2,127
1694,-21.585737,-53.444852,-115.518,1,8,2,NONE,COMMON_2,128
1695,-21.703821,-53.686049,-112.104,1,8,2,NONE,COMMON_2,129
1696,-21.786009,-53.937966,-108.603,1,8,2,NONE,COMMON_2,130
1697,-21.866187,-54.168432,-108.082,1,8,2,NONE,COMMON_2,131
1698,-21.940006,-54.409629,-109.192,1,8,2,NONE,COMMON_2,132
1699,-22.072845,-54.762146,-109.191,1,8,2,NONE,COMMON_2,133
1700,-22.146655,-55.003332,-108.890,1,8,2,NONE,COMMON_2,134
1701,-22.237762,-55.244117,-108.603,1,8,2,NONE,COMMON_2,135
1702,-22.309022,-55.485726,-107.448,1,8,2,NONE,COMMON_2,136
1703,-22.381804,-55.702410,-109.293,1,8,2,NONE,COMMON_2,137
1704,-22.471388,-55.949552,-111.555,1,8,2,NONE,COMMON_2,138
1705,-22.574708,-56.190749,-113.189,1,8,2,NONE,COMMON_2,139
1706,-22.678037,-56.431946,-112.475,1,8,2,NONE,COMMON_2,140
1707,-22.766602,-56.654586,-110.163,1,8,2,NONE,COMMON_2,141
1708,-22.855167,-56.914329,-110.163,1,8,2,NONE,COMMON_2,142
1709,-22.943732,-57.136969,-115.518,1,8,2,NONE,COMMON_2,143
1710,-23.076580,-57.378166,-118.847,1,8,2,NONE,COMMON_2,144
1711,-23.209436,-57.619352,-116.985,1,8,2,NONE,COMMON_2,145
1712,-23.312756,-57.841992,-113.189,1,8,2,NONE,COMMON_2,146
1713,-23.416076,-58.101746,-114.655,1,8,2,NONE,COMMON_2,147
1714,-23.534169,-58.324386,-117.942,1,8,2,NONE,COMMON_2,148
1715,-23.652253,-58.547026,-117.484,1,8,2,NONE,COMMON_2,149
1716,-23.785109,-58.806769,-116.607,1,8,2,NONE,COMMON_2,150
1717,-23.903184,-59.047966,-114.654,1,8,2,NONE,COMMON_2,151
1718,-24.006513,-59.289152,-111.693,1,8,2,NONE,COMMON_2,152
1719,-24.095078,-59.530349,-112.475,1,8,2,NONE,COMMON_2,153
1720,-24.198407,-59.752989,-116.439,1,8,2,NONE,COMMON_2,154
1721,-24.316491,-59.975629,-116.983,1,8,2,NONE,COMMON_2,155
1722,-24.434575,-60.216826,-116.086,1,8,2,NONE,COMMON_2,156
1723,-24.552667,-60.458012,-115.518,1,8,2,NONE,COMMON_2,157
1724,-24.655987,-60.680652,-116.439,1,8,2,NONE,COMMON_2,158
1725,-24.774080,-60.903292,-118.414,1,8,2,NONE,COMMON_2,159
1726,-24.906928,-61.144489,-116.983,1,8,2,NONE,COMMON_2,160
1727,-25.010248,-61.367129,-116.153,1,8,2,NONE,COMMON_2,161
1728,-25.128987,-61.596704,-118.846,1,8,2,NONE,COMMON_2,162
1729,-25.275943,-61.849512,-119.527,1,8,2,NONE,COMMON_2,163
1730,-25.408791,-62.090709,-121.159,1,8,2,NONE,COMMON_2,164
1731,-25.556402,-62.313349,-124.843,1,8,2,NONE,COMMON_2,165
1732,-25.718769,-62.535989,-126.103,1,8,2,NONE,COMMON_2,166
1733,-25.881144,-62.758629,-127.272,1,8,2,NONE,COMMON_2,167
1734,-26.043510,-62.962712,-127.214,1,8,2,NONE,COMMON_2,168
1735,-26.191122,-63.166806,-128.505,1,8,2,NONE,COMMON_2,169
1736,-26.368252,-63.370889,-133.444,1,8,2,NONE,COMMON_2,170
1737,-26.560137,-63.556426,-136.202,1,8,2,NONE,COMMON_2,171
1738,-26.680337,-63.670150,-136.690,1,8,2,NONE,COMMON_2,172
1739,-26.855360,-63.834726,-137.470,1,8,2,NONE,COMMON_2,173
1740,-27.062009,-64.020252,-136.468,1,8,2,NONE,COMMON_2,174
1741,-27.243452,-64.203429,-138.507,1,8,2,NONE,COMMON_2,175
1742,-27.460551,-64.372769,-144.071,1,8,2,NONE,COMMON_2,176
1743,-27.681964,-64.521192,-147.027,1,8,2,NONE,COMMON_2,177
1744,-27.918141,-64.669626,-150.497,1,8,2,NONE,COMMON_2,178
1745,-28.168293,-64.796375,-149.494,1,8,2,NONE,COMMON_2,179
1746,-28.390485,-64.947926,-146.904,1,8,2,NONE,COMMON_2,180
1747,-28.585966,-65.068608,-151.425,1,8,2,NONE,COMMON_2,181
1748,-28.833310,-65.189112,-157.427,1,8,2,NONE,COMMON_2,182
1749,-29.099006,-65.281886,-157.870,1,8,2,NONE,COMMON_2,183
1750,-29.335182,-65.393206,-158.556,1,8,2,NONE,COMMON_2,184
1751,-29.571350,-65.467412,-162.862,1,8,2,NONE,COMMON_2,185
1752,-29.794233,-65.534760,-164.626,1,8,2,NONE,COMMON_2,186
1753,-30.043703,-65.597289,-169.054,1,8,2,NONE,COMMON_2,187
1754,-30.309398,-65.634392,-172.049,1,8,2,NONE,COMMON_2,188
1755,-30.575093,-65.671506,-171.825,1,8,2,NONE,COMMON_2,189
1756,-30.826025,-65.708609,-171.338,1,8,2,NONE,COMMON_2,190
1757,-31.062201,-65.745712,-173.954,1,8,2,NONE,COMMON_2,191
1758,-31.297102,-65.758503,180.000,1,8,2,NONE,COMMON_2,192
1759,-31.534545,-65.745712,178.544,1,8,2,NONE,COMMON_2,193
1760,-31.800241,-65.745712,177.944,1,8,2,NONE,COMMON_2,194
1761,-32.051172,-65.727166,177.820,1,8,2,NONE,COMMON_2,195
1762,-32.287349,-65.727166,180.000,1,8,2,NONE,COMMON_2,196
1763,-32.538280,-65.727166,177.562,1,8,2,NONE,COMMON_2,197
1764,-32.777601,-65.706293,171.337,1,8,2,NONE,COMMON_2,198
1765,-33.025388,-65.652949,170.010,1,8,2,NONE,COMMON_2,199
1766,-33.291083,-65.615846,171.588,1,8,2,NONE,COMMON_2,200
1767,-33.527260,-65.578732,173.481,1,8,2,NONE,COMMON_2,201
1768,-33.778191,-65.560186,173.481,1,8,2,NONE,COMMON_2,202
1769,-34.014368,-65.523072,169.593,1,8,2,NONE,COMMON_2,203
1770,-34.261819,-65.471364,166.327,1,8,2,NONE,COMMON_2,204
1771,-34.471957,-65.411752,165.518,1,8,2,NONE,COMMON_2,205
1772,-34.708125,-65.356092,164.156,1,8,2,NONE,COMMON_2,206
1773,-34.929537,-65.281886,164.627,1,8,2,NONE,COMMON_2,207
1774,-35.180478,-65.226226,166.739,1,8,2,NONE,COMMON_2,208
1775,-35.401890,-65.170566,164.154,1,8,2,NONE,COMMON_2,209
1776,-35.638058,-65.096349,160.531,1,8,2,NONE,COMMON_2,210
1777,-35.874234,-65.003586,159.340,1,8,2,NONE,COMMON_2,211
1778,-36.080883,-64.929369,159.075,1,8,2,NONE,COMMON_2,212
1779,-36.277046,-64.849564,156.639,1,8,2,NONE,COMMON_2,213
1780,-36.479001,-64.757413,156.145,1,8,2,NONE,COMMON_2,214
1781,-36.641943,-64.688205,157.139,1,8,2,NONE,COMMON_2,215
1782,-36.812210,-64.616927,158.917,1,8,2,NONE,COMMON_2,216
1783,-36.970599,-64.561501,158.861,1,8,2,NONE,COMMON_2,217
1784,-37.109186,-64.502100,154.289,1,8,2,NONE,COMMON_2,218
1785,-37.291329,-64.407067,153.166,1,8,2,NONE,COMMON_2,219
1786,-37.445760,-64.331837,154.386,1,8,2,NONE,COMMON_2,220
1787,-37.580388,-64.268484,154.798,1,8,2,NONE,COMMON_2,221
1788,-37.715015,-64.205121,155.955,1,8,2,NONE,COMMON_2,222
1789,-37.837767,-64.153647,159.027,1,8,2,NONE,COMMON_2,223
1790,-37.952600,-64.114050,162.963,1,8,2,NONE,COMMON_2,224
1791,-38.083269,-64.078417,164.056,1,8,2,NONE,COMMON_2,225
1792,-38.202061,-64.042783,160.346,1,8,2,NONE,COMMON_2,226
1793,-38.415884,-63.959627,159.727,1,8,2,NONE,COMMON_2,227
1794,-38.641583,-63.880434,158.670,1,8,2,NONE,COMMON_2,228
1795,-38.831644,-63.797278,156.801,1,8,2,NONE,COMMON_2,229
1796,-39.029631,-63.714122,157.008,1,8,2,NONE,COMMON_2,230
1797,-39.180661,-63.649189,159.221,1,8,2,NONE,COMMON_2,231
1798,-39.349493,-63.592750,162.409,1,8,2,NONE,COMMON_2,232
1799,-39.531840,-63.537847,164.694,1,8,2,NONE,COMMON_2,233
1800,-39.722024,-63.490792,166.519,1,8,2,NONE,COMMON_2,234
1801,-39.918710,-63.445106,166.696,1,8,2,NONE,COMMON_2,235
1802,-40.120053,-63.396671,163.825,1,8,2,NONE,COMMON_2,236
1803,-40.302489,-63.333786,159.884,1,8,2,NONE,COMMON_2,237
1804,-40.494383,-63.259569,161.303,1,8,2,NONE,COMMON_2,238
1805,-40.686268,-63.203909,164.394,1,8,2,NONE,COMMON_2,239
1806,-40.892926,-63.148249,164.819,1,8,2,NONE,COMMON_2,240
1807,-41.088646,-63.094726,164.394,1,8,2,NONE,COMMON_2,241
1808,-41.291468,-63.036929,162.131,1,8,2,NONE,COMMON_2,242
1809,-41.498117,-62.962712,157.036,1,8,2,NONE,COMMON_2,243
1810,-41.696468,-62.865318,156.486,1,8,2,NONE,COMMON_2,244
1811,-41.881896,-62.795732,161.637,1,8,2,NONE,COMMON_2,245
1812,-42.073790,-62.740072,161.305,1,8,2,NONE,COMMON_2,246
1813,-42.265684,-62.665866,158.070,1,8,2,NONE,COMMON_2,247
1814,-42.449386,-62.588855,155.036,1,8,2,NONE,COMMON_2,248
1815,-42.664227,-62.480329,154.472,1,8,2,NONE,COMMON_2,249
1816,-42.870876,-62.387566,155.824,1,8,2,NONE,COMMON_2,250
1817,-43.077525,-62.294792,158.690,1,8,2,NONE,COMMON_2,251
1818,-43.298938,-62.220586,159.340,1,8,2,NONE,COMMON_2,252
1819,-43.520350,-62.127812,158.001,1,8,2,NONE,COMMON_2,253
1820,-43.712244,-62.053606,155.826,1,8,2,NONE,COMMON_2,254
1821,-43.933657,-61.942286,155.256,1,8,2,NONE,COMMON_2,255
1822,-44.155070,-61.849512,156.566,1,8,2,NONE,COMMON_2,256
1823,-44.361719,-61.756749,158.690,1,8,2,NONE,COMMON_2,257
1824,-44.583131,-61.682532,158.690,1,8,2,NONE,COMMON_2,258
1825,-44.789789,-61.589769,153.721,1,8,2,NONE,COMMON_2,259
1826,-44.996438,-61.478449,152.884,1,8,2,NONE,COMMON_2,260
1827,-45.188332,-61.385686,152.884,1,8,2,NONE,COMMON_2,261
1828,-45.394981,-61.274366,149.746,1,8,2,NONE,COMMON_2,262
1829,-45.581225,-61.156523,149.213,1,8,2,NONE,COMMON_2,263
1830,-45.775536,-61.047629,147.939,1,8,2,NONE,COMMON_2,264
1831,-45.955890,-60.921849,144.429,1,8,2,NONE,COMMON_2,265
1832,-46.133020,-60.791972,143.359,1,8,2,NONE,COMMON_2,266
1833,-46.317882,-60.652610,144.860,1,8,2,NONE,COMMON_2,267
1834,-46.502045,-60.532229,149.338,1,8,2,NONE,COMMON_2,268
1835,-46.708694,-60.420909,150.811,1,8,2,NONE,COMMON_2,269
1836,-46.900587,-60.309589,146.831,1,8,2,NONE,COMMON_2,270
1837,-47.077718,-60.179712,141.848,1,8,2,NONE,COMMON_2,271
1838,-47.254848,-60.031289,138.834,1,8,2,NONE,COMMON_2,272
1839,-47.417214,-59.882866,135.836,1,8,2,NONE,COMMON_2,273
1840,-47.579589,-59.715886,133.979,1,8,2,NONE,COMMON_2,274
1841,-47.736040,-59.552468,131.526,1,8,2,NONE,COMMON_2,275
1842,-47.875299,-59.381948,125.804,1,8,2,NONE,COMMON_2,276
1843,-47.992887,-59.196389,119.552,1,8,2,NONE,COMMON_2,277
1844,-48.096216,-58.992306,117.942,1,8,2,NONE,COMMON_2,278
1845,-48.199545,-58.806769,116.852,1,8,2,NONE,COMMON_2,279
1846,-48.302865,-58.584129,111.757,1,8,2,NONE,COMMON_2,280
1847,-48.372645,-58.373044,106.136,1,8,2,NONE,COMMON_2,281
1848,-48.420958,-58.175952,100.070,1,8,2,NONE,COMMON_2,282
1849,-48.450476,-57.934766,97.552,1,8,2,NONE,COMMON_2,283
1850,-48.479995,-57.730672,96.192,1,8,2,NONE,COMMON_2,284
1851,-48.494759,-57.526589,93.958,1,8,2,NONE,COMMON_2,285
1852,-48.509523,-57.303949,91.457,1,8,2,NONE,COMMON_2,286
1853,-48.505688,-57.096805,88.101,1,8,2,NONE,COMMON_2,287
1854,-48.494759,-56.858669,84.983,1,8,2,NONE,COMMON_2,288
1855,-48.465240,-56.636029,80.589,1,8,2,NONE,COMMON_2,289
1856,-48.420958,-56.413389,80.187,1,8,2,NONE,COMMON_2,290
1857,-48.391430,-56.209306,83.498,1,8,2,NONE,COMMON_2,291
1858,-48.369510,-55.961997,82.746,1,8,2,NONE,COMMON_2,292
1859,-48.332393,-55.745469,79.047,1,8,2,NONE,COMMON_2,293
1860,-48.288110,-55.541386,78.275,1,8,2,NONE,COMMON_2,294
1861,-48.243828,-55.318746,78.275,1,8,2,NONE,COMMON_2,295
1862,-48.199545,-55.114652,80.187,1,8,2,NONE,COMMON_2,296
1863,-48.170017,-54.892012,82.446,1,8,2,NONE,COMMON_2,297
1864,-48.140499,-54.669372,80.188,1,8,2,NONE,COMMON_2,298
1865,-48.096216,-54.465289,75.794,1,8,2,NONE,COMMON_2,299
1866,-48.037170,-54.261206,71.972,1,8,2,NONE,COMMON_2,300
1867,-47.963369,-54.057112,71.972,1,8,2,NONE,COMMON_2,301
1868,-47.904322,-53.853029,73.139,1,8,2,NONE,COMMON_2,302
1869,-47.845285,-53.667492,75.148,1,8,2,NONE,COMMON_2,303
1870,-47.801002,-53.463409,74.531,1,8,2,NONE,COMMON_2,304
1871,-47.727192,-53.240769,70.919,1,8,2,NONE,COMMON_2,305
1872,-47.653391,-53.036686,69.168,1,8,2,NONE,COMMON_2,306
1873,-47.564826,-52.814046,68.308,1,8,2,NONE,COMMON_2,307
1874,-47.491024,-52.628509,70.118,1,8,2,NONE,COMMON_2,308
1875,-47.417214,-52.405869,69.549,1,8,2,NONE,COMMON_2,309
1876,-47.329623,-52.195686,69.966,1,8,2,NONE,COMMON_2,310
1877,-47.254848,-51.960589,71.071,1,8,2,NONE,COMMON_2,311
1878,-47.166283,-51.719392,66.810,1,8,2,NONE,COMMON_2,312
1879,-47.048199,-51.478206,64.482,1,8,2,NONE,COMMON_2,313
1880,-46.944870,-51.255566,67.525,1,8,2,NONE,COMMON_2,314
1881,-46.856305,-51.014369,68.308,1,8,2,NONE,COMMON_2,315
1882,-46.752976,-50.773172,65.986,1,8,2,NONE,COMMON_2,316
1883,-46.649656,-50.550532,64.482,1,8,2,NONE,COMMON_2,317
1884,-46.531563,-50.309346,65.345,1,8,2,NONE,COMMON_2,318
1885,-46.428243,-50.068149,69.099,1,8,2,NONE,COMMON_2,319
1886,-46.354433,-49.845509,72.198,1,8,2,NONE,COMMON_2,320
1887,-46.253363,-49.523538,71.803,1,8,2,NONE,COMMON_2,321
1888,-46.198497,-49.371141,69.664,1,8,2,NONE,COMMON_2,322
1889,-46.118266,-49.159032,67.110,1,8,2,NONE,COMMON_2,323
1890,-46.014937,-48.936392,68.307,1,8,2,NONE,COMMON_2,324
1891,-45.941135,-48.713752,71.659,1,8,2,NONE,COMMON_2,325
1892,-45.867325,-48.491112,70.209,1,8,2,NONE,COMMON_2,326
1893,-45.788449,-48.289433,70.119,1,8,2,NONE,COMMON_2,327
1894,-45.719723,-48.082946,69.038,1,8,2,NONE,COMMON_2,328
1895,-45.631158,-47.878852,64.821,1,8,2,NONE,COMMON_2,329
1896,-45.527829,-47.674769,65.552,1,8,2,NONE,COMMON_2,330
1897,-45.454027,-47.489232,67.931,1,8,2,NONE,COMMON_2,331
1898,-45.373929,-47.295179,67.376,1,8,2,NONE,COMMON_2,332
1899,-45.291652,-47.099612,64.033,1,8,2,NONE,COMMON_2,333
1900,-45.188332,-46.914086,59.176,1,8,2,NONE,COMMON_2,334
1901,-45.070239,-46.728549,59.430,1,8,2,NONE,COMMON_2,335
1902,-44.976812,-46.556003,64.482,1,8,2,NONE,COMMON_2,336
1903,-44.893109,-46.357486,69.495,1,8,2,NONE,COMMON_2,337
1904,-44.819308,-46.134846,70.920,1,8,2,NONE,COMMON_2,338
1905,-44.745507,-45.930752,68.308,1,8,2,NONE,COMMON_2,339
1906,-44.656942,-45.726669,66.541,1,8,2,NONE,COMMON_2,340
1907,-44.568377,-45.522586,69.250,1,8,2,NONE,COMMON_2,341
1908,-44.509330,-45.337049,73.120,1,8,2,NONE,COMMON_2,342
1909,-44.450682,-45.134714,71.792,1,8,2,NONE,COMMON_2,343
1910,-44.383107,-44.953329,67.298,1,8,2,NONE,COMMON_2,344
1911,-44.304869,-44.786171,65.986,1,8,2,NONE,COMMON_2,345
1912,-44.223070,-44.594121,65.462,1,8,2,NONE,COMMON_2,346
1913,-44.155495,-44.458968,63.958,1,8,2,NONE,COMMON_2,347
1914,-44.070136,-44.281145,62.938,1,8,2,NONE,COMMON_2,348
1915,-43.988337,-44.131776,61.260,1,8,2,NONE,COMMON_2,349
1916,-43.888755,-43.950391,61.490,1,8,2,NONE,COMMON_2,350
1917,-43.831852,-43.843691,61.925,1,8,2,NONE,COMMON_2,351
1918,-43.734349,-43.660906,62.160,1,8,2,NONE,COMMON_2,352
1919,-43.672543,-43.542049,62.354,1,8,2,NONE,COMMON_2,353
1920,-43.577458,-43.361386,63.104,1,8,2,NONE,COMMON_2,354
1921,-43.506143,-43.214003,64.440,1,8,2,NONE,COMMON_2,355
1922,-43.420566,-43.033341,64.094,1,8,2,NONE,COMMON_2,356
1923,-43.344498,-42.881203,62.302,1,8,2,NONE,COMMON_2,357
1924,-43.269941,-42.746424,59.809,1,8,2,NONE,COMMON_2,358
1925,-43.195537,-42.625174,59.336,1,8,2,NONE,COMMON_2,359
1926,-43.085309,-42.435028,61.220,1,8,2,NONE,COMMON_2,360
1927,-42.980590,-42.233862,64.819,1,8,2,NONE,COMMON_2,361
1928,-42.911695,-42.065757,67.955,1,8,2,NONE,COMMON_2,362
1929,-42.845563,-41.900414,69.334,1,8,2,NONE,COMMON_2,363
1930,-42.793204,-41.751612,70.933,1,8,2,NONE,COMMON_2,364
1931,-42.735949,-41.583284,70.863,1,8,2,NONE,COMMON_2,365
1932,-42.683652,-41.435901,70.168,1,8,2,NONE,COMMON_2,366
1933,-42.631355,-41.293272,67.913,1,8,2,NONE,COMMON_2,367
1934,-42.550532,-41.107855,68.199,1,8,2,NONE,COMMON_2,368
1935,-42.488727,-40.936701,68.265,1,8,2,NONE,COMMON_2,369
1936,-42.422179,-40.785887,68.944,1,8,2,NONE,COMMON_2,370
1937,-42.354249,-40.587392,71.082,1,8,2,NONE,COMMON_2,371
1938,-42.300508,-40.430887,71.479,1,8,2,NONE,COMMON_2,372
1939,-42.236157,-40.234886,70.095,1,8,2,NONE,COMMON_2,373
1940,-42.162355,-40.049349,69.388,1,8,2,NONE,COMMON_2,374
1941,-42.103858,-39.883137,70.869,1,8,2,NONE,COMMON_2,375
1942,-42.040525,-39.698134,72.018,1,8,2,NONE,COMMON_2,376
1943,-41.980522,-39.503135,72.520,1,8,2,NONE,COMMON_2,377
1944,-41.917190,-39.306477,71.431,1,8,2,NONE,COMMON_2,378
1945,-41.852378,-39.121686,70.382,1,8,2,NONE,COMMON_2,379
1946,-41.778576,-38.917592,71.424,1,8,2,NONE,COMMON_2,380
1947,-41.728360,-38.752660,74.175,1,8,2,NONE,COMMON_2,381
1948,-41.678489,-38.564474,74.708,1,8,2,NONE,COMMON_2,382
1949,-41.616201,-38.342446,74.680,1,8,2,NONE,COMMON_2,383
1950,-41.571919,-38.175466,73.937,1,8,2,NONE,COMMON_2,384
1951,-41.520914,-38.011514,73.665,1,8,2,NONE,COMMON_2,385
1952,-41.468599,-37.822949,71.883,1,8,2,NONE,COMMON_2,386
1953,-41.376048,-37.568739,71.435,1,8,2,NONE,COMMON_2,387
1954,-41.333191,-37.419781,73.951,1,8,2,NONE,COMMON_2,388
1955,-41.290344,-37.270824,73.414,1,8,2,NONE,COMMON_2,389
1956,-41.247496,-37.132075,75.018,1,8,2,NONE,COMMON_2,390
1957,-41.212805,-36.981080,76.246,1,8,2,NONE,COMMON_2,391
1958,-41.176077,-36.840294,75.963,1,8,2,NONE,COMMON_2,392
1959,-41.125063,-36.630122,76.088,1,8,2,NONE,COMMON_2,393
1960,-41.065893,-36.395470,76.151,1,8,2,NONE,COMMON_2,394
1961,-41.025773,-36.227366,76.577,1,8,2,NONE,COMMON_2,395
1962,-40.981491,-36.041829,75.147,1,8,2,NONE,COMMON_2,396
1963,-40.922444,-35.837746,72.708,1,8,2,STOP_LINE,COMMON_2,397
1964,-40.848643,-35.615106,69.966,1,8,2,NONE,COMMON_2,398
1965,-40.760078,-35.392466,71.660,1,8,2,NONE,COMMON_2,399
1966,-40.701032,-35.169826,76.244,1,8,2,NONE,COMMON_2,400
1967,-40.641985,-34.910072,74.603,1,8,2,NONE,COMMON_2,401
1968,-40.568184,-34.687432,68.308,1,8,2,NONE,COMMON_2,402
1969,-40.464855,-34.464792,66.810,1,8,2,NONE,COMMON_2,403
1970,-40.361535,-34.205049,69.837,1,8,2,NONE,COMMON_2,404
1971,-40.287725,-33.982409,72.986,1,8,2,NONE,COMMON_2,405
1972,-40.213924,-33.722666,77.194,1,8,2,NONE,COMMON_2,406
1973,-40.169641,-33.462912,76.736,1,8,2,NONE,COMMON_2,407
1974,-40.095840,-33.221726,73.139,1,8,2,NONE,COMMON_2,408
1975,-40.051557,-33.073292,76.388,1,8,2,NONE,COMMON_2,409
1976,-39.992511,-32.794992,77.193,1,8,2,NONE,COMMON_2,410
1977,-39.933465,-32.553806,79.974,1,8,2,NONE,COMMON_2,411
1978,-39.903946,-32.294052,85.128,1,8,2,NONE,COMMON_2,412
1979,-39.889182,-32.034309,83.277,1,8,2,NONE,COMMON_2,413
1980,-39.844899,-31.793112,80.325,1,8,2,NONE,COMMON_2,414
1981,-39.800617,-31.514812,83.945,1,8,2,NONE,COMMON_2,415
1982,-39.785862,-31.236512,88.429,1,8,2,NONE,COMMON_2,416
1983,-39.785862,-30.976769,91.571,1,8,2,NONE,COMMON_2,417
1984,-39.800617,-30.698469,91.627,1,8,2,NONE,COMMON_2,418
1985,-39.800617,-30.457272,88.373,1,8,2,NONE,COMMON_2,419
1986,-39.785862,-30.178972,90.000,1,8,2,NONE,COMMON_2,420
1987,-39.800617,-29.919229,93.252,1,8,2,NONE,COMMON_2,421
1988,-39.815381,-29.659486,94.705,1,8,2,NONE,COMMON_2,422
1989,-39.844899,-29.381186,98.085,1,8,2,NONE,COMMON_2,423
1990,-39.889182,-29.139989,98.382,1,8,2,NONE,COMMON_2,424
1991,-39.918710,-28.880246,96.484,1,8,2,NONE,COMMON_2,425
1992,-39.948228,-28.620492,98.085,1,8,2,NONE,COMMON_2,426
1993,-39.992511,-28.360749,103.264,1,8,2,NONE,COMMON_2,427
1994,-40.066312,-28.119552,106.419,1,8,2,NONE,COMMON_2,428
1995,-40.140122,-27.859809,108.604,1,8,2,NONE,COMMON_2,429
1996,-40.228687,-27.637169,110.901,1,8,2,NONE,COMMON_2,430
1997,-40.317252,-27.395972,112.875,1,8,2,NONE,COMMON_2,431
1998,-40.428145,-27.164404,118.414,1,8,2,NONE,COMMON_2,432
1999,-40.568184,-26.932146,120.959,1,8,2,NONE,COMMON_2,433
2000,-40.701032,-26.709506,124.675,1,8,2,NONE,COMMON_2,434
2001,-40.863398,-26.505412,125.876,1,8,2,NONE,COMMON_2,435
2002,-40.996246,-26.301329,125.418,1,8,2,NONE,COMMON_2,436
2003,-41.162048,-26.085457,131.097,1,8,2,NONE,COMMON_2,437
2004,-41.338151,-25.909360,137.016,1,8,2,NONE,COMMON_2,438
2005,-41.527636,-25.744729,140.067,1,8,2,NONE,COMMON_2,439
2006,-41.734294,-25.577749,140.586,1,8,2,NONE,COMMON_2,440
2007,-41.911424,-25.429326,139.479,1,8,2,NONE,COMMON_2,441
2008,-42.103309,-25.262346,142.278,1,8,2,NONE,COMMON_2,442
2009,-42.295203,-25.132469,147.852,1,8,2,NONE,COMMON_2,443
2010,-42.487097,-25.021149,151.690,1,8,2,NONE,COMMON_2,444
2011,-42.708510,-24.909829,151.689,1,8,2,NONE,COMMON_2,445
2012,-42.900395,-24.798509,149.881,1,8,2,NONE,COMMON_2,446
2013,-43.092289,-24.687189,150.811,1,8,2,NONE,COMMON_2,447
2014,-43.298938,-24.575869,153.721,1,8,2,NONE,COMMON_2,448
2015,-43.505596,-24.483106,155.824,1,8,2,NONE,COMMON_2,449
2016,-43.712244,-24.390332,158.477,1,8,2,NONE,COMMON_2,450
2017,-43.931824,-24.315013,158.690,1,8,2,NONE,COMMON_2,451
2018,-44.140306,-24.223352,153.944,1,8,2,NONE,COMMON_2,452
2019,-44.346964,-24.112032,152.521,1,8,2,NONE,COMMON_2,453
2020,-44.568377,-24.000712,155.825,1,8,2,NONE,COMMON_2,454
2021,-44.760262,-23.926506,161.952,1,8,2,NONE,COMMON_2,455
2022,-44.966919,-23.870846,163.564,1,8,2,NONE,COMMON_2,456
2023,-45.184683,-23.801304,160.868,1,8,2,NONE,COMMON_2,457
2024,-45.373043,-23.729959,159.160,1,8,2,NONE,COMMON_2,458
2025,-45.586875,-23.648206,158.469,1,8,2,NONE,COMMON_2,459
2026,-45.792567,-23.564438,160.876,1,8,2,NONE,COMMON_2,460
2027,-46.014937,-23.499772,164.830,1,8,2,NONE,COMMON_2,461
2028,-46.236349,-23.444112,165.889,1,8,2,NONE,COMMON_2,462
2029,-46.457762,-23.388452,163.123,1,8,2,NONE,COMMON_2,463
2030,-46.664411,-23.314246,160.556,1,8,2,NONE,COMMON_2,464
2031,-46.897027,-23.233383,160.876,1,8,2,NONE,COMMON_2,465
2032,-47.092481,-23.165812,162.961,1,8,2,NONE,COMMON_2,466
2033,-47.299130,-23.110152,165.423,1,8,2,NONE,COMMON_2,467
2034,-47.520543,-23.054492,163.123,1,8,2,NONE,COMMON_2,468
2035,-47.727192,-22.980286,159.574,1,8,2,NONE,COMMON_2,469
2036,-47.919086,-22.906069,157.690,1,8,2,NONE,COMMON_2,470
2037,-48.132767,-22.813863,157.635,1,8,2,NONE,COMMON_2,471
2038,-48.358227,-22.725385,160.513,1,8,2,NONE,COMMON_2,472
2039,-48.553805,-22.664872,161.216,1,8,2,NONE,COMMON_2,473
2040,-48.777751,-22.582695,160.246,1,8,2,NONE,COMMON_2,474
2041,-48.967103,-22.516449,158.838,1,8,2,NONE,COMMON_2,475
2042,-49.188516,-22.423686,157.374,1,8,2,NONE,COMMON_2,476
2043,-49.397042,-22.337257,160.245,1,8,2,NONE,COMMON_2,477
2044,-49.601823,-22.275252,163.956,1,8,2,NONE,COMMON_2,478
2045,-49.833686,-22.211688,163.123,1,8,2,NONE,COMMON_2,479
2046,-50.029884,-22.145386,160.096,1,8,2,NONE,COMMON_2,480
2047,-50.221778,-22.071169,156.347,1,8,2,NONE,COMMON_2,481
2048,-50.437585,-21.966818,155.036,1,8,2,NONE,COMMON_2,482
2049,-50.620321,-21.885632,158.245,1,8,2,NONE,COMMON_2,483
2050,-50.826970,-21.811426,161.492,1,8,2,NONE,COMMON_2,484
2051,-51.051810,-21.741194,161.000,1,8,2,NONE,COMMON_2,485
2052,-51.285799,-21.653441,158.070,1,8,2,NONE,COMMON_2,486
2053,-51.476453,-21.570229,156.110,1,8,2,NONE,COMMON_2,487
2054,-51.683102,-21.477466,159.221,1,8,2,NONE,COMMON_2,488
2055,-51.895844,-21.411097,160.876,1,8,2,NONE,COMMON_2,489
2056,-52.111164,-21.329032,159.679,1,8,2,NONE,COMMON_2,490
2057,-52.317821,-21.254826,160.246,1,8,2,NONE,COMMON_2,491
2058,-52.524470,-21.180609,158.690,1,8,2,NONE,COMMON_2,492
2059,-52.745883,-21.087846,159.242,1,8,2,NONE,COMMON_2,493
2060,-52.919550,-21.030861,162.555,1,8,2,NONE,COMMON_2,494
2061,-53.159190,-20.957969,162.820,1,8,2,NONE,COMMON_2,495
2062,-53.395357,-20.883752,163.654,1,8,2,NONE,COMMON_2,496
2063,-53.602015,-20.828092,161.876,1,8,2,NONE,COMMON_2,497
2064,-53.801189,-20.750914,156.564,1,8,2,NONE,COMMON_2,498
2065,-54.001754,-20.654811,156.545,1,8,2,NONE,COMMON_2,499
2066,-54.221971,-20.568349,161.089,1,8,2,NONE,COMMON_2,500
2067,-54.453019,-20.500210,161.470,1,8,2,NONE,COMMON_2,501
2068,-54.664796,-20.419926,159.734,1,8,2,NONE,COMMON_2,502
2069,-54.871445,-20.345709,158.000,1,8,2,NONE,COMMON_2,503
2070,-55.078094,-20.252946,153.721,1,8,2,NONE,COMMON_2,504
2071,-55.284752,-20.141626,154.509,1,8,2,NONE,COMMON_2,505
2072,-55.506164,-20.048852,159.952,1,8,2,NONE,COMMON_2,506
2073,-55.742332,-19.974646,162.556,1,8,2,NONE,COMMON_2,507
2074,-55.978509,-19.900429,159.340,1,8,2,NONE,COMMON_2,508
2075,-56.185158,-19.807666,154.510,1,8,2,NONE,COMMON_2,509
2076,-56.406570,-19.696346,155.255,1,8,2,NONE,COMMON_2,510
2077,-56.627983,-19.603572,159.952,1,8,2,NONE,COMMON_2,511
2078,-56.864159,-19.529366,163.054,1,8,2,NONE,COMMON_2,512
2079,-57.115091,-19.455149,160.531,1,8,2,NONE,COMMON_2,513
2080,-57.336504,-19.362386,157.267,1,8,2,NONE,COMMON_2,514
2081,-57.557916,-19.269612,155.962,1,8,2,NONE,COMMON_2,515
2082,-57.794093,-19.158292,157.268,1,8,2,NONE,COMMON_2,516
2083,-58.000742,-19.084086,161.470,1,8,2,NONE,COMMON_2,517
2084,-58.236918,-19.009869,162.555,1,8,2,NONE,COMMON_2,518
2085,-58.473095,-18.935652,159.952,1,8,2,NONE,COMMON_2,519
2086,-58.694508,-18.842889,157.268,1,8,2,NONE,COMMON_2,520
2087,-58.915920,-18.750126,155.963,1,8,2,NONE,COMMON_2,521
2088,-59.152088,-18.638806,158.555,1,8,2,NONE,COMMON_2,522
2089,-59.388264,-18.564589,163.053,1,8,2,NONE,COMMON_2,523
2090,-59.639196,-18.490372,161.078,1,8,2,NONE,COMMON_2,524
2091,-59.875372,-18.397609,157.930,1,8,2,NONE,COMMON_2,525
2092,-60.096785,-18.304846,156.633,1,8,2,NONE,COMMON_2,526
2093,-60.347717,-18.193526,157.267,1,8,2,NONE,COMMON_2,527
2094,-60.583893,-18.100752,158.555,1,8,2,NONE,COMMON_2,528
2095,-60.820070,-18.007989,158.556,1,8,2,NONE,COMMON_2,529
2096,-61.056237,-17.915226,155.963,1,8,2,NONE,COMMON_2,530
2097,-61.277650,-17.803906,151.424,1,8,2,NONE,COMMON_2,531
2098,-61.499063,-17.674029,151.424,1,8,2,NONE,COMMON_2,532
2099,-61.720475,-17.562709,153.308,1,8,2,NONE,COMMON_2,533
2100,-61.941888,-17.451389,154.055,1,8,2,NONE,COMMON_2,534
2101,-62.178065,-17.340069,154.764,1,8,2,NONE,COMMON_2,535
2102,-62.414241,-17.228749,152.949,1,8,2,NONE,COMMON_2,536
2103,-62.650409,-17.098872,150.259,1,8,2,NONE,COMMON_2,537
2104,-62.901349,-16.950449,152.951,1,8,2,NONE,COMMON_2,538
2105,-63.122762,-16.857686,158.555,1,8,2,NONE,COMMON_2,539
2106,-63.373693,-16.764912,161.597,1,8,2,NONE,COMMON_2,540
2107,-63.624625,-16.690706,159.952,1,8,2,NONE,COMMON_2,541
2108,-63.831282,-16.597932,155.255,1,8,2,NONE,COMMON_2,542
2109,-64.067450,-16.486612,155.437,1,8,2,NONE,COMMON_2,543
2110,-64.318390,-16.375292,155.437,1,8,2,NONE,COMMON_2,544
2111,-64.554558,-16.263972,158.556,1,8,2,NONE,COMMON_2,545
2112,-64.790735,-16.189766,160.531,1,8,2,NONE,COMMON_2,546
2113,-65.026911,-16.096992,155.962,1,8,2,NONE,COMMON_2,547
2114,-65.248324,-15.985672,154.763,1,8,2,NONE,COMMON_2,548
2115,-65.499246,-15.874352,157.268,1,8,2,NONE,COMMON_2,549
2116,-65.735432,-15.781589,161.078,1,8,2,NONE,COMMON_2,550
2117,-65.986354,-15.707372,161.078,1,8,2,NONE,COMMON_2,551
2118,-66.222540,-15.614609,155.964,1,8,2,NONE,COMMON_2,552
2119,-66.443952,-15.503289,154.054,1,8,2,NONE,COMMON_2,553
2120,-66.680111,-15.391969,153.657,1,8,2,NONE,COMMON_2,554
2121,-66.931060,-15.262092,152.950,1,8,2,NONE,COMMON_2,555
2122,-67.152464,-15.150772,156.633,1,8,2,NONE,COMMON_2,556
2123,-67.403405,-15.058009,157.268,1,8,2,NONE,COMMON_2,557
2124,-67.639572,-14.946689,152.949,1,8,2,NONE,COMMON_2,558
2125,-67.875740,-14.816812,152.771,1,8,2,NONE,COMMON_2,559
2126,-68.113936,-14.702598,154.807,1,8,2,NONE,COMMON_2,560
2127,-68.358712,-14.589619,156.841,1,8,2,NONE,COMMON_2,561
2128,-68.584269,-14.501409,157.957,1,8,2,NONE,COMMON_2,562
2129,-68.805673,-14.408646,155.963,1,8,2,NONE,COMMON_2,563
2130,-69.041850,-14.297326,154.764,1,8,2,NONE,COMMON_2,564
2131,-69.278026,-14.186006,156.631,1,8,2,NONE,COMMON_2,565
2132,-69.514194,-14.093232,160.531,1,8,2,NONE,COMMON_2,566
2133,-69.750370,-14.019026,162.556,1,8,2,NONE,COMMON_2,567
2134,-69.986547,-13.944809,159.952,1,8,2,NONE,COMMON_2,568
2135,-70.207960,-13.852046,157.929,1,8,2,NONE,COMMON_2,569
2136,-70.444127,-13.759272,156.631,1,8,2,NONE,COMMON_2,570
2137,-70.680304,-13.647952,155.963,1,8,2,NONE,COMMON_2,571
2138,-70.901717,-13.555189,159.952,1,8,2,NONE,COMMON_2,572
2139,-71.137893,-13.480972,160.531,1,8,2,NONE,COMMON_2,573
2140,-71.374061,-13.388209,158.556,1,8,2,NONE,COMMON_2,574
2141,-71.610237,-13.295446,156.633,1,8,2,NONE,COMMON_2,575
2142,-71.846414,-13.184126,156.631,1,8,2,NONE,COMMON_2,576
2143,-72.082581,-13.091352,157.929,1,8,2,NONE,COMMON_2,577
2144,-72.303994,-12.998589,159.952,1,8,2,NONE,COMMON_2,578
2145,-72.540171,-12.924372,162.029,1,8,2,NONE,COMMON_2,579
2146,-72.761583,-12.850166,157.930,1,8,2,NONE,COMMON_2,580
2147,-72.997760,-12.738846,154.055,1,8,2,NONE,COMMON_2,581
2148,-73.219173,-12.627526,155.962,1,8,2,NONE,COMMON_2,582
2149,-73.455340,-12.534752,160.531,1,8,2,NONE,COMMON_2,583
2150,-73.691517,-12.460546,162.556,1,8,2,NONE,COMMON_2,584
2151,-73.927693,-12.386329,160.531,1,8,2,NONE,COMMON_2,585
2152,-74.163861,-12.293566,156.633,1,8,2,NONE,COMMON_2,586
2153,-74.400037,-12.182246,157.929,1,8,2,NONE,COMMON_2,587
2154,-74.621450,-12.108029,162.028,1,8,2,NONE,COMMON_2,588
2155,-74.857627,-12.033812,162.029,1,8,2,NONE,COMMON_2,589
2156,-75.079039,-11.959606,162.029,1,8,2,NONE,COMMON_2,590
2157,-75.315207,-11.885389,160.531,1,8,2,NONE,COMMON_2,591
2158,-75.551383,-11.792626,158.555,1,8,2,NONE,COMMON_2,592
2159,-75.787560,-11.699852,162.240,1,8,2,NONE,COMMON_2,593
2160,-76.025455,-11.640785,166.739,1,8,2,NONE,COMMON_2,594
2161,-76.259904,-11.588532,164.960,1,8,2,NONE,COMMON_2,595
2162,-76.496081,-11.514326,160.531,1,8,2,NONE,COMMON_2,596
2163,-76.732248,-11.421552,160.447,1,8,2,NONE,COMMON_2,597
2164,-76.970099,-11.345977,162.029,1,8,2,NONE,COMMON_2,598
2165,-77.189838,-11.273129,162.648,1,8,2,NONE,COMMON_2,599
2166,-77.440769,-11.198912,165.071,1,8,2,NONE,COMMON_2,600
2167,-77.676945,-11.143252,164.627,1,8,2,NONE,COMMON_2,601
2168,-77.913122,-11.069046,161.078,1,8,2,NONE,COMMON_2,602
2169,-78.164053,-10.976272,163.524,1,8,2,NONE,COMMON_2,603
2170,-78.414985,-10.920612,170.027,1,8,2,NONE,COMMON_2,604
2171,-78.675517,-10.886336,171.338,1,8,2,NONE,COMMON_2,605
2172,-78.902093,-10.846406,172.797,1,8,2,NONE,COMMON_2,606
2173,-79.138269,-10.827849,173.481,1,8,2,NONE,COMMON_2,607
2174,-79.389201,-10.790746,173.671,1,8,2,NONE,COMMON_2,608
2175,-79.640141,-10.772189,177.818,1,8,2,NONE,COMMON_2,609
2176,-79.876309,-10.772189,-177.818,1,8,2,NONE,COMMON_2,610
2177,-80.127249,-10.790746,-173.481,1,8,2,NONE,COMMON_2,611
2178,-80.363417,-10.827849,-173.065,1,8,2,NONE,COMMON_2,612
2179,-80.584829,-10.846406,-173.191,1,8,2,NONE,COMMON_2,613
2180,-80.853261,-10.886336,-171.589,1,8,2,NONE,COMMON_2,614
2181,-81.086701,-10.920612,-168.906,1,8,2,NONE,COMMON_2,615
2182,-81.338261,-10.981437,-163.053,1,8,2,NONE,COMMON_2,616
2183,-81.573809,-11.069046,-160.500,1,8,2,NONE,COMMON_2,617
2184,-81.795222,-11.143252,-162.029,1,8,2,NONE,COMMON_2,618
2185,-82.031398,-11.217469,-162.555,1,8,2,NONE,COMMON_2,619
2186,-82.267566,-11.291686,-159.952,1,8,2,NONE,COMMON_2,620
2187,-82.488979,-11.384449,-155.963,1,8,2,NONE,COMMON_2,621
2188,-82.725155,-11.495769,-153.308,1,8,2,NONE,COMMON_2,622
2189,-82.931804,-11.607089,-152.521,1,8,2,NONE,COMMON_2,623
2190,-83.153217,-11.718409,-153.308,1,8,2,NONE,COMMON_2,624
2191,-83.374630,-11.829729,-149.606,1,8,2,NONE,COMMON_2,625
2192,-83.596042,-11.978152,-144.312,1,8,2,NONE,COMMON_2,626
2193,-83.787936,-12.126586,-142.278,1,8,2,NONE,COMMON_2,627
2194,-83.979830,-12.275009,-141.187,1,8,2,NONE,COMMON_2,628
2195,-84.156960,-12.423432,-140.038,1,8,2,NONE,COMMON_2,629
2196,-84.334091,-12.571866,-141.185,1,8,2,NONE,COMMON_2,630
2197,-84.525976,-12.720289,-141.186,1,8,2,NONE,COMMON_2,631
2198,-84.703106,-12.868712,-137.108,1,8,2,NONE,COMMON_2,632
2199,-84.865481,-13.035692,-134.198,1,8,2,NONE,COMMON_2,633
2200,-85.027847,-13.202672,-135.834,1,8,2,NONE,COMMON_2,634
2201,-85.190214,-13.351106,-137.106,1,8,2,NONE,COMMON_2,635
2202,-85.367344,-13.518086,-134.198,1,8,2,NONE,COMMON_2,636
2203,-85.514955,-13.685066,-131.327,1,8,2,NONE,COMMON_2,637
2204,-85.677322,-13.870592,-129.067,1,8,2,NONE,COMMON_2,638
2205,-85.809983,-14.048526,-129.945,1,8,2,NONE,COMMON_2,639
2206,-85.972545,-14.223109,-135.170,1,8,2,NONE,COMMON_2,640
2207,-86.134911,-14.371532,-134.197,1,8,2,NONE,COMMON_2,641
2208,-86.297277,-14.557069,-131.326,1,8,2,NONE,COMMON_2,642
2209,-86.444889,-14.724049,-130.023,1,8,2,NONE,COMMON_2,643
2210,-86.577736,-14.891029,-127.083,1,8,2,NONE,COMMON_2,644
2211,-86.725348,-15.095112,-125.747,1,8,2,NONE,COMMON_2,645
2212,-86.858196,-15.280649,-128.505,1,8,2,NONE,COMMON_2,646
2213,-87.020562,-15.466186,-131.326,1,8,2,NONE,COMMON_2,647
2214,-87.168173,-15.633166,-128.506,1,8,2,NONE,COMMON_2,648
2215,-87.301021,-15.818692,-124.291,1,8,2,NONE,COMMON_2,649
2216,-87.433869,-16.022786,-121.582,1,8,2,NONE,COMMON_2,650
2217,-87.551952,-16.226869,-122.783,1,8,2,NONE,COMMON_2,651
2218,-87.684800,-16.412406,-125.747,1,8,2,NONE,COMMON_2,652
2219,-87.832411,-16.616489,-124.494,1,8,2,NONE,COMMON_2,653
2220,-87.965259,-16.820572,-122.783,1,8,2,NONE,COMMON_2,654
2221,-88.083343,-17.006109,-121.222,1,8,2,NONE,COMMON_2,655
2222,-88.201427,-17.210192,-120.054,1,8,2,NONE,COMMON_2,656
2223,-88.319519,-17.414286,-122.784,1,8,2,NONE,COMMON_2,657
2224,-88.452367,-17.599812,-125.604,1,8,2,NONE,COMMON_2,658
2225,-88.585215,-17.785349,-125.603,1,8,2,NONE,COMMON_2,659
2226,-88.718062,-17.970886,-124.068,1,8,2,NONE,COMMON_2,660
2227,-88.836146,-18.156412,-117.941,1,8,2,NONE,COMMON_2,661
2228,-88.983758,-18.471826,-117.941,1,8,2,NONE,COMMON_2,662
2229,-89.101841,-18.657352,-120.054,1,8,2,NONE,COMMON_2,663
2230,-89.219925,-18.879992,-118.477,1,8,2,NONE,COMMON_2,664
2231,-89.323254,-19.065529,-117.069,1,8,2,NONE,COMMON_2,665
2232,-89.420189,-19.271872,-112.543,1,8,2,NONE,COMMON_2,666
2233,-89.500384,-19.492252,-112.575,1,8,2,NONE,COMMON_2,667
2234,-89.588949,-19.677789,-115.179,1,8,2,NONE,COMMON_2,668
2235,-89.692278,-19.900429,-115.839,1,8,2,NONE,COMMON_2,669
2236,-89.795598,-20.104512,-115.178,1,8,2,NONE,COMMON_2,670
2237,-89.884163,-20.308606,-112.543,1,8,2,NONE,COMMON_2,671
2238,-89.972728,-20.531246,-109.294,1,8,2,NONE,COMMON_2,672
2239,-90.046539,-20.772432,-109.336,1,8,2,NONE,COMMON_2,673
2240,-90.135183,-20.994204,-113.313,1,8,2,NONE,COMMON_2,674
2241,-90.238424,-21.217712,-114.845,1,8,2,NONE,COMMON_2,675
2242,-90.341753,-21.440352,-115.840,1,8,2,NONE,COMMON_2,676
2243,-90.445081,-21.644446,-114.895,1,8,2,NONE,COMMON_2,677
2244,-90.548401,-21.885632,-112.475,1,8,2,NONE,COMMON_2,678
2245,-90.636967,-22.108272,-114.896,1,8,2,NONE,COMMON_2,679
2246,-90.755059,-22.330912,-116.439,1,8,2,NONE,COMMON_2,680
2247,-90.858379,-22.553552,-113.313,1,8,2,NONE,COMMON_2,681
2248,-90.946944,-22.776192,-108.535,1,8,2,NONE,COMMON_2,682
2249,-91.008674,-23.001826,-107.653,1,8,2,NONE,COMMON_2,683
2250,-91.094556,-23.240029,-108.143,1,8,2,NONE,COMMON_2,684
2251,-91.153602,-23.444112,-109.081,1,8,2,NONE,COMMON_2,685
2252,-91.242167,-23.666752,-110.831,1,8,2,NONE,COMMON_2,686
2253,-91.315968,-23.870846,-109.080,1,8,2,NONE,COMMON_2,687
2254,-91.389770,-24.093486,-107.292,1,8,2,NONE,COMMON_2,688
2255,-91.448816,-24.297569,-109.082,1,8,2,NONE,COMMON_2,689
2256,-91.529959,-24.498746,-111.693,1,8,2,NONE,COMMON_2,690
2257,-91.596428,-24.668632,-113.567,1,8,2,NONE,COMMON_2,691
2258,-91.684993,-24.854169,-113.844,1,8,2,NONE,COMMON_2,692
2259,-91.744030,-25.002592,-109.203,1,8,2,NONE,COMMON_2,693
2260,-91.790598,-25.157382,-107.997,1,8,2,NONE,COMMON_2,694
2261,-91.846952,-25.319409,-108.435,1,8,2,NONE,COMMON_2,695
2262,-91.892740,-25.463813,-108.434,1,8,2,NONE,COMMON_2,696
2263,-91.931478,-25.572996,-108.435,1,8,2,NONE,COMMON_2,697
2264,-91.973750,-25.706847,-109.541,1,8,2,NONE,COMMON_2,698
2265,-92.021845,-25.827605,-110.739,1,8,2,NONE,COMMON_2,699
2266,-92.111115,-26.069627,-109.353,1,8,2,NONE,COMMON_2,700
2267,-92.167469,-26.242207,-107.223,1,8,2,NONE,COMMON_2,701
2268,-92.220298,-26.421844,-108.262,1,8,2,NONE,COMMON_2,702
2269,-92.283693,-26.594423,-110.695,1,8,2,NONE,COMMON_2,703
2270,-92.340047,-26.738828,-112.012,1,8,2,NONE,COMMON_2,704
2271,-92.417541,-26.925511,-110.434,1,8,2,NONE,COMMON_2,705
2272,-92.473895,-27.098091,-108.048,1,8,2,NONE,COMMON_2,706
2273,-92.519683,-27.238977,-108.886,1,8,2,NONE,COMMON_2,707
2274,-92.565471,-27.365771,-112.219,1,9,2,NONE,COMMON_2,708
2275,-92.644445,-27.544406,-113.851,1,9,2,NONE,COMMON_2,709
2276,-92.713402,-27.700376,-112.841,1,9,2,NONE,COMMON_2,710
2277,-92.777292,-27.859809,-110.683,1,9,2,NONE,COMMON_2,711
2278,-92.843716,-28.045546,-109.882,1,9,2,NONE,COMMON_2,712
2279,-92.924904,-28.267986,-113.393,1,9,2,NONE,COMMON_2,713
2280,-93.028224,-28.472069,-116.220,1,9,2,NONE,COMMON_2,714
2281,-93.116789,-28.657606,-114.448,1,9,2,NONE,COMMON_2,715
2282,-93.205354,-28.861689,-111.693,1,9,2,NONE,COMMON_2,716
2283,-93.264400,-29.028669,-108.028,1,9,2,NONE,COMMON_2,717
2284,-93.338202,-29.269866,-107.653,1,9,2,NONE,COMMON_2,718
2285,-93.412012,-29.492506,-109.081,1,9,2,NONE,COMMON_2,719
2286,-93.485813,-29.696589,-110.832,1,9,2,NONE,COMMON_2,720
2287,-93.574378,-29.919229,-109.081,1,9,2,NONE,COMMON_2,721
2288,-93.633424,-30.123312,-108.828,1,9,2,NONE,COMMON_2,722
2289,-93.707226,-30.308849,-110.749,1,9,2,NONE,COMMON_2,723
2290,-93.781027,-30.512932,-110.832,1,9,2,NONE,COMMON_2,724
2291,-93.869592,-30.735572,-114.213,1,9,2,NONE,COMMON_2,725
2292,-93.972921,-30.939666,-114.896,1,9,2,NONE,COMMON_2,726
2293,-94.076250,-31.180852,-114.987,1,9,2,NONE,COMMON_2,727
2294,-94.178613,-31.381027,-115.517,1,9,2,NONE,COMMON_2,728
2295,-94.253380,-31.551926,-110.682,1,9,2,NONE,COMMON_2,729
2296,-94.327181,-31.774566,-109.314,1,9,2,NONE,COMMON_2,730
2297,-94.393463,-31.951620,-112.623,1,9,2,NONE,COMMON_2,731
2298,-94.489548,-32.164186,-112.991,1,9,2,NONE,COMMON_2,732
2299,-94.578113,-32.386826,-111.692,1,9,2,NONE,COMMON_2,733
2300,-94.666678,-32.609466,-111.692,1,9,2,NONE,COMMON_2,734
2301,-94.755243,-32.832106,-110.035,1,9,2,NONE,COMMON_2,735
2302,-94.829053,-33.054746,-110.833,1,9,2,NONE,COMMON_2,736
2303,-94.917618,-33.258829,-114.212,1,9,2,NONE,COMMON_2,737
2304,-95.020938,-33.481469,-117.423,1,9,2,NONE,COMMON_2,738
2305,-95.139031,-33.685552,-116.853,1,9,2,NONE,COMMON_2,739
2306,-95.227596,-33.889646,-110.831,1,9,2,NONE,COMMON_2,740
2307,-95.301397,-34.112286,-106.612,1,9,2,NONE,COMMON_2,741
2308,-95.360444,-34.334926,-107.292,1,9,2,NONE,COMMON_2,742
2309,-95.434245,-34.539009,-111.692,1,9,2,NONE,COMMON_2,743
2310,-95.522810,-34.743092,-115.839,1,9,2,NONE,COMMON_2,744
2311,-95.640894,-34.965732,-114.895,1,9,2,NONE,COMMON_2,745
2312,-95.729459,-35.188372,-108.340,1,9,2,NONE,COMMON_2,746
2313,-95.788505,-35.411012,-106.612,1,9,2,NONE,COMMON_2,747
2314,-95.862307,-35.633652,-109.081,1,9,2,NONE,COMMON_2,748
2315,-95.936117,-35.837746,-110.832,1,9,2,NONE,COMMON_2,749
2316,-96.024682,-36.060386,-111.692,1,9,2,NONE,COMMON_2,750
2317,-96.113247,-36.283026,-110.034,1,9,2,NONE,COMMON_2,751
2318,-96.187048,-36.505666,-107.485,1,9,2,NONE,COMMON_2,752
2319,-96.242499,-36.693340,-108.951,1,9,2,NONE,COMMON_2,753
2320,-96.326326,-36.911294,-109.601,1,9,2,NONE,COMMON_2,754
2321,-96.393697,-37.117926,-111.685,1,9,2,NONE,COMMON_2,755
2322,-96.497026,-37.340566,-112.147,1,9,2,NONE,COMMON_2,756
2323,-96.566629,-37.542801,-109.882,1,9,2,NONE,COMMON_2,757
2324,-96.644637,-37.748732,-108.482,1,9,2,NONE,COMMON_2,758
2325,-96.703675,-37.952826,-105.468,1,9,2,NONE,COMMON_2,759
2326,-96.762721,-38.175466,-106.612,1,9,2,NONE,COMMON_2,760
2327,-96.836522,-38.398106,-105.122,1,9,2,NONE,COMMON_2,761
2328,-96.890769,-38.649322,-103.064,1,9,2,NONE,COMMON_2,762
2329,-96.939851,-38.843386,-100.682,1,9,2,NONE,COMMON_2,763
2330,-96.969370,-39.066026,-97.554,1,9,2,NONE,COMMON_2,764
2331,-96.998898,-39.288666,-97.878,1,9,2,NONE,COMMON_2,765
2332,-97.028416,-39.492749,-97.090,1,9,2,NONE,COMMON_2,766
2333,-97.052834,-39.722324,-94.145,1,9,2,NONE,COMMON_2,767
2334,-97.058422,-39.906748,-90.796,1,9,2,NONE,COMMON_2,768
2335,-97.058422,-40.124701,-89.939,1,9,2,NONE,COMMON_2,769
2336,-97.057935,-40.364752,-89.937,1,9,2,NONE,COMMON_2,770
2337,-97.057935,-40.568846,-90.000,1,9,2,NONE,COMMON_2,771
2338,-97.057935,-40.810032,-90.000,1,9,2,NONE,COMMON_2,772
2339,-97.057935,-41.014126,-86.695,1,9,2,NONE,COMMON_2,773
2340,-97.033783,-41.228228,-80.989,1,9,2,NONE,COMMON_2,774
2341,-96.986463,-41.464816,-76.726,1,9,2,NONE,COMMON_2,775
2342,-96.939851,-41.626386,-73.883,1,9,2,NONE,COMMON_2,776
2343,-96.880805,-41.830469,-71.580,1,9,2,NONE,COMMON_2,777
2344,-96.800344,-42.045261,-66.359,1,9,2,NONE,COMMON_2,778
2345,-96.702550,-42.237689,-60.989,1,9,2,NONE,COMMON_2,779
2346,-96.607909,-42.392268,-56.821,1,9,2,NONE,COMMON_2,780
2347,-96.488037,-42.565760,-55.145,1,9,2,NONE,COMMON_2,781
2348,-96.378942,-42.721029,-54.816,1,9,2,NONE,COMMON_2,782
2349,-96.260849,-42.888009,-56.456,1,9,2,NONE,COMMON_2,783
2350,-96.157529,-43.054989,-56.456,1,9,2,NONE,COMMON_2,784
2351,-96.039437,-43.221969,-52.761,1,9,2,NONE,COMMON_2,785
2352,-95.910752,-43.379643,-47.816,1,9,2,NONE,COMMON_2,786
2353,-95.759332,-43.531060,-45.659,1,9,2,NONE,COMMON_2,787
2354,-95.639459,-43.657252,-47.002,1,9,2,NONE,COMMON_2,788
2355,-95.541666,-43.764498,-48.790,1,9,2,NONE,COMMON_2,789
2356,-95.419481,-43.908446,-48.542,1,9,2,NONE,COMMON_2,790
2357,-95.316161,-44.019766,-46.482,1,9,2,NONE,COMMON_2,791
2358,-95.175732,-44.165139,-45.194,1,9,2,NONE,COMMON_2,792
2359,-95.052707,-44.285008,-42.843,1,9,2,NONE,COMMON_2,793
2360,-94.932373,-44.390829,-39.792,1,9,2,NONE,COMMON_2,794
2361,-94.814289,-44.483592,-38.154,1,9,2,NONE,COMMON_2,795
2362,-94.696205,-44.576366,-37.023,1,9,2,NONE,COMMON_2,796
2363,-94.534300,-44.694755,-35.093,1,9,2,NONE,COMMON_2,797
2364,-94.373067,-44.803414,-32.276,1,9,2,NONE,COMMON_2,798
2365,-94.201322,-44.905060,-29.297,1,9,2,NONE,COMMON_2,799
2366,-94.017204,-45.003089,-30.093,1,9,3,NONE,COMMON_2,800
2367,-93.840073,-45.114409,-29.945,1,9,3,NONE,COMMON_2,801
2368,-93.662943,-45.207172,-29.945,1,9,3,NONE,COMMON_2,802
2369,-93.485813,-45.318492,-32.168,1,9,3,NONE,COMMON_2,803
2370,-93.279483,-45.448347,-29.737,1,9,3,NONE,COMMON_2,804
2371,-93.111236,-45.532471,-26.171,1,9,3,NONE,COMMON_2,805
2372,-92.939659,-45.615349,-25.792,1,9,3,NONE,COMMON_2,806
2373,-92.747774,-45.708112,-28.945,1,9,3,NONE,COMMON_2,807
2374,-92.570643,-45.819432,-32.341,1,9,3,NONE,COMMON_2,808
2375,-92.398337,-45.929368,-30.775,1,9,3,NONE,COMMON_2,809
2376,-92.201053,-46.039534,-29.556,1,9,3,NONE,COMMON_2,810
2377,-92.041733,-46.131584,-27.574,1,9,3,NONE,COMMON_2,811
2378,-91.882404,-46.205935,-23.035,1,9,3,NONE,COMMON_2,812
2379,-91.684993,-46.283269,-24.425,1,9,3,NONE,COMMON_2,813
2380,-91.507862,-46.376032,-28.656,1,9,3,NONE,COMMON_2,814
2381,-91.345487,-46.468806,-27.701,1,9,3,NONE,COMMON_2,815
2382,-91.203287,-46.535946,-24.114,1,9,3,NONE,COMMON_2,816
2383,-91.053906,-46.599320,-20.845,1,9,3,NONE,COMMON_2,817
2384,-90.843624,-46.672889,-21.632,1,9,3,NONE,COMMON_2,818
2385,-90.681249,-46.747106,-25.586,1,9,3,NONE,COMMON_2,819
2386,-90.533647,-46.821312,-27.213,1,9,3,NONE,COMMON_2,820
2387,-90.356516,-46.914086,-24.818,1,9,3,NONE,COMMON_2,821
2388,-90.172354,-46.988392,-19.375,1,9,3,NONE,COMMON_2,822
2389,-89.974083,-47.048572,-17.927,1,9,3,NONE,COMMON_2,823
2390,-89.811221,-47.105222,-17.355,1,9,3,NONE,COMMON_2,824
2391,-89.634197,-47.154793,-18.264,1,9,3,NONE,COMMON_2,825
2392,-89.457173,-47.222064,-22.663,1,9,3,NONE,COMMON_2,826
2393,-89.312015,-47.289323,-23.682,1,9,3,NONE,COMMON_2,827
2394,-89.101841,-47.377912,-22.044,1,9,3,NONE,COMMON_2,828
2395,-88.909947,-47.452129,-22.733,1,9,3,NONE,COMMON_2,829
2396,-88.703298,-47.544892,-25.423,1,9,3,NONE,COMMON_2,830
2397,-88.522484,-47.636297,-28.004,1,9,3,NONE,COMMON_2,831
2398,-88.319519,-47.748986,-31.562,1,9,3,NONE,COMMON_2,832
2399,-88.127625,-47.878852,-32.147,1,9,3,NONE,COMMON_2,833
2400,-87.935731,-47.990172,-29.189,1,9,3,NONE,COMMON_2,834
2401,-87.729083,-48.101492,-24.919,1,9,3,NONE,COMMON_2,835
2402,-87.509497,-48.188193,-21.999,1,9,3,NONE,COMMON_2,836
2403,-87.315776,-48.268472,-22.629,1,9,3,NONE,COMMON_2,837
2404,-87.094363,-48.361246,-21.223,1,9,3,NONE,COMMON_2,838
2405,-86.883242,-48.436443,-21.310,1,9,3,NONE,COMMON_2,839
2406,-86.666302,-48.528226,-20.119,1,9,3,NONE,COMMON_2,840
2407,-86.430125,-48.602432,-15.844,1,9,3,NONE,COMMON_2,841
2408,-86.208712,-48.658092,-15.846,1,9,3,NONE,COMMON_2,842
2409,-85.972545,-48.732309,-18.531,1,9,3,NONE,COMMON_2,843
2410,-85.765887,-48.806526,-18.050,1,9,3,NONE,COMMON_2,844
2411,-85.574002,-48.862186,-16.877,1,9,3,NONE,COMMON_2,845
2412,-85.337825,-48.936392,-15.844,1,9,3,NONE,COMMON_2,846
2413,-85.116413,-48.992052,-15.263,1,9,3,NONE,COMMON_2,847
2414,-84.925351,-49.048947,-19.124,1,9,3,NONE,COMMON_2,848
2415,-84.688351,-49.140486,-24.572,1,9,3,NONE,COMMON_2,849
2416,-84.481693,-49.251806,-28.310,1,9,3,NONE,COMMON_2,850
2417,-84.275044,-49.363126,-25.490,1,9,3,NONE,COMMON_2,851
2418,-84.053632,-49.455889,-20.660,1,9,3,NONE,COMMON_2,852
2419,-83.832219,-49.530106,-21.310,1,9,3,NONE,COMMON_2,853
2420,-83.625570,-49.622869,-23.432,1,9,3,NONE,COMMON_2,854
2421,-83.404157,-49.715632,-22.702,1,9,3,NONE,COMMON_2,855
2422,-83.211750,-49.795994,-24.176,1,9,3,NONE,COMMON_2,856
2423,-82.990851,-49.901169,-23.916,1,9,3,NONE,COMMON_2,857
2424,-82.804598,-49.976555,-20.124,1,9,3,NONE,COMMON_2,858
2425,-82.553224,-50.061525,-19.695,1,9,3,NONE,COMMON_2,859
2426,-82.341376,-50.142366,-23.918,1,9,3,NONE,COMMON_2,860
2427,-82.119964,-50.253686,-23.432,1,9,3,NONE,COMMON_2,861
2428,-81.913306,-50.327892,-20.660,1,9,3,NONE,COMMON_2,862
2429,-81.677138,-50.420666,-18.955,1,9,3,NONE,COMMON_2,863
2430,-81.441511,-50.489929,-18.530,1,9,3,NONE,COMMON_2,864
2431,-81.234313,-50.569089,-23.961,1,9,3,NONE,COMMON_2,865
2432,-81.012900,-50.680409,-24.743,1,9,3,NONE,COMMON_2,866
2433,-80.791487,-50.773172,-23.433,1,9,3,NONE,COMMON_2,867
2434,-80.584829,-50.865946,-24.176,1,9,3,NONE,COMMON_2,868
2435,-80.378181,-50.958709,-26.280,1,9,3,NONE,COMMON_2,869
2436,-80.171532,-51.070029,-25.004,1,9,3,NONE,COMMON_2,870
2437,-79.944902,-51.160789,-24.743,1,9,3,NONE,COMMON_2,871
2438,-79.728706,-51.274112,-25.219,1,9,3,NONE,COMMON_2,872
2439,-79.507294,-51.366886,-22.071,1,9,3,NONE,COMMON_2,873
2440,-79.271117,-51.459649,-21.144,1,9,3,NONE,COMMON_2,874
2441,-78.931620,-51.589526,-22.791,1,9,3,NONE,COMMON_2,875
2442,-78.695433,-51.701543,-26.156,1,9,3,NONE,COMMON_2,876
2443,-78.478312,-51.812151,-24.095,1,9,3,NONE,COMMON_2,877
2444,-78.282137,-51.886372,-20.229,1,9,3,NONE,COMMON_2,878
2445,-78.075488,-51.960589,-20.660,1,9,3,NONE,COMMON_2,879
2446,-77.839312,-52.053352,-21.147,1,9,3,NONE,COMMON_2,880
2447,-77.621327,-52.136263,-22.733,1,9,3,NONE,COMMON_2,881
2448,-77.396486,-52.238889,-25.614,1,9,3,NONE,COMMON_2,882
2449,-77.175074,-52.350209,-24.037,1,9,3,NONE,COMMON_2,883
2450,-76.938906,-52.442972,-22.071,1,9,3,NONE,COMMON_2,884
2451,-76.717493,-52.535746,-20.272,1,9,3,NONE,COMMON_2,885
2452,-76.484824,-52.610687,-19.874,1,9,3,NONE,COMMON_2,886
2453,-76.265315,-52.699197,-22.122,1,9,3,NONE,COMMON_2,887
2454,-76.049349,-52.787708,-23.766,1,9,3,NONE,COMMON_2,888
2455,-75.823701,-52.893660,-24.502,1,9,3,NONE,COMMON_2,889
2456,-75.625185,-52.981026,-23.217,1,9,3,NONE,COMMON_2,890
2457,-75.403772,-53.073789,-20.660,1,9,3,NONE,COMMON_2,891
2458,-75.182359,-53.148006,-20.660,1,9,3,NONE,COMMON_2,892
2459,-74.960947,-53.240769,-24.743,1,9,3,NONE,COMMON_2,893
2460,-74.739534,-53.352089,-25.876,1,9,3,NONE,COMMON_2,894
2461,-74.544638,-53.442703,-26.280,1,9,3,NONE,COMMON_2,895
2462,-74.326236,-53.556172,-24.404,1,9,3,NONE,COMMON_2,896
2463,-74.090060,-53.648946,-22.679,1,9,3,NONE,COMMON_2,897
2464,-73.886103,-53.740095,-24.743,1,9,3,NONE,COMMON_2,898
2465,-73.647234,-53.853029,-26.719,1,9,3,NONE,COMMON_2,899
2466,-73.440585,-53.964349,-25.490,1,9,3,NONE,COMMON_2,900
2467,-73.219173,-54.057112,-22.071,1,9,3,NONE,COMMON_2,901
2468,-72.982996,-54.149886,-19.749,1,9,3,NONE,COMMON_2,902
2469,-72.770856,-54.218069,-17.444,1,9,3,NONE,COMMON_2,903
2470,-72.510652,-54.298309,-18.699,1,9,3,NONE,COMMON_2,904
2471,-72.259712,-54.391072,-20.980,1,9,3,NONE,COMMON_2,905
2472,-72.017939,-54.487246,-21.445,1,9,3,NONE,COMMON_2,906
2473,-71.787367,-54.576609,-20.830,1,9,3,NONE,COMMON_2,907
2474,-71.552927,-54.664162,-17.444,1,9,3,NONE,COMMON_2,908
2475,-71.315023,-54.725032,-17.448,1,9,3,NONE,COMMON_2,909
2476,-71.064083,-54.817806,-20.852,1,9,3,NONE,COMMON_2,910
2477,-70.827915,-54.910569,-20.850,1,9,3,NONE,COMMON_2,911
2478,-70.576975,-55.003332,-20.852,1,9,3,NONE,COMMON_2,912
2479,-70.340807,-55.096106,-19.873,1,9,3,NONE,COMMON_2,913
2480,-70.100720,-55.175478,-18.922,1,9,3,NONE,COMMON_2,914
2481,-69.853699,-55.263086,-21.776,1,9,3,NONE,COMMON_2,915
2482,-69.602759,-55.374406,-26.342,1,9,3,NONE,COMMON_2,916
2483,-69.366591,-55.504272,-25.866,1,9,3,NONE,COMMON_2,917
2484,-69.151883,-55.593009,-21.560,1,9,3,NONE,COMMON_2,918
2485,-68.830530,-55.716081,-22.853,1,9,3,NONE,COMMON_2,919
2486,-68.658071,-55.801129,-26.565,1,9,3,NONE,COMMON_2,920
2487,-68.406617,-55.928037,-27.051,1,9,3,NONE,COMMON_2,921
2488,-68.185726,-56.042326,-26.156,1,9,3,NONE,COMMON_2,922
2489,-67.952251,-56.151175,-25.945,1,9,3,NONE,COMMON_2,923
2490,-67.728137,-56.264966,-26.062,1,9,3,NONE,COMMON_2,924
2491,-67.491970,-56.376286,-25.236,1,9,3,NONE,COMMON_2,925
2492,-67.255784,-56.487606,-24.563,1,9,3,NONE,COMMON_2,926
2493,-67.004862,-56.598926,-23.923,1,9,3,NONE,COMMON_2,927
2494,-66.753921,-56.710246,-24.563,1,9,3,NONE,COMMON_2,928
2495,-66.517754,-56.821566,-23.923,1,9,3,NONE,COMMON_2,929
2496,-66.252058,-56.932886,-24.563,1,9,3,NONE,COMMON_2,930
2497,-66.030646,-57.044206,-24.563,1,9,3,NONE,COMMON_2,931
2498,-65.764950,-57.155526,-22.129,1,9,3,NONE,COMMON_2,932
2499,-65.528774,-57.248289,-21.443,1,9,3,NONE,COMMON_2,933
2500,-65.292597,-57.341052,-20.852,1,9,3,NONE,COMMON_2,934
2501,-65.041666,-57.433826,-20.852,1,9,3,NONE,COMMON_2,935
2502,-64.805498,-57.526589,-22.070,1,9,3,NONE,COMMON_2,936
2503,-64.584086,-57.619352,-24.743,1,9,3,NONE,COMMON_2,937
2504,-64.362673,-57.730672,-24.038,1,9,3,NONE,COMMON_2,938
2505,-64.126496,-57.823446,-21.445,1,9,3,NONE,COMMON_2,939
2506,-63.890320,-57.916209,-18.922,1,9,3,NONE,COMMON_2,940
2507,-63.639388,-57.990426,-18.922,1,9,3,NONE,COMMON_2,941
2508,-63.403212,-58.083189,-21.444,1,9,3,NONE,COMMON_2,942
2509,-63.167044,-58.175952,-22.651,1,9,3,NONE,COMMON_2,943
2510,-62.942461,-58.275461,-22.733,1,9,3,NONE,COMMON_2,944
2511,-62.679936,-58.380046,-20.486,1,9,3,NONE,COMMON_2,945
2512,-62.414241,-58.472809,-20.288,1,9,3,NONE,COMMON_2,946
2513,-62.178065,-58.565572,-22.129,1,9,3,NONE,COMMON_2,947
2514,-61.912369,-58.676892,-24.563,1,9,3,NONE,COMMON_2,948
2515,-61.690957,-58.788212,-24.038,1,9,3,NONE,COMMON_2,949
2516,-61.454780,-58.880986,-21.445,1,9,3,NONE,COMMON_2,950
2517,-61.218612,-58.973749,-22.732,1,9,3,NONE,COMMON_2,951
2518,-60.967672,-59.085069,-25.669,1,9,3,NONE,COMMON_2,952
2519,-60.716741,-59.214946,-25.669,1,9,3,NONE,COMMON_2,953
2520,-60.465809,-59.326266,-26.342,1,9,3,NONE,COMMON_2,954
2521,-60.229633,-59.456132,-25.236,1,9,3,NONE,COMMON_2,955
2522,-59.993456,-59.548906,-20.852,1,9,3,NONE,COMMON_2,956
2523,-59.742525,-59.641669,-22.129,1,9,3,NONE,COMMON_2,957
2524,-59.491593,-59.752989,-25.016,1,9,3,NONE,COMMON_2,958
2525,-59.344540,-59.827384,-24.346,1,9,3,NONE,COMMON_2,959
2526,-59.122569,-59.919969,-21.402,1,9,3,NONE,COMMON_2,960
2527,-58.871638,-60.012732,-19.755,1,9,3,NONE,COMMON_2,961
2528,-58.605942,-60.105506,-19.754,1,9,3,NONE,COMMON_2,962
2529,-58.355002,-60.198269,-20.850,1,9,3,NONE,COMMON_2,963
2530,-58.118834,-60.291032,-24.037,1,9,3,NONE,COMMON_2,964
2531,-57.897422,-60.402352,-25.236,1,9,3,NONE,COMMON_2,965
2532,-57.646481,-60.513672,-22.130,1,9,3,NONE,COMMON_2,966
2533,-57.395550,-60.606446,-20.371,1,9,3,NONE,COMMON_2,967
2534,-57.153369,-60.696771,-20.850,1,9,3,NONE,COMMON_2,968
2535,-56.908442,-60.791972,-23.232,1,9,3,NONE,COMMON_2,969
2536,-56.672266,-60.903292,-26.343,1,9,3,NONE,COMMON_2,970
2537,-56.421334,-61.033169,-25.237,1,9,3,NONE,COMMON_2,971
2538,-56.199921,-61.125932,-23.367,1,9,3,NONE,COMMON_2,972
2539,-55.948990,-61.237252,-22.001,1,9,3,NONE,COMMON_2,973
2540,-55.696065,-61.329509,-21.445,1,9,3,NONE,COMMON_2,974
2541,-55.476637,-61.422789,-22.213,1,9,3,NONE,COMMON_2,975
2542,-55.240469,-61.515552,-21.445,1,9,3,NONE,COMMON_2,976
2543,-55.004293,-61.608326,-22.733,1,9,3,NONE,COMMON_2,977
2544,-54.753361,-61.719646,-19.754,1,9,3,NONE,COMMON_2,978
2545,-54.487666,-61.793852,-18.380,1,9,3,NONE,COMMON_2,979
2546,-54.212991,-61.899197,-22.130,1,9,3,NONE,COMMON_2,980
2547,-53.985794,-61.997946,-22.329,1,9,3,NONE,COMMON_2,981
2548,-53.646550,-62.131842,-20.850,1,9,3,NONE,COMMON_2,982
2549,-53.498686,-62.183472,-17.514,1,9,3,NONE,COMMON_2,983
2550,-53.247755,-62.257689,-18.403,1,9,3,NONE,COMMON_2,984
2551,-52.996815,-62.350452,-20.289,1,9,3,NONE,COMMON_2,985
2552,-52.745883,-62.443226,-22.733,1,9,3,NONE,COMMON_2,986
2553,-52.509707,-62.554546,-22.732,1,9,3,NONE,COMMON_2,987
2554,-52.258775,-62.647309,-20.288,1,9,3,NONE,COMMON_2,988
2555,-52.007844,-62.740072,-20.852,1,9,3,NONE,COMMON_2,989
2556,-51.771667,-62.832846,-23.368,1,9,3,NONE,COMMON_2,990
2557,-51.535491,-62.944166,-26.691,1,9,3,NONE,COMMON_2,991
2558,-51.402643,-63.018372,-27.641,1,9,3,NONE,COMMON_2,992
2559,-51.181230,-63.129692,-24.038,1,9,3,NONE,COMMON_2,993
2560,-50.945063,-63.222466,-20.852,1,9,3,NONE,COMMON_2,994
2561,-50.694122,-63.315229,-18.922,1,9,3,NONE,COMMON_2,995
2562,-50.457955,-63.389446,-19.469,1,9,3,NONE,COMMON_2,996
2563,-50.221778,-63.482209,-20.850,1,9,3,NONE,COMMON_2,997
2564,-49.970847,-63.574972,-22.129,1,9,3,NONE,COMMON_2,998
2565,-49.719906,-63.686292,-22.733,1,9,3,NONE,COMMON_2,999
2566,-49.483739,-63.779066,-20.852,1,9,3,NONE,COMMON_2,1000
2567,-49.232798,-63.871829,-20.288,1,9,3,NONE,COMMON_2,1001
2568,-48.981867,-63.964592,-22.732,1,9,3,NONE,COMMON_2,1002
2569,-48.745690,-64.075912,-21.318,1,9,3,NONE,COMMON_2,1003
2570,-48.478490,-64.161030,-20.852,1,9,3,NONE,COMMON_2,1004
2571,-48.258582,-64.261449,-22.308,1,9,3,NONE,COMMON_2,1005
2572,-48.007651,-64.354212,-20.852,1,9,3,NONE,COMMON_2,1006
2573,-47.771475,-64.446986,-23.369,1,9,3,NONE,COMMON_2,1007
2574,-47.535307,-64.558306,-23.175,1,9,3,NONE,COMMON_2,1008
2575,-47.296103,-64.650490,-22.979,1,9,3,NONE,COMMON_2,1009
2576,-47.130885,-64.729795,-27.378,1,9,3,NONE,COMMON_2,1010
2577,-46.926013,-64.842144,-25.776,1,9,3,NONE,COMMON_2,1011
2578,-46.679175,-64.947926,-23.286,1,9,3,NONE,COMMON_2,1012
2579,-46.403923,-65.066841,-25.237,1,9,3,NONE,COMMON_2,1013
2580,-46.206831,-65.170566,-26.397,1,9,3,NONE,COMMON_2,1014
2581,-45.970654,-65.281886,-24.304,1,9,3,NONE,COMMON_2,1015
2582,-45.690178,-65.403887,-21.555,1,9,3,NONE,COMMON_2,1016
2583,-45.454027,-65.485969,-17.791,1,9,3,NONE,COMMON_2,1017
2584,-45.203087,-65.560186,-19.469,1,9,3,NONE,COMMON_2,1018
2585,-44.981674,-65.652949,-22.070,1,9,3,NONE,COMMON_2,1019
2586,-44.745507,-65.745712,-23.367,1,9,3,NONE,COMMON_2,1020
2587,-44.509330,-65.857032,-21.445,1,9,3,NONE,COMMON_2,1021
2588,-44.273154,-65.931249,-19.469,1,9,3,NONE,COMMON_2,1022
2589,-44.036986,-66.024012,-23.367,1,9,3,NONE,COMMON_2,1023
2590,-43.800810,-66.135332,-25.921,1,9,3,NONE,COMMON_2,1024
2591,-43.561728,-66.255001,-26.744,1,9,3,NONE,COMMON_2,1025
2592,-43.350683,-66.362155,-26.382,1,9,3,NONE,COMMON_2,1026
2593,-43.092289,-66.487849,-23.832,1,9,3,NONE,COMMON_2,1027
2594,-42.856112,-66.580612,-22.564,1,9,3,NONE,COMMON_2,1028
2595,-42.632096,-66.679074,-25.946,1,9,3,NONE,COMMON_2,1029
2596,-42.398532,-66.803252,-25.007,1,9,3,NONE,COMMON_2,1030
2597,-42.220587,-66.871028,-24.038,1,9,3,NONE,COMMON_2,1031
2598,-41.940943,-67.007346,-23.946,1,9,3,NONE,COMMON_2,1032
2599,-41.704766,-67.100109,-20.850,1,9,3,NONE,COMMON_2,1033
2600,-41.453835,-67.192872,-18.922,1,9,3,NONE,COMMON_2,1034
2601,-41.217658,-67.267089,-20.679,1,9,3,NONE,COMMON_2,1035
2602,-40.958317,-67.379901,-26.219,1,9,3,NONE,COMMON_2,1036
2603,-40.733620,-67.505468,-25.486,1,9,3,NONE,COMMON_2,1037
2604,-40.494383,-67.601049,-21.666,1,9,3,NONE,COMMON_2,1038
2605,-40.251182,-67.697121,-22.355,1,9,3,NONE,COMMON_2,1039
2606,-40.020985,-67.795736,-24.727,1,9,3,NONE,COMMON_2,1040
2607,-39.748917,-67.928427,-24.370,1,9,3,NONE,COMMON_2,1041
2608,-39.549685,-68.009226,-21.733,1,9,3,NONE,COMMON_2,1042
2609,-39.313509,-68.101989,-20.428,1,9,3,NONE,COMMON_2,1043
2610,-39.032681,-68.201790,-20.852,1,9,3,NONE,COMMON_2,1044
2611,-38.826401,-68.287526,-25.067,1,9,3,NONE,COMMON_2,1045
2612,-38.565749,-68.420193,-23.348,1,9,3,NONE,COMMON_2,1046
2613,-38.309690,-68.510567,-22.766,1,9,3,NONE,COMMON_2,1047
2614,-38.120980,-68.606847,-24.920,1,9,3,NONE,COMMON_2,1048
2615,-37.911231,-68.695692,-23.485,1,9,3,NONE,COMMON_2,1049
2616,-37.660300,-68.807012,-25.390,1,9,3,NONE,COMMON_2,1050
2617,-37.428545,-68.924781,-25.236,1,9,3,NONE,COMMON_2,1051
2618,-37.187947,-69.029652,-25.187,1,9,3,NONE,COMMON_2,1052
2619,-36.978393,-69.136486,-25.946,1,9,3,NONE,COMMON_2,1053
2620,-36.730367,-69.252292,-21.427,1,9,3,NONE,COMMON_2,1054
2621,-36.494190,-69.326509,-17.445,1,9,3,NONE,COMMON_2,1055
2622,-36.258014,-69.400726,-21.445,1,9,3,NONE,COMMON_2,1056
2623,-36.021846,-69.512046,-22.832,1,9,3,NONE,COMMON_2,1057
2624,-35.772836,-69.604998,-20.850,1,9,3,NONE,COMMON_2,1058
2625,-35.534738,-69.697572,-21.346,1,9,3,NONE,COMMON_2,1059
2626,-35.298561,-69.790346,-20.852,1,9,2,NONE,COMMON_2,1060
2627,-35.047630,-69.883109,-21.444,1,9,2,NONE,COMMON_2,1061
2628,-34.826217,-69.975872,-24.780,1,9,2,NONE,COMMON_2,1062
2629,-34.619134,-70.080925,-23.217,1,9,2,NONE,COMMON_2,1063
2630,-34.391354,-70.162411,-19.274,1,9,2,NONE,COMMON_2,1064
2631,-34.176734,-70.235626,-17.010,1,9,2,NONE,COMMON_2,1065
2632,-33.970085,-70.291286,-15.606,1,9,2,NONE,COMMON_2,1066
2633,-33.778191,-70.346946,-18.048,1,9,2,NONE,COMMON_2,1067
2634,-33.571542,-70.421152,-21.310,1,9,2,NONE,COMMON_2,1068
2635,-33.350130,-70.513926,-19.755,1,9,2,NONE,COMMON_2,1069
2636,-33.158236,-70.569586,-15.606,1,9,2,NONE,COMMON_2,1070
2637,-32.951587,-70.625246,-13.369,1,9,2,NONE,COMMON_2,1071
2638,-32.759870,-70.664264,-13.588,1,9,2,NONE,COMMON_2,1072
2639,-32.567808,-70.718009,-17.793,1,9,2,NONE,COMMON_2,1073
2640,-32.361150,-70.792226,-18.696,1,9,2,NONE,COMMON_2,1074
2641,-32.184020,-70.847886,-17.444,1,9,2,NONE,COMMON_2,1075
2642,-32.006889,-70.903546,-16.736,1,9,2,NONE,COMMON_2,1076
2643,-31.833948,-70.953150,-13.796,1,9,2,NONE,COMMON_2,1077
2644,-31.669138,-70.986479,-13.293,1,9,2,NONE,COMMON_2,1078
2645,-31.496914,-71.032777,-13.334,1,9,2,NONE,COMMON_2,1079
2646,-31.348762,-71.062411,-9.898,1,9,2,NONE,COMMON_2,1080
2647,-31.220990,-71.080923,-6.386,1,9,2,NONE,COMMON_2,1081
2648,-31.100612,-71.090185,-4.573,1,9,2,NONE,COMMON_2,1082
2649,-30.943205,-71.103143,-4.259,1,9,2,NONE,COMMON_2,1083
2650,-30.752471,-71.116111,-5.971,1,9,2,NONE,COMMON_2,1084
2651,-30.545566,-71.144732,-7.362,1,9,2,NONE,COMMON_2,1085
2652,-30.365433,-71.166116,-4.093,1,9,2,NONE,COMMON_2,1086
2653,-30.169137,-71.171671,0.443,1,9,2,NONE,COMMON_2,1087
2654,-29.999420,-71.163289,1.384,1,9,2,NONE,COMMON_2,1088
2655,-29.822290,-71.163289,-0.987,1,9,2,NONE,COMMON_2,1089
2656,-29.620982,-71.169812,-0.619,1,9,2,NONE,COMMON_2,1090
2657,-29.468986,-71.167107,0.977,1,9,2,NONE,COMMON_2,1091
2658,-29.267323,-71.163779,1.468,1,9,2,NONE,COMMON_2,1092
2659,-29.078990,-71.157111,4.899,1,9,2,NONE,COMMON_2,1093
2660,-28.858985,-71.128780,10.713,1,9,2,NONE,COMMON_2,1094
2661,-28.647324,-71.075446,17.315,1,9,2,NONE,COMMON_2,1095
2662,-28.447317,-71.000439,21.481,1,9,2,NONE,COMMON_2,1096
2663,-28.257637,-70.922092,20.737,1,9,2,NONE,COMMON_2,1097
2664,-28.042318,-70.847107,21.310,1,9,2,NONE,COMMON_2,1098
2665,-27.829576,-70.755112,25.863,1,9,2,NONE,COMMON_2,1099
2666,-27.622918,-70.643792,29.189,1,9,2,NONE,COMMON_2,1100
2667,-27.431033,-70.532472,30.119,1,9,2,NONE,COMMON_2,1101
2668,-27.239139,-70.421152,30.119,1,9,2,NONE,COMMON_2,1102
2669,-27.047245,-70.309832,29.164,1,9,2,NONE,COMMON_2,1103
2670,-26.840658,-70.198779,30.255,1,9,2,NONE,COMMON_2,1104
2671,-26.673987,-70.092112,34.273,1,9,2,NONE,COMMON_2,1105
2672,-26.486336,-69.957326,38.978,1,9,2,NONE,COMMON_2,1106
2673,-26.323969,-69.808892,39.343,1,9,2,NONE,COMMON_2,1107
2674,-26.146839,-69.679026,35.140,1,9,2,NONE,COMMON_2,1108
2675,-25.954945,-69.549149,34.091,1,9,2,NONE,COMMON_2,1109
2676,-25.763051,-69.419272,37.022,1,9,2,NONE,COMMON_2,1110
2677,-25.585921,-69.270849,41.166,1,9,2,NONE,COMMON_2,1111
2678,-25.423555,-69.122426,42.893,1,9,2,NONE,COMMON_2,1112
2679,-25.246424,-68.955446,39.962,1,9,2,NONE,COMMON_2,1113
2680,-25.069294,-68.825569,39.962,1,9,2,NONE,COMMON_2,1114
2681,-24.892164,-68.658589,43.374,1,9,2,NONE,COMMON_2,1115
2682,-24.740842,-68.515253,44.945,1,9,2,NONE,COMMON_2,1116
2683,-24.587137,-68.354151,47.908,1,9,2,NONE,COMMON_2,1117
2684,-24.434575,-68.176206,46.024,1,9,2,NONE,COMMON_2,1118
2685,-24.272217,-68.027772,45.498,1,9,2,NONE,COMMON_2,1119
2686,-24.124597,-67.860792,50.055,1,9,2,NONE,COMMON_2,1120
2687,-23.977003,-67.675266,53.924,1,9,2,NONE,COMMON_2,1121
2688,-23.859362,-67.496742,57.935,1,9,2,NONE,COMMON_2,1122
2689,-23.753802,-67.318964,58.736,1,9,2,NONE,COMMON_2,1123
2690,-23.638986,-67.133772,58.329,1,9,2,NONE,COMMON_2,1124
2691,-23.524170,-66.946743,57.438,1,9,2,NONE,COMMON_2,1125
2692,-23.416076,-66.784706,55.495,1,9,2,NONE,COMMON_2,1126
2693,-23.298001,-66.617726,54.556,1,9,2,NONE,COMMON_2,1127
2694,-23.165145,-66.432189,57.524,1,9,2,NONE,COMMON_2,1128
2695,-23.061816,-66.246652,62.059,1,9,2,NONE,COMMON_2,1129
2696,-22.958496,-66.042569,61.522,1,9,2,NONE,COMMON_2,1130
2697,-22.840403,-65.838486,58.778,1,9,2,NONE,COMMON_2,1131
2698,-22.722328,-65.652949,57.217,1,9,2,NONE,COMMON_2,1132
2699,-22.589472,-65.448866,58.418,1,9,2,NONE,COMMON_2,1133
2700,-22.471388,-65.244772,63.148,1,9,2,NONE,COMMON_2,1134
2701,-22.382823,-65.040689,67.571,1,9,2,NONE,COMMON_2,1135
2702,-22.296392,-64.820810,67.458,1,9,2,NONE,COMMON_2,1136
2703,-22.205702,-64.613966,68.647,1,9,2,NONE,COMMON_2,1137
2704,-22.120467,-64.370810,72.608,1,9,2,NONE,COMMON_2,1138
2705,-22.059357,-64.146745,75.904,1,9,2,NONE,COMMON_2,1139
2706,-22.013808,-63.946046,77.889,1,9,2,NONE,COMMON_2,1140
2707,-21.966771,-63.715257,77.441,1,9,2,NONE,COMMON_2,1141
2708,-21.910479,-63.482209,75.212,1,9,2,NONE,COMMON_2,1142
2709,-21.836677,-63.222466,74.601,1,9,2,NONE,COMMON_2,1143
2710,-21.777622,-62.999826,76.576,1,9,2,NONE,COMMON_2,1144
2711,-21.748112,-62.851392,79.274,1,9,2,NONE,COMMON_2,1145
2712,-21.703821,-62.610206,81.618,1,9,2,NONE,COMMON_2,1146
2713,-21.674302,-62.350452,81.620,1,9,2,NONE,COMMON_2,1147
2714,-21.630029,-62.109266,76.245,1,9,2,NONE,COMMON_2,1148
2715,-21.556218,-61.868069,71.397,1,9,2,NONE,COMMON_2,1149
2716,-21.467653,-61.626872,71.396,1,9,2,NONE,COMMON_2,1150
2717,-21.393843,-61.385686,72.348,1,9,2,NONE,COMMON_2,1151
2718,-21.320051,-61.163046,72.348,1,9,2,NONE,COMMON_2,1152
2719,-21.246241,-60.921849,72.347,1,9,2,NONE,COMMON_2,1153
2720,-21.172439,-60.699209,72.347,1,9,2,NONE,COMMON_2,1154
2721,-21.098629,-60.458012,71.233,1,9,2,NONE,COMMON_2,1155
2722,-21.014917,-60.235628,72.348,1,9,2,NONE,COMMON_2,1156
2723,-20.951027,-59.994186,75.707,1,9,2,NONE,COMMON_2,1157
2724,-20.890838,-59.748592,72.660,1,9,2,NONE,COMMON_2,1158
2725,-20.803805,-59.522668,69.040,1,9,2,NONE,COMMON_2,1159
2726,-20.714841,-59.289152,67.268,1,9,2,NONE,COMMON_2,1160
2727,-20.607509,-59.054144,65.789,1,9,2,NONE,COMMON_2,1161
2728,-20.522965,-58.862429,65.609,1,9,2,NONE,COMMON_2,1162
2729,-20.419627,-58.639789,65.787,1,9,2,NONE,COMMON_2,1163
2730,-20.331071,-58.435706,63.148,1,9,2,NONE,COMMON_2,1164
2731,-20.212978,-58.231612,61.523,1,9,2,NONE,COMMON_2,1165
2732,-20.109658,-58.027529,63.148,1,9,2,NONE,COMMON_2,1166
2733,-20.006329,-57.823446,63.148,1,9,2,NONE,COMMON_2,1167
2734,-19.903009,-57.619352,64.161,1,9,2,NONE,COMMON_2,1168
2735,-19.799681,-57.396712,65.787,1,9,2,NONE,COMMON_2,1169
2736,-19.711115,-57.192629,64.820,1,9,2,NONE,COMMON_2,1170
2737,-19.607787,-56.988546,63.830,1,9,2,NONE,COMMON_2,1171
2738,-19.505653,-56.774522,65.870,1,9,2,NONE,COMMON_2,1172
2739,-19.422322,-56.574513,69.512,1,9,2,NONE,COMMON_2,1173
2740,-19.356855,-56.376286,71.690,1,9,2,NONE,COMMON_2,1174
2741,-19.283054,-56.153646,70.118,1,9,2,NONE,COMMON_2,1175
2742,-19.209244,-55.968109,67.376,1,9,2,NONE,COMMON_2,1176
2743,-19.120679,-55.764026,66.803,1,9,2,NONE,COMMON_2,1177
2744,-19.027880,-55.544893,68.308,1,9,2,NONE,COMMON_2,1178
2745,-18.958312,-55.355849,72.137,1,9,2,NONE,COMMON_2,1179
2746,-18.901949,-55.154148,71.776,1,9,2,NONE,COMMON_2,1180
2747,-18.827882,-54.959706,68.079,1,9,2,NONE,COMMON_2,1181
2748,-18.751663,-54.780692,65.914,1,9,2,NONE,COMMON_2,1182
2749,-18.648334,-54.558052,67.457,1,9,2,NONE,COMMON_2,1183
2750,-18.574533,-54.353969,69.250,1,9,2,NONE,COMMON_2,1184
2751,-18.500723,-54.168432,71.172,1,9,2,NONE,COMMON_2,1185
2752,-18.441685,-53.964349,71.971,1,9,2,NONE,COMMON_2,1186
2753,-18.367875,-53.760266,67.376,1,9,2,NONE,COMMON_2,1187
2754,-18.279310,-53.574729,64.486,1,9,2,NONE,COMMON_2,1188
2755,-18.190843,-53.389337,66.799,1,9,2,NONE,COMMON_2,1189
2756,-18.120469,-53.204145,70.520,1,9,2,NONE,COMMON_2,1190
2757,-18.072661,-53.055232,72.779,1,9,2,NONE,COMMON_2,1191
2758,-18.022321,-52.887484,72.065,1,9,2,NONE,COMMON_2,1192
2759,-17.968615,-52.733773,68.052,1,9,2,NONE,COMMON_2,1193
2760,-17.895531,-52.572849,63.758,1,9,2,NONE,COMMON_2,1194
2761,-17.806966,-52.405869,59.621,1,9,2,NONE,COMMON_2,1195
2762,-17.688882,-52.220332,60.118,1,9,2,NONE,COMMON_2,1196
2763,-17.615072,-52.071909,66.154,1,9,2,NONE,COMMON_2,1197
2764,-17.541271,-51.886372,66.027,1,9,2,NONE,COMMON_2,1198
2765,-17.455655,-51.713403,62.059,1,9,2,NONE,COMMON_2,1199
2766,-17.364141,-51.552412,60.651,1,9,2,NONE,COMMON_2,1200
2767,-17.260812,-51.366886,63.890,1,9,2,NONE,COMMON_2,1201
2768,-17.185283,-51.187483,68.144,1,9,2,NONE,COMMON_2,1202
2769,-17.105655,-50.980071,70.832,1,9,2,NONE,COMMON_2,1203
2770,-17.054163,-50.810286,74.124,1,9,2,NONE,COMMON_2,1204
2771,-17.009880,-50.643306,72.176,1,9,2,NONE,COMMON_2,1205
2772,-16.940844,-50.457847,68.308,1,9,2,NONE,COMMON_2,1206
2773,-16.862269,-50.272232,69.538,1,9,2,NONE,COMMON_2,1207
2774,-16.801956,-50.085626,73.395,1,9,2,NONE,COMMON_2,1208
2775,-16.751952,-49.902293,76.517,1,9,2,NONE,COMMON_2,1209
2776,-16.699903,-49.659972,74.901,1,9,2,NONE,COMMON_2,1210
2777,-16.627651,-49.441573,73.454,1,9,2,NONE,COMMON_2,1211
2778,-16.584750,-49.272367,73.560,1,9,2,NONE,COMMON_2,1212
2779,-16.498957,-49.005444,70.833,1,9,2,NONE,COMMON_2,1213
2780,-16.429841,-48.826708,69.651,1,9,2,NONE,COMMON_2,1214
2781,-16.365490,-48.645579,71.565,1,9,2,NONE,COMMON_2,1215
2782,-16.298765,-48.433470,72.538,1,9,2,NONE,COMMON_2,1216
2783,-16.256706,-48.311339,0.0,1,10,2,NONE,COMMON_2_BRIDGE_V_foword,1
2784,-16.214647,-48.189207,67.299,1,10,2,NONE,V_foword,0
2785,-16.137481,-48.004746,67.241,1,10,2,NONE,V_foword,1
2786,-16.059947,-47.820454,66.835,1,10,2,NONE,V_foword,2
2787,-15.980209,-47.637180,66.531,1,10,2,NONE,V_foword,3
2788,-15.900749,-47.453773,66.333,1,10,2,NONE,V_foword,4
2789,-15.819763,-47.271107,64.842,1,10,2,NONE,V_foword,5
2790,-15.730923,-47.092188,62.307,1,10,2,NONE,V_foword,6
2791,-15.634127,-46.917411,63.039,1,10,2,NONE,V_foword,7
2792,-15.549964,-46.736444,64.768,1,10,2,NONE,V_foword,8
2793,-15.463847,-46.556073,66.096,1,10,2,NONE,V_foword,9
2794,-15.388074,-46.371188,67.078,1,10,2,NONE,V_foword,10
2795,-15.308166,-46.187920,64.587,1,10,2,NONE,V_foword,11
2796,-15.216620,-46.010310,61.555,1,10,2,NONE,V_foword,12
2797,-15.117821,-45.836551,60.999,1,10,2,NONE,V_foword,13
2798,-15.022834,-45.660720,62.353,1,10,2,NONE,V_foword,14
2799,-14.932302,-45.482399,62.679,1,10,2,NONE,V_foword,15
2800,-14.839269,-45.305383,62.582,1,10,2,NONE,V_foword,16
2801,-14.748145,-45.127392,63.197,1,10,2,NONE,V_foword,17
2802,-14.659053,-44.948666,62.722,1,10,2,NONE,V_foword,18
2803,-14.565044,-44.772306,62.302,1,10,2,NONE,V_foword,19
2804,-14.473224,-44.594680,61.969,1,10,2,NONE,V_foword,20
2805,-14.377126,-44.419338,61.076,1,10,2,NONE,V_foword,21
2806,-14.280176,-44.245315,60.702,1,10,2,NONE,V_foword,22
2807,-14.182072,-44.071722,61.233,1,10,2,NONE,V_foword,23
2808,-14.088209,-43.895652,64.308,1,10,2,NONE,V_foword,24
2809,-14.009140,-43.712262,67.356,1,10,2,NONE,V_foword,25
2810,-13.934368,-43.526867,67.584,1,10,2,NONE,V_foword,26
2811,-13.856672,-43.342647,67.875,1,10,2,NONE,V_foword,27
2812,-13.783766,-43.156452,68.607,1,10,2,NONE,V_foword,28
2813,-13.710801,-42.970297,68.589,1,10,2,NONE,V_foword,29
2814,-13.637802,-42.784205,70.082,1,10,2,NONE,V_foword,30
2815,-13.574803,-42.594973,73.200,1,10,2,NONE,V_foword,31
2816,-13.522532,-42.402420,75.865,1,10,2,NONE,V_foword,32
2817,-13.477314,-42.207844,77.364,1,10,2,NONE,V_foword,33
2818,-13.435102,-42.012429,78.627,1,10,2,NONE,V_foword,34
2819,-13.398524,-41.816130,79.503,1,10,2,NONE,V_foword,35
2820,-13.362343,-41.619759,80.557,1,10,2,NONE,V_foword,36
2821,-13.333024,-41.422291,83.028,1,10,2,NONE,V_foword,37
2822,-13.313875,-41.223411,86.794,1,10,2,NONE,V_foword,38
2823,-13.310703,-41.023741,91.044,1,10,2,NONE,V_foword,39
2824,-13.321144,-40.824378,93.118,1,10,2,NONE,V_foword,40
2825,-13.332432,-40.624898,93.254,1,10,2,NONE,V_foword,41
2826,-13.343829,-40.425435,92.924,1,10,2,NONE,V_foword,42
2827,-13.352812,-40.225864,94.847,1,10,2,NONE,V_foword,43
2828,-13.377543,-40.027888,97.962,1,10,2,NONE,V_foword,44
2829,-13.408011,-39.831204,99.644,1,10,2,NONE,V_foword,45
2830,-13.444030,-39.636639,103.275,1,10,2,NONE,V_foword,46
2831,-13.498844,-39.446214,105.942,1,10,2,NONE,V_foword,47
2832,-13.553186,-39.254498,107.414,1,10,2,NONE,V_foword,48
2833,-13.618038,-39.066196,110.286,1,10,2,NONE,V_foword,49
2834,-13.691298,-38.880848,110.932,1,10,2,NONE,V_foword,50
2835,-13.760044,-38.694935,113.098,1,10,2,NONE,V_foword,51
2836,-13.846416,-38.517141,117.344,1,10,2,NONE,V_foword,52
2837,-13.941290,-38.344440,120.470,1,10,2,NONE,V_foword,53
2838,-14.045262,-38.179159,123.378,1,10,2,NONE,V_foword,54
2839,-14.157537,-38.016204,124.492,1,10,2,NONE,V_foword,55
2840,-14.270294,-37.851642,123.830,1,10,2,NONE,V_foword,56
2841,-14.379627,-37.684823,123.020,1,10,2,NONE,V_foword,57
2842,-14.486934,-37.518295,123.814,1,10,2,NONE,V_foword,58
2843,-14.599609,-37.356392,126.021,1,10,2,NONE,V_foword,59
2844,-14.718071,-37.200409,127.880,1,10,2,NONE,V_foword,60
2845,-14.840398,-37.046858,128.948,1,10,2,NONE,V_foword,61
2846,-14.965779,-36.893950,130.035,1,10,2,NONE,V_foword,62
2847,-15.095654,-36.743029,129.845,1,10,2,NONE,V_foword,63
2848,-15.220986,-36.588125,129.248,1,10,2,NONE,V_foword,64
2849,-15.347064,-36.435296,129.319,1,10,2,NONE,V_foword,65
2850,-15.471950,-36.281712,129.967,1,10,2,NONE,V_foword,66
2851,-15.601278,-36.131982,132.698,1,10,2,NONE,V_foword,67
2852,-15.739680,-35.991552,135.207,1,10,2,NONE,V_foword,68
2853,-15.881554,-35.853723,135.580,1,10,2,NONE,V_foword,69
2854,-16.023033,-35.713875,135.851,1,10,2,NONE,V_foword,70
2855,-16.167638,-35.576011,135.290,1,10,2,NONE,V_foword,71
2856,-16.306590,-35.433175,135.006,1,10,2,NONE,V_foword,72
2857,-16.449183,-35.294528,136.288,1,10,2,NONE,V_foword,73
2858,-16.594426,-35.157999,137.276,1,10,2,NONE,V_foword,74
2859,-16.742169,-35.023940,139.335,1,10,2,NONE,V_foword,75
2860,-16.896840,-34.898202,139.620,1,10,2,NONE,V_foword,76
2861,-17.046072,-34.765482,138.067,1,10,2,NONE,V_foword,77
2862,-17.194176,-34.631105,137.114,1,10,2,NONE,V_foword,78
2863,-17.339086,-34.493326,137.653,1,10,2,NONE,V_foword,79
2864,-17.489606,-34.361843,139.275,1,10,2,NONE,V_foword,80
2865,-17.641980,-34.232566,141.286,1,10,2,NONE,V_foword,81
2866,-17.800667,-34.112514,143.895,1,10,2,NONE,V_foword,82
2867,-17.963839,-33.997823,146.155,1,10,2,NONE,V_foword,83
2868,-18.132090,-33.890269,148.692,1,10,2,NONE,V_foword,84
2869,-18.430958,-33.713724,153.182,1,10,2,NONE,V_foword,85
2870,-18.761690,-33.571981,156.236,1,10,2,NONE,V_foword,86
2871,-19.006518,-33.460305,157.166,1,10,2,NONE,V_foword,87
2872,-19.169737,-33.400172,160.560,1,10,2,NONE,V_foword,88
2873,-19.371613,-33.331448,157.891,1,10,2,NONE,V_foword,89
2874,-19.582079,-33.232658,156.523,1,10,2,NONE,V_foword,90
2875,-19.796840,-33.146754,157.855,1,10,2,NONE,V_foword,91
2876,-19.951468,-33.082325,159.274,1,10,2,NONE,V_foword,92
2877,-20.114687,-33.026487,159.677,1,10,2,NONE,V_foword,93
2878,-20.299382,-32.953468,160.301,1,10,2,NONE,V_foword,94
2879,-20.462600,-32.901926,163.426,1,10,2,NONE,V_foword,95
2880,-20.660181,-32.846088,164.908,1,10,2,NONE,V_foword,96
2881,-20.844876,-32.798840,163.968,1,10,2,NONE,V_foword,97
2882,-21.033866,-32.738707,162.394,1,10,2,NONE,V_foword,98
2883,-21.229149,-32.676897,160.315,1,10,2,NONE,V_foword,99
2884,-21.411986,-32.603429,158.979,1,10,2,NONE,V_foword,100
2885,-21.596215,-32.535842,159.948,1,10,2,NONE,V_foword,101
2886,-21.779705,-32.469209,158.978,1,10,2,NONE,V_foword,102
2887,-21.959099,-32.396387,158.934,1,10,2,NONE,V_foword,103
2888,-22.142823,-32.329341,159.159,1,10,2,NONE,V_foword,104
2889,-22.325263,-32.256993,157.546,1,10,2,NONE,V_foword,105
2890,-22.506582,-32.179007,156.711,1,10,2,NONE,V_foword,106
2891,-22.514198,-32.175668,156.326,1,10,2,NONE,V_foword,107
2892,-22.654269,-32.085746,165.203,1,10,2,NONE,V_A,0
2893,-22.893567,-32.022535,163.457,1,10,2,NONE,V_A,1
2894,-23.110290,-31.950294,159.382,1,10,2,NONE,V_A,2
2895,-23.349589,-31.850963,157.024,1,10,2,NONE,V_A,3
2896,-23.542743,-31.766941,155.742,1,10,2,NONE,V_A,4
2897,-23.730103,-31.679487,154.669,1,10,2,NONE,V_A,5
2898,-23.923068,-31.586913,153.739,1,10,2,NONE,V_A,6
2899,-24.066432,-31.513545,151.291,1,10,2,NONE,V_A,7
2900,-24.236436,-31.415284,150.229,1,10,2,NONE,V_A,8
2901,-24.385850,-31.330824,153.153,1,10,2,NONE,V_A,9
2902,-24.556992,-31.253028,159.315,1,10,2,NONE,V_A,10
2903,-24.926259,-31.126786,-25.287,1,10,2,NONE,V_A,11
2904,-24.481312,-31.288781,-20.805,-1,10,1,NONE,V_A,12
2905,-24.281466,-31.371790,-19.600,-1,10,1,NONE,V_A,13
2906,-24.091791,-31.427482,-13.623,-1,10,1,NONE,V_A,14
2907,-23.918119,-31.459844,-10.555,-1,10,1,NONE,V_A,15
2908,-23.736246,-31.493734,-12.131,-1,10,1,NONE,V_A,16
2909,-23.562761,-31.536230,-10.806,-1,10,1,NONE,V_A,17
2910,-23.364620,-31.564669,-5.696,-1,10,1,NONE,V_A,18
2911,-23.151647,-31.577234,-1.146,-1,10,1,NONE,V_A,19
2912,-22.989399,-31.572172,1.974,-1,10,1,NONE,V_A,20
2913,-22.767734,-31.564004,4.412,-1,10,1,NONE,V_A,21
2914,-22.595750,-31.541800,6.915,-1,10,1,NONE,V_A,22
2915,-22.478424,-31.528918,7.084,-1,10,1,NONE,V_A,23
2916,-22.370337,-31.513786,9.332,-1,10,1,NONE,V_A,24
2917,-22.262001,-31.493355,11.318,-1,10,1,NONE,V_A,25
2918,-22.157557,-31.471200,11.310,-1,10,1,NONE,V_A,26
2919,-21.992978,-31.439550,10.654,-1,10,1,NONE,V_A,27
2920,-21.837894,-31.411065,10.965,-1,10,1,NONE,V_A,28
2921,-21.706689,-31.384082,12.741,-1,10,1,NONE,V_A,29
2922,-21.594280,-31.355980,16.144,-1,10,1,NONE,V_A,30
2923,-21.460253,-31.312746,18.576,-1,10,1,NONE,V_A,31
2924,-21.330550,-31.267349,19.320,-1,10,1,NONE,V_A,32
2925,-21.208064,-31.224332,20.853,-1,10,1,NONE,V_A,33
2926,-21.065314,-31.166316,19.843,-1,10,1,NONE,V_A,34
2927,-20.883045,-31.107041,19.871,-1,10,1,NONE,V_A,35
2928,-20.754791,-31.054086,21.966,-1,10,1,NONE,V_A,36
2929,-20.592693,-30.989931,20.348,-1,10,1,NONE,V_A,37
2930,-20.416079,-30.928470,21.593,-1,10,1,NONE,V_A,38
2931,-20.268487,-30.861613,24.369,-1,10,1,NONE,V_A,39
2932,-20.120885,-30.794757,24.169,-1,10,1,NONE,V_A,40
2933,-19.962338,-30.724223,21.892,-1,10,1,NONE,V_A,41
2934,-19.835432,-30.680053,16.863,-1,10,1,NONE,V_A,42
2935,-19.674839,-30.637076,12.788,-1,10,1,NONE,V_A,43
2936,-19.499082,-30.603708,9.118,-1,10,1,NONE,V_A,44
2937,-19.337547,-30.582942,8.913,-1,10,1,NONE,V_A,45
2938,-19.128525,-30.545593,8.283,-1,10,1,NONE,V_A,46
2939,-18.948092,-30.526243,5.799,-1,10,1,NONE,V_A,47
2940,-18.773750,-30.509562,2.386,-1,10,1,NONE,V_A,48
2941,-18.546562,-30.509512,0.553,-1,10,1,NONE,V_A,49
2942,-18.401804,-30.505969,1.846,-1,10,1,NONE,V_A,50
2943,-18.220797,-30.499012,4.008,-1,10,1,NONE,V_A,51
2944,-18.051375,-30.481414,4.547,-1,10,1,NONE,V_A,52
2945,-17.895556,-30.473149,1.320,-1,10,1,NONE,V_A,53
2946,-17.719357,-30.473766,-1.535,-1,10,1,NONE,V_A,54
2947,-17.576727,-30.481694,-5.573,-1,10,1,NONE,V_A,55
2948,-17.394668,-30.505450,-8.983,-1,10,1,NONE,V_A,56
2949,-17.276999,-30.529075,-11.474,-1,10,1,NONE,V_A,57
2950,-17.190465,-30.546898,-12.266,-1,10,1,NONE,V_A,58
2951,-17.058665,-30.576542,-12.564,-1,10,1,NONE,V_A,59
2952,-16.912125,-30.608932,-12.734,-1,10,1,NONE,V_A,60
2953,-16.759326,-30.644187,-15.020,-1,10,1,NONE,V_A,61
2954,-16.582437,-30.697396,-18.106,-1,10,1,NONE,V_A,62
2955,-16.416241,-30.756367,-18.299,-1,10,1,NONE,V_A,63
2956,-16.200984,-30.823541,-19.172,-1,10,1,NONE,V_A,64
2957,-16.038331,-30.887764,-21.486,-1,10,1,NONE,V_A,65
2958,-15.832963,-30.968405,162.135,-1,10,1,NONE,V_A,66
2959,-16.100702,-30.867661,160.914,1,10,2,NONE,V_A,67
2960,-16.278910,-30.814105,162.142,1,10,2,NONE,V_A,68
2961,-16.468382,-30.749199,161.289,1,10,2,NONE,V_A,69
2962,-16.661908,-30.684387,163.191,1,10,2,NONE,V_A,70
2963,-16.820368,-30.642868,166.316,1,10,2,NONE,V_A,71
2964,-16.992260,-30.603953,167.148,1,10,2,NONE,V_A,72
2965,-17.142120,-30.569461,166.856,1,10,2,NONE,V_A,73
2966,-17.310992,-30.529523,168.638,1,10,2,NONE,V_A,74
2967,-17.490193,-30.499517,172.562,1,10,2,NONE,V_A,75
2968,-17.645316,-30.485876,176.825,1,10,2,NONE,V_A,76
2969,-17.814051,-30.481554,-179.732,1,10,2,NONE,V_A,77
2970,-18.021633,-30.487636,-175.862,1,10,2,NONE,V_A,78
2971,-18.205962,-30.509906,-175.273,1,10,2,NONE,V_A,79
2972,-18.372378,-30.516638,-179.610,1,10,2,NONE,V_A,80
2973,-18.596843,-30.512565,179.281,1,10,2,NONE,V_A,81
2974,-18.806800,-30.511183,-177.453,1,10,2,NONE,V_A,82
2975,-19.005634,-30.530751,-173.110,1,10,2,NONE,V_A,83
2976,-19.236896,-30.563152,-172.026,1,10,2,NONE,V_A,84
2977,-19.468155,-30.595543,-173.679,1,10,2,NONE,V_A,85
2978,-19.681512,-30.612404,-176.444,1,10,2,NONE,V_A,86
2979,-19.923880,-30.623860,-176.882,1,10,2,NONE,V_A,87
2980,-20.151742,-30.638018,-173.678,1,10,2,NONE,V_A,88
2981,-20.368498,-30.673123,-170.282,1,10,2,NONE,V_A,89
2982,-20.608142,-30.716181,-171.432,1,10,2,NONE,V_A,90
2983,-20.816496,-30.740621,-174.406,1,10,2,NONE,V_A,91
2984,-21.029845,-30.757484,-179.094,1,10,2,NONE,V_A,92
2985,-21.283346,-30.748000,178.657,1,10,2,NONE,V_A,93
2986,-21.493286,-30.746622,-178.328,1,10,2,NONE,V_A,94
2987,-21.721148,-30.760780,-177.807,1,10,2,NONE,V_A,95
2988,-21.963948,-30.764648,178.657,1,10,2,NONE,V_A,96
2989,-22.184590,-30.749918,174.845,1,10,2,NONE,V_A,97
2990,-22.434672,-30.722183,173.673,1,10,2,NONE,V_A,98
2991,-22.684757,-30.694459,175.963,1,10,2,NONE,V_A,99
2992,-22.923734,-30.687670,175.963,1,10,2,NONE,V_A,100
2993,-23.173818,-30.659946,175.773,1,10,2,NONE,V_A,101
2994,-23.427318,-30.650450,175.963,1,10,2,NONE,V_A,102
2995,-23.662880,-30.625433,173.674,1,10,2,NONE,V_A,103
2996,-23.927478,-30.595004,175.594,1,10,2,NONE,V_A,104
2997,-24.180969,-30.585511,178.106,1,10,2,NONE,V_A,105
2998,-24.419937,-30.578723,178.108,1,10,2,NONE,V_A,106
2999,-24.673430,-30.569241,175.963,1,10,2,NONE,V_A,107
3000,-24.908999,-30.544210,173.800,1,10,2,NONE,V_A,108
3001,-25.159092,-30.516485,173.554,1,10,2,NONE,V_A,109
3002,-25.423691,-30.486056,175.963,1,10,2,NONE,V_A,110
3003,-25.648153,-30.481972,176.165,1,10,2,NONE,V_A,111
3004,-25.898238,-30.454248,172.377,1,10,2,NONE,V_A,112
3005,-26.116797,-30.419251,169.445,1,10,2,NONE,V_A,113
3006,-26.333570,-30.373128,166.420,1,10,2,NONE,V_A,114
3007,-26.562351,-30.311621,164.808,1,10,2,NONE,V_A,115
3008,-26.776617,-30.252819,166.962,1,10,2,NONE,V_A,116
3009,-26.979770,-30.214963,168.167,1,10,2,NONE,V_A,117
3010,-27.179143,-30.168482,165.368,1,10,2,NONE,V_A,118
3011,-27.287800,-30.134545,161.699,1,10,2,NONE,V_A,119
3012,-27.390733,-30.098503,163.012,1,10,2,NONE,V_A,120
3013,-27.550596,-30.054260,165.142,1,10,2,NONE,V_A,121
3014,-27.734469,-30.007314,164.846,1,10,2,NONE,V_A,122
3015,-27.926166,-29.952544,164.374,1,10,2,NONE,V_A,123
3016,-28.151826,-29.890582,164.075,1,10,2,NONE,V_A,124
3017,-28.361717,-29.828271,165.434,1,10,2,NONE,V_A,125
3018,-28.568328,-29.782357,166.908,1,10,2,NONE,V_A,126
3019,-28.784778,-29.729885,166.701,1,10,2,NONE,V_A,127
3020,-29.109452,-29.654455,166.941,1,10,2,NONE,V_A,128
3021,-29.421008,-29.582305,166.593,1,10,2,NONE,V_A,129
3022,-29.673533,-29.519994,166.804,1,10,2,NONE,V_A,130
3023,-29.896541,-29.470801,167.560,1,10,2,NONE,V_A,131
3024,-30.035170,-29.440692,0.0,1,11,2,NONE,V_A_BRIDGE_END_common,1
3025,-30.173800,-29.410582,0.0,1,11,2,NONE,V_A_BRIDGE_END_common,2
3026,-30.312429,-29.380473,165.798,1,11,2,NONE,END_common,0
3027,-30.505895,-29.331510,165.459,1,11,2,NONE,END_common,1
3028,-30.698919,-29.280225,165.170,1,11,2,NONE,END_common,2
3029,-30.892084,-29.229261,165.155,1,11,2,STOP_LINE,END_common,3
3030,-31.085169,-29.177847,165.121,1,11,2,NONE,END_common,4
3031,-31.278364,-29.126633,164.506,1,11,2,NONE,END_common,5
3032,-31.470220,-29.071107,163.387,1,11,2,NONE,END_common,6
3033,-31.661086,-29.012442,163.075,1,11,2,NONE,END_common,7
3034,-31.852291,-28.954840,162.465,1,11,2,NONE,END_common,8
3035,-32.041490,-28.892249,161.117,1,11,2,NONE,END_common,9
3036,-32.229273,-28.825894,160.847,1,11,2,NONE,END_common,10
3037,-32.417869,-28.761523,160.443,1,11,2,NONE,END_common,11
3038,-32.605069,-28.692400,158.074,1,11,2,NONE,END_common,12
3039,-32.787654,-28.612675,154.758,1,11,2,NONE,END_common,13
3040,-32.965386,-28.522526,152.629,1,11,2,NONE,END_common,14
3041,-33.141000,-28.429746,151.128,1,11,2,NONE,END_common,15
3042,-33.314063,-28.330269,149.829,1,11,2,NONE,END_common,16
3043,-33.485653,-28.229385,150.107,1,11,2,NONE,END_common,17
3044,-33.657805,-28.132663,149.813,1,11,2,NONE,END_common,18
3045,-33.826778,-28.030947,146.646,1,11,2,NONE,END_common,19
3046,-33.987373,-27.915729,142.245,1,11,2,NONE,END_common,20
3047,-34.139490,-27.788779,139.021,1,11,2,NONE,END_common,21
3048,-34.286879,-27.655561,136.006,1,11,2,NONE,END_common,22
3049,-34.425252,-27.512883,132.908,1,11,2,NONE,END_common,23
3050,-34.557669,-27.364240,131.352,1,11,2,NONE,END_common,24
3051,-34.688698,-27.213558,128.434,1,11,2,NONE,END_common,25
3052,-34.805556,-27.051860,124.277,1,11,2,NONE,END_common,26
3053,-34.913489,-26.883739,120.899,1,11,2,NONE,END_common,27
3054,-35.010580,-26.709274,117.811,1,11,2,NONE,END_common,28
3055,-35.099821,-26.530491,117.719,1,11,2,NONE,END_common,29
3056,-35.196441,-26.355540,117.992,1,11,2,NONE,END_common,30
3057,-35.287421,-26.177542,115.321,1,11,2,NONE,END_common,31
3058,-35.367296,-25.994433,111.663,1,11,2,NONE,END_common,32
3059,-35.434857,-25.806363,108.008,1,11,2,NONE,END_common,33
3060,-35.490663,-25.614933,104.063,1,11,2,NONE,END_common,34
3061,-35.531790,-25.419387,101.042,1,11,2,NONE,END_common,35
3062,-35.567175,-25.222835,99.393,1,11,2,NONE,END_common,36
3063,-35.596966,-25.025372,98.200,1,11,2,NONE,END_common,37
3064,-35.624130,-24.827611,96.196,1,11,2,NONE,END_common,38
3065,-35.639983,-24.629112,92.784,1,11,2,NONE,END_common,39
3066,-35.643464,-24.430017,89.424,1,11,2,NONE,END_common,40
3067,-35.635979,-24.230834,87.262,1,11,2,NONE,END_common,41
3068,-35.624413,-24.031585,86.949,1,11,2,NONE,END_common,42
3069,-35.614730,-23.832171,86.953,1,11,2,NONE,END_common,43
3070,-35.603178,-23.632672,86.249,1,11,2,NONE,END_common,44
3071,-35.588592,-23.433515,85.053,1,11,2,NONE,END_common,45
3072,-35.568782,-23.235320,82.679,1,11,2,NONE,END_common,46
3073,-35.537769,-23.037906,80.341,1,11,2,NONE,END_common,47
3074,-35.501734,-22.841356,79.221,1,11,2,NONE,END_common,48
3075,-35.463021,-22.645297,78.997,1,11,2,NONE,END_common,49
3076,-35.425443,-22.448989,78.669,1,11,2,NONE,END_common,50
3077,-35.384489,-22.253391,79.130,1,11,2,NONE,END_common,51
3078,-35.350072,-22.056482,79.683,1,11,2,NONE,END_common,52
3079,-35.312891,-21.860093,78.136,1,11,2,NONE,END_common,53
3080,-35.267938,-21.665507,75.894,1,11,2,NONE,END_common,54
3081,-35.215556,-21.472753,74.230,1,11,2,NONE,END_common,55
3082,-35.159355,-21.281016,74.472,1,11,2,NONE,END_common,56
3083,-35.108569,-21.087702,75.242,1,11,2,NONE,END_common,57
3084,-35.057521,-20.894444,74.194,1,11,2,NONE,END_common,58
3085,-34.999759,-20.703338,71.822,1,11,2,NONE,END_common,59
3086,-34.932982,-20.515156,71.222,1,11,2,NONE,END_common,60
3087,-34.871375,-20.325739,71.694,1,11,2,NONE,END_common,61
3088,-34.807741,-20.136605,71.662,1,11,2,NONE,END_common,62
3089,-34.745715,-19.946614,72.023,1,11,2,NONE,END_common,63
3090,-34.684372,-19.756388,70.805,1,11,2,NONE,END_common,64
3091,-34.614325,-19.569215,69.331,1,11,2,NONE,END_common,65
3092,-34.543280,-19.382387,68.980,1,11,2,NONE,END_common,66
3093,-34.471124,-19.196557,67.804,1,11,2,NONE,END_common,67
3094,-34.392683,-19.013290,66.827,1,11,2,NONE,END_common,68
3095,-34.314044,-18.829590,65.414,1,11,2,NONE,END_common,69
3096,-34.226447,-18.649965,64.233,1,11,2,NONE,END_common,70
3097,-34.140549,-18.470178,65.787,1,11,2,NONE,END_common,71
3098,-34.062843,-18.286142,66.338,1,11,2,NONE,END_common,72
3099,-33.980188,-18.104203,64.326,1,11,2,NONE,END_common,73
3100,-33.889716,-17.925996,64.054,1,11,2,NONE,END_common,74
3101,-33.805350,-17.744879,64.621,1,11,2,NONE,END_common,75
3102,-33.718439,-17.564941,64.212,1,11,2,NONE,END_common,76
3103,-33.631652,-17.385381,63.460,1,11,2,NONE,END_common,77
3104,-33.540498,-17.208677,62.397,1,11,2,NONE,END_common,78
3105,-33.446971,-17.032161,61.856,1,11,2,NONE,END_common,79
3106,-33.352179,-16.856642,60.211,1,11,2,NONE,END_common,80
3107,-33.248713,-16.685828,58.440,1,11,2,NONE,END_common,81
3108,-33.143052,-16.516174,58.258,1,11,2,NONE,END_common,82
3109,-33.038442,-16.345928,58.388,1,11,2,NONE,END_common,83
3110,-32.933763,-16.176140,57.187,1,11,2,NONE,END_common,84
3111,-32.822331,-16.010750,54.982,1,11,2,NONE,END_common,85
3112,-32.704739,-15.849278,54.035,1,11,2,NONE,END_common,86
3113,-32.587620,-15.687277,53.873,1,11,2,NONE,END_common,87
3114,-32.469055,-15.526389,51.317,1,11,2,NONE,END_common,88
3115,-32.338072,-15.375596,50.126,1,11,2,NONE,END_common,89
3116,-32.213172,-15.220071,49.218,1,11,2,NONE,END_common,90
3117,-32.077788,-15.073858,46.474,1,11,2,NONE,END_common,91
3118,-31.938546,-14.930938,45.348,1,11,2,NONE,END_common,92
3119,-31.797237,-14.789877,42.858,1,11,2,NONE,END_common,93
3120,-31.645904,-14.659394,39.831,1,11,2,NONE,END_common,94
3121,-31.490370,-14.533924,37.341,1,11,2,NONE,END_common,95
3122,-31.328304,-14.417089,35.413,1,11,2,NONE,END_common,96
3123,-31.164852,-14.302483,34.913,1,11,2,NONE,END_common,97
3124,-31.001530,-14.189020,33.697,1,11,2,NONE,END_common,98
3125,-30.833975,-14.081842,32.229,1,11,2,NONE,END_common,99
3126,-30.664255,-13.976389,31.850,1,11,2,NONE,END_common,100
3127,-30.494467,-13.870924,30.239,1,11,2,NONE,END_common,101
3128,-30.319049,-13.775156,27.443,1,11,2,NONE,END_common,102
3129,-30.139981,-13.686835,25.003,1,11,2,NONE,END_common,103
3130,-29.957401,-13.606493,22.495,1,11,2,NONE,END_common,104
3131,-29.771374,-13.534187,20.230,1,11,2,NONE,END_common,105
3132,-29.582655,-13.468392,18.195,1,11,2,NONE,END_common,106
3133,-29.391757,-13.409413,16.157,1,11,2,NONE,END_common,107
3134,-29.199009,-13.357247,13.625,1,11,2,NONE,END_common,108
3135,-29.003782,-13.315373,11.257,1,11,2,NONE,END_common,109
3136,-28.807259,-13.279275,10.152,1,11,2,NONE,END_common,110
3137,-28.610356,-13.244923,8.651,1,11,2,NONE,END_common,111
3138,-28.412326,-13.219187,6.318,1,11,2,NONE,END_common,112
3139,-28.213726,-13.201007,3.308,1,11,2,NONE,END_common,113
3140,-28.014224,-13.196178,-0.151,1,11,2,NONE,END_common,114
3141,-27.814581,-13.202059,-1.622,1,11,2,NONE,END_common,115
3142,-27.614890,-13.207487,-3.977,1,11,2,NONE,END_common,116
3143,-27.416292,-13.229750,-6.314,1,11,2,NONE,END_common,117
3144,-27.217730,-13.251431,-6.982,1,11,2,NONE,END_common,118
3145,-27.019735,-13.278318,-7.703,1,11,2,NONE,END_common,119
3146,-26.822012,-13.304957,-8.686,1,11,2,NONE,END_common,120
3147,-26.625215,-13.338592,-9.469,1,11,2,NONE,END_common,121
3148,-26.428030,-13.370670,-9.001,1,11,2,NONE,END_common,122
3149,-26.230901,-13.401050,-9.903,1,11,2,NONE,END_common,123
3150,-26.034837,-13.439312,-12.956,1,11,2,NONE,END_common,124
3151,-25.841800,-13.490568,-14.677,1,11,2,NONE,END_common,125
3152,-25.648341,-13.540541,-13.444,1,11,2,NONE,END_common,126
3153,-25.453191,-13.583465,-11.395,1,11,2,NONE,END_common,127
3154,-25.256634,-13.619485,-11.165,1,11,2,NONE,END_common,128
3155,-25.061102,-13.660853,-13.441,1,11,2,NONE,END_common,129
3156,-24.868073,-13.712345,-16.314,1,11,2,NONE,END_common,130
3157,-24.677682,-13.773076,-18.618,1,11,2,NONE,END_common,131
3158,-24.489617,-13.839841,-17.673,1,11,2,NONE,END_common,132
3159,-24.297590,-13.894179,-15.936,1,11,2,NONE,END_common,133
3160,-24.105856,-13.949417,-15.072,1,11,2,NONE,END_common,134
3161,-23.912154,-13.997977,-13.425,1,11,2,NONE,END_common,135
3162,-23.717224,-14.042180,-13.358,1,11,2,NONE,END_common,136
3163,-23.523261,-14.090325,-15.524,1,11,2,NONE,END_common,137
3164,-23.332291,-14.149106,-17.927,1,11,2,NONE,END_common,138
3165,-23.143083,-14.213315,-18.573,1,11,2,NONE,END_common,139
3166,-22.953596,-14.276355,-16.900,1,11,2,NONE,END_common,140
3167,-22.760996,-14.329400,-15.760,1,11,2,NONE,END_common,141
3168,-22.569317,-14.384807,-16.330,1,11,2,NONE,END_common,142
3169,-22.377804,-14.441673,-17.423,1,11,2,NONE,END_common,143
3170,-22.188174,-14.504418,-18.208,1,11,2,NONE,END_common,144
3171,-21.998511,-14.566437,-18.108,1,11,2,STOP_LINE,END_common,145
3172,-22.003465,-14.576370,-14.423,1,11,2,NONE,END_AA,0
3173,-21.801887,-14.628211,-17.932,1,11,2,NONE,END_AA,1
3174,-21.520343,-14.732709,-19.045,1,11,2,NONE,END_AA,2
3175,-21.284176,-14.806926,-16.946,1,11,2,NONE,END_AA,3
3176,-21.033235,-14.881132,-18.403,1,11,2,NONE,END_AA,4
3177,-20.782304,-14.973906,-22.734,1,11,2,NONE,END_AA,5
3178,-20.546136,-15.085226,-22.732,1,11,2,NONE,END_AA,6
3179,-20.295196,-15.177989,-16.946,1,11,2,NONE,END_AA,7
3180,-20.059028,-15.233649,-14.509,1,11,2,NONE,END_AA,8
3181,-19.793333,-15.307866,-17.444,1,11,2,NONE,END_AA,9
3182,-19.527638,-15.400629,-18.403,1,11,2,NONE,END_AA,10
3183,-19.291461,-15.474846,-18.922,1,11,2,NONE,END_AA,11
3184,-19.040530,-15.567609,-16.946,1,11,2,NONE,END_AA,12
3185,-18.804353,-15.623269,-14.929,1,11,2,NONE,END_AA,13
3186,-18.553422,-15.697486,-18.403,1,11,2,NONE,END_AA,14
3187,-18.302482,-15.790249,-18.403,1,11,2,NONE,END_AA,15
3188,-18.051550,-15.864466,-18.403,1,11,2,NONE,END_AA,16
3189,-17.800619,-15.957229,-18.403,1,11,2,NONE,END_AA,17
3190,-17.549678,-16.031446,-14.509,1,11,2,NONE,END_AA,18
3191,-17.298747,-16.087106,-14.110,1,11,2,NONE,END_AA,19
3192,-17.033052,-16.161312,-17.911,1,11,2,NONE,END_AA,20
3193,-16.782120,-16.254086,-21.048,1,11,2,NONE,END_AA,21
3194,-16.541143,-16.350612,-21.866,1,11,2,NONE,END_AA,22
3195,-16.366139,-16.421021,-21.137,1,11,2,NONE,END_AA,23
3196,-16.150890,-16.501484,-18.075,1,11,2,NONE,END_AA,24
3197,-15.911224,-16.569489,-18.668,1,11,2,NONE,END_AA,25
3198,-15.675057,-16.662252,-20.852,1,11,2,NONE,END_AA,26
3199,-15.424116,-16.755026,-20.852,1,11,2,NONE,END_AA,27
3200,-15.187949,-16.847789,-20.850,1,11,2,NONE,END_AA,28
3201,-14.937008,-16.940552,-18.203,1,11,2,NONE,END_AA,29
3202,-14.708333,-17.005507,-17.445,1,11,2,NONE,END_AA,30
3203,-14.464664,-17.088986,-19.076,1,11,2,NONE,END_AA,31
3204,-14.230020,-17.170917,-20.850,1,11,2,NONE,END_AA,32
3205,-13.977556,-17.274512,-21.894,1,11,2,NONE,END_AA,33
3206,-13.741380,-17.367286,-20.852,1,11,2,NONE,END_AA,34
3207,-13.490448,-17.460049,-18.922,1,11,2,NONE,END_AA,35
3208,-13.254272,-17.534266,-18.403,1,11,2,NONE,END_AA,36
3209,-12.988576,-17.627029,-19.754,1,11,2,NONE,END_AA,37
3210,-12.737645,-17.719792,-20.852,1,11,2,NONE,END_AA,38
3211,-12.501468,-17.812566,-18.922,1,11,2,NONE,END_AA,39
3212,-12.250537,-17.886772,-16.475,1,11,2,NONE,END_AA,40
3213,-11.999606,-17.960989,-18.403,1,11,2,NONE,END_AA,41
3214,-11.748665,-18.053752,-20.852,1,11,2,NONE,END_AA,42
3215,-11.512498,-18.146526,-22.733,1,11,2,NONE,END_AA,43
3216,-11.261557,-18.257846,-22.732,1,11,2,NONE,END_AA,44
3217,-11.025390,-18.350609,-19.469,1,11,2,NONE,END_AA,45
3218,-10.789213,-18.424826,-16.946,1,11,2,NONE,END_AA,46
3219,-10.538282,-18.499032,-17.411,1,11,2,NONE,END_AA,47
3220,-10.283312,-18.583468,-21.762,1,11,2,NONE,END_AA,48
3221,-10.043991,-18.696358,-22.394,1,11,2,NONE,END_AA,49
3222,-9.795646,-18.784412,-19.353,1,11,2,NONE,END_AA,50
3223,-9.549302,-18.870106,-17.343,1,11,2,NONE,END_AA,51
3224,-9.283607,-18.944312,-14.508,1,11,2,NONE,END_AA,52
3225,-9.047430,-18.999972,-16.947,1,11,2,NONE,END_AA,53
3226,-8.796499,-19.092746,-20.852,1,11,2,NONE,END_AA,54
3227,-8.560322,-19.185509,-20.850,1,11,2,NONE,END_AA,55
3228,-8.309391,-19.278272,-17.911,1,11,2,NONE,END_AA,56
3229,-8.043696,-19.352489,-16.030,1,11,2,NONE,END_AA,57
3230,-7.792764,-19.426706,-17.589,1,11,2,NONE,END_AA,58
3231,-7.542453,-19.511387,-20.288,1,11,2,NONE,END_AA,59
3232,-7.290892,-19.612232,-21.652,1,11,2,NONE,END_AA,60
3233,-7.054716,-19.705006,-22.071,1,11,2,NONE,END_AA,61
3234,-6.833303,-19.797769,-22.732,1,11,2,NONE,END_AA,62
3235,-6.611890,-19.890532,-22.549,1,11,2,NONE,END_AA,63
3236,-6.359409,-19.994538,-25.946,1,11,2,NONE,END_AA,64
3237,-6.154310,-20.113172,-26.366,1,11,2,NONE,END_AA,65
3238,-5.932897,-20.205946,-22.733,1,11,2,NONE,END_AA,66
3239,-5.711485,-20.298709,-20.048,1,11,2,NONE,END_AA,67
3240,-5.475308,-20.372926,-17.249,1,11,2,NONE,END_AA,68
3241,-5.244100,-20.443826,-19.123,1,11,2,NONE,END_AA,69
3242,-5.047246,-20.521349,-22.084,1,11,2,NONE,END_AA,70
3243,-4.870116,-20.595566,-21.907,1,11,2,NONE,END_AA,71
3244,-4.684192,-20.667345,-20.449,1,11,2,NONE,END_AA,72
3245,-4.508089,-20.730553,-16.270,1,11,2,NONE,END_AA,73
3246,-4.294443,-20.781092,-14.677,1,11,2,NONE,END_AA,74
3247,-4.128791,-20.829895,-16.948,1,11,2,NONE,END_AA,75
3248,-3.912055,-20.897622,-16.951,1,11,2,NONE,END_AA,76
3249,-3.706601,-20.958580,-15.330,1,11,2,NONE,END_AA,77
3250,-3.327304,-21.057922,-14.677,1,11,2,NONE,END_AA,78
